Transaction ID,Purchase Date,Client ID,Buyer Name,Territory,City,SKU,Item Name,Department,Sub Department,Units Sold,MRP,Cost Price,Offer %,Net Revenue,Payment Method,Dispatch Days,Refunded,Courier Charges,Customer Age,Sex
TXN-01885,04 Mar 2026,C-015,NISHA PILLAI,undefined,Trivandrum,S-121,Maggi Noodles 12pk,Groceries,Instant Food,2,168,$80,0.25,0,PhonePe,6,no,£149,26,female
TXN-ZERO-006,08/25/2025,C-019,Kishore Naik,West,Nagpur,S-108,Yoga Mat Premium,Sports,Fitness,0,"₹1,299",580,0,3897.0,UPI,9,NO,$199,62,m
TXN-00768,03/11/2026,C-005,Meera Nair,South,Kochi,S-112,Apple AirPods Pro 2,ELECTRONICS,HEADPHONES,1,24900,16000,0.0,24900.0,phonepe,6,FALSE,  0  ,51,f
TXN-00182,09/21/2025,C-029,ROHAN GUPTA,West,Mumbai,S-115,Basmati Rice 5kg,Groceries,Staples,5,499,280,5,0,Gpay,undefined,FALSE,0,25,Male
TXN-00377,2025-06-05,C-014,Mohit Saxena,North,Agra,S-108,Yoga Mat Premium,Sports,Fitness,3,"£1,299",580,10,0,,3,NO,$149,44,male
TXN-01525,2025-07-28,C-019,Kishore Naik,   WEST   ,Nagpur,S-102,Nike Air Max 90,Fashion,Footwear,4,8999,4500,0.25,26997.0,PhonePe,2,NO,0,62,m
TXN-02281,16/04/2026,C-021,Aditya Bose,East,Kolkata,s-104,Atomic Habits, BOOKS & STATIONERY ,None,2,399,£180,15,678.3,Credit Card,4,n,149,29,male
TXN-01277,25 Oct 2025,C-008,Arjun Patel,West,Ahmedabad,S-108,Yoga Mat Premium,Sports,Fitness,4,"₹1,299",580,10,0,Debit Card,7,N,0,24,M
TXN-01287,2025-06-04,C-017,Sundar Kumar,South,Bangalore,S-122,Wireless Mouse Logitech,ELECTRONICS,Peripherals,2,£899,400,0.05,1708.1,Credit Card,1,no,149,37,NA
TXN-00898,01 Aug 2025,C-013,Pooja Das,South,Chennai,S-115,Basmati Rice 5kg,Groceries,staples,5,₹499,280,0.05,0,Cash,8,0,199,31,Female
TXN-01517,14/12/2025,C-011,ritu jain,West,Pune,S-112,Apple AirPods Pro 2,Electronics,Headphones,5,24900,16000,0.1,0,Net Banking,3,No,149,27,f
TXN-01819,19 Apr 2025,C-021,Aditya Bose,East,Kolkata,N/A,Yoga Mat Premium,Sports,fitness,1,1299,580,0.0,1299.0,UPI,3,No,0,  29  ,m
TXN-00146,06/04/2025,C-029,Rohan Gupta,West,Mumbai,S-121,Maggi Noodles 12pk,Groceries,Instant Food,5,168,80,10,0,EMI,4,NO,0,25,M
TXN-00356,30 Jan 2026,C-027,Arun Menon,South,Kochi,S-119,Fastrack Analog Watch,Fashion,Accessories,1,2499,1100,0.3,0,Credit Card,7,false,0,47,Male
TXN-02156,2025-12-26,C-004,Vikram Singh,Central,Bhopal,S-113,Fitbit Charge 6,Electronics,Wearables,3,14999,"£9,000",25,33747.75,Cash On Delivery, 10 ,0,199,29.0,M
TXN-01962,09/05/2025,C-015,NISHA PILLAI,South,Trivandrum,S-115,Basmati Rice 5kg,Groceries,Staples,5,499,280,0.25,0,PhonePe,7,no,49,26,F
TXN-01966,27-12-2025,C-018,Pallavi Shah,West,Surat,S-116,MacBook Air M3,Electronics,Laptops,none,"$114,900","£78,000",0.1,0,PhonePe,7,NO,199,,F
TXN-02215,2025-02-16,C-007,Sunita Roy,East,Kolkata,S-112,Apple AirPods Pro 2,Electronics,Headphones,5,24900,16000,0.05,0,PhonePe,3,False,$79,33,female
TXN-01716,24 Feb 2026,C-001,Priya Sharma,North,Delhi,S-121,Maggi Noodles 12pk,Groceries,Instant Food,3,168,80,0,0,Gpay,2,    N    ,149,28,F
TXN-00038,19 Oct 2025,C-030,Shreya Patel,West,Ahmedabad,S-110,Levi's 511 Jeans,Fashion,Men Clothing,5,3999,1800,0.05,0,Debit Card,3,no,99,30,f
TXN-00505,08-03-2025,C-006,Deepak Verma,North,Jaipur,S-124,Dyson V15 Vacuum,Home & Kitchen,Vacuum Cleaners,4,54900,35000,0,0,Cash On Delivery,None,FALSE,0,,m
TXN-01987,21 Mar 2026,C-009,Kavita Mehta,NORTH,Lucknow,S-116,MacBook Air M3,Electronics,Laptops,5,114900,"£78,000",0.25,0,PhonePe,6,n/a,$199,45,female
TXN-01587,03/21/2026,C-024,Divya Reddy,  South  ,Hyderabad,S-122,Wireless Mouse Logitech,Electronics,Peripherals,3,899,400,10,0,CREDIT CARD,6,n,₹49,53,Female
TXN-00119,03/02/2026,C-015,Nisha Pillai,South,Trivandrum,S-122,Wireless Mouse Logitech,Electronics,Peripherals,2,899,400,0.1,0,PhonePe,8,N,₹79,26,Female
TXN-02226,21/05/2025,C-028,Anjali Singh,North,Jaipur,S-125,Zara Floral Dress,Fashion,Women Clothing,3,4999,2200,0.3,0,N/A,2,FALSE,199,36,f
TXN-00178,2026-04-07,C-019,kishore naik,West,Nagpur,S-104,Atomic Habits,Books & Stationery,Non-Fiction,2,399,180,0.05,0,Debit Card,6,N,79,,male
TXN-01242,17 Dec 2025,C-009,Kavita Mehta,North,Lucknow,S-121,Maggi Noodles 12pk,   Groceries   ,Instant Food,1,168,₹80,0.0,168.0,credit card,3,0,£79,45,female
TXN-00851,04 May 2025,C-011,Ritu Jain,West,Pune,S-122,wireless mouse logitech,Electronics, Peripherals ,3,899,$400,0.1,0,Cash,10,NO,149,27,FEMALE
TXN-00709,20 Feb 2026,C-010,sanjay kapoor,North,Delhi,s-114,Kurta Set Ethnic,Fashion,Ethnic Wear,4,1599,700,0,6396.0,cash,6,n,0,40,MALE
TXN-00247,02/12/2025,C-022,Swati Mishra,Central,Indore,S-109,Cetaphil Moisturiser,Health & Beauty,Skincare,2,799,320,0,1598.0,upi,4,Y,99,41,Female
TXN-00811,19 Nov 2025,C-002,Rahul Kumar,West,Mumbai,S-121,Maggi Noodles 12pk,Groceries,Instant Food,4,168,80,0.15,571.2,Gpay,1,No,0,35,male
TXN-00429,12 Feb 2026,C-013,POOJA DAS,South,CHENNAI,S-116,MacBook Air M3,Electronics,Laptops,2,"$114,900",78000,20,0,UPI,5,FALSE,$49,31,female
TXN-01505,04/01/2026,C-014,Mohit Saxena,North,Agra,S-111,ON Whey Protein 2kg,Health & Beauty,Fitness,#N/A,"£2,499",1200,0.0,0,UPI,8,0,49,44,Male
TXN-01643,10/25/2025,C-005,MEERA NAIR,South,Kochi,S-106,Prestige Mixer,Home & Kitchen,Appliances,4,4599,2200,0.05,17476.2,Net Banking,9,0,₹199,51,female
TXN-00386,17/04/2025,C-005,Meera Nair,  South  ,Kochi,S-115,NA,Groceries,STAPLES,2,£499,280,0,0,debit card,-,y,199,51,female
TXN-02164,23-02-2025,C-006,Deepak Verma,North,Jaipur,S-108,Yoga Mat Premium,Sports,Fitness,2,"£1,299",580,0,0,Credit Card,1,true,79,38,m
TXN-02085,12/29/2025,C-005,MEERA NAIR,South,Kochi,S-116,MacBook Air M3,Electronics,Laptops,1,114900,78000,20,0,Cash,6,no,99,51,female
TXN-01298,2025-05-09,C-023,Tarun Sharma,North,Delhi,S-105,"Samsung 55"" QLED",Electronics,Televisions,4,"$74,999",45000,0,299996.0,EMI,  5  ,FALSE,$79,19,m
TXN-00753,28 Jul 2025,C-023,Tarun Sharma,North,Delhi,S-104,Atomic Habits,Books & Stationery,Non-Fiction,3,399,$180,0,1197.0,CREDIT CARD,10,n,0,19,Male
TXN-02138,29/08/2025,C-025,Nikhil Joshi,West,Pune,S-124,dyson v15 vacuum,home & kitchen,Vacuum Cleaners,4,"₹54,900","$35,000",0.05,208620.0,Net Banking,7,N,0,32,Male
TXN-02075,27-02-2025,C-027,Arun Menon,South,Kochi,S-109,Cetaphil Moisturiser,Health & Beauty,Skincare,4,799,320,15,0,EMI,8,False,199,47,m
TXN-01685,21 Jul 2025,C-007,SUNITA ROY,East,Kolkata,S-110,Levi's 511 Jeans,Fashion,Men Clothing,2,"£3,999",1800,10,0,Debit Card,10,False,199,33,f
TXN-01948,28-04-2025,C-016,rajesh khanna,West,Mumbai,S-125,zara floral dress,Fashion,Women Clothing,3,"$4,999",2200,0.25,11247.75,EMI,9,N,0,48,MALE
TXN-00624,08/28/2025,C-026,Preethi Kumar,South,Chennai,S-122,Wireless Mouse Logitech,Electronics,Peripherals,3,₹899,₹400,0,2697.0,EMI,7,False,0,28,FEMALE
TXN-00478,09/04/2025,C-019,Kishore Naik,West,Nagpur,S-109,Cetaphil Moisturiser,Health & Beauty,   Skincare   ,1,£799,320,10,0,UPI,2,false,0,62,Male
TXN-01929,08/11/2025,C-011,Ritu Jain,West,Pune,S-124,dyson v15 vacuum,Home & Kitchen,Vacuum Cleaners,2,54900,"₹35,000",25,82350.0,UPI,1,No,49,null,FEMALE
TXN-01862,01/02/2026,C-003,Ananya Gupta,    South    ,Bangalore,S-118,La Mer Moisturizer,health & beauty,Skincare,2,19900,11000,0,0,Debit Card,2,No,49,42,female
TXN-00005,06 Jan 2026,C-016,rajesh khanna,West,Mumbai,S-116,MacBook Air M3,Electronics,Laptops,4,114900,78000,0,0,nan,2,No,0,48,male
TXN-00717,11/10/2025,C-010,sanjay kapoor,North,Dellhi,S-105,"Samsung 55"" QLED",Electronics,Televisions,3,74999,45000,10,0,Debit Card,3,n,149,40,MALE
TXN-01699,29 May 2025,C-030,Shreya Patel,West,Ahmedabad,S-125,Zara Floral Dress,Fashion,Women Clothing,5,"$4,999",2200,0.05,0,Gpay,2,false,149,30.0,f
TXN-00967,26 Sep 2025,C-001,Priya Sharma,North,Delhi,s-122,Wireless Mouse Logitech,Electronics,Peripherals,4,£899,400,0.0,0,Debit Card,7,No,49,28,female
TXN-00534,03/12/2026,C-022,Swati Mishra,Central,Indore,S-104,Atomic Habits,Books & Stationery,Non-Fiction,4,£399,180,0,1596.0,EMI,10,False,0,41,Female
TXN-00842,08 Oct 2025,C-009,Kavita Mehta,North,Lucknow,S-113,Fitbit Charge 6,Electronics,Wearables,5,"₹14,999",9000,0.0,0,net banking,1,No,99,45,female
TXN-01491,2026-04-19,C-025,Nikhil Joshi,West,Pune,S-111,ON Whey Protein 2kg,Health & Beauty,Fitness,2,"£2,499","₹1,200",0.0,4998.0,Debit Card,1,False,149,32.0,NaN
TXN-00458,26-12-2025,C-007,Sunita Roy,East,Kolkata,S-114,Kurta Set Ethnic,  Fashion  ,ETHNIC WEAR,4,1599,700,20,0,EMI,   9   ,0,149,33,FEMALE
TXN-00329,08 Mar 2026,C-021,ADITYA BOSE,East,Kolkata,S-120,Johnson Baby Oil,Health & Beauty,baby care,2,₹249,$100,0.3,0,Debit Card,2,No,199,29.0,MALE
TXN-00374,28 Mar 2025,C-017,SUNDAR KUMAR,South,Bangalore,S-119,Fastrack Analog Watch,Fashion,Accessories,5,2499,1100,0,0,UPI,9,FALSE,199,37,MALE
TXN-01017,02/02/2026,C-006,Deepak Verma,North,Jaipur,S-103,Instant Pot Duo,Home & Kitchen,Appliances,4,9999,5200,5,0,PHONEPE,3,NO,₹49,38,M
TXN-00528,15 Dec 2025,C-014,mohit saxena,North,Agra,S-125,Zara Floral Dress,Fashion,Women Clothing,  3  ,4999,"£2,200",5,0,Cash,1,N,99,44,m
TXN-00963,08/31/2025,C-020,GEETA IYER,SOUTH,Coimbatore,s-114,Kurta Set Ethnic,Fashion,Ethnic Wear,1,1599,700,0.0,1599.0,EMI,3,False,NaN,34,female
TXN-00846,2025-09-07,C-028,Anjali Singh,North,Jaipur,S-117,Kindle Paperwhite,Electronics,E-Readers,1,14999,"$9,500",10,13499.1,Net Banking,10,false,99,36,Female
TXN-01781,2025-12-29,C-017,Sundar Kumar,South,bangalore,S-119,Fastrack Analog Watch,Fashion,Accessories,4,2499,1100,0.0,9996.0,Debit Card,9,FALSE,99,37,M
TXN-00346,2025-04-27,C-010,Sanjay Kapoor,None,Dellhi,S-121,Maggi Noodles 12pk,Groceries,instant food,4,£168,80,10,0,Debit Card,4,N,149,40,m
TXN-02120,2025-11-08,C-009,KAVITA MEHTA,North,Lucknow,S-105,"Samsung 55"" QLED",undefined,televisions,   4   ,74999,45000,0.0,0,NULL,    9    ,Y,149,45,F
TXN-02073,03/07/2025,C-017,Sundar Kumar,South,Bangalore,S-123,Pilates Resistance Band,Sports,Fitness,5,£599,240,0.05,2845.25,Cash On Delivery,3,  YES  ,199,37,MALE
TXN-01559,2025-02-14,C-015,Nisha Pillai,South,Trivandrum,s-108,Yoga Mat Premium,Sports,Fitness,4,1299,580,0.15,0,EMI,4,NO,199,26,FEMALE
TXN-01673,03 Aug 2025,C-003,Ananya Gupta,south,bangalore,S-111,ON Whey Protein 2kg,HEALTH & BEAUTY,fitness,4,"₹2,499",1200,5,9496.2,UPI,3,1,149,42,FEMALE
TXN-00899,17-04-2025,C-005,MEERA NAIR,South,Kochi,s-123,Pilates Resistance Band,Sports,FITNESS,n/a,599,240,25,2246.25,Credit Card,3,no,79,51,FEMALE
TXN-00213,04/23/2026,C-025,Nikhil Joshi,West,Pune,S-112,Apple AirPods Pro 2,Electronics,Headphones,4,24900,16000,0.0,0,Gpay,6,FALSE,0,32,M
TXN-02377,2025-09-19,C-020,geeta iyer,South,Coimbatore,S-107,boat airdopes 141,Electronics,Headphones,1,"₹1,299",600,5,0,Gpay,8,No,199,34,f
TXN-00353,07/25/2025,C-018,Pallavi Shah,West,Surat,S-114,Kurta Set Ethnic, FASHION ,Ethnic Wear,4,"£1,599",700,10,0,Credit Card,5,False,79,nan,F
TXN-01289,05-07-2025,C-009,Kavita Mehta,North,Lucknow,S-101,OnePlus 12R,Electronics,Smartphones,5,"₹29,999",18000,0.1,0,PhonePe,3,NO,149,45,female
TXN-01034,22 Apr 2025,C-006,Deepak Verma,north,Jaipur,S-115,Basmati Rice 5kg,Groceries,Staples,4,₹499,280,10,0,PhonePe,9,false,199,38,M
TXN-01965,15 Mar 2025,C-023,Tarun Sharma,North,Delhi,S-116,null,Electronics, Laptops ,3,114900,"$78,000",0,0,UPI,6,0,99,19,MALE
TXN-02011,13-10-2025,C-029,Rohan Gupta,West,Mumbi,S-113,Fitbit Charge 6,Electronics,Wearables,1,14999,9000,0.0,0,EMI,4,no,199,25,MALE
TXN-01834,19/09/2025,C-027,Arun Menon,South,Kochi,S-125,Zara Floral Dress,Fashion,Women Clothing,3,4999,2200,10,13497.3,EMI,5,FALSE,$79,47,MALE
TXN-02196,02/01/2026,C-026,PREETHI KUMAR,south,Chennai,S-118,La Mer Moisturizer,Health & Beauty,Skincare,3,"₹19,900","$11,000",0.1,53730.0,Cash,3,1,199,28,FEMALE
TXN-00601,27 Apr 2025,C-027,Arun Menon,SOUTH,Kochi,S-106,Prestige Mixer,HOME & KITCHEN,Appliances,5,4599,2200,0.2,0,Gpay,5,N,0,47,m
TXN-02332,05-04-2026,C-026,Preethi Kumar,South,Chennai,  S-115  ,Basmati Rice 5kg,Groceries,Staples,5,499,$280,0.1,2245.5,net banking,6,false,199,28,female
TXN-00605,08/05/2025,C-024,Divya Reddy,South,Hyderabad,s-108,Yoga Mat Premium,Sports,Fitness,5,"$1,299",£580,0.05,0,UPI,3,TRUE,199,53,F
TXN-00050,2025-10-06,C-025,Nikhil Joshi,West,Pune,S-122,Wireless Mouse Logitech,electronics,Peripherals,4,899,400,0.0,0,Gpay,8,FALSE,79,32,Male
TXN-00911,22/04/2025,C-001,Priya Sharma,null,Delhi,s-115,Basmati Rice 5kg,Groceries,Staples,4,$499,280,10,0,EMI,9,No,79,28,Female
TXN-00331,12/03/2026,C-028,Anjali Singh,North,Jaipur,S-106,Prestige Mixer,Home & Kitchen,Appliances,2,4599,2200,25,0,Net Banking,2,N,none,,FEMALE
TXN-00820,25-03-2025,C-014,Mohit Saxena,North,Agra,S-118,La Mer Moisturizer,Health & Beauty,Skincare,2,"£19,900",11000,0.2,0,Cash On Delivery,7,N,49,44,m
TXN-01596,06/28/2025,C-024,Divya Reddy,South,Hyderabad,S-123,Pilates Resistance Band,Sports,Fitness,5,599,£240,10,2695.5,Debit Card,3,   y   ,£49,53,Female
TXN-00564,2026-02-23,C-018,pallavi shah,West,Surat,S-118,La Mer Moisturizer,Health & Beauty,Skincare,2,19900,11000,10,0,Credit Card,7,False,49,22,f
TXN-01756,21-10-2025,C-006,Deepak Verma,north,Jaipur,S-103,Instant Pot Duo,  Home & Kitchen  ,Appliances,2,9999,5200,25,14998.5,Debit Card,7,0,49,38,Male
TXN-00690,2026-03-20,C-010,Sanjay Kapoor,North,Delhi,S-108,Yoga Mat Premium,  Sports  ,Fitness,4,"₹1,299",580,30,3637.2,Credit Card,4,FALSE,79,40,MALE
TXN-01336,01 Jul 2025,C-002,Rahul Kumar,null,Mumbai,S-115,basmati rice 5kg,Groceries,Staples,2,499,280,25,0,,6,FALSE,0,35,Male
TXN-01439,05/05/2025,C-004,Vikram Singh,Central,Bhopal,S-118,La Mer Moisturizer,Health & Beauty,skincare,5,19900,11000,0.15,84575.0,PHONEPE,10,  1  ,$99,29,Male
TXN-01758,05-01-2026,C-006,Deepak Verma,North,Jaipur,S-117,Kindle Paperwhite,Electronics,E-Readers,5,14999,"₹9,500",10,0,Cash On Delivery,9,No,199,38,MALE
TXN-01578,2025-11-06,C-022,Swati Mishra,central,Indore,nan,OnePlus 12R,Electronics,SMARTPHONES,3,"₹29,999",18000,0.2,0,Credit Card,3,yes,99,41,female
TXN-01949,13 Feb 2026,C-020,Geeta Iyer,South,Coimbatore,S-125,Zara Floral Dress,Fashion,Women Clothing,1,"₹4,999",2200,10,0,UPI,3,FALSE,199,34,F
TXN-00720,03 Jun 2025,C-011,Ritu Jain,West,Pune,S-104,Atomic Habits,Books & Stationery,Non-Fiction,5,399,180,0,0,Credit Card,3,0,0,27.0,F
TXN-02026,01/23/2026,C-012,Harish Rao,South,Hyderabad,S-116,MacBook Air M3,Electronics,Laptops,2,114900,78000,0.05,0,Gpay,4,False,199,55,Male
TXN-01387,14/01/2026,C-014,Mohit Saxena,north,Agra,S-110,Levi's 511 Jeans,Fashion,MEN CLOTHING,2,"$3,999",1800,30,0,EMI,7,y,0,44,MALE
TXN-02056,10 Oct 2025,C-014,Mohit Saxena,North,Agra,S-121,Maggi Noodles 12pk,Groceries,Instant Food,2,168,£80,0.0,0,Net Banking,1,n,99,44,Male
TXN-01733,2025-04-22,C-025,Nikhil Joshi,West,Pune,S-114,Kurta Set Ethnic,Fashion,Ethnic Wear,2,"$1,599",£700,0,3198.0,    Debit Card    ,8,NO,99,32,male
TXN-00139,25-12-2025,C-020,GEETA IYER,South,Coimbatore,s-119,Fastrack Analog Watch,Fashion,Accessories,4,"£2,499",1100,20,0,Credit Card,9,no,0,34,Female
TXN-00732,01/08/2026,C-026,Preethi Kumar,n/a,Chennai,S-120,Johnson Baby Oil,Health & Beauty,Baby Care,4,249,£100,0.0,996.0,Credit Card,5,n,0,,f
TXN-00615,19/08/2025,C-029,Rohan Gupta,West,Mumbai,S-116,MacBook Air M3,Electronics,Laptops,2,"$114,900","$78,000",0.0,0,DEBIT CARD,4,y,199,25,male
TXN-01279,04/25/2026,C-008,Arjun Patel,WEST,Ahmedabad,S-114,Kurta Set Ethnic,Fashion,Ethnic Wear,4,1599,$700,10,0,   EMI   ,8,0,49,24,Male
TXN-02329,26 Jul 2025,C-009,Kavita Mehta,North,Lucknow,S-107,boat airdopes 141,Electronics,Headphones,2,1299,600,0,0,PhonePe,1,n,49,45,FEMALE
TXN-00565,06 Apr 2025,C-025,Nikhil Joshi,West,Pune,S-114, Kurta Set Ethnic ,Fashion,Ethnic Wear,5,1599,700,5,0,UPI,8,N,49,32,male
TXN-00071,13 Apr 2025,C-011,Ritu Jain,West,Pune,S-123,Pilates Resistance Band,Sports,Fitness,5,599,240,30,2096.5,Net Banking,5,  NO  ,0,27,FEMALE
TXN-01235,2026-03-23,C-008,Arjun Patel,West,Ahmedabad,S-120,johnson baby oil,Health & Beauty,Baby Care,4,249,100,0,0,Credit Card,2,false,99,24,male
TXN-01935,20-03-2026,C-022,Swati Mishra,Central,Indore,S-105,"samsung 55"" qled",Electronics,Televisions,2,74999,45000,0.1,0,n/a,9,No,$99,41,#N/A
TXN-01342,2026-01-03,C-009,KAVITA MEHTA,North,Lucknow,S-106,Prestige Mixer,Home & Kitchen,Appliances,5,4599,"₹2,200",0.1,0,UPI,6,TRUE,0,45.0,f
TXN-01401,12/28/2025,C-023,Tarun Sharma,north,Delhi,S-113,Fitbit Charge 6,Electronics,Wearables,5,14999,"£9,000",0,0,upi,1,no,49,19,MALE
TXN-00370,2026-03-30,C-027,Arun Menon,South,Kochi,s-120,Johnson Baby Oil,Health & Beauty,Baby Care,1,249,100,0.05,236.55,Credit Card,10,False,0,47.0,MALE
TXN-02376,2025-08-21,C-006,Deepak Verma,North,Jaipur,S-103,Instant Pot Duo,HOME & KITCHEN,Appliances,4,"£9,999","₹5,200",0.0,0,EMI,7,False,79,38,M
TXN-02044,13/09/2025,C-008,Arjun Patel,West,Ahmedabad,S-106,Prestige Mixer,Home & Kitchen,Appliances,3,4599,2200,0,0,Net Banking,9,False,₹149,,MALE
TXN-01764,04/20/2026,C-024,Divya Reddy,South,Hyderabad,S-123,Pilates Resistance Band,Sports,Fitness,1,₹599,₹240,0.25,0,PhonePe,3,yes,0,53,f
TXN-01521,11/05/2025,C-015,Nisha Pillai,south,Trivandrum,S-101,OnePlus 12R,Electronics,Smartphones,4,29999,18000,30,0,Cash,4,1,    0    ,26,FEMALE
TXN-00176,28-09-2025,C-010,Sanjay Kapoor,north,Delhi,S-113,FITBIT CHARGE 6,Electronics,Wearables,5,"$14,999",9000,30,0,EMI,2,no,199, 40 ,Male
TXN-00879,10/31/2025,C-016,Rajesh Khanna,West,Mumbai,S-121,Maggi Noodles 12pk,Groceries,Instant Food,5,168,$80,0,0,  UPI  ,5,n,199,48,M
TXN-01778,07/01/2025,C-002,RAHUL KUMAR,West,mumbai,S-110,Levi's 511 Jeans,Fashion,Men Clothing,5,3999,1800,0.0,0,Net Banking,7,false,49,35,M
TXN-00669,24 Feb 2025,C-014,Mohit Saxena,North,Agra,S-115,Basmati Rice 5kg,Groceries,Staples,1,499,280,0.25,0,None,3,NO,99,44,m
TXN-01864,18-09-2025,C-005,Meera Nair,South,Kochi,S-125,Zara Floral Dress,Fashion,Women Clothing,1,4999,"$2,200",0,0,CREDIT CARD,10,n,199,51,FEMALE
TXN-00313,04-05-2025,C-013,Pooja Das,South,Chennai,S-118,La Mer Moisturizer,Health & Beauty,Skincare,5,19900,11000,5,94525.0,Debit Card,1,NO,0,31,f
TXN-00648,2025-02-23,C-006,Deepak Verma,North,Jaipur,S-102,nike air max 90,none,Footwear,1,"₹8,999",4500,0.0,0,Cash,5,FALSE,0,,male
TXN-00169,02/04/2026,C-006,Deepak Verma,North,Jaipur,S-108,Yoga Mat Premium,Sports,Fitness,5,1299,580,0.05,0,Net Banking,5,false,199,38,MALE
TXN-01988,23-09-2025,C-015,Nisha Pillai,South,Trivandrum,None,Kurta Set Ethnic,Fashion,Ethnic Wear,5,1599,700,15,6795.75,Cash On Delivery,1,no,£199,26,female
TXN-00443,2026-04-18,C-026,Preethi Kumar,South,Chennai,S-113,Fitbit Charge 6,Electronics,Wearables,2,"$14,999","$9,000",0.05,0,Cash,2,0,₹99,28,female
TXN-00018,10/09/2025,C-023,Tarun Sharma,North,Delhi,S-104,atomic habits,Books & Stationery,Non-Fiction,2,£399,$180,5,0,n/a,10,N,79,19,MALE
TXN-01134,24/10/2025,C-026,preethi kumar,South,Chennai,S-123,PILATES RESISTANCE BAND,Sports,Fitness,4,$599,240,0.05,0,EMI,5,0,0,,   female   
TXN-00602,06-04-2025,C-001,Priya Sharma,North,Delhi,S-120,johnson baby oil,health & beauty,Baby Care,2,£249,$100,0.0,0,Cash On Delivery,6,1,0,28.0,female
TXN-00614,03/06/2026,C-029,ROHAN GUPTA,West,Mumbai,S-104,Atomic Habits,Books & Stationery,Non-Fiction,2,399,₹180,0,0,Cash,5,False,49,25,MALE
TXN-02127,2026-03-04,C-004,VIKRAM SINGH,Central,Bhopal,S-108,Yoga Mat Premium,Sports,Fitness,2,1299,580,0,0,Debit Card,4,FALSE,99,--,nan
TXN-00181,09 May 2025,C-003,Ananya Gupta,South,Bangalore,S-107,boAt Airdopes 141,Electronics,Headphones,4,1299,₹600,10,0,CASH ON DELIVERY,3,NO,0,42,f
TXN-00144,10 Feb 2026,C-022,Swati Mishra,Central,Indore,S-122,Wireless Mouse Logitech,Electronics,Peripherals,1,899,400,5,0,UPI,4,NO,0,41,FEMALE
TXN-01845,02/01/2026,C-009,Kavita Mehta,North,Lucknow,S-119,Fastrack Analog Watch,Fashion,Accessories,4,"$2,499","₹1,100",0,0,Gpay,4,n,₹79,45,f
TXN-00832,02/12/2025,C-019,Kishore Naik,West,Nagpur,S-115,Basmati Rice 5kg,Groceries,    Staples    ,4,$499,280,20,0,Gpay,NA,0,0,62,MALE
TXN-01195,05/21/2025,C-002,Rahul Kumar,West,Mumbai,S-119,-,Fashion,Accessories,3,2499,1100,5,0,PhonePe,6,N,149,35,male
TXN-01087,08 Jun 2025,C-023,Tarun Sharma,North,Delhi,undefined,Basmati Rice 5kg,Groceries,Staples,3,499,£280,5,1422.15,Credit Card,6,    N    ,49,19,MALE
TXN-00310,2026-01-08,C-014,Mohit Saxena,North,Agra,S-106,Prestige Mixer,Home & Kitchen,Appliances,5,4599,2200,30,0,credit card,2,NO,149,44,MALE
TXN-00202,18-03-2026,C-008,Arjun Patel,West,Ahmedabad,S-124,Dyson V15 Vacuum,Home & Kitchen,Vacuum Cleaners,3,"£54,900",35000,0,0,PhonePe,5,False,$199,24,Male
TXN-00044,04-10-2025,C-020,Geeta Iyer,South,Coimbatore,S-120,None,Health & Beauty,Baby Care,3,£249,100,0.0,0,Cash On Delivery,3,no,199,34,F
TXN-00904,2025-10-29,C-008,ARJUN PATEL,West,Ahmedabad,S-107,boAt Airdopes 141,Electronics,Headphones,4,1299,600,10,0,Debit Card,8,N,49,24,M
None,None,None,None,None,None,None,None,None,None,None,None,None,None,None,None,None,None,None,None,None
TXN-01462,30 Jun 2025,C-006,Deepak Verma,North,Jaipur,S-120,Johnson Baby Oil,Health & Beauty,Baby Care,1,249,100,0,249.0,PhonePe,1,NO,0,38,M
TXN-02169,04/28/2025,C-005,MEERA NAIR,South,Kochi,S-123,Pilates Resistance Band,Sports,Fitness,4,$599,240,0.0,2396.0,Credit Card,9,false,199,51,f
TXN-00629,16 Apr 2025,C-015,NISHA PILLAI,South,Trivandrum,S-107,boAt Airdopes 141,Electronics,Headphones,2,"£1,299",600,0.15,0,gpay,2,FALSE,49,26,female
TXN-02113,03 Nov 2025,C-022,Swati Mishra,Central,Indore,S-114,kurta set ethnic,Fashion,Ethnic Wear,5,"₹1,599",700,0.0,0,Cash On Delivery,10,   FALSE   ,79,,FEMALE
TXN-00371,10/08/2025,C-003,Ananya Gupta,South,Bangalore,   S-121   ,Maggi Noodles 12pk,Groceries,Instant Food,4,$168,80,0,672.0,undefined,1,False,0,42,F
TXN-00084,2026-03-16,C-013,Pooja Das,South,Chennai,S-103,Instant Pot Duo,Home & Kitchen,Appliances,2,"£9,999",5200,10,0,Net Banking,2,no,0,31,female
TXN-00147,15 May 2025,C-011,Ritu Jain,West,Pune,S-107,boAt Airdopes 141,Electronics,Headphones,3,1299,£600,0.05,3702.15,Net Banking,8,0,0,27,   f   
TXN-00089,2025-03-15,C-027,Arun Menon,South,Kochi,S-112,Apple AirPods Pro 2,Electronics,Headphones,1,"£24,900",16000,0.25,0,Credit Card,9,N,$199,47,m
TXN-01372,05/03/2025,C-001,Priya Sharma,North,Delhi,S-115,Basmati Rice 5kg,Groceries,Staples,4,₹499,280,0.05,1896.2,UPI,8,No,0,28,female
TXN-00515,16-09-2025,C-012,Harish Rao,South,Hyderabad,S-123,Pilates Resistance Band,Sports,Fitness,2,599,240,0.1,0,UPI,2,N,0,55,Male
TXN-01133,24-04-2025,C-020,Geeta Iyer,South,Coimbatore,S-107,boAt Airdopes 141,electronics,Headphones,2,1299,600,25,0,Cash,2,FALSE,199,34,female
TXN-00355,12/22/2025,C-025,NIKHIL JOSHI,West,Pune,S-114,Kurta Set Ethnic,Fashion,none,2,1599,700,0,0,Cash,3,False,0,32,MALE
TXN-00217,29 Aug 2025,C-015,Nisha Pillai,South,Trivandrum,S-122,Wireless Mouse Logitech,electronics,Peripherals,1,₹899,₹400,0,899.0,EMI,6,0,99,26,female
TXN-00785,21/04/2025,C-013,Pooja Das,  South  ,Chennai,S-109,Cetaphil Moisturiser,Health & Beauty,Skincare,4,799,320,15,0,emi,2,NO,49,31,Female
TXN-01953,09/13/2025,C-018,Pallavi Shah,West,Surat,S-119,Fastrack Analog Watch,Fashion,Accessories,3,"₹2,499",1100,5,7122.15,EMI,5,FALSE,0,22,--
TXN-01660,29-12-2025,C-018,Pallavi Shah,west,Surat,S-118,La Mer Moisturizer,Health & Beauty,Skincare,3,"₹19,900",11000,20,47760.0,Cash,6,FALSE,₹149,NULL,female
TXN-01098,12/04/2026,C-030,SHREYA PATEL,West,Ahmedabad,S-118,La Mer Moisturizer,Health & Beauty,Skincare,1,19900,11000,0.15,16915.0,PhonePe,3,no,0,30,f
TXN-00406,22 Mar 2025,C-020,Geeta Iyer,South,Coimbatore,S-101,OnePlus 12R,Electronics,Smartphones,3,29999,18000,0.15,76497.45,PhonePe,6,no,199,34,Female
TXN-00051,2025-05-25,C-009,Kavita Mehta,North,Lucknow,  S-103  ,Instant Pot Duo,Home & Kitchen,Appliances,3,9999,"$5,200",0.05,0,Debit Card,6,YES,$199,45,FEMALE
TXN-02106,25 Mar 2026,C-012,Harish Rao,South,hyderabad,  S-105  ,"Samsung 55"" QLED",Electronics,Televisions,5,74999,45000,0.05,0,Credit Card,2,1,₹99,55,MALE
TXN-00477,06/12/2025,C-006,Deepak Verma,North,Jaipur,   S-113   ,Fitbit Charge 6,Electronics,Wearables,2,14999,9000,0.2,23998.4,NaN,4,False,79,38,Male
TXN-00882,24-09-2025,C-016,RAJESH KHANNA,West,Mumbai,#N/A,Kurta Set Ethnic,fashion,Ethnic Wear,nan,1599,£700,0.1,7195.5, Cash On Delivery ,8,  0  ,79,48,Male
TXN-02321,22/03/2026,C-016,RAJESH KHANNA,West,Mumbai,S-114,KURTA SET ETHNIC,Fashion,Ethnic Wear,1,"£1,599",700,0,1599.0,Net Banking,9,FALSE,0,48,male
TXN-00701,10/29/2025,C-013,POOJA DAS,South,Chennai,S-114,Kurta Set Ethnic,Fashion,Ethnic Wear,2,"$1,599",700,0.25,0,UPI,6,False,79,31,FEMALE
TXN-00626,23/03/2025,C-009,kavita mehta,NORTH,Lucknow,S-110,levi's 511 jeans,Fashion,Men Clothing,3,3999,1800,0.25,8997.75,Cash,5,N,99,45,Female
TXN-00014,06-03-2025,C-005,Meera Nair,South,Kochi,S-105,"Samsung 55"" QLED",Electronics,Televisions,5,"£74,999","₹45,000",5,0,PhonePe,5,true,149,51,FEMALE
TXN-01787,12/03/2026,C-021,Aditya Bose,EAST,Kolkata,S-101,OnePlus 12R,Electronics,Smartphones,5,29999,18000,0.05,142495.25,Net Banking,5,NO,99,29,M
TXN-00678,21/01/2026,C-028,Anjali Singh,North,Jaipur,S-113,Fitbit Charge 6,Electronics,Wearables,3,"₹14,999","₹9,000",5,0,Credit Card,none,NO,149,36,female
TXN-00606,05/24/2025,C-030,SHREYA PATEL,West,Ahmedabad,S-121,Maggi Noodles 12pk,Groceries,Instant Food,4,₹168,80,0.0,0,  UPI  ,8,n,149,30,Female
TXN-01498,05/12/2025,C-016,Rajesh Khanna,West,Mumbai,S-121,Maggi Noodles 12pk,Groceries,Instant Food,4,168,80,5,638.4,Debit Card,10,true,49,48,Male
TXN-01508,02/08/2025,C-030,Shreya Patel,west,Ahmedabad,S-105,"Samsung 55"" QLED",electronics,Televisions,4,74999,45000,0.05,0,credit card,6,False,£99,30,f
TXN-02278,09/23/2025,C-002,Rahul Kumar,West,Mumbai,S-102,Nike Air Max 90,Fashion,Footwear,3,"$8,999",4500,0,0,UPI,  3  ,n,79,35,male
TXN-00236,08-07-2025,C-011,Ritu Jain,West,Pune,S-108,Yoga Mat Premium,Sports,Fitness,5,1299,580,0.1,0,emi,7,N,79,27,f
TXN-00031,16-06-2025,C-015,Nisha Pillai,South,Trivandrum,S-107,boAt Airdopes 141,Electronics,Headphones,3,"₹1,299",600,0.15,0,Credit Card,10,no,£79,26,Female
TXN-01356,2026-04-22,C-029,Rohan Gupta,West,Mumbai,S-122,Wireless Mouse Logitech,Electronics,Peripherals,5,$899,400,5,0,EMI,2,NO,0,    25    ,Male
TXN-01284,24/09/2025,C-030,Shreya Patel,West,Ahmedabad,S-104,Atomic Habits,Books & Stationery,Non-Fiction,3,£399,180,0,0,Cash On Delivery,10,N,49,30,F
TXN-00326,09-03-2025,C-016,Rajesh Khanna,West,Mumbai,S-107,boAt Airdopes 141,electronics,Headphones,3,"₹1,299",600,20,0,Credit Card,4,true,£79,48,m
TXN-01642,07/16/2025,C-019,Kishore Naik,West,Nagpur,S-101,  OnePlus 12R  ,Electronics,Smartphones,5,29999,"$18,000",0.1,0,EMI,9,FALSE,49,62,MALE
TXN-00387,03/09/2025,C-030,Shreya Patel,West,Ahmedabad,S-107,boAt Airdopes 141,Electronics,Headphones,1,1299,600,10,0,UPI,10,N,99,30,female
TXN-02390,2025-11-12,C-029,Rohan Gupta,West,Mumbai,S-116,N/A,Electronics,Laptops,3,"$114,900","₹78,000",20,275760.0,PhonePe,5,0,79,25,m
TXN-01231,30-03-2026,C-017,Sundar Kumar,south,BANGALORE,S-112,Apple AirPods Pro 2,Electronics,Headphones,4,24900,16000,5,0,Credit Card,3,no,0,37,M
TXN-01266,20-08-2025,C-005,Meera Nair,South,Kochi,    S-114    ,Kurta Set Ethnic,Fashion,Ethnic Wear,2,1599,$700,0.05,0,Gpay,4,NO,0,51,FEMALE
TXN-01539,2026-01-03,C-004,Vikram Singh,Central,Bhopal,S-123,Pilates Resistance Band,Sports,Fitness,1,599,240,0.3,419.3,PhonePe,3,NO,149,29,Male
TXN-00479,01 Nov 2025,C-008,Arjun Patel,West,Ahmedabad,S-116,MACBOOK AIR M3,Electronics,Laptops,3,"£114,900",78000,0,344700.0,Net Banking,2,N,199,24,M
TXN-02104,07-12-2025,C-027,Arun Menon,South,Kochi,S-105,"Samsung 55"" QLED",ELECTRONICS, Televisions ,3,"₹74,999",45000,0.0,224997.0,Gpay,    4    ,False,79,47,M
TXN-00725,2025-09-12,C-010,Sanjay Kapoor,North,Delhi,S-114,Kurta Set Ethnic,Fashion,Ethnic Wear, 2 ,"$1,599",700,0,0,Cash On Delivery,2,no,79,40,male
TXN-00002,05/01/2025,C-022,Swati Mishra,Central,Indore,S-109,Cetaphil Moisturiser,Health & Beauty,Skincare,1,799,320,25,0,Cash,5,FALSE,149,41.0,f
TXN-02229,03/14/2026,C-011,Ritu Jain,West,Pune,S-109,cetaphil moisturiser,Health & Beauty,Skincare,4,£799,320,0.0,0,CREDIT CARD,2,n,0,27,female
TXN-01329,09/11/2025,C-015,nisha pillai,South,Trivandrum,S-122,null,ELECTRONICS, Peripherals ,2,£899,£400,0.0,0,Net Banking,6,FALSE,79,26,undefined
TXN-00206,2025-07-20,C-018,Pallavi Shah,West,Surat,S-116,MacBook Air M3,Electronics,Laptops,4,114900,78000,0.1,0,Cash On Delivery,7,n,₹79,22,FEMALE
TXN-00064,11/10/2025,C-009,Kavita Mehta,North,Lucknow,S-121,Maggi Noodles 12pk,Groceries,Instant Food,3,168,$80,5,0,Net Banking,6,False,149,45,Female
TXN-01661,08/01/2026,C-029,Rohan Gupta,West,Mumbai,S-116,MacBook Air M3,Electronics,Laptops,3,114900,78000,0,0,cash on delivery,9, N ,0,25,-
TXN-01324,08-06-2025,C-001,PRIYA SHARMA,North,Delhi,S-120,Johnson Baby Oil,Health & Beauty,Baby Care, 5 ,$249,100,0.05,0,Gpay,8,N,199,,f
TXN-00897,30 Aug 2025,C-007,Sunita Roy,East,Kolkata,S-121,Maggi Noodles 12pk,Groceries,Instant Food,5,£168,80,0,0,PhonePe,4,N,0,33,f
TXN-00789,09/30/2025,C-029,Rohan Gupta,West,Mumbi,S-104,n/a,N/A,#N/A,3,399,180,10,0,UPI,4,Yes,199,25,m
TXN-00567,19-03-2025,C-015,Nisha Pillai,South,Trivandrum,S-105,none,Electronics,Televisions,2,74999,45000,0.15,0,Cash,9,No,0,26.0,F
TXN-02194,2025-03-08,C-021,Aditya Bose,East,Kolkata,S-111,ON Whey Protein 2kg,Health & Beauty,Fitness,3,2499,"$1,200",0.05,0,PhonePe,1,No,149,29,male
TXN-00472,2025-03-03,C-012,Harish Rao,South,hyderabad,S-115,Basmati Rice 5kg,Groceries,Staples,2,499,₹280,10,0,Gpay,7,Y,0,55,m
TXN-00188,29/11/2025,C-019,Kishore Naik,West,Nagpur,S-112,Apple AirPods Pro 2,Electronics,Headphones,1,"£24,900","$16,000",0,0,Cash On Delivery,9,No,199,,m
TXN-00006,2026-03-19,C-019,Kishore Naik,West,Nagpur,S-104,Atomic Habits,BOOKS & STATIONERY,Non-Fiction,5,399,180,0.05,0,EMI,6,no,49,62,MALE
TXN-02089,28 Nov 2025,C-017,SUNDAR KUMAR,SOUTH,Bangalore,S-124,Dyson V15 Vacuum,Home & Kitchen,Vacuum Cleaners,4,"₹54,900",35000,0.0,219600.0,Net Banking,1,TRUE,0,37,male
TXN-02362,02/12/2026,C-005,meera nair,South,Kochi,None,ON Whey Protein 2kg,Health & Beauty,Fitness,4,"₹2,499",1200,20,0,UPI,4,0,199,51,female
TXN-00905,03/06/2025,C-020,Geeta Iyer,South,Coimbatore,S-115,Basmati Rice 5kg,Groceries,Staples,3,499,280,0,0,DEBIT CARD,3,N,199,34,Female
TXN-00296,15 Jun 2025,C-025,Nikhil Joshi,West,Pune,S-103,Instant Pot Duo,Home & Kitchen,Appliances,1,9999,5200,30,0,PhonePe,1,0,$49,32,m
TXN-01163,04/11/2025,C-024,Divya Reddy,South,hyderabad,S-114,KURTA SET ETHNIC,Fashion,Ethnic Wear,2,1599,700,0.1,0,Gpay,3,no,79,53,Female
TXN-01030,25 Jul 2025,C-014,Mohit Saxena,North,Agra,S-111,   on whey protein 2kg   ,Health & Beauty,Fitness,3,2499,1200,20,0,Gpay,5,False,99,44.0,M
TXN-01072,04/12/2026,C-009,KAVITA MEHTA,North,Lucknow,S-112,Apple AirPods Pro 2,Electronics,Headphones,3,24900,"$16,000",10,0,Debit Card,7,false,0,45,f
TXN-00667,11 May 2025,C-008,Arjun Patel,West,Ahmedabad,S-115,Basmati Rice 5kg,Groceries,N/A,1,£499,£280,20,0,nan,4,false,0,24,  MALE  
TXN-02336,13 Sep 2025,C-027,arun menon,South,Kochi,S-122,   Wireless Mouse Logitech   ,Electronics,Peripherals,2,899,400,0,1798.0,PhonePe,1,No,79,47,m
TXN-ZERO-005,04/29/2025,C-025,Nikhil Joshi,WEST,Pune,S-110,levi's 511 jeans,Fashion,Men Clothing,0,3999,"$1,800",0.0,0,Cash,3,FALSE,99,32,m
TXN-00791,22/08/2025,C-003,Ananya Gupta,South,Bangalore,S-114,Kurta Set Ethnic,Fashion,Ethnic Wear,5,1599,£700,0,0,Cash,3,0,$199,42,F
TXN-00881,14 Apr 2026,C-007,Sunita Roy,East,Kolkata,S-123,Pilates Resistance Band,Sports,Fitness,2,599,240,0.0,1198.0,Gpay,6,FALSE,99,33,Female
TXN-02282,31 Mar 2026,C-017,Sundar Kumar,South,Bangalore,S-123,Pilates Resistance Band,sports,Fitness,3,599,240,0.05,0,Debit Card,2,False,0,37,M
TXN-00784,2025-08-01,C-002,Rahul Kumar,West,Mumbai,S-121,MAGGI NOODLES 12PK,Groceries,Instant Food,1,168,£80,5,0,Cash On Delivery,4,NO,0,35,MALE
TXN-02115,21-03-2025,C-018,Pallavi Shah,West,Surat,S-104,Atomic Habits,Books & Stationery,Non-Fiction,3,£399,$180,10,1077.3,UPI,10,NO,0,   22   ,female
TXN-01351,08 Apr 2026,C-010,Sanjay Kapoor,North,Delhi,S-125,Zara Floral Dress,FASHION,Women Clothing,4,4999,"₹2,200",15,16996.6,Debit Card,9,y,49,40,Male
TXN-01444,26-05-2025,C-027,Arun Menon,South,Kochi,S-114,Kurta Set Ethnic,Fashion,ETHNIC WEAR,3,1599,700,15,0,Gpay,3,n,79,47,male
TXN-00171,25/11/2025,C-004,Vikram Singh,Central,Bhopal,S-118,La Mer Moisturizer,Health & Beauty,Skincare,1,"₹19,900","$11,000",20,0,    UPI    ,9,FALSE,$99,29,male
TXN-02363,19/02/2025,C-024,DIVYA REDDY,South,Hyderabad,S-111,ON Whey Protein 2kg,Health & Beauty,Fitness,3,"$2,499",1200,0.1,6747.3,PhonePe,10,FALSE,49,53.0,F
TXN-01221,2026-03-30,C-009,Kavita Mehta,North,Lucknow,S-103,Instant Pot Duo,Home & Kitchen,Appliances,3,"$9,999","£5,200",0.1,26997.3,Cash On Delivery,9,FALSE,0,45,NaN
TXN-00113,19-01-2026,C-029,Rohan Gupta,West,mumbai,S-103,Instant Pot Duo,home & kitchen,Appliances,4,9999,5200,0,0,Net Banking,10,Yes,0,,M
TXN-00824,2025-04-20,C-007,Sunita Roy,East,Kolkata,s-108,Yoga Mat Premium,Sports,Fitness,3,1299,580,10,0,Debit Card,5,0,149,33,Female
TXN-00422,2025-07-22,C-028,Anjali Singh,North,Jaipur,S-123,Pilates Resistance Band,Sports,Fitness,4,599,240,0.0,2396.0,Cash On Delivery,5,n,£99,36,Female
TXN-02385,15-09-2025,C-025,Nikhil Joshi,West,Pune,S-115,Basmati Rice 5kg,Groceries,staples,2,499,280,5,0,Debit Card,1,N,149,32,m
TXN-01907,2025-10-10,C-026,preethi kumar,South,Chennai,S-101,OnePlus 12R,Electronics,Smartphones,3,29999,"£18,000",0.0,0,Cash On Delivery,6,0,0,28.0,  FEMALE  
TXN-01025,02/20/2025,C-021,ADITYA BOSE,East,Kolkata,S-101,OnePlus 12R,Electronics,    Smartphones    ,2,"£29,999","£18,000",15,50998.3,Gpay,6,false,79,29,M
TXN-02173,2025-12-11,C-025,Nikhil Joshi,WEST,Pune,S-118,La Mer Moisturizer,Health & Beauty,Skincare,3,19900,11000,20,47760.0,Gpay,6,n,£79,32,MALE
TXN-02181,08-06-2025,C-016,Rajesh Khanna,-,Mumbai,S-106,Prestige Mixer,Home & Kitchen,Appliances,3,4599,2200,0,13797.0,PhonePe,9,no,  0  ,48,M
TXN-01784,2026-04-11,C-005,Meera Nair,South,Kochi,S-109,Cetaphil Moisturiser,Health & Beauty,Skincare,5,$799,320,0.05,3795.25,EMI,3,0,49,51,Female
TXN-00502,04/14/2025,C-001,Priya Sharma, North ,Delhi,S-106,Prestige Mixer,Home & Kitchen,Appliances,1,"£4,599",2200,0.05,0,Credit Card,1,Y,99,N/A,female
TXN-01338,18 Sep 2025,C-018,pallavi shah,West,Surat,S-113,Fitbit Charge 6, Electronics ,Wearables,1,14999,"£9,000",0,0,CASH,5,N,79,22,female
TXN-01088,2025-10-19,C-018,Pallavi Shah,west,Surat,S-108,Yoga Mat Premium,Sports,Fitness,2,1299,580,0,0,Credit Card,5,FALSE, 0 ,22,F
TXN-01522,29/01/2026,C-026,Preethi Kumar,South,Chennai,S-120,Johnson Baby Oil,Health & Beauty,Baby Care,4,$249,100,0.0,0,Cash On Delivery,  5  ,    no    ,0,28,FEMALE
TXN-01773,15-07-2025,C-002,Rahul Kumar,West,Mumbai,S-101,OnePlus 12R,Electronics,Smartphones,1,"$29,999",18000,10,0,UPI,6,yes,79,35,male
TXN-00560,04/11/2026,C-026,Preethi Kumar,South,Chennai,S-114,Kurta Set Ethnic,Fashion,Ethnic Wear,1,1599,700,0.05,1519.05,Credit Card,10,0,199,28,FEMALE
TXN-FUTURE-000,31-12-2099,C-007,sunita roy,East,Kolkata,S-121,Maggi Noodles 12pk,Groceries,Instant Food,5,168,£80,0.15,0,PhonePe,7,no,0, 33 ,FEMALE
TXN-00908,03/05/2025,C-004,Vikram Singh,Central,Bhopal,S-124,Dyson V15 Vacuum,Home & Kitchen,VACUUM CLEANERS,1,"$54,900",35000,0,54900.0,Cash,9,False,49,29,MALE
TXN-00070,16-12-2025,C-014,mohit saxena,North,Agra,S-104,Atomic Habits,Books & Stationery,Non-Fiction,5,399,180,0.05,0,Gpay,3,No,99,44,male
TXN-01904,16 Apr 2025,C-025,Nikhil Joshi,West,Pune,S-110,Levi's 511 Jeans,Fashion,Men Clothing,1,"£3,999",1800,25,0,EMI,9,n,199,32,m
TXN-01331,16-09-2025,C-001,Priya Sharma,North,Delhi,S-111,ON Whey Protein 2kg,Health & Beauty,FITNESS,5,2499,1200,0.25,0,UPI,10,N,0,28,f
TXN-00900,06 Mar 2025,C-026,PREETHI KUMAR,South,chennai,S-108,Yoga Mat Premium,Sports,Fitness,4,"₹1,299",580,0.0,5196.0,UPI,8,True,199,28,FEMALE
TXN-01499,26-12-2025,C-004,Vikram Singh,Central,Bhopal,S-105,"Samsung 55"" QLED",Electronics,Televisions,5,74999,"£45,000",20,0,Cash,8,FALSE,199,29,M
TXN-00817,2025-10-22,C-008,Arjun Patel,West,Ahmedabad,S-112,Apple AirPods Pro 2,ELECTRONICS,Headphones,5,24900,16000,0.2,0,Debit Card,10,0,£199,   24   ,MALE
TXN-00251,08/14/2025,C-023,Tarun Sharma,North,Delhi,S-105,"    Samsung 55"" QLED    ",Electronics, Televisions ,1,"₹74,999",45000,0,74999.0,Debit Card,1,false,0,19,male
TXN-00865,14/03/2026,C-009,Kavita Mehta,North,Lucknow,s-110,Levi's 511 Jeans,Fashion,Men Clothing,5,3999,1800,0,0,Cash On Delivery,10,false,£199,45,F
TXN-00829,18 Mar 2026,C-009,Kavita Mehta,North,Lucknow,S-110,Levi's 511 Jeans,Fashion,Men Clothing,2,"$3,999",1800,0.05,0,Debit Card,4,N,49,45,Female
TXN-02366,2025-09-28,C-012,Harish Rao,South,Hyderabad,S-114,Kurta Set Ethnic,Fashion,Ethnic Wear,4,1599,700,0.1,5756.4,UPI,8,No,0,55,M
TXN-00992,12/12/2025,C-010,Sanjay Kapoor,North,Delhi,S-105,"Samsung 55"" QLED",Electronics,Televisions,4,"$74,999",45000,15,0,UPI,-,FALSE,199,40,male
TXN-02054,26 Jan 2026,C-027,Arun Menon,South,Kochi,S-101,OnePlus 12R,Electronics,Smartphones,1,29999,18000,0.05,28499.05,PhonePe, 1 ,false,0,47,m
TXN-02084,19-12-2025,C-009,kavita mehta,North,Lucknow,S-114,Kurta Set Ethnic,Fashion,Ethnic Wear,3,1599,700,10,0,Credit Card,9,no,79,45,f
TXN-00404,22-05-2025,C-024,divya reddy,South,Hyderabad,S-121,Maggi Noodles 12pk,Groceries,instant food,2,£168,80,0.0,0,Credit Card,8,  NO  ,0,53,F
TXN-02342,06/11/2025,C-019,Kishore Naik,West,Nagpur,S-108,Yoga Mat Premium,Sports,fitness,3,1299,£580,0.1,0,Cash On Delivery,10,false,0,62,m
TXN-02261,2025-12-03,C-018,Pallavi Shah,nan,Surat,S-114,Kurta Set Ethnic,Fashion,Ethnic Wear,1,"£1,599",$700,25,0,EMI,3,0,149,22,female
TXN-01556,28-05-2025,C-008,Arjun Patel,West,Ahmedabad,S-102,Nike Air Max 90,Fashion,Footwear,3,8999,"£4,500",10,24297.3,Cash On Delivery,6,N,0,24,M
TXN-00800,03 Mar 2025,C-009,Kavita Mehta,North,Lucknow,s-108,Yoga Mat Premium,Sports,Fitness,3,"₹1,299",580,25,0,Debit Card,7,False,49,45,f
TXN-00241,10-08-2025,C-005,Meera Nair,South,Kochi,S-110,Levi's 511 Jeans,Fashion,Men Clothing,1,3999,1800,0.05,0,Cash On Delivery,7,No,₹79,51,f
TXN-00187,2025-11-05,C-010,Sanjay Kapoor,North,Delhi,S-124,Dyson V15 Vacuum,Home & Kitchen,vacuum cleaners,4,54900,35000,15,0,Net Banking,4,False,0,40,male
TXN-02125,10/23/2025,C-007,Sunita Roy,East,Kolkata,S-102,Nike Air Max 90,Fashion,Footwear,5,"₹8,999","$4,500",0.0,0,Debit Card,8,no,199,33,F
TXN-00762,2025-12-20,C-001,Priya Sharma,North,Delhi,S-122,Wireless Mouse Logitech,Electronics,Peripherals,2,899,400,25,1348.5,Net Banking,5,N,199,28,FEMALE
TXN-00093,12/05/2025,C-008,Arjun Patel,West,Ahmedabad,S-117,Kindle Paperwhite,Electronics,E-Readers,1,"₹14,999",9500,0.3,10499.3,UPI,4,FALSE,99,24,male
TXN-00728,2025-04-02,C-008,Arjun Patel,West,Ahmedabad,S-114,Kurta Set Ethnic,Fashion,Ethnic Wear,5,1599,£700,15,0,PhonePe,3,y,149,24,MALE
TXN-01922,08/03/2026,C-014,Mohit Saxena,North,Agra,S-120,Johnson Baby Oil,Health & Beauty,Baby Care,2,249,100,0.1,0,Gpay,10,N,99,44.0,male
TXN-01461,2025-03-03,C-012,Harish Rao,South,Hyderabad,S-108,Yoga Mat Premium,Sports,none,4,"£1,299",580,10,4676.4,   EMI   ,2,False,0,55,MALE
TXN-02071,30-07-2025,C-011,Ritu Jain,West,Pune,S-119,Fastrack Analog Watch,Fashion,Accessories,1,2499,1100,0.3,1749.3,EMI,7,no,149,,F
TXN-02033,03/11/2026,C-017,Sundar Kumar,South,Bangalore,S-101,OnePlus 12R,--,Smartphones,1,29999,18000,0,0,Net Banking,10,no,79,37,male
TXN-01007,27-11-2025,C-026,Preethi Kumar,South,chennai,S-122,  Wireless Mouse Logitech  ,Electronics,Peripherals,4,899,400,10,3236.4,UPI,9,false,199,,Female
TXN-01140,09 Jan 2026,C-007,Sunita Roy,East,Kolkata,S-106,Prestige Mixer,Home & Kitchen,Appliances,1,"$4,599",2200,0,0,PhonePe,8,False,£99,33,F
TXN-00943,08/11/2025,C-027,Arun Menon,South,Kochi,S-114,KURTA SET ETHNIC,Fashion,Ethnic Wear,2,"£1,599",700,0.0,0,PhonePe,6,0,199,47,M
TXN-00460,05/22/2025,C-001,Priya Sharma,North,delhi,S-113,Fitbit Charge 6,Electronics,Wearables,5,14999,9000,10,67495.5,Cash,1,N,149,28,F
TXN-01542,16-07-2025,C-017,Sundar Kumar,South,Bangalore,S-103,Instant Pot Duo,Home & Kitchen,Appliances,2,9999,"₹5,200",10,17998.2,PhonePe,2,No,0,37,M
TXN-00599,14-10-2025,C-005,Meera Nair,South,Kochi,s-121,Maggi Noodles 12pk,Groceries,Instant Food,5,168,£80,0,0,Gpay,7,NO,0,51,F
TXN-02374,24/04/2026,C-028,Anjali Singh,North,Jaipur,S-101,OnePlus 12R,Electronics,Smartphones,1,29999,18000,0.0,0,cash,6,N,149,36,female
TXN-01322,25 Sep 2025,C-010,Sanjay Kapoor,North,New Delhi,S-116,MacBook Air M3,Electronics,Laptops,1,"$114,900",78000,0.2,0,UPI,6,FALSE,99,40,m
TXN-00595,08/09/2025,C-007,Sunita Roy,East,Kolkata,S-117,Kindle Paperwhite,Electronics,E-Readers,2,14999,9500,0.05,28498.1,cash,8,no,49,33,Female
TXN-01350,05 Aug 2025,C-013,Pooja Das,South,Chennai,S-121,Maggi Noodles 12pk,Groceries,INSTANT FOOD,2,₹168,80,0.0,0,Cash,9,false,£99,31,F
TXN-02393,01/12/2026,C-030,Shreya Patel,West,Ahmedabad,  S-103  ,Instant Pot Duo,Home & Kitchen,Appliances,5,"$9,999","$5,200",0.05,0,Cash On Delivery,7,no,99,30,female
TXN-00951,2026-01-28,C-027,ARUN MENON,South,Kochi,S-107,boAt Airdopes 141,Electronics,Headphones,5,1299,600,0,0,UPI,10,NO,49,47,male
TXN-01397,07/18/2025,C-004,Vikram Singh,CENTRAL,Bhopal,S-109,Cetaphil Moisturiser,Health & Beauty,Skincare,1,799,320,0.05,0,EMI,4,YES,199,29,Male
TXN-00919,15/03/2026,C-014,Mohit Saxena,NORTH,Agra,S-108,Yoga Mat Premium,NaN,FITNESS,2,1299,580,0.0,0,Net Banking,9,0,199,44,M
TXN-01770,24-05-2025,C-003,Ananya Gupta, South ,Bangalore,S-106,Prestige Mixer,Home & Kitchen,appliances,2,4599,2200,0.1,8278.2,Debit Card,4,0,99,42,f
TXN-00286,01 Apr 2025,C-025,NIKHIL JOSHI,West,Pune,s-120,Johnson Baby Oil,Health & Beauty,Baby Care,  5  ,$249,₹100,15,0,Gpay,10,0,149,32,M
TXN-00361,28 Jan 2026,C-022,Swati Mishra,Central,Indore,S-110,Levi's 511 Jeans,Fashion,Men Clothing,3,3999,"$1,800",0,0,Gpay,9,false,0,41.0,f
TXN-01737,16-01-2026,C-028,Anjali Singh,NORTH,Jaipur,S-117,Kindle Paperwhite,Electronics,E-Readers,1,"₹14,999","₹9,500",0.3,0,Cash On Delivery,10,FALSE,79,36,FEMALE
TXN-01506,31/12/2025,C-012,Harish Rao,South,Hyderabad,S-125,Zara Floral Dress,Fashion,Women Clothing,4,4999,"£2,200",0.1,0,Credit Card,5,Y,199,55,m
TXN-01815,05/03/2026,C-005,MEERA NAIR,South,Kochi,S-121,Maggi Noodles 12pk,Groceries,Instant Food,1,168,80,0.2,0,Net Banking,7,False,0,51,FEMALE
TXN-01077,09/24/2025,C-016,Rajesh Khanna,West,Mumbai,S-114,Kurta Set Ethnic,Fashion,Ethnic Wear,1,1599,700,0,0,Gpay,3,0,199,48,NA
TXN-01295,2026-04-11,C-027,arun menon,South,Kochi,S-123,PILATES RESISTANCE BAND,Sports,Fitness,4,₹599,£240,5,0,EMI,2,FALSE,199,47,male
TXN-02388,18 Nov 2025,C-012,harish rao,South,Hyderabad,S-114,Kurta Set Ethnic,Fashion,Ethnic Wear,1,"$1,599",₹700,0.0,0,nan,5,False,99,55,Male
TXN-02167,2025-06-01,C-027,Arun Menon,South,Kochi,S-109,Cetaphil Moisturiser,Health & Beauty,Skincare,5,£799,320,0,0,Cash,2,NO,0,47,M
TXN-01478,2025-11-04,C-029,Rohan Gupta,West,Mumbai,S-111,ON Whey Protein 2kg,Health & Beauty,Fitness,3,2499,1200,10,6747.3,NaN,1,false,99,25,Male
TXN-01800,03/26/2025,C-013,Pooja Das,South,Chennai,S-103,instant pot duo,Home & Kitchen,Appliances,5,9999,"£5,200",15,0,phonepe,9,Yes,99,31,female
TXN-00915,19-08-2025,C-015,Nisha Pillai,South,Trivandrum,S-122,Wireless Mouse Logitech,Electronics,Peripherals,4,£899,400,5,0,PhonePe,7,N,0,26,FEMALE
TXN-00702,09/26/2025,C-029,Rohan Gupta,West,Mumbai,S-123,Pilates Resistance Band,Sports,Fitness,5,$599,240,0.15,2545.75,Debit Card,7,FALSE,79,25,MALE
TXN-01063,2025-03-06,C-010,Sanjay Kapoor,North,Delhi,S-108,Yoga Mat Premium,Sports,Fitness,2,1299,580,20,0,PHONEPE,9,0,79,40,m
TXN-00282,05 Dec 2025,C-006,Deepak Verma,North,Jaipur,S-122,Wireless Mouse Logitech,electronics,peripherals,3,899,400,0.0,0,UPI,5,Yes,£149,38,Male
TXN-01997,26-10-2025,C-007,Sunita Roy,East,Kolkata,S-125,Zara Floral Dress,Fashion,Women Clothing,2,"£4,999","₹2,200",0.0,9998.0,Cash On Delivery,3,no,0,33,female
TXN-01131,2025-04-04,C-008,arjun patel,West,Ahmedabad,S-101,OnePlus 12R,Electronics,Smartphones,5,"£29,999",18000,15,0,Gpay,2,n,149,24,M
TXN-00207,14/11/2025,C-016,Rajesh Khanna,West,Mumbai,S-101,OnePlus 12R,Electronics,Smartphones,4,29999,18000,0.0,119996.0,UPI,10,false,149,48.0,male
TXN-00447,10/06/2025,C-023,Tarun Sharma,North,Delhi,S-114,Kurta Set Ethnic,Fashion,Ethnic Wear,3,"$1,599",700,0,0,Cash,    6    ,false,199,19,male
TXN-ZERO-018,01/25/2026,C-030,SHREYA PATEL,West,Ahmedabad,S-118,La Mer Moisturizer,Health & Beauty,Skincare,0,"₹19,900","£11,000",0,0,Cash,5,False,0,30,FEMALE
TXN-01888,2025-10-03,C-008,Arjun Patel,West,Ahmedabad,S-105,"Samsung 55"" QLED",Electronics,Televisions,4,"£74,999",45000,0,0,Gpay,1,yes,149,24,M
TXN-00508,28-03-2026,C-023,Tarun Sharma,North,Delhi,S-103,Instant Pot Duo,Home & Kitchen,Appliances,3,9999,"£5,200",10,0, EMI ,7,FALSE,149,19,m
TXN-01571,01 Mar 2025,C-008,Arjun Patel,West,Ahmedabad,S-121,Maggi Noodles 12pk,  Groceries  ,Instant Food,3,₹168,80,0.0,504.0,EMI,9,0,49,24,m
TXN-00642,13 Mar 2026,C-010,Sanjay Kapoor,North,Delhi,S-106,Prestige Mixer,Home & Kitchen,Appliances,1,"$4,599","₹2,200",0.1,0,Debit Card,8,no,₹149,40,male
TXN-02053,13-03-2026,C-021,Aditya Bose,East,Kolkata,S-103,Instant Pot Duo,Home & Kitchen,APPLIANCES,4,9999,5200,0.2,0,Net Banking,1,0,0,29,M
TXN-01541,14/12/2025,C-029,Rohan Gupta,West,Mumbai,S-111,ON Whey Protein 2kg,Health & Beauty,Fitness,2,2499,"$1,200",15,4248.3,Credit Card,2,n,149,,M
TXN-01334,18 Sep 2025,C-015,Nisha Pillai,South,Trivandrum,S-121,None,Groceries,NULL,3,168,80,0,0,Credit Card,6,NO,49,26,f
TXN-00367,10 Jun 2025,C-002,Rahul Kumar,West,Mumbai,S-104,ATOMIC HABITS,Books & Stationery,Non-Fiction,4,₹399,180,0.1,0,PhonePe,6,false,99,  35  ,MALE
TXN-00623,26-03-2025,C-022,Swati Mishra,Central,Indore,S-114,Kurta Set Ethnic,Fashion,Ethnic Wear,5,1599,700,25,5996.25,NET BANKING,9, NO ,₹149,41,Female
TXN-01562,14-04-2025,C-025,Nikhil Joshi,WEST,Pune,s-122,Wireless Mouse Logitech,electronics,Peripherals,2,899,400,15,0,Cash,8,n,0,32,M
TXN-01105,24/02/2026,C-018,Pallavi Shah,West,Surat,S-111,ON Whey Protein 2kg,Health & Beauty,Fitness,4,2499,1200,0.2,0,PhonePe,2,FALSE,99,22.0,f
TXN-01169,19-02-2026,C-006,Deepak Verma,North,Jaipur,S-120,Johnson Baby Oil,Health & Beauty,Baby Care,4,249,100,0.1,0,Gpay,9,null,99,38,MALE
TXN-01348,2025-09-20,C-006,Deepak Verma,North,Jaipur,null,OnePlus 12R,Electronics,SMARTPHONES,5,"$29,999",18000,5,142495.25,PhonePe,--,NO,199,38,Male
TXN-00695,07 Mar 2026,C-017,Sundar Kumar,South,Bangalore,S-121,Maggi Noodles 12pk,   Groceries   ,Instant Food,2,£168,80,0.0,0,EMI,9,NO,49,,M
TXN-00092,18/04/2026,C-005,Meera Nair,South,Kochi,S-110,Levi's 511 Jeans,Fashion,Men Clothing,3,3999,1800,0,0,EMI,    6    ,false,149,51,f
TXN-01251,07/15/2025,C-010,Sanjay Kapoor,North,New Delhi,S-103,Instant Pot Duo,Home & Kitchen,Appliances,1,9999,5200,20,0,Gpay,5,FALSE,199,40,MALE
TXN-01601,25 Mar 2025,C-020,Geeta Iyer,South,Coimbatore,S-115,Basmati Rice 5kg,Groceries,Staples,1,499,280,0.05,474.05,PhonePe,6,n,99,34,FEMALE
TXN-00015,21-11-2025,C-015,Nisha Pillai,South,Trivandrum,S-123,Pilates Resistance Band,Sports,Fitness,4,599,₹240,5,0,Credit Card,8,false,79,26,f
TXN-01723,05/12/2025,C-015,Nisha Pillai,  South  ,Trivandrum,S-107,boAt Airdopes 141,Electronics,Headphones,5,1299,600,0.05,6170.25,PhonePe,8,False,79,26,FEMALE
TXN-00392,06/11/2025,C-029,Rohan Gupta,West,Mumbai,S-117,KINDLE PAPERWHITE,Electronics,E-Readers,5,"₹14,999",9500,0.1,0,PhonePe,9,0,₹49,25,m
TXN-00622,11/04/2025,C-025,Nikhil Joshi,West,Pune,S-102,N/A,fashion,Footwear,1,"$8,999","₹4,500",0.15,0,   UPI   ,5,no,$79,32,Male
TXN-01883,16-05-2025,C-020,Geeta Iyer,South,Coimbatore,s-101,OnePlus 12R,Electronics,    Smartphones    ,2,29999,"₹18,000",0.25,44998.5,Credit Card,8,n, 0 ,34,f
TXN-00861,02 Sep 2025,C-001,Priya Sharma,North,Delhi,S-124,Dyson V15 Vacuum,Home & Kitchen,Vacuum Cleaners,NA,"₹54,900","₹35,000",0.0,0,UPI,3,N,49,28,Female
TXN-00803,30 May 2025,C-022,Swati Mishra,Central,Indore, S-121 ,Maggi Noodles 12pk,Groceries,   Instant Food   ,4,168,₹80,0,0,EMI,2,Yes,149,41,FEMALE
TXN-00955,08-03-2026,C-014,Mohit Saxena,North,Agra,S-115,Basmati Rice 5kg,Groceries,Staples,3,499,280,0.15,1272.45,Credit Card,undefined,NO,79,44,male
TXN-00271,13 Feb 2026,C-005,MEERA NAIR,South,Kochi,S-102,-,Fashion,Footwear,2,8999,4500,20,0,Cash,10,n,99,,female
TXN-02190,31/03/2025,C-003,Ananya Gupta,South,bangalore,S-113,Fitbit Charge 6,Electronics,Wearables,1,"₹14,999",9000,0,0,Credit Card,    7    ,n, 0 ,42,female
TXN-00412,2025-10-16,C-019,Kishore Naik,West,Nagpur,S-102,Nike Air Max 90,#N/A,Footwear,2,8999,4500,0,0,Cash,5,no,99,62,Male
TXN-00823,2026-03-01,C-028,Anjali Singh,North,Jaipur,S-107,boAt Airdopes 141,Electronics,Headphones,    5    ,"$1,299",600,0.05,6170.25,Credit Card,10,NO,$49,36,female
TXN-00672,26/05/2025,C-014,Mohit Saxena,NORTH,Agra,S-118,La Mer Moisturizer,Health & Beauty,Skincare,5,19900,11000,15,0,UPI,2,n,₹99,44,m
TXN-01264,02/09/2026,C-003,Ananya Gupta,South,Bangalore,S-106,Prestige Mixer,Home & Kitchen,Appliances,5,4599,"₹2,200",0,0,Cash On Delivery,5,True,49,42,nan
TXN-02398,05/11/2025,C-024,DIVYA REDDY,South,Hyderabad,S-115,Basmati Rice 5kg,Groceries,Staples,4,499,280,0.05,0,EMI,2,N,0,53,f
TXN-00699,2026-01-25,C-022,swati mishra,Central,Indore,S-119,Fastrack Analog Watch,Fashion,Accessories,5,2499,1100,10,11245.5,UPI,5,n,0,41,F
TXN-00065,06/05/2025,C-016,Rajesh Khanna,West,Mumbai,--,nike air max 90,FASHION,Footwear,5,"£8,999","₹4,500",25,33746.25,Cash,8,   FALSE   ,₹199,48,Male
TXN-01964,01/25/2026,C-021,Aditya Bose,East,Kolkata,S-101,OnePlus 12R,Electronics,Smartphones,3,29999,18000,0.25,67497.75,Debit Card,7,NO,149,29,MALE
TXN-01836,06/25/2025,C-012,Harish Rao,South,Hyderabad,   S-119   ,Fastrack Analog Watch,Fashion,Accessories,2,2499,"₹1,100",0.05,0,Credit Card,6,n,0,55,male
TXN-01801,27 Nov 2025,C-028,Anjali Singh,North,Jaipur,S-113,Fitbit Charge 6,Electronics,Wearables,4,"₹14,999",9000,25,0,Cash On Delivery,7,N,£79,36,female
TXN-01668,09/28/2025,C-029,Rohan Gupta, WEST ,Mumbai,S-102, Nike Air Max 90 ,Fashion,Footwear,3,8999,4500,10,0,Debit Card,7,false,₹79,25.0,M
TXN-00490,2025-02-22,C-025,Nikhil Joshi,West,Pune,S-114,kurta set ethnic,Fashion,Ethnic Wear,3,"₹1,599",700,10,0,Debit Card,7,FALSE,199,32,MALE
TXN-02031,02/26/2025,C-026,Preethi Kumar,South,Chennai,S-115,Basmati Rice 5kg,Groceries,none,5,499,280,0,0,Credit Card,3,n,79,28,    f    
TXN-01345,11/11/2025,C-014,Mohit Saxena,North,Agra,S-101,ONEPLUS 12R,Electronics,Smartphones,    3    ,"$29,999","$18,000",15,76497.45,CASH ON DELIVERY,5,No,149,44,MALE
TXN-00664,07/30/2025,C-028,Anjali Singh,north,Jaipur,S-124,Dyson V15 Vacuum,    Home & Kitchen    ,Vacuum Cleaners,4,54900,35000,0.15,186660.0,Cash On Delivery,3,False,49,36.0,F
TXN-00498,08-10-2025,C-018,Pallavi Shah,West,Surat,S-105,"Samsung 55"" QLED",Electronics,Televisions,1,"£74,999","₹45,000",0.2,59999.2,Debit Card,2,NO,$199,22,F
TXN-02087,01/28/2026,C-026,Preethi Kumar,South,Chennai,S-103,Instant Pot Duo,Home & Kitchen,Appliances,3,"₹9,999",5200,0.0,29997.0,Credit Card,3,0,£149,28,F
TXN-00238,04/04/2026,C-007,Sunita Roy,East,Kolkata,S-113,Fitbit Charge 6,Electronics,wearables,3,14999,"£9,000",0,0,Credit Card,8,N,99,33,f
TXN-01228,04/04/2025,C-026,preethi kumar,South,Chennai,S-115,Basmati Rice 5kg,Groceries,Staples,3,499,280,0.05,1422.15,EMI,10,False,79,28,FEMALE
TXN-02029,2025-08-17,C-004,Vikram Singh,Central,Bhopal,S-119,Fastrack Analog Watch,NaN,--,2,2499,1100,5,0,GPAY,1,false,  0  ,29,male
TXN-00094,12/04/2025,C-030,SHREYA PATEL,West,Ahmedabad,S-121,maggi noodles 12pk,Groceries,Instant Food,3,168,80,0,0,Debit Card,4,N,49,30,f
TXN-01424,2025-03-28,C-029,Rohan Gupta,West,Mumbai,S-106,Prestige Mixer,Home & Kitchen,Appliances,2,4599,2200,10,8278.2,Gpay,8,true,99,25,male
TXN-00306,12-02-2026,C-015,nisha pillai,South,Trivandrum,S-104,Atomic Habits,undefined,Non-Fiction,3,399,180,5,0,EMI,N/A,FALSE,79,26, FEMALE 
TXN-01263,07/11/2025,C-003,Ananya Gupta,South,Bangalore,S-125,Zara Floral Dress,NaN,Women Clothing,4,4999,2200,5,18996.2,Debit Card,10,Yes,49,42,Female
TXN-01374,2025-07-15,C-023,tarun sharma,NORTH,Delhi,S-122,Wireless Mouse Logitech,electronics,Peripherals,1,£899,400,0.2,719.2,PhonePe,9,False,0,19,M
TXN-00973,03/13/2026,C-027,Arun Menon,South,Kochi,S-104,Atomic Habits,Books & Stationery,Non-Fiction,5,399,₹180,0,1995.0,Credit Card,6,NO,0,,M
TXN-01691,26/06/2025,C-028,Anjali Singh,North,Jaipur,s-102,Nike Air Max 90,Fashion,Footwear,4,8999,"₹4,500",0,35996.0,  Debit Card  ,1,False,149,36,female
TXN-01628,2025-05-15,C-012,Harish Rao,South,Hyderabad,S-124,Dyson V15 Vacuum,Home & Kitchen,vacuum cleaners,2,"£54,900",35000,25,0,Credit Card,2,False,0,55,Male
TXN-01617,2026-02-03,C-026,preethi kumar,South,Chennai,S-121,Maggi Noodles 12pk,GROCERIES,Instant Food,5,168,80,0,0,Cash,1,No,199,28,FEMALE
TXN-00985,09/18/2025,C-015,NISHA PILLAI,SOUTH,Trivandrum,S-101,oneplus 12r,Electronics,Smartphones,4,"£29,999","₹18,000",0,0,Credit Card,1,n,0,26,female
TXN-01411,29 Mar 2025,C-010,Sanjay Kapoor,North,Delhi,S-116,MacBook Air M3,Electronics,Laptops,2,"$114,900",78000,5,0,PhonePe,3,N,79,,MALE
TXN-00697,2025-07-11,C-014,Mohit Saxena,North,Agra,S-105,"Samsung 55"" QLED",Electronics,Televisions,3,"£74,999","₹45,000",0.1,0,Gpay,8,0,79,44,MALE
TXN-02022,17 Nov 2025,C-003,Ananya Gupta,South,Bangalore,S-102,Nike Air Max 90,Fashion,Footwear,2,8999,"£4,500",0.2,0,Debit Card,1,N,149,42,F
TXN-02400,07/22/2025,C-013,Pooja Das,South,Channai,S-125,Zara Floral Dress,Fashion,    Women Clothing    ,2,4999,"₹2,200",0,9998.0,EMI,6,no,149,31,f
TXN-02351,23/11/2025,C-025,Nikhil Joshi,West,Pune,S-124,Dyson V15 Vacuum,Home & Kitchen,Vacuum Cleaners,5,"£54,900","₹35,000",30,0,EMI,9,NO,    0    ,32,Male
TXN-00613,13 Mar 2026,C-001,Priya Sharma,North,Delhi,S-125,Zara Floral Dress,Fashion,Women Clothing,2,4999,"£2,200",0.2,7998.4,Gpay,10,0,79,28,FEMALE
TXN-00100,11-06-2025,C-004,Vikram Singh,Central,Bhopal,S-101,OnePlus 12R,Electronics,Smartphones,5,"₹29,999","$18,000",0.2,119996.0,PhonePe,9,Y,149,29,male
TXN-01708,26/03/2025,C-019,Kishore Naik,West,Nagpur,S-113,Fitbit Charge 6,electronics,Wearables,5,14999,9000,10,0,Gpay,10,N,149,62,--
TXN-01707,20/01/2026,C-006,Deepak Verma,North,Jaipur,S-124,Dyson V15 Vacuum,Home & Kitchen,Vacuum Cleaners,2,54900,35000,5,0,emi,5,false,0,38,MALE
TXN-00906,02-01-2026,C-005,Meera Nair,South,Kochi,S-119,Fastrack Analog Watch,Fashion,Accessories,1,2499,1100,0.1,2249.1,Gpay,5,FALSE,49,51.0,FEMALE
TXN-00108,19-05-2025,C-007,sunita roy,East,Kolkata,S-121,Maggi Noodles 12pk,Groceries,Instant Food,5,168,£80,0.15,0,PhonePe,7,no,0, 33 ,FEMALE
TXN-02266,16 Mar 2025,C-026,preethi kumar,South,Channai,S-106,Prestige Mixer,Home & Kitchen,Appliances,5,"₹4,599",2200,5,0,UPI,3,False,0,28,F
TXN-01844,15/12/2025,C-001,Priya Sharma,North,Delhi,S-104,Atomic Habits,Books & Stationery,Non-Fiction,3,399,$180,0,0,Cash,1,False,79,28,Female
TXN-01404,2026-02-23,C-026,Preethi Kumar,South,Chennai,S-125,Zara Floral Dress,Fashion,Women Clothing,5,4999,2200,0.25,18746.25,Debit Card,10,NO,$79,28,f
TXN-01340,17/10/2025,C-021,Aditya Bose,east,Kolkata,S-117,Kindle Paperwhite,Electronics,E-Readers,3,14999,9500,0.0,0,Gpay,4,FALSE,0,,Male
TXN-00303,22 Apr 2025,C-030,Shreya Patel,West,Ahmedabad,S-116,MacBook Air M3,Electronics,   Laptops   ,1,114900,78000,5,0,EMI,9,No,149,30,f
TXN-00460,05/22/2025,C-001,Priya Sharma,North,delhi,S-113,Fitbit Charge 6,Electronics,Wearables,5,14999,9000,10,67495.5,Cash,1,N,149,28,F
TXN-00677,16 Feb 2026,C-017,Sundar Kumar,South,Bangalore,S-121,Maggi Noodles 12pk,Groceries,Instant Food,4,168,80,0.05,638.4,Cash,5,false,   0   ,37,MALE
TXN-02198,06/09/2025,C-007,Sunita Roy,East,Kolkata,S-125,Zara Floral Dress,Fashion,Women Clothing,1,"₹4,999",2200,30,0,Credit Card,1,n,0,33,F
TXN-00481,11 Dec 2025,C-027,Arun Menon,South,Kochi,S-116,macbook air m3,Electronics,Laptops,4,114900,78000,10,0,Cash,8,NO,£49,47,MALE
TXN-01460,04 Mar 2026,C-002,Rahul Kumar,West,Mumbai,S-106,Prestige Mixer,Home & Kitchen,Appliances,5,4599,2200,0.0,0,Credit Card,6,N,0,35,m
TXN-00547,02 Apr 2025,C-009,Kavita Mehta,North,Lucknow,S-115,Basmati Rice 5kg,Groceries,    Staples    ,3,499,280,0,0,Debit Card,5,  False  ,199,45,female
TXN-00888,02/11/2025,C-005,Meera Nair,south,Kochi,S-122,Wireless Mouse Logitech,Electronics, Peripherals ,5,899,$400,25,0,Debit Card,4,Yes,0,51,Female
TXN-00964,23/03/2026,C-022,Swati Mishra,Central,Indore,S-123,Pilates Resistance Band,Sports,Fitness,5,599,240,30,0,Net Banking,10,False,49,41,Female
TXN-00812,26-11-2025,C-016,Rajesh Khanna,West,Mumbai,S-105,"Samsung 55"" QLED",ELECTRONICS,Televisions,3,74999,"£45,000",0.0,0,Debit Card,5,0,99,48,m
TXN-01715,06-03-2026,C-027,Arun Menon,N/A,Kochi,S-121,Maggi Noodles 12pk,Groceries,Instant Food,2,168,80,0.0,0,Gpay,4,    False    ,79,47,male
TXN-00917,14 Sep 2025,C-012,Harish Rao,South,Hyderabad,S-116,MacBook Air M3,Electronics,Laptops,1,114900,"£78,000",5,0,gpay,6,NO,49,55,m
TXN-00062,06/18/2025,C-016,Rajesh Khanna,West,Mumbai,S-119,Fastrack Analog Watch,Fashion,Accessories,4,2499,"$1,100",0.0,0,Gpay,8,0,199,48,m
TXN-01150,19 Jun 2025,C-008,Arjun Patel,West,Ahmedabad,S-125,Zara Floral Dress,Fashion,Women Clothing,3,"₹4,999",2200,0.0,14997.0,Net Banking,10,false,99,24,   MALE   
TXN-02234,06/03/2025,C-011,Ritu Jain,West,Pune,S-120,Johnson Baby Oil,Health & Beauty,Baby Care,1,249,100,5,0,PhonePe,7,n,49,27,female
TXN-00924,2026-01-22,C-012,HARISH RAO,South,Hyderabad,S-116,MacBook Air M3,Electronics,Laptops,3,114900,78000,15,0,PhonePe,5,n,£99,55,  m  
TXN-01646,23-03-2026,C-009,kavita mehta,North,Lucknow,S-113,Fitbit Charge 6,electronics,Wearables,3,14999,9000,0.0,0,NaN,9,false,79,n/a,f
TXN-01925,2025-07-01,C-030,Shreya Patel,West,Ahmedabad,NaN,atomic habits,Books & Stationery,non-fiction,2,399,$180,5,0,EMI,9,no,199,30,FEMALE
TXN-00397,12 Apr 2026,C-008,Arjun Patel,West,Ahmedabad,S-107,   boAt Airdopes 141   ,Electronics,Headphones,4,"₹1,299",600,15,0,UPI,1,0,99,24,Male
TXN-00550,2026-03-16,C-009,Kavita Mehta,North,Lucknow,S-115,Basmati Rice 5kg,Groceries,Staples,1,499,280,10,0,Cash,3,FALSE,0,45,female
TXN-01325,23-11-2025,C-010,Sanjay Kapoor,North,Delhi,S-101,OnePlus 12R,Electronics,Smartphones,2,29999,18000,15,0,Credit Card,4,NO,₹99,40,MALE
TXN-01162,28 Jan 2026,C-005,Meera Nair,South,Kochi,    S-119    ,Fastrack Analog Watch,Fashion,Accessories,3,"£2,499",1100,0.2,5997.6,    Credit Card    ,2,no,49,51,f
TXN-01956,15 Feb 2026,C-016,Rajesh Khanna,West,MUMBAI,S-116,MacBook Air M3,Electronics,Laptops,4,"$114,900","$78,000",0,0,Gpay,2,false,0,48,m
TXN-00039,27-08-2025,C-030,Shreya Patel,West,Ahmedabad,S-103,Instant Pot Duo,Home & Kitchen,Appliances,1,9999,5200,0.05,9499.05,Gpay,4,false,79,30,F
TXN-00126,06-09-2025,C-026,Preethi Kumar,South,Chennai,S-111,ON Whey Protein 2kg,Health & Beauty,Fitness,4,2499,1200,0,9996.0,EMI,1,No,0,28,F
TXN-00436,06-04-2026,C-021,Aditya Bose,East,Kolkata,S-106,Prestige Mixer,Home & Kitchen,Appliances,2,"₹4,599",2200,20,7358.4,Gpay,8,FALSE,0,,Male
TXN-02027,17/08/2025,C-011,ritu jain,West,Pune,S-113,Fitbit Charge 6,Electronics,Wearables,3,"₹14,999",9000,0.05,0,EMI,2,FALSE,0,27,female
TXN-00548,14/10/2025,C-008,Arjun Patel,West,Ahmedabad,S-104,Atomic Habits,BOOKS & STATIONERY,Non-Fiction,1,$399,180,0,399.0,Net Banking,8,no,0,24,MALE
TXN-02371,27/09/2025,C-010,Sanjay Kapoor,North,Delhi,S-122,Wireless Mouse Logitech,Electronics,Peripherals,1,899,400,0,899.0,PhonePe,6,N,149,40,M
TXN-00027,11/04/2025,C-002,Rahul Kumar,West,Mumbai,S-122,Wireless Mouse Logitech,Electronics,Peripherals, 5 ,₹899,400,0.0,0,Debit Card,3,N,99,35,M
TXN-00927,2026-02-10,C-008,Arjun Patel,West,Ahmedabad,s-117,  Kindle Paperwhite  ,Electronics,E-Readers,1,14999,9500,5,0,PhonePe,3,FALSE,₹149,,M
TXN-02323,2026-02-09,C-010,Sanjay Kapoor,NORTH,delhi,S-122,Wireless Mouse Logitech,Electronics,Peripherals,5,899,£400,0,0,Cash,10,n,£199,40,MALE
TXN-01427,11 Dec 2025,C-022,SWATI MISHRA,Central,Indore,S-101,OnePlus 12R,Electronics,Smartphones,5,29999,18000,5,0,Cash On Delivery,10,n,149,41,f
TXN-00171,25/11/2025,C-004,Vikram Singh,Central,Bhopal,S-118,La Mer Moisturizer,Health & Beauty,Skincare,1,"₹19,900","$11,000",20,0,    UPI    ,9,FALSE,$99,29,male
TXN-00463,2026-01-19,C-025,Nikhil Joshi,West,Pune,S-111,ON Whey Protein 2kg,Health & Beauty,Fitness,1,2499,1200,0,0,EMI,2,y,49,32,M
TXN-01080,25 Oct 2025,C-009,Kavita Mehta,North,Lucknow,S-122,Wireless Mouse Logitech,   Electronics   ,None,3,$899,400,0.0,0,Gpay,None,FALSE,199,45,Female
TXN-00285,26-03-2025,C-030,Shreya Patel,West,Ahmedabad,S-101,OnePlus 12R,Electronics,Smartphones,2,29999,"$18,000",0,0,PhonePe,4,FALSE,£149,,female
TXN-01243,25-06-2025,C-007,Sunita Roy,East,Kolkata,S-121,Maggi Noodles 12pk,Groceries,INSTANT FOOD,2,168,80,0.2,0,Cash On Delivery,2,NO,79,33,f
TXN-00901,16-09-2025,C-013,Pooja Das,  South  ,Chennai,S-104,Atomic Habits,Books & Stationery,Non-Fiction,4,$399,180,0.0,0,Cash On Delivery,9,y,199,,female
TXN-01129,06-01-2026,C-021,Aditya Bose,East,Kolkata,S-116,MacBook Air M3,Electronics,Laptops,4,"£114,900",78000,0,0,NULL,    5    ,n,0,29,Male
TXN-01980,21/02/2026,C-029,Rohan Gupta,West,Mumbai,S-120,Johnson Baby Oil,Health & Beauty,Baby Care,1,249,100,0.1,0,UPI,9,n,99,25,Male
TXN-00825,2026-02-15,C-030,Shreya Patel,West,Ahmedabad,S-120,Johnson Baby Oil,Health & Beauty,    Baby Care    ,4,249,100,10,0,Net Banking,7,false,49,30,F
TXN-00936,10-03-2026,C-013,Pooja Das,South,Chennai,S-110,Levi's 511 Jeans,Fashion,Men Clothing,1,3999,1800,25,0,Cash,6,FALSE,99,31,FEMALE
TXN-00107,2025-08-05,C-019,KISHORE NAIK,West,Nagpur,S-101,OnePlus 12R,Electronics,SMARTPHONES,4,29999,18000,0.15,101996.6,    Credit Card    ,7,false,£149,62,m
TXN-01829,20-01-2026,C-010,Sanjay Kapoor,North,Delhi,S-117,Kindle Paperwhite,Electronics,E-READERS,1,"₹14,999","₹9,500",0.2,11999.2,CASH ON DELIVERY,9,No,0,#N/A,M
TXN-01315,27/11/2025,C-001,Priya Sharma,North,Delhi,S-107,boAt Airdopes 141,ELECTRONICS,Headphones,1,"$1,299",600,25,0,PhonePe,9,false,199,28,F
TXN-01639,14 Jul 2025,C-020,Geeta Iyer,    South    ,Coimbatore,S-113,Fitbit Charge 6,Electronics,Wearables,3,14999,"$9,000",0,0,UPI,9,0,149,34,nan
TXN-00414,07 Jan 2026,C-010,sanjay kapoor,North,Delhi,S-105,"Samsung 55"" QLED",Electronics,Televisions,3,"£74,999",45000,15,0,PhonePe,7,    False    ,0,40,male
TXN-01160,03/10/2025,C-030,Shreya Patel,West,Ahmedabad,S-124,Dyson V15 Vacuum,Home & Kitchen,vacuum cleaners,5,54900,"£35,000",0.0,0,upi,3,n,79,  30  ,F
TXN-02373,03/01/2026,C-013,Pooja Das,SOUTH,Chennai,S-105,"Samsung 55"" QLED",Electronics,televisions,3,"$74,999",45000,0,0,UPI,7,Y,149,31,F
TXN-00338,13/03/2025,C-029,Rohan Gupta,WEST,Mumbai,S-117,Kindle Paperwhite,Electronics,E-Readers,4,"$14,999",9500,5,0,Cash On Delivery,3,No,0,25,Male
TXN-00265,04/25/2025,C-023,Tarun Sharma,North,Delhi,S-104,Atomic Habits,Books & Stationery,Non-Fiction,2,£399,180,0.0,0,Credit Card,5,0,0,19,M
TXN-01194,03/03/2025,C-005,Meera Nair,South,Kochi,s-124,Dyson V15 Vacuum,None,Vacuum Cleaners,1,54900,35000,0.0,0,None,10,1,0,  51  ,Female
TXN-00239,03/05/2025,C-012,Harish Rao,South,Hyderabad,S-122,Wireless Mouse Logitech,Electronics,Peripherals,1,899,400,0.05,854.05,Cash,5,TRUE,99,55,None
TXN-02230,2025-04-17,C-002,Rahul Kumar,West,Mumbai,S-107,boAt Airdopes 141,Electronics,Headphones,4,1299,600,0.1,4676.4,UPI,5,0,£99,None,M
TXN-00342,20-03-2026,C-024,Divya Reddy,South,Hyderabad,S-109,Cetaphil Moisturiser,Health & Beauty,Skincare,1,₹799,320,0.25,0, EMI ,10,N,₹49,53,FEMALE
TXN-02047,02-03-2026,C-025,Nikhil Joshi,West,Pune,S-107,boAt Airdopes 141,Electronics,Headphones,3,1299,600,0.2,0,EMI,1,No,₹49,32,Male
TXN-01886,21/03/2025,C-021,Aditya Bose,East,Kolkata,S-125,Zara Floral Dress,Fashion,Women Clothing,3,4999,2200,0.25,11247.75,phonepe,1,n,79,,M
TXN-02346,13-04-2025,C-016,Rajesh Khanna,None,Mumbai,S-109,Cetaphil Moisturiser,Health & Beauty,Skincare,3,799,320,0.15,0,PHONEPE,7,y,79,48,male
TXN-00894,03/30/2026,C-018,Pallavi Shah,West,Surat,S-102,Nike Air Max 90,Fashion,Footwear,3,8999,"$4,500",0.05,0,None,5,false,149,22,Female
TXN-01039,21/06/2025,C-013,Pooja Das,South,Chennai,S-125,Zara Floral Dress, FASHION ,Women Clothing,4,4999,2200,0.3,0,Cash On Delivery,5,y,0,31,f
TXN-00536,07/09/2025,C-027,Arun Menon,South,Kochi,S-112,Apple AirPods Pro 2,Electronics,Headphones,1,24900,16000,10,22410.0,Net Banking,9,Y,49,47,MALE
TXN-02058,20-09-2025,C-026,Preethi Kumar,South,Chennai,S-107,boAt Airdopes 141,NA,Headphones,4,"₹1,299",600,20,0,Credit Card,7,false,49,28,F
TXN-00244,03/12/2025,C-016,Rajesh Khanna,West,Mumbai,-,Pilates Resistance Band,Sports,Fitness,2,599,240,0.0,1198.0,Cash On Delivery,4,no,0,48,   M   
TXN-00628,11 May 2025,C-028,Anjali Singh,North,Jaipur,S-105,"Samsung 55"" QLED",Electronics,Televisions,3,"$74,999","₹45,000",0,0,Cash,3,no,149,36,F
TXN-00759,04/23/2025,C-006,Deepak Verma,north,Jaipur,S-115,Basmati Rice 5kg,Groceries,STAPLES,-,499,$280,0.2,0,Cash,2,FALSE,0,38,m
TXN-01321,02-03-2026,C-008,Arjun Patel,West,Ahmedabad,S-118,La Mer Moisturizer,Health & Beauty,Skincare,4,19900,11000,25,0,Cash On Delivery,7,False,99,24.0,    Male    
TXN-02004,27/07/2025,C-004,Vikram Singh,Central,Bhopal,S-119,Fastrack Analog Watch,Fashion,Accessories,1,"$2,499",1100,20,1999.2,Gpay,2,No,49,29,MALE
TXN-02114,01-04-2026,C-014,Mohit Saxena,North,Agra,S-107,boAt Airdopes 141,Electronics,Headphones,4,1299,600,0,0,DEBIT CARD,2, False ,0,44,m
TXN-00939,12 Aug 2025,C-016,Rajesh Khanna,West,Mumbai,NULL,La Mer Moisturizer,health & beauty,Skincare,1,19900,11000,0.0,0,Credit Card,6,FALSE,0,48,MALE
TXN-01990,27-06-2025,C-016,Rajesh Khanna,West,Mumbai,S-116,MacBook Air M3,Electronics,Laptops,3,114900,"₹78,000",0,0,Credit Card,8,0,£49,48,male
TXN-01151,2026-03-22,C-023,Tarun Sharma,North,Delhi,S-110,   Levi's 511 Jeans   ,Fashion,Men Clothing,4,"₹3,999",1800,5,15196.2,PhonePe,#N/A,FALSE,149,19,m
TXN-00003,26 Feb 2026,C-022,SWATI MISHRA,Central,Indore,S-124,Dyson V15 Vacuum,Home & Kitchen,Vacuum Cleaners,5,"$54,900",35000,0.05,260775.0,Net Banking,5,No,49,41,female
TXN-02268,16 Nov 2025,C-007,Sunita Roy,east,Kolkata,S-117,Kindle Paperwhite,Electronics,e-readers,5,14999,9500,30,0,PhonePe,3,No,0,    33    ,FEMALE
TXN-01755,26/09/2025,C-010,Sanjay Kapoor,North,Delhi,S-119,Fastrack Analog Watch,#N/A,Accessories,4,"$2,499",1100,0,9996.0,Net Banking,3,n,149,40,Male
TXN-00048,29 Oct 2025,C-019,Kishore Naik,West,Nagpur,S-104,Atomic Habits,BOOKS & STATIONERY,Non-Fiction,3,₹399,180,0.15,0,Net Banking,10,NO,49,62,male
TXN-00541,24 Sep 2025,C-001,Priya Sharma,North,Delhi,S-119,Fastrack Analog Watch,   Fashion   ,Accessories,1,"$2,499","£1,100",30,0,Net Banking,8,N,0,28,female
TXN-00907,21-04-2026,C-004,Vikram Singh,Central,Bhopal,S-101,OnePlus 12R,Electronics,Smartphones,1,29999,18000,0.05,0,Credit Card,1,NO,199,29,m
TXN-00063,10-04-2026,C-004,Vikram Singh,Central,Bhopal,S-122,Wireless Mouse Logitech,electronics,Peripherals,2,899,400,10,0,Cash On Delivery,   3   ,No,79,29,male
TXN-00903,24 Feb 2026,C-015,Nisha Pillai,South,Trivandrum,S-123,Pilates Resistance Band,Sports,Fitness,2,$599,£240,0.3,0,Net Banking,6,false,79,26,FEMALE
TXN-02359,14-04-2025,C-005,Meera Nair,SOUTH,Kochi,S-123,Pilates Resistance Band,Sports,Fitness,2,599,240,0,0,Cash,none,0,0,51,Female
TXN-01856,11 Apr 2025,C-026,Preethi Kumar,South,Chennai,S-123,pilates resistance band,Sports,nan,3,599,£240,0.05,0,PhonePe,9,no,79,28,FEMALE
TXN-01900,01-01-2026,C-023,Tarun Sharma,North,Delhi,S-120,Johnson Baby Oil,Health & Beauty,Baby Care,4,£249,100,5,946.2,UPI,  7  ,N,99,19,M
TXN-00016,06/09/2025,C-025,Nikhil Joshi,West,Pune,S-116,MacBook Air M3,Electronics,Laptops,4,114900,"₹78,000",0.0,0,Net Banking,8,NO,49,,m
TXN-00190,2025-06-30,C-004,Vikram Singh,Central,Bhopal,S-124,Dyson V15 Vacuum,Home & Kitchen,Vacuum Cleaners,5,54900,35000,0,0,PhonePe,5,no,0,,MALE
TXN-01492,22-11-2025,C-018,pallavi shah,West,Surat,S-102,Nike Air Max 90,Fashion,-,4,8999,4500,0.1,32396.4,Net Banking,1,n,99,22,F
TXN-00913,01 Nov 2025,C-026,Preethi Kumar,South,Chennai,S-112,Apple AirPods Pro 2,Electronics,Headphones,5,"£24,900","₹16,000",5,118275.0,EMI,5,False,0,28,F
TXN-01175,18/02/2025,C-008,Arjun Patel,west,Ahmedabad,S-105,"Samsung 55"" QLED",Electronics,Televisions,3,"₹74,999","₹45,000",0.0,224997.0,Credit Card,6,0,0,24,MALE
TXN-00433,08/04/2025,C-029,Rohan Gupta,West,Mumbai,S-111,ON Whey Protein 2kg,Health & Beauty,Fitness,2,"$2,499","£1,200",0,0,Gpay,8,0,0,25,Male
TXN-00075,21 Jan 2026,C-005,Meera Nair,South,Kochi,S-106,Prestige Mixer,Home & Kitchen,Appliances,2,4599,"$2,200",25,0,debit card,6,N,£99,51,f
TXN-00026,17/10/2025,C-006,Deepak Verma,North,Jaipur,S-112,Apple AirPods Pro 2,Electronics,Headphones,3,24900,"$16,000",0.1,0,UPI,6,0,99,38,m
TXN-00410,28-07-2025,C-005,Meera Nair,South,Kochi,S-124,Dyson V15 Vacuum,home & kitchen,Vacuum Cleaners,1,54900,35000,0.3,0,UPI,3,FALSE,£199,   51   ,f
TXN-00028,10 Oct 2025,C-012,HARISH RAO,South,HYDERABAD,S-108,Yoga Mat Premium,Sports,Fitness,1,"₹1,299",580,0.1,0,Credit Card,2,0,0,null,M
TXN-00632,2025-04-05,C-030,Shreya Patel,West,Ahmedabad,S-123,Pilates Resistance Band,Sports,fitness,,₹599,240,15,0,PhonePe,8,0,0,30,F
TXN-00795,25 Feb 2026,C-025,Nikhil Joshi,West,Pune,S-110,Levi's 511 Jeans,Fashion,Men Clothing,1,"£3,999",1800,25,0,Gpay,8,False,79,32,male
TXN-00134,18-04-2025,C-012,Harish Rao,south,hyderabad,S-106,Prestige Mixer,home & kitchen,Appliances,3,4599,2200,15,11727.45,Credit Card,9,0,79,55,m
TXN-01166,2025-03-28,C-019,Kishore Naik,West,Nagpur,S-102,Nike Air Max 90,Fashion,Footwear,2,8999,"$4,500",0.0,0,Cash On Delivery,5,FALSE,0,62,MALE
TXN-01946,02/11/2026,C-023,Tarun Sharma,NORTH,Delhi,S-106,Prestige Mixer,Home & Kitchen,Appliances,1,4599,"£2,200",5,0,Net Banking,2,FALSE,£79,19,Male
TXN-01220,2025-06-29,C-015,Nisha Pillai,SOUTH,Trivandrum,s-102,Nike Air Max 90,Fashion,Footwear,2,8999,"£4,500",0,17998.0,Credit Card,NULL,0,199,26,female
TXN-02143,30/10/2025,C-007,Sunita Roy,EAST,Kolkata,  S-118  ,La Mer Moisturizer,Health & Beauty,Skincare,2,19900,"$11,000",30,27860.0,Credit Card,9,false,0,33,F
TXN-00210,2026-04-18,C-012,Harish Rao,South,Hyderabad,S-117,Kindle Paperwhite,Electronics,E-Readers,4,"$14,999",9500,10,0,Credit Card,1,no,0,55,MALE
TXN-01354,07 Mar 2026,C-019,Kishore Naik,West,Nagpur,S-117,Kindle Paperwhite,Electronics,E-Readers,1,14999,9500,10,0,Credit Card,4,N,99,62,m
TXN-01833,03/13/2025,C-023,tarun sharma,North,Delhi,S-107,boAt Airdopes 141,Electronics,Headphones,4,"₹1,299",₹600,0.1,4676.4,PhonePe,10,no,49,19,male
TXN-02043,21-09-2025,C-010,Sanjay Kapoor,North,Delhi,S-118,La Mer Moisturizer,Health & Beauty,Skincare,5,19900,11000,0,0,Cash On Delivery,8,n,0,40,male
TXN-02150,17-05-2025,C-023,Tarun Sharma,north,Delhi,S-105,"Samsung 55"" QLED",N/A,Televisions,1,"£74,999","£45,000",10,0,PhonePe,3,n,₹199,19.0,M
TXN-00474,02/15/2026,C-018,PALLAVI SHAH,West,Surat,S-115,Basmati Rice 5kg,Groceries,Staples,3,499,280,0,0,Debit Card,3,NO,0,22,FEMALE
TXN-00935,16/08/2025,C-001,Priya Sharma,North,Delhi,S-106,Prestige Mixer,    Home & Kitchen    ,   Appliances   ,4,"$4,599","₹2,200",0.05,0,Cash On Delivery,4,FALSE,199,28,f
TXN-00953,12/20/2025,C-020,Geeta Iyer,South,Coimbatore,S-108,yoga mat premium,Sports,Fitness,3,1299,580,0.1,0,EMI,9,1,0,34,nan
TXN-01122,15/10/2025,C-018,PALLAVI SHAH,west,Surat,S-124,Dyson V15 Vacuum,Home & Kitchen,Vacuum Cleaners, 2 ,54900,"₹35,000",15,93330.0,Cash,2,n,0,22,f
TXN-00401,2025-06-10,C-001,Priya Sharma,   North   ,Delhi,S-108,Yoga Mat Premium,nan,Fitness,1,1299,580,15,0,Debit Card,1,true,0,28,female
TXN-01057,01/15/2026,C-016,Rajesh Khanna,West,Mumbai,   S-120   ,Johnson Baby Oil,Health & Beauty,Baby Care,3,249,$100,5,0,EMI,8,no,0,48,MALE
TXN-01469,07/11/2025,C-015,Nisha Pillai,SOUTH,Trivandrum,S-125,Zara Floral Dress,Fashion,Women Clothing,1,4999,2200,20,0,EMI,7,True,0,26,FEMALE
TXN-00043,02 Apr 2025,C-028,Anjali Singh,North,Jaipur,S-121,Maggi Noodles 12pk,Groceries,instant food,1,168,80,0,0,  Cash On Delivery  ,1,no,$149,36,F
TXN-01229,26-10-2025,C-017,sundar kumar,South,Bangalore,S-112,Apple AirPods Pro 2,Electronics,Headphones,3,24900,16000,0.2,59760.0,Credit Card,3,no,0,37,Male
TXN-00222,30 May 2025,C-017,Sundar Kumar,South,bangalore,S-110,Levi's 511 Jeans,Fashion,Men Clothing,3,"$3,999",1800,0.05,0,Net Banking,8,no,49,37,--
TXN-01806,2026-02-10,C-014,Mohit Saxena,North,Agra,S-118,La Mer Moisturizer,N/A,Skincare,1,19900,11000,15,16915.0,CASH ON DELIVERY,9,FALSE,49,44,MALE
TXN-01747,05 Apr 2025,C-003,Ananya Gupta,south,BANGALORE,S-120,none,Health & Beauty,Baby Care,1,249,100,10,0,    Cash    ,3,NO,79,42,f
TXN-01937,11-12-2025,C-026,PREETHI KUMAR,South,Chennai,S-107,boAt Airdopes 141,Electronics,Headphones,2,1299,$600,0,2598.0,PhonePe,1,0,49,28,  FEMALE  
TXN-00609,03/12/2025,C-019,Kishore Naik,West,Nagpur,S-106,Prestige Mixer,Home & Kitchen,Appliances,2,"$4,599",2200,0.0,9198.0,Cash On Delivery,5,no,149,62,MALE
TXN-00220,05 Feb 2026,C-022,SWATI MISHRA,Central,Indore,S-110,Levi's 511 Jeans,  Fashion  ,Men Clothing,2,"$3,999",1800,0.0,0,  Net Banking  ,3,FALSE,199,41,FEMALE
TXN-01360,16/04/2026,C-021,Aditya Bose,East,Kolkata,S-124,Dyson V15 Vacuum,Home & Kitchen,Vacuum Cleaners,1,54900,35000,0.3,38430.0,Credit Card,2,No,79,29,m
TXN-01320,31-08-2025,C-024,divya reddy,South,Hyderabad,S-115,Basmati Rice 5kg,Groceries,Staples,2,499,$280,15,0,PhonePe,7,n,₹49,53,Female
TXN-01951,2025-08-28,C-021,Aditya Bose,East,Kolkata,s-116,MacBook Air M3,Electronics,Laptops,2,"£114,900",78000,0.0,0,PhonePe,4,False,0,29,m
TXN-00148,09/07/2025,C-019,Kishore Naik,   West   ,Nagpur,S-101,ONEPLUS 12R,Electronics,Smartphones,1,29999,18000,0,0,EMI,5,n,0,62,m
TXN-02062,08/15/2025,C-005,Meera Nair,South,Kochi,S-115,Basmati Rice 5kg,Groceries,Staples,2,499,₹280,0.0,0,Cash,2, N ,0,51.0,Female
TXN-01206,24-02-2025,C-003,Ananya Gupta,South,Bangalore,S-117,KINDLE PAPERWHITE,Electronics,E-Readers,5,14999,9500,0.25,56246.25,EMI,7,FALSE,149,42,FEMALE
TXN-00318,11/30/2025,C-021,Aditya Bose, East ,Kolkata,S-112,Apple AirPods Pro 2,Electronics,Headphones,4,24900,16000,0.1,0,Credit Card,9,false,NaN,29,M
TXN-01721,02/01/2026,C-011,Ritu Jain,   West   ,Pune,S-103,Instant Pot Duo,   HOME & KITCHEN   ,Appliances,5,9999,"₹5,200",0.05,47495.25,   Cash   ,9,no,99,,female
TXN-02014,2025-06-22,C-005,Meera Nair,South,Kochi,S-106,Prestige Mixer,Home & Kitchen,Appliances,1,4599,2200,15,0,Debit Card,7,N,79,51,female
TXN-00168,2026-02-06,C-018,pallavi shah,West,Surat,S-124,Dyson V15 Vacuum,Home & Kitchen,Vacuum Cleaners,1,54900,35000,0,0,Net Banking,8,NO,149,22,f
TXN-02109,2025-09-04,C-020,Geeta Iyer,South,Coimbatore,S-104,Atomic Habits,Books & Stationery,Non-Fiction,2,399,180,5,0,Net Banking,2,No,79,n/a,FEMALE
TXN-01092,09/05/2025,C-001,Priya Sharma,North,Delhi,  S-105  ,"Samsung 55"" QLED",Electronics,Televisions,1,74999,45000,0.25,0,PhonePe,6,true,199,28,Female
TXN-01130,09/24/2025,C-025,Nikhil Joshi,West,Pune,NULL,Apple AirPods Pro 2,Electronics,nan,3,24900,"₹16,000",10,0,   Gpay   ,1,    False    ,0,32,male
TXN-02118,2025-11-05,C-022,Swati Mishra,Central,Indore,S-119,fastrack analog watch,fashion,Accessories,1,2499,1100,0,0,EMI,1,No,99,41,f
TXN-01204,22-11-2025,C-008,Arjun Patel,West,Ahmedabad,S-123,PILATES RESISTANCE BAND,Sports,Fitness,5,₹599,240,0.05,0,Credit Card,1,FALSE,99,24,MALE
TXN-01982,07/03/2025,C-014,Mohit Saxena,North,Agra,S-106,Prestige Mixer,Home & Kitchen,Appliances,2,"₹4,599","₹2,200",25,6898.5,Credit Card,#N/A,no,$99,44,Male
TXN-00627,15 Feb 2026,C-005,Meera Nair,South,Kochi,S-113,Fitbit Charge 6,Electronics,Wearables,3,"£14,999",9000,30,0,Cash On Delivery,5,NO,0,51,Female
TXN-01147,29 Sep 2025,C-003,Ananya Gupta,South,Bangalore,S-116,MacBook Air M3,Electronics,Laptops,2,114900,78000,0,229800.0,Credit Card,1,0,149,42,f
TXN-01028,02/14/2026,C-022,SWATI MISHRA,central,Indore,S-124,Dyson V15 Vacuum,Home & Kitchen,Vacuum Cleaners,2,54900,"£35,000",0,0,Gpay,10,   yes   ,0,41,Female
TXN-00058,06/04/2026,C-006,Deepak Verma,North,Jaipur,S-116,MacBook Air M3,Electronics,laptops,1,"₹114,900",78000,0.0,0,PhonePe,8,0,0,38,MALE
TXN-01751,11 Oct 2025,C-026,Preethi Kumar,   South   ,Chennai,S-105,"Samsung 55"" QLED",   Electronics   ,Televisions,2,"£74,999",45000,5,0,debit card,10,TRUE,0,28,FEMALE
TXN-01670,01/29/2026,C-003,ANANYA GUPTA,South,Bengaluru,S-118,La Mer Moisturizer,Health & Beauty,Skincare,4,19900,11000,10,0,Cash,10,0,  0  ,42,Female
TXN-00421,2025-06-11,C-013,Pooja Das,South,Chennai,S-123,PILATES RESISTANCE BAND,Sports,Fitness,3,599,240,0,0,Net Banking,5,false,199,31,Female
TXN-02140,09/04/2025,C-014,Mohit Saxena,    North    ,Agra, S-105 ,"Samsung 55"" QLED",Electronics,Televisions,4,74999,"£45,000",5,0,PhonePe,3,NO,149,44,MALE
TXN-02096,2026-03-04,C-009,Kavita Mehta,North,Lucknow,S-125,Zara Floral Dress,Fashion,Women Clothing,2,"₹4,999","$2,200",20,0,UPI,    7    ,false,0,45,FEMALE
TXN-01514,2026-01-01,C-030,Shreya Patel,West,Ahmedabad,S-108,Yoga Mat Premium,Sports,Fitness,4,"₹1,299",580,0.1,4676.4,Cash,NA,no,149,30,F
TXN-01414,07/07/2025,C-022,Swati Mishra,Central,Indore,S-108,Yoga Mat Premium,Sports,Fitness,1,1299,£580,0.0,0,UPI,4,no,0,41,F
TXN-02394,18-01-2026,C-030,Shreya Patel,west,Ahmedabad,S-107,boAt Airdopes 141,Electronics,HEADPHONES,1,1299,600,0,0,Credit Card,9,TRUE,    0    ,30,FEMALE
TXN-00053,25-07-2025,C-026,PREETHI KUMAR,south,Chennai,S-105,"Samsung 55"" QLED",Electronics, Televisions ,3,"£74,999","₹45,000",10,0,Credit Card,    2    ,n,0,28,FEMALE
TXN-01393,09/07/2025,C-011,Ritu Jain,West,Pune,S-103,Instant Pot Duo,home & kitchen,Appliances,3,"$9,999",5200,0.05,0,Debit Card, 2 ,no,49,27,f
TXN-00185,15-02-2025,C-021,Aditya Bose,East,Kolkata,S-105,"Samsung 55"" QLED",Electronics,Televisions,5,"₹74,999",45000,0,0,EMI,2,false,£49,29,MALE
TXN-00775,10-11-2025,C-011,Ritu Jain,West,Pune,S-125,Zara Floral Dress,  Fashion  ,Women Clothing,5,4999,2200,0.0,0,PHONEPE,9,n,$99,27,f
TXN-00878,20 May 2025,C-029,ROHAN GUPTA,West,Mumbai,S-114,Kurta Set Ethnic,Fashion,Ethnic Wear,2,1599,$700,0.25,2398.5,PhonePe,4,NO,99,25,Male
TXN-00281,06/17/2025,C-014,Mohit Saxena,North,Agra,S-106,Prestige Mixer,Home & Kitchen,Appliances,4,4599,"$2,200",0.05,0,UPI,9,NO,₹199,44,M
TXN-02339,2025-11-28,C-022,Swati Mishra,Central,Indore,S-104,Atomic Habits,Books & Stationery,Non-Fiction,4,399,180,0.25,0,EMI,6,False,199,41,FEMALE
TXN-02144,20-07-2025,C-026,Preethi Kumar,South,Chennai,    S-113    ,Fitbit Charge 6,Electronics,Wearables,3,14999,9000,30,31497.9,    Cash    ,5,N,149,28,FEMALE
TXN-00608,28-10-2025,C-004,Vikram Singh,Central,Bhopal,S-106,Prestige Mixer,Home & Kitchen,Appliances,2,"₹4,599",2200,0.0,0,UPI,9,n,79,29,m
TXN-01866,04/05/2025,C-009,Kavita Mehta,North,Lucknow,-,Kindle Paperwhite,Electronics,E-Readers,5,14999,9500,0.0,0,Debit Card,10,0,99,,f
TXN-01865,21/08/2025,C-003,ANANYA GUPTA,South,Bangalore,S-120,JOHNSON BABY OIL,Health & Beauty,BABY CARE,4,₹249,100,10,0,EMI,4,no,₹79,42,FEMALE
TXN-00883,01-02-2026,C-021,ADITYA BOSE,East,Kolkata,S-121,Maggi Noodles 12pk,Groceries,Instant Food,1,168,80,0.3,0,Debit Card,10,FALSE,99,29,-
TXN-00234,03/04/2025,C-018,Pallavi Shah,West,Surat,N/A,Levi's 511 Jeans,Fashion,Men Clothing,5,3999,1800,0.2,15996.0,Credit Card,1,FALSE,149,22,F
TXN-01033,2026-03-02,C-004,Vikram Singh,Central,Bhopal,none,La Mer Moisturizer,Health & Beauty,Skincare,2,"$19,900","$11,000",0.0,39800.0,-,2,0,79,   29   ,m
TXN-01775,09-04-2026,C-004,Vikram Singh,Central,Bhopal,S-111,ON Whey Protein 2kg,Health & Beauty,Fitness,2,2499,1200,0,0,Cash,9,false,£79,29,male
TXN-01656,2025-11-28,C-025,Nikhil Joshi,West,Pune,S-105,"Samsung 55"" QLED",Electronics,Televisions,2,74999,45000,0.3,104998.6,Debit Card,4,no,0,32,M
TXN-01580,2025-05-26,C-012,Harish Rao,South,Hyderabad,S-123,Pilates Resistance Band,Sports,Fitness,1,599,$240,0.25,449.25,UPI,1,n,49,55,m
TXN-00668,04/30/2025,C-014,Mohit Saxena,North,Agra,S-122,Wireless Mouse Logitech,Electronics,Peripherals,5,899,$400,10,0,Debit Card,5,false,0,44,Male
TXN-00637,28-01-2026,C-014,Mohit Saxena,North,Agra,S-120,Johnson Baby Oil,Health & Beauty,Baby Care,5,₹249,£100,0.2,996.0,phonepe,7, False ,0,44,M
TXN-01711,03-05-2025,C-017,Sundar Kumar,South,Bangalore,S-103,Instant Pot Duo,Home & Kitchen,Appliances,2,"$9,999",5200,10,0,credit card,5,false,99,37,male
TXN-00838,04-12-2025,C-015,Nisha Pillai,South,Trivandrum,S-115,Basmati Rice 5kg,Groceries,Staples,5,£499,280,0.0,0,Gpay,8,N,$99,26,Female
TXN-01725,11 Apr 2025,C-006,Deepak Verma,North,Jaipur,S-121,Maggi Noodles 12pk,Groceries,Instant Food,3,168,$80,30,0,Net Banking,3,true,0,38,Male
TXN-01124,11/10/2025,C-016,Rajesh Khanna,West,Mumbai,S-125,ZARA FLORAL DRESS,Fashion,Women Clothing,4,4999,2200,0.15,0, UPI ,6,Yes,199,48,Male
TXN-00395,17 Mar 2026,C-025,Nikhil Joshi,West,Pune,S-109,nan,Health & Beauty,skincare,4,799,£320,0,0,EMI,4,NO,0,32,male
TXN-01149,07-04-2025,C-027,Arun Menon,South,Kochi,S-121,  Maggi Noodles 12pk  ,Groceries,Instant Food,5,₹168,$80,20,0,credit card,4,False,79,47,male
TXN-01887,17/07/2025,C-004,vikram singh,CENTRAL,Bhopal,S-120,JOHNSON BABY OIL,Health & Beauty,baby care,4,249,$100,0,0,Gpay,nan,NO,199,29,male
TXN-01724,2025-08-07,C-024,Divya Reddy,South,Hyderabad,S-106,Prestige Mixer,Home & Kitchen,Appliances,3,4599,2200,0.1,0,EMI,9,No,99,53,female
TXN-01168,21-10-2025,C-003,Ananya Gupta,South,Bangalore,S-119,Fastrack Analog Watch,Fashion,accessories,4,"£2,499","₹1,100",0.0,9996.0, Debit Card ,4,n,49,42,F
TXN-00573,03/04/2025,C-024,Divya Reddy,South,Hyderabad,S-119,Fastrack Analog Watch,Fashion,Accessories,4,2499,1100,10,8996.4,Gpay, 4 ,n,0,53,Female
TXN-00012,21 Mar 2026,C-022,Swati Mishra,Central,Indore,S-112,Apple AirPods Pro 2,Electronics,Headphones,5,24900,16000,30,87150.0,Cash On Delivery,7,no,99,41,F
TXN-01846,2025-02-25,C-013,Pooja Das,South,Chennai,S-125,ZARA FLORAL DRESS,Fashion,Women Clothing,4,4999,"$2,200",5,0,Cash,10,n,79,31,Female
TXN-00427,06/03/2025,C-010,sanjay kapoor,North,Delhi,S-122,Wireless Mouse Logitech,Electronics,Peripherals,2,899,£400,0.05,0,NaN,4,n/a,149,40,Male
TXN-00225,27 Feb 2026,C-018,Pallavi Shah,West,Surat,S-125,Zara Floral Dress,Fashion,Women Clothing,5,4999,"£2,200",0,0,Credit Card,n/a,0,99,22,FEMALE
TXN-01629,2025-11-26,C-027,Arun Menon,South,Kochi,S-120,Johnson Baby Oil,Health & Beauty,Baby Care,5,249,100,20,0,-,2,no,0,47,m
TXN-01535,2025-06-21,C-001,Priya Sharma,North,Delhi,S-118,La Mer Moisturizer,Health & Beauty,Skincare,4,"£19,900",11000,25,0,Debit Card,4,NO,199,28,Female
TXN-00826,2025-08-04,C-012,HARISH RAO,South,Hyderabad,S-111,ON Whey Protein 2kg,Health & Beauty,  Fitness  ,5,"₹2,499",1200,0.25,9371.25,Gpay,6,N,79,None,MALE
TXN-00864,28 Oct 2025,C-002,Rahul Kumar,WEST,MUMBAI,S-121,Maggi Noodles 12pk,Groceries,Instant Food,2,£168,80,30,0,Cash,6,no,79,35,M
TXN-00260,09 Nov 2025,C-018,Pallavi Shah,West,Surat,S-120,Johnson Baby Oil,Health & Beauty,Baby Care,3,249,100,15,0,PhonePe,9,FALSE,$49,22,f
TXN-01167,03/29/2026,C-014,mohit saxena,North,Agra,S-116,MacBook Air M3,Electronics,Laptops,2,114900,78000,0.15,0,Credit Card,6,N,0,44,male
TXN-00980,2025-12-15,C-016,Rajesh Khanna,West,Mumbai,S-123,None,Sports,Fitness,1,$599,240,0.05,0,EMI,5,False,$49,48,MALE
TXN-00468,2025-02-19,C-008,Arjun Patel,West,Ahmedabad,S-114,Kurta Set Ethnic,Fashion,Ethnic Wear,1,"$1,599",$700,0.05,1519.05,Credit Card,1,No,49,24,M
TXN-00876,11-06-2025,C-030,Shreya Patel,West,Ahmedabad,    S-104    ,Atomic Habits,Books & Stationery,Non-Fiction,3,399,£180,0.0,0,Cash,8,FALSE,79,30,FEMALE
TXN-01841,01/22/2026,C-001,Priya Sharma,NORTH,Delhi,S-107,boAt Airdopes 141,Electronics,HEADPHONES,3,1299,£600,0,3897.0,Cash On Delivery,10,No,199,28,F
TXN-01288,11/01/2026,C-028,Anjali Singh,North,Jaipur,S-103,Instant Pot Duo,home & kitchen,APPLIANCES,4,9999,5200,0.05,0,UPI,3,N,0,36,female
TXN-FUTURE-003,31-12-2099,C-018,Pallavi Shah,West,Surat,S-125,Zara Floral Dress,Fashion,Women Clothing,4,"₹4,999","£2,200",0.15,16996.6,Cash,3,N,79,22,Female
TXN-02311,25-10-2025,C-006,Deepak Verma,North,Jaipur,S-106,Prestige Mixer,Home & Kitchen,Appliances,3,"$4,599",2200,0,13797.0,Cash On Delivery,2,no,0,38,m
TXN-01480,30-11-2025,C-004,Vikram Singh,Central,Bhopal,S-106,Prestige Mixer,Home & Kitchen,Appliances,1,"$4,599",2200,25,3449.25,PhonePe,7,0,0, 29 ,Male
TXN-01335,13/06/2025,C-026,Preethi Kumar,South,Chennai,S-108,Yoga Mat Premium,Sports,Fitness,4,"₹1,299",580,15,4416.6,CREDIT CARD,2,FALSE,149,28,FEMALE
TXN-02224,08-10-2025,C-009,Kavita Mehta,North,Lucknow,S-116,MacBook Air M3,Electronics,Laptops,2,114900,78000,0.0,0,Gpay,8,0,49,45,f
TXN-00452,05-11-2025,C-023,Tarun Sharma,-,Delhi,S-116,none,Electronics,Laptops,5,"£114,900",78000,0,0,Net Banking,    2    ,TRUE,0,19,male
TXN-01730,2025-07-05,C-007,Sunita Roy,East,Kolkata,S-108,Yoga Mat Premium,Sports,Fitness,1,1299,₹580,10,0,Net Banking,3,NO,0,33,Female
TXN-02228,12/07/2025,C-006,Deepak Verma,North,Jaipur,S-115,Basmati Rice 5kg,Groceries,Staples,4,499,280,0.3,0,EMI,8,FALSE,199,38,Male
TXN-01099,19 May 2025,C-025,Nikhil Joshi,West,Pune,S-108,Yoga Mat Premium,Sports,Fitness,3,"₹1,299",580,20,0,UPI,7,FALSE,0,32,undefined
TXN-02327,2026-02-12,C-017,Sundar Kumar,South,Bangalore,S-113,Fitbit Charge 6,Electronics,Wearables,1,"£14,999","$9,000",10,13499.1,Debit Card,2,false,199,37.0,m
TXN-01790,03/09/2026,C-005,Meera Nair,South,Kochi,S-125,Zara Floral Dress,Fashion,Women Clothing,  5  ,4999,2200,15,21245.75,UPI,4,No,0,51,FEMALE
TXN-01380,14/10/2025,C-004,Vikram Singh,    Central    ,Bhopal,S-124,Dyson V15 Vacuum,Home & Kitchen,Vacuum Cleaners,2,54900,"£35,000",0,0,CASH ON DELIVERY,2,no,199,29,m
TXN-00061,08/25/2025,C-019,Kishore Naik,West,Nagpur,S-108,Yoga Mat Premium,Sports,Fitness,3,"₹1,299",580,0,3897.0,UPI,9,NO,$199,62,m
TXN-01389,14/01/2026,C-030,Shreya Patel,West,Ahmedabad,s-101,OnePlus 12R,Electronics,Smartphones,5,"$29,999",18000,20,0,Credit Card,3,N,49,30,FEMALE
TXN-00033,23 Apr 2025,C-005,Meera Nair,South,Kochi,S-111,ON Whey Protein 2kg,Health & Beauty,Fitness,3,2499,"$1,200",0.1,0,EMI,2,NO,49,51,Female
TXN-00041,11/21/2025,C-028,Anjali Singh,North,Jaipur,S-111,ON Whey Protein 2kg,Health & Beauty,Fitness,1,"$2,499",1200,5,2374.05,Credit Card,10,N,49,36,f
TXN-01205,2025-05-20,C-027,Arun Menon,South,Kochi,S-120,Johnson Baby Oil,Health & Beauty,Baby Care,5,249,100,0.05,0,PhonePe,9,n,149,47,m
TXN-02128,2025-07-10,C-029,Rohan Gupta,West,Mumbai,S-106,Prestige Mixer,Home & Kitchen,Appliances,4,"£4,599",2200,0,0,EMI,1,False,199,25,male
TXN-00020,09 Nov 2025,C-020,Geeta Iyer,South,Coimbatore,S-118,La Mer Moisturizer,Health & Beauty,skincare,5,"£19,900",11000,5,94525.0,Cash On Delivery,5,NO,99,34,FEMALE
TXN-00173,15/04/2025,C-005,Meera Nair,South,Kochi,S-113,Fitbit Charge 6,Electronics,Wearables,1,14999,"$9,000",10,0,Credit Card,7,No,0,51,female
TXN-02368,04 Mar 2026,C-007,Sunita Roy,East,Kolkata,S-112,Apple AirPods Pro 2,Electronics,Headphones,2,24900,16000,0.25,0,EMI,5,n,99,33,FEMALE
TXN-00270,08 Jan 2026,C-022,Swati Mishra,Central,Indore,S-111,ON Whey Protein 2kg,Health & Beauty,  Fitness  ,2,2499,1200,0.15,0,Credit Card,1,False,₹79,41,F
TXN-00545,2025-06-13,C-001,Priya Sharma,north,Delhi,S-119,Fastrack Analog Watch,Fashion,Accessories,5,2499,1100,0.2,0,EMI,4,0,149,28.0,Female
TXN-01593,30-08-2025,C-015,Nisha Pillai,South,Trivandrum,S-105,"samsung 55"" qled",Electronics,Televisions,3,"$74,999",45000,15,191247.45,PhonePe,10,NO,149,26,FEMALE
TXN-00916,12-03-2026,C-028,Anjali Singh,NORTH,Jaipur,S-120,Johnson Baby Oil,Health & Beauty,Baby Care,4,249,100,0.25,747.0,UPI,10,n,99,36,FEMALE
TXN-01930,09/12/2025,C-007,sunita roy,East,Kolkata,S-122,Wireless Mouse Logitech,Electronics,Peripherals,2,£899,400,0,0,Debit Card, 8 ,N,$199,33,f
TXN-01244,2025-08-31,C-018,Pallavi Shah,West,Surat,S-117,Kindle Paperwhite,Electronics,-,1,"₹14,999",9500,0.05,14249.05,Credit Card,9,False,0,22,F
TXN-02324,14/08/2025,C-028,Anjali Singh,North,Jaipur,S-119,Fastrack Analog Watch,Fashion,Accessories,2,2499,1100,5,0,PhonePe,4,False,49,36,Female
TXN-00394,23-05-2025,C-027,Arun Menon,South,Kochi,S-114, Kurta Set Ethnic ,Fashion,Ethnic Wear,2,"$1,599",£700,5,0,Cash,4,0,£199,47,m
TXN-01903,2026-03-16,C-026,Preethi Kumar,South,Chennai,S-106,Prestige Mixer,Home & Kitchen,Appliances,  3  ,"£4,599",2200,25,0,Gpay,   6   ,False,79,28,FEMALE
TXN-02378,05/12/2025,C-030,Shreya Patel,null,Ahmedabad,S-101,OnePlus 12R,Electronics,Smartphones,2,29999,"£18,000",20,0,UPI,9,NO,99,30,f
TXN-00160,21 Apr 2026,C-024,Divya Reddy,South,Hyderabad,S-121,Maggi Noodles 12pk,Groceries,Instant Food,3,168,80,25,0,Debit Card,3,1,49,53.0,Female
TXN-01454,01 May 2025,C-030,Shreya Patel,West,Ahmedabad,S-109,Cetaphil Moisturiser,Health & Beauty,Skincare,3,$799,320,10,0,PhonePe,5,NO,0,30,female
TXN-00279,05/07/2025,C-018,PALLAVI SHAH,West,Surat,    S-101    ,OnePlus 12R,Electronics,Smartphones,1,"₹29,999",18000,0,0,Gpay,10,N,$99,22,Female
TXN-01078,03/13/2025,C-024,Divya Reddy,South,Hyderabad,S-124,Dyson V15 Vacuum,Home & Kitchen,Vacuum Cleaners,4,54900,35000,5,208620.0,Gpay,10,0,99,53,FEMALE
TXN-01183,08/07/2025,C-003,Ananya Gupta,South,Bangalore,S-102,NIKE AIR MAX 90,Fashion,Footwear,4,8999,4500,15,0,Gpay,9,null,0,42,FEMALE
TXN-00419,11/24/2025,C-002,Rahul Kumar,West,Mumbai,S-120,johnson baby oil,Health & Beauty,   Baby Care   ,3,249,100,0.0,747.0,Gpay,4,N,99,35,m
TXN-01286,2026-01-14,C-026,Preethi Kumar,South,Chennai,S-113,Fitbit Charge 6,Electronics,Wearables,1,14999,9000,0.3,0,gpay,9,FALSE,149,28,FEMALE
TXN-00986,16/02/2025,C-005,Meera Nair,South,Kochi,S-119,Fastrack Analog Watch,Fashion,Accessories,5,2499,"£1,100",0.0,0,UPI,8,No,£99,51,f
TXN-01835,2025-07-07,C-018,Pallavi Shah,West,Surat,S-111,ON Whey Protein 2kg,health & beauty,Fitness,4,"£2,499",1200,0,0,   UPI   ,5,false,49,22,f
TXN-00659,23/12/2025,C-013,POOJA DAS,South,Chennai,S-112,Apple AirPods Pro 2,Electronics,Headphones,3,24900,"£16,000",0.0,74700.0,Cash On Delivery,5,FALSE,199,31,F
TXN-00125,09/11/2025,C-028,Anjali Singh,North,Jaipur,S-108,  Yoga Mat Premium  ,Sports,Fitness,4,"₹1,299",580,0,0,Net Banking,9,FALSE,$199,36,female
TXN-01728,18 Jul 2025,C-023,Tarun Sharma,North,Delhi,S-111,on whey protein 2kg,Health & Beauty,Fitness,5,"₹2,499",1200,5,0,Credit Card,   8   ,no,99,19,male
TXN-00588,10/21/2025,C-001,Priya Sharma,North,Delhi,S-125,Zara Floral Dress,Fashion,Women Clothing, 2 ,"₹4,999",2200,15,0,UPI,3,n,79,28,F
TXN-01309,23-03-2026,C-026,Preethi Kumar,south,Chennai,S-111,ON Whey Protein 2kg,Health & Beauty,Fitness,2,"$2,499",1200,0,0,Gpay,6,NO,0,,F
TXN-00226,2025-07-23,C-025,Nikhil Joshi,West,Pune,S-105,"Samsung 55"" QLED",Electronics,Televisions,3,74999,45000,0.0,0,Cash,7,N,0,,male
TXN-00223,2025-10-26,C-011,Ritu Jain,West,Pune,S-124,Dyson V15 Vacuum,Home & Kitchen,Vacuum Cleaners,3,54900,"$35,000",15,139995.0,None,5,FALSE,99,  27  ,Female
TXN-01832,09/07/2025,C-017,sundar kumar,South,Bangalore,S-125,   Zara Floral Dress   ,Fashion,Women Clothing,    5    ,4999,2200,0.0,0,Cash,8,0,99,37,  MALE  
TXN-01945,01/12/2025,C-016,Rajesh Khanna,  West  ,Mumbi,S-116,MacBook Air M3,Electronics,Laptops,5,"$114,900","₹78,000",30,0,Credit Card,3,FALSE,79,48,male
TXN-01412,01/05/2025,C-026,Preethi Kumar,South,Chennai,S-104,Atomic Habits,Books & Stationery,Non-Fiction,3,$399,180,25,0,UPI,3,n,$49,28,F
TXN-01067,03 Mar 2026,C-006,Deepak Verma,North,Jaipur,S-104,Atomic Habits,Books & Stationery,Non-Fiction,1,399,180,0.25,0,Gpay,3,No,149,38,M
TXN-02110,2026-04-07,C-028,Anjali Singh,North,Jaipur,S-102,Nike Air Max 90,Fashion,Footwear,4,"$8,999",4500,10,0,Credit Card,10,No,149,36,FEMALE
TXN-00570,04-01-2026,C-017,Sundar Kumar,south,Bangalore,S-116,MacBook Air M3,Electronics,Laptops,1,114900,78000,0.0,0,UPI,10,n,0,37,M
TXN-00214,30 Oct 2025,C-015,Nisha Pillai,South,Trivandrum,S-103,Instant Pot Duo,Home & Kitchen,Appliances,1,"£9,999","$5,200",30,0,UPI,2,FALSE,0,26,#N/A
TXN-00180,04-08-2025,C-029,Rohan Gupta,West,Mumbai,S-111,ON Whey Protein 2kg,Health & Beauty,Fitness,2,2499,"£1,200",0.1,0,Debit Card,7,FALSE,0,  25  ,male
TXN-00558,20 Feb 2025,C-011,Ritu Jain,West,Pune,S-118,La Mer Moisturizer,Health & Beauty,Skincare,2,"₹19,900",11000,0.3,0,Net Banking,4,N,0,27,f
TXN-01504,30-03-2025,C-029,ROHAN GUPTA,West,Mumbai,S-101,oneplus 12r,Electronics,Smartphones,2,29999,18000,0.25,0,Cash,,False,99,25,m
TXN-01921,18 Dec 2025,C-007,Sunita Roy,East,Kolkata,S-123,Pilates Resistance Band,Sports,Fitness,3,599,₹240,20,1437.6,cash,10,false,0,33,F
TXN-02174,10/07/2025,C-013,Pooja Das,South,Chennai,S-105,"Samsung 55"" QLED",Electronics,Televisions,2,74999,"£45,000",15,0,Net Banking,1,NO,99,31,f
TXN-ZERO-014,15/09/2025,C-004,Vikram Singh,Central,Bhopal,S-120,Johnson Baby Oil,Health & Beauty,Baby Care,0,₹249,100,0.1,0,Credit Card,5,no,79,29,nan
TXN-00543,07-02-2026,C-015,Nisha Pillai,South,Trivandrum,S-123,Pilates Resistance Band,Sports,Fitness,3,£599,$240,0.1,1617.3,Credit Card,6,TRUE,$149,  26  ,Female
TXN-00116,16-07-2025,C-013,Pooja Das,South,Chennai,s-110,Levi's 511 Jeans,Fashion,Men Clothing,4,3999,1800,0,15996.0,Net Banking,7,N,99,31,FEMALE
TXN-00272,09/07/2025,C-019,Kishore Naik,West,Nagpur,S-108,  Yoga Mat Premium  ,Sports,Fitness,3,1299,£580,5,3702.15,Cash,9,false,99,62,Male
TXN-02223,19 Oct 2025,C-022,Swati Mishra,Central,Indore,S-111,ON Whey Protein 2kg,Health & Beauty,Fitness,3,2499,"₹1,200",0.0,0,UPI,5,0,149,41.0,F
TXN-01734,21-07-2025,C-030,Shreya Patel,West,Ahmedabad,S-102,Nike Air Max 90,Fashion,Footwear,5,"₹8,999",4500,0.05,0,Debit Card,8,No,£149,30,female
TXN-01889,09/07/2025,C-015,NISHA PILLAI,South,Trivandrum,S-110,Levi's 511 Jeans,FASHION,Men Clothing,3,"£3,999",1800,0,0,EMI,6,false,0,26,Female
TXN-00972,21-12-2025,C-018,Pallavi Shah,West,Surat,S-103,Instant Pot Duo, Home & Kitchen ,Appliances,5,9999,5200,10,44995.5,Net Banking,8,No,0,22,f
TXN-00186,12/24/2025,C-019,KISHORE NAIK,West,Nagpur,   S-109   ,Cetaphil Moisturiser,Health & Beauty,Skincare,1,799,320,0.2,639.2,Gpay,3,True,49,62,male
TXN-ZERO-011,02/09/2026,C-027,Arun Menon,South,Kochi,S-113,Fitbit Charge 6,Electronics,Wearables,0,"$14,999",9000,0,0,Cash,5,NO,149,47,MALE
TXN-00059,2025-08-14,C-019,Kishore Naik,WEST,Nagpur,S-104,ATOMIC HABITS,Books & Stationery,Non-Fiction,2,₹399,180,10,718.2,EMI,8,NO,99,62.0,male
TXN-02102,01 Apr 2026,C-021,Aditya Bose,East,Kolkata,S-117,#N/A,Electronics,E-Readers,3,"£14,999","₹9,500",20,35997.6,Cash On Delivery,3,NO,199,29,M
TXN-02176,11/29/2025,C-024,Divya Reddy,South,Hyderabad,S-120,Johnson Baby Oil,HEALTH & BEAUTY,Baby Care,1,249,₹100,10,224.1,Credit Card,6,False,149,53,female
TXN-01909,05 May 2025,C-027,ARUN MENON,South,Kochi,S-125,Zara Floral Dress,Fashion,Women Clothing,1,4999,2200,5,0,Cash On Delivery,1,0,99,47,Male
TXN-01157,2025-04-14,C-001,Priya Sharma,North,Delhi,S-111,ON Whey Protein 2kg,Health & Beauty,Fitness,4,"₹2,499",1200,5,9496.2,EMI,6,0,0,28,F
TXN-01217,18-04-2026,C-026,PREETHI KUMAR,South,chennai,S-117,Kindle Paperwhite,Electronics,e-readers,4,14999,9500,20,0,EMI,7,NULL,79,28,F
TXN-ZERO-003,10-03-2026,C-024,Divya Reddy,South,Hyderabad,S-116,MacBook Air M3,Electronics,Laptops,0,"$114,900",78000,0.05,0,Credit Card,10,FALSE,₹149,53,F
TXN-02180,2025-10-29,C-003,Ananya Gupta,South,Bangalore,S-109,--,Health & Beauty,Skincare,3,799,320,30,1677.9,EMI,5,n,199,42,FEMALE
TXN-00393,24-02-2025,C-013,Pooja Das,South,Channai,S-106,Prestige Mixer,Home & Kitchen,   Appliances   ,4,"₹4,599",2200,0,0,Net Banking,  1  ,NO,0,31,female
TXN-00940,2025-10-07,C-016,Rajesh Khanna,West,Mumbi,S-119,Fastrack Analog Watch,Fashion,Accessories,5,"£2,499",1100,25,0,PhonePe,4,FALSE,199,48,m
TXN-02121,11/17/2025,C-020,Geeta Iyer,South,Coimbatore,S-111,ON Whey Protein 2kg,Health & Beauty,Fitness,4,"£2,499","$1,200",25,0,Gpay,3,no,£99,34,f
TXN-02254,13-04-2025,C-007,Sunita Roy,East,Kolkata,S-117,Kindle Paperwhite,Electronics,E-Readers,3,"₹14,999",9500,20,35997.6,Credit Card,9,N,0,33,female
TXN-01113,2025-02-21,C-020,Geeta Iyer,South,Coimbatore,s-102,Nike Air Max 90,Fashion,Footwear,1,8999,4500,10,8099.1,PhonePe,10,False,79,34,F
TXN-01923,23 Jul 2025,C-022,Swati Mishra,Central,Indore,S-119,Fastrack Analog Watch,Fashion,Accessories,2,2499,1100,30,3498.6,Net Banking,7,Yes,149,41,FEMALE
TXN-01622,28 Jun 2025,C-008,Arjun Patel,west,Ahmedabad,S-117,Kindle Paperwhite,electronics,E-Readers,3,14999,9500,0.3,31497.9,Cash On Delivery,9,No,149,24,M
TXN-00482,21 Sep 2025,C-021,Aditya Bose,East,Kolkata,S-122,Wireless Mouse Logitech,electronics,Peripherals,3,899,₹400,0.05,0,Cash,2,False,49,,Male
TXN-01820,2025-11-12,C-011,Ritu Jain,West,Pune,S-117,Kindle Paperwhite,Electronics,E-Readers,3,"₹14,999","$9,500",10,0,Debit Card,4,0,149,27,female
TXN-02122,12/25/2025,C-001,Priya Sharma,North,delhi,S-115,Basmati Rice 5kg,Groceries,Staples,null,$499,280,0.15,0,UPI,5,0,79,28,F
TXN-01000,02/04/2026,C-007,Sunita Roy,East,Kolkata,S-118,La Mer Moisturizer,Health & Beauty,Skincare,5,"₹19,900","₹11,000",0.3,0,CASH,3,0,199,33,f
TXN-00456,2025-08-15,C-007,Sunita Roy,East,Kolkata,S-105,"samsung 55"" qled",Electronics,Televisions,1,74999,"₹45,000",0.1,0,UPI,5,n,₹99,33,FEMALE
TXN-00209,19 Oct 2025,C-011,Ritu Jain,West,Pune,S-104,Atomic Habits,Books & Stationery,Non-Fiction,3,399,180,0.2,0,UPI,10,N,,,female
TXN-01749,13 Mar 2026,C-022,SWATI MISHRA,Central,Indore,S-106,Prestige Mixer,Home & Kitchen,Appliances,3,"$4,599",2200,0.05,0,nan,7,n,99,n/a,Female
TXN-00638,11-03-2026,C-015,Nisha Pillai,South,Trivandrum,S-123,Pilates Resistance Band,Sports,Fitness,2,£599,240,10,0,Gpay,5,No,0,26,FEMALE
TXN-02177,02-04-2025,C-001,Priya Sharma,North,Delhi,S-109,Cetaphil Moisturiser, Health & Beauty ,Skincare,3,$799,320,0.0,0,PhonePe,6,YES,149,28,F
TXN-01714,2025-08-05,C-028,Anjali Singh,North,Jaipur,S-106,Prestige Mixer,Home & Kitchen,Appliances,2,4599,"£2,200",0.0,9198.0,Cash,1,YES,49,36,f
TXN-00774,23/05/2025,C-008,arjun patel,West,Ahmedabad,S-120,Johnson Baby Oil,Health & Beauty,  Baby Care  ,   3   ,₹249,£100,0.1,672.3,Net Banking,2,False,0,24,Male
TXN-00034,03 Dec 2025,C-025,Nikhil Joshi,West,Pune,S-118,la mer moisturizer,Health & Beauty,skincare,5,19900,11000,0.3,0,Credit Card,9,FALSE,49,32,male
TXN-01774,03/25/2025,C-030,Shreya Patel,West,Ahmedabad,S-101,OnePlus 12R,Electronics,Smartphones,2,29999,18000,10,0,Cash On Delivery,6,#N/A,99,30,F
TXN-00486,07-09-2025,C-010,Sanjay Kapoor,North,Delhi,S-101,  OnePlus 12R  ,Electronics,Smartphones,4,"$29,999","£18,000",0.2,0,UPI,5,1,$49,40,male
TXN-01323,20 Jul 2025,C-027,arun menon,South,Kochi,S-105,"Samsung 55"" QLED",Electronics,n/a,2,"$74,999",45000,5,0,Cash On Delivery,2,0,0,47,m
TXN-00538,11-07-2025,C-030,SHREYA PATEL,West,Ahmedabad,S-112,Apple AirPods Pro 2,Electronics,Headphones,3,24900,16000,15,0,Debit Card,5,n,49,30,f
TXN-00532,08/03/2026,C-024,Divya Reddy,South,Hyderabad,S-121,Maggi Noodles 12pk,Groceries,Instant Food,4,168,₹80,10,0,GPAY,8,NO,0,53,female
TXN-00349,07/03/2025,C-003,Ananya Gupta,South,Bengaluru,S-119,Fastrack Analog Watch,Fashion,Accessories,1,2499,1100,0.0,0,debit card,8,NO,99,42,F
TXN-02153,12/23/2025,C-010,Sanjay Kapoor,North,Delhi,S-120,Johnson Baby Oil,Health & Beauty,Baby Care,1,249,100,25,0,Credit Card,5,N,199,40, MALE 
TXN-01679,01 Sep 2025,C-017,Sundar Kumar,South,Bangalore,S-119,Fastrack Analog Watch,Fashion,Accessories,5,"£2,499",1100,0.0,12495.0,Cash,9,NO,199,37.0,MALE
TXN-00618,26-05-2025,C-017,Sundar Kumar,south,bangalore,S-120,Johnson Baby Oil,Health & Beauty,baby care,5,₹249,100,5,1182.75,Cash On Delivery,10,No,0,37,Male
TXN-02238,07 Jul 2025,C-016,Rajesh Khanna,West,MUMBAI,S-124,Dyson V15 Vacuum,Home & Kitchen,Vacuum Cleaners,2,"₹54,900",35000,25,0,PhonePe,3,0,49,48,M
TXN-01466,30/07/2025,C-014,mohit saxena,North,Agra,S-122,Wireless Mouse Logitech,electronics, Peripherals ,2,£899,400,15,0,Net Banking,9,NO,99,44,male
TXN-01464,24/02/2026,C-024,divya reddy,South,Hyderabad,S-123,Pilates Resistance Band,Sports,Fitness,3,599,240,0.25,0,Debit Card,6,NO,,53.0,F
TXN-01963,11-12-2025,C-005,Meera Nair,South,Kochi,S-124,Dyson V15 Vacuum,Home & Kitchen,Vacuum Cleaners,5,"£54,900",35000,0.0,0,Credit Card,8,0,199,51,f
TXN-02269,16-08-2025,C-005,Meera Nair,south,Kochi,S-107,boAt Airdopes 141,Electronics,Headphones,2,"£1,299",600,5,0,cash on delivery,2,n,0,51,F
TXN-00087,19/05/2025,C-029,Rohan Gupta,west,Mumbai,S-102,Nike Air Max 90,Fashion,Footwear,2,8999,4500,0.0,17998.0,UPI,4,No,$199,25,Male
TXN-00546,25/11/2025,C-011,Ritu Jain,West,Pune,S-111,ON Whey Protein 2kg,Health & Beauty,Fitness,5,"$2,499",1200,0,0,Cash On Delivery,3,N,49,27,f
TXN-01913,01/20/2026,C-009,KAVITA MEHTA,North,Lucknow,S-113,Fitbit Charge 6,Electronics,Wearables,1,"$14,999",9000,10,13499.1,UPI,5,N,149,45,FEMALE
TXN-00688,05-04-2026,C-010,Sanjay Kapoor,North,Delhi,S-125,Zara Floral Dress,Fashion,Women Clothing,4,4999,2200,0.25,0,PhonePe,5,N,199,40,male
TXN-01620,26/02/2026,C-014,Mohit Saxena,north,Agra,S-106,Prestige Mixer,Home & Kitchen,Appliances,5,"₹4,599",2200,0.2,0,Credit Card,2,0,0,44,MALE
TXN-01456,2025-04-16,C-006,Deepak Verma,North,Jaipur,S-106,Prestige Mixer,Home & Kitchen,Appliances,2,4599,"₹2,200",0.25,6898.5,PHONEPE,n/a,N,$99,38,M
TXN-00693,2025-09-07,C-029,Rohan Gupta,West,Mumbai,S-125,Zara Floral Dress,Fashion,Women Clothing,1,"$4,999",2200,0.3,3499.3,UPI,6,n,0,25,M
TXN-00735,12/12/2025,C-030,Shreya Patel,West,Ahmedabad,S-124,Dyson V15 Vacuum,Home & Kitchen,Vacuum Cleaners,   3   ,54900,35000,0.1,0,Cash On Delivery,6,0,0,30,Female
TXN-01185,01 May 2025,C-008,Arjun Patel,West,Ahmedabad,S-119,Fastrack Analog Watch,Fashion,Accessories,1,2499,"$1,100",0.0,0,Cash On Delivery,5,false,79,24,Male
TXN-02365,04/02/2025,C-020,Geeta Iyer,South,Coimbatore,S-106,PRESTIGE MIXER,home & kitchen,Appliances,1,"$4,599",2200,0.0,0,Cash On Delivery,7,TRUE,149,34,FEMALE
TXN-00394,23-05-2025,C-027,Arun Menon,South,Kochi,S-114, Kurta Set Ethnic ,Fashion,Ethnic Wear,2,"$1,599",£700,5,0,Cash,4,0,£199,47,m
TXN-00019,19/06/2025,C-026,Preethi Kumar,South,Chennai,S-108,--,Sports,Fitness,3,1299,580,5,3702.15,Debit Card,6,NO,199,28,F
TXN-00778,10/04/2026,C-013,Pooja Das,SOUTH,Chennai,S-125,Zara Floral Dress,Fashion,Women Clothing,5,4999,2200,0.0,0,Cash On Delivery,8,Y,79,31,nan
TXN-00767,17 Mar 2026,C-007,Sunita Roy,East,Kolkata,S-103,Instant Pot Duo,Home & Kitchen,none,3,9999,5200,0.0,0,Cash,7,false,199,33,F
TXN-00616,2025-03-26,C-012,Harish Rao,South,Hyderabad,S-115,n/a,Groceries,Staples,2,499,280,0,0,Cash,10,n,49,55,MALE
TXN-01741,17 Aug 2025,C-012,Harish Rao,South,Hyderabad,S-124,    Dyson V15 Vacuum    ,   Home & Kitchen   ,VACUUM CLEANERS,5,"£54,900",35000,0,0,Credit Card,3,false,$49,55,male
TXN-01117,03/14/2026,C-003,Ananya Gupta,South,Bangalore,S-106,Prestige Mixer,Home & Kitchen,Appliances,3,4599,2200,5,0,Cash,6,n,0,42,FEMALE
TXN-01957,12 Dec 2025,C-025,Nikhil Joshi,West,Pune,S-102,Nike Air Max 90,Fashion,Footwear,5,"₹8,999",4500,0.0,0,Cash,9,False,49,32,male
TXN-01871,07-07-2025,C-026,preethi kumar,South,Chennai,S-112,Apple AirPods Pro 2,Electronics,Headphones,2,24900,16000,0,0,PhonePe,2,TRUE,49,28,F
TXN-01759,03 Mar 2025,C-002,Rahul Kumar,West,Mumbai,S-114,Kurta Set Ethnic,Fashion,Ethnic Wear,2,1599,700,0.05,0,none,2,FALSE,199,35,male
TXN-01199,2025-10-12,C-015,Nisha Pillai,South,Trivandrum,S-124,Dyson V15 Vacuum,Home & Kitchen,Vacuum Cleaners,3,"₹54,900","£35,000",0.1,0,UPI,   1   ,NO,199,26,female
TXN-00831,2025-07-08,C-026,Preethi Kumar,South,Chennai,S-121,Maggi Noodles 12pk,Groceries,Instant Food,3,168,$80,0,0,Net Banking,2,No,199,28,female
TXN-00856,2026-01-29,C-010,Sanjay Kapoor,North,Delhi,S-113,Fitbit Charge 6,Electronics,Wearables,2,"$14,999",9000,20,0,UPI,8,YES,0,40,   m   
TXN-01391,05-07-2025,C-019,kishore naik,West,Nagpur,S-124,Dyson V15 Vacuum,home & kitchen,Vacuum Cleaners,1,"£54,900","₹35,000",0.1,0,Credit Card,4,False,79,62,M
TXN-00522,10/06/2025,C-023,TARUN SHARMA,   North   ,DELHI,S-108,Yoga Mat Premium,Sports,FITNESS,5,1299,$580,5,0,Gpay,7,Yes,149,19.0,M
TXN-01840,02-07-2025,C-022,Swati Mishra,Central,Indore,S-105,"Samsung 55"" QLED",Electronics,,2,74999,"£45,000",0.1,134998.2,CASH ON DELIVERY,2,0,$199,41,FEMALE
TXN-00344,19/09/2025,C-029,Rohan Gupta,West,Mumbai,S-112,Apple AirPods Pro 2,Electronics,Headphones,1,"£24,900",16000,5,0,n/a,3,False,79,25,M
TXN-00121,16-02-2026,C-016,Rajesh Khanna,West,Mumbai,S-114,Kurta Set Ethnic,Fashion,ethnic wear,3,"₹1,599",700,0.1,0,Cash On Delivery,6,No,79,48,MALE
TXN-00030,12/11/2025,C-018,Pallavi Shah,West,Surat,S-110,Levi's 511 Jeans,Fashion,Men Clothing,1,"£3,999",1800,0,3999.0,Cash On Delivery,3,NO,199,22,female
TXN-02361,04/25/2025,C-024,divya reddy,South,Hyderabad,S-114,Kurta Set Ethnic,Fashion,Ethnic Wear,3,"₹1,599",700,0.0,0,Cash On Delivery,4,no,£199,53,Female
TXN-01449,02 Jan 2026,C-016,Rajesh Khanna,West,Mumbi,S-124,Dyson V15 Vacuum,Home & Kitchen,Vacuum Cleaners,1,"$54,900","₹35,000",0.0,0,Net Banking,6,No,$99,48,M
TXN-01855,01-09-2025,C-008,Arjun Patel,West,Ahmedabad,S-125,Zara Floral Dress,Fashion,Women Clothing,1,4999,2200,20,0,Net Banking,8,n,149,24,male
TXN-01094,06 Mar 2026,C-012,HARISH RAO,    South    ,Hyderabad,S-118,La Mer Moisturizer,Health & Beauty,Skincare,3,"$19,900",11000,0.0,59700.0,emi,6,FALSE, 0 ,55,m
TXN-01947,09/18/2025,C-013,Pooja Das,South,Chennai,S-108,yoga mat premium,Sports,Fitness,5,1299,£580,30,4546.5,Gpay,7,no,0,31,F
TXN-01004,30/12/2025,C-019,KISHORE NAIK,West,Nagpur,S-120,Johnson Baby Oil,Health & Beauty,Baby Care,5,249,₹100,15,0,Credit Card,8,no,199,62,male
TXN-00453,01/04/2025,C-004,Vikram Singh,Central,Bhopal,S-104,Atomic Habits,Books & Stationery,Non-Fiction,5,399,180,5,0,Cash On Delivery,8,false,49,29.0,m
TXN-00843,02/10/2026,C-023,Tarun Sharma,North,Delhi,S-110,Levi's 511 Jeans,Fashion,Men Clothing,3,"£3,999",1800,0.0,0,Cash,2,0,0,19,Male
TXN-00231,19-12-2025,C-019,kishore naik,West,Nagpur,S-107,boAt Airdopes 141,Electronics,Headphones,3,1299,600,0.0,0,Debit Card,6,no,199,62,MALE
TXN-00451,30/09/2025,C-022,Swati Mishra,Central,Indore,S-104,Atomic Habits,Books & Stationery,Non-Fiction,5,399,180,0.2,1596.0,Cash,1,FALSE,149,41,female
TXN-00235,13 Dec 2025,C-013,Pooja Das,South,Channai,s-124,Dyson V15 Vacuum,Home & Kitchen,Vacuum Cleaners,3,"£54,900","$35,000",0.05,0,Cash,2,false,79,31,FEMALE
TXN-01155,07/24/2025,C-014,Mohit Saxena,North,Agra,S-109,cetaphil moisturiser,Health & Beauty,Skincare,2,₹799,320,0.1,0,Credit Card,4,True,0, 44 ,M
TXN-01638,21 Mar 2026,C-011,Ritu Jain,West,Pune,S-105,"Samsung 55"" QLED",Electronics,Televisions,3,74999,"£45,000",0.15,0,Cash,7,No,199,27,F
TXN-01515,24 Oct 2025,C-020,Geeta Iyer,South,Coimbatore,S-109,Cetaphil Moisturiser,Health & Beauty,Skincare,5,₹799,320,30,2796.5,Cash On Delivery,8,No,79,34,female
TXN-00603,18 Mar 2026,C-011,Ritu Jain,West,Pune,S-115,Basmati Rice 5kg, Groceries ,staples,1,499,280,0,0,Gpay,8,TRUE,79,27,FEMALE
TXN-02007,21 Nov 2025,C-026,Preethi Kumar,SOUTH,Chennai,S-125,ZARA FLORAL DRESS,Fashion,Women Clothing,2,4999,"$2,200",25,7498.5,Gpay,2,Yes,99,28,Female
TXN-00333,02/17/2026,C-007,Sunita Roy,East,Kolkata,S-124,Dyson V15 Vacuum,  Home & Kitchen  ,Vacuum Cleaners,5,"₹54,900","$35,000",0,274500.0,EMI,1,YES,$99,33,FEMALE
TXN-00423,2025-04-13,C-021,Aditya Bose,East,Kolkata,S-111,ON Whey Protein 2kg,Health & Beauty,Fitness,    1    ,"£2,499","₹1,200",20,0,Debit Card,4,N,99,    29    ,M
TXN-01173,2025-07-04,C-010,Sanjay Kapoor,North,Delhi,S-116,MacBook Air M3,Electronics,Laptops,4,114900,78000,10,0,Credit Card,8,no,£199,40,Male
TXN-01048,11 May 2025,C-002,rahul kumar,West,Mumbai,S-106,Prestige Mixer,Home & Kitchen,Appliances,1,"₹4,599",2200,0,0,UPI,5,0,49,35,MALE
TXN-02134,22 Mar 2025,C-018,Pallavi Shah,West,Surat,S-113,Fitbit Charge 6,Electronics,Wearables,3,"₹14,999",9000,0,0,Credit Card,10,Y,0,   22   ,f
TXN-FUTURE-007,31-12-2099,C-019,Kishore Naik,West,Nagpur,S-104,Atomic Habits,BOOKS & STATIONERY,Non-Fiction,5,399,180,0.05,0,EMI,6,no,49,62,MALE
TXN-00204,11-03-2025,C-024,Divya Reddy,South,Hyderabad,s-101,OnePlus 12R,Electronics,Smartphones,4,"$29,999","£18,000",0.0,0,EMI,  3  ,No,199,53,female
TXN-00280,07/03/2026,C-001,priya sharma,North,Delhi,S-124,Dyson V15 Vacuum,Home & Kitchen,Vacuum Cleaners,5,"£54,900",35000,0.0,0,Debit Card,7,no,0,28,FEMALE
TXN-02189,13-02-2026,C-013,POOJA DAS,South,Chennai,S-120,johnson baby oil,   Health & Beauty   ,Baby Care,4,£249,$100,5,0,Debit Card,5,NO,79,31,FEMALE
TXN-00435,11/03/2026,C-019,Kishore Naik,West,Nagpur,s-115,basmati rice 5kg,Groceries,Staples,5,499,£280,0.1,0,Gpay,4,no,0,62,MALE
TXN-02197,21/01/2026,C-005,MEERA NAIR,South,Kochi,    S-112    ,Apple AirPods Pro 2,Electronics,Headphones,3,"$24,900",16000,30,52290.0,EMI,10,Yes,79,51,f
TXN-02338,14/06/2025,C-023,Tarun Sharma,North,Delhi,S-104,Atomic Habits,Books & Stationery,NON-FICTION,1,399,180,0.15,0,Cash On Delivery,8,N,$79,19,M
TXN-00726,2025-05-28,C-022,Swati Mishra,CENTRAL,Indore,S-125,Zara Floral Dress,Fashion,Women Clothing,3,4999,2200,0.05,0,UPI,3,N,£79,41,FEMALE
TXN-01021,07/22/2025,C-003,Ananya Gupta,South,Bangalore,S-102,Nike Air Max 90,Fashion, Footwear ,3,8999,4500,0.1,24297.3,Credit Card,2,no,99,42,female
TXN-02171,05 Jul 2025,C-002,Rahul Kumar,West,Mumbai,S-103,Instant Pot Duo,Home & Kitchen,Appliances,5,9999,5200,0.3,0,Gpay,3,FALSE,£199,35,m
TXN-01272,15/02/2026,C-002,rahul kumar,West,Mumbai,S-116,MacBook Air M3,electronics,Laptops,3,114900,78000,15,292995.0,Credit Card,10,N,79,35,M
TXN-00714,2025-04-10,C-025,Nikhil Joshi,West,Pune,S-117,Kindle Paperwhite,ELECTRONICS,E-Readers,1,14999,"₹9,500",15,0,Cash,9,undefined,199,32,MALE
TXN-01050,06/25/2025,C-022,Swati Mishra,Central,Indore,S-112,Apple AirPods Pro 2,Electronics,Headphones,1,24900,16000,0.05,0,UPI,10,No,0,,f
TXN-00766,04/07/2025,C-020,Geeta Iyer,South,Coimbatore,S-114,Kurta Set Ethnic,Fashion,Ethnic Wear,1,1599,700,15,0, Debit Card ,7,no,£149,34,FEMALE
TXN-01651,12/07/2025,C-005,Meera Nair,South,Kochi,S-101,OnePlus 12R,--,Smartphones,4,29999,"₹18,000",0.0,119996.0,phonepe,9,NO,0,51,F
TXN-00183,15 Jan 2026,C-011,Ritu Jain,West,Pune,S-107,BOAT AIRDOPES 141,Electronics,Headphones,1,"$1,299",£600,15,0,Gpay,6,no,49,27,f
TXN-01379,20/04/2025,C-008,Arjun Patel,West,Ahmedabad,S-120,  Johnson Baby Oil  ,Health & Beauty,Baby Care,4,249,100,20,0,PhonePe,9,0,49,24,Male
TXN-01757,2026-03-02,C-007,Sunita Roy,East,Kolkata,S-111,ON Whey Protein 2kg,Health & Beauty,Fitness,1,2499,1200,0.3,0,PhonePe,6,no,$99,33,f
TXN-01116,09/18/2025,C-023,Tarun Sharma,North,Delhi,S-108,Yoga Mat Premium,Sports,Fitness,5,1299,580,5,0,Credit Card,10,true,0,19,male
TXN-02166,19/02/2026,C-022,Swati Mishra,Central,Indore,S-106,Prestige Mixer,Home & Kitchen,Appliances,2,"$4,599",2200,0.2,0,Debit Card,6,y,₹199,41,F
TXN-01694,13/03/2025,C-014,Mohit Saxena,North,Agra,S-110,    LEVI'S 511 JEANS    ,Fashion,men clothing,1,"$3,999","$1,800",5,3799.05,UPI,5,NO,99,44.0,MALE
TXN-01941,29 Mar 2026,C-028,Anjali Singh,North,Jaipur,S-113,Fitbit Charge 6,Electronics,Wearables,2,14999,"$9,000",10,0,--,3,Y,49,36,FEMALE
TXN-00965,02-04-2025,C-009,Kavita Mehta,North,Lucknow,    S-109    ,Cetaphil Moisturiser,Health & Beauty,Skincare,3,799,₹320,10,0,Credit Card,2,no,149,45,FEMALE
TXN-00689,11/11/2025,C-004,Vikram Singh,Central,Bhopal,S-118,   La Mer Moisturizer   ,Health & Beauty,Skincare,2,19900,11000,0.1,0,CASH ON DELIVERY,8,yes,149,29,male
TXN-00056,2025-10-25,C-023,TARUN SHARMA,North,Delhi,s-108,Yoga Mat Premium,SPORTS,Fitness,4,"$1,299",580,0.2,0,Debit Card,2,yes,79,19,MALE
TXN-01068,03 Jul 2025,C-018,Pallavi Shah,West,Surat,S-120,Johnson Baby Oil,Health & Beauty,Baby Care,5,249,£100,0.05,0,Net Banking,6,No,0,22,FEMALE
TXN-00260,09 Nov 2025,C-018,Pallavi Shah,West,Surat,S-120,Johnson Baby Oil,Health & Beauty,Baby Care,3,249,100,15,0,PhonePe,9,FALSE,$49,22,f
TXN-00591,11 Jan 2026,C-015,Nisha Pillai,South,Trivandrum,S-117,Kindle Paperwhite,Electronics,E-Readers,5,14999,9500,30,0,net banking,9,No,99,26,f
TXN-00802,03/01/2025,C-003,Ananya Gupta,South,Bangalore,S-120,Johnson Baby Oil,Health & Beauty,Baby Care,5,249,100,0.25,0,Credit Card,8,N,0,42,female
TXN-00426,2026-03-21,C-024,Divya Reddy,South,Hyderabad,S-112,Apple AirPods Pro 2,Electronics,Headphones,5,24900,16000,0.1,0,cash,7,no,0,53,female
TXN-01282,04/23/2026,C-020,Geeta Iyer,South,Coimbatore,S-117,Kindle Paperwhite,Electronics,E-Readers,1,14999,"$9,500",0.05,0,UPI,9,NO,49,34.0,f
TXN-01111,04-12-2025,C-003,Ananya Gupta,South,Bangalore,S-104,Atomic Habits,Books & Stationery,Non-Fiction,1,399,180,0.15,0,Cash,3,N,149,42,
TXN-01457,07/01/2026,C-027,ARUN MENON,South,Kochi,S-118,La Mer Moisturizer,Health & Beauty,Skincare,1,"$19,900",11000,30,13930.0,Gpay,9,NO,199,47,m
TXN-01872,2026-01-11,C-001,Priya Sharma,North,Delhi,S-107,boat airdopes 141,Electronics,Headphones,4,1299,600,0.25,0,Net Banking,3,false,£79,,f
TXN-02148,12/25/2025,C-020,Geeta Iyer,South,Coimbatore,S-113,Fitbit Charge 6,Electronics,Wearables,1,14999,9000,30,0,Cash,10,NO,0,34,n/a
TXN-00788,17-01-2026,C-017,Sundar Kumar,South,bangalore,S-109,NaN,Health & Beauty,Skincare,3,799,320,0.0,0,Cash On Delivery,8,false,79,37,Male
TXN-01448,2025-04-26,C-017,SUNDAR KUMAR,South,Bangalore,S-109,Cetaphil Moisturiser,Health & Beauty,Skincare,5,799,£320,10,0,Gpay,8,no,0,37,MALE
TXN-00184,04/23/2026,C-027,ARUN MENON,South,Kochi,s-118,  La Mer Moisturizer  ,Health & Beauty,Skincare,1,"£19,900",11000,0.05,0,UPI,8,n,49,47,m
TXN-00909,25-08-2025,C-024,Divya Reddy,South,Hyderabad,S-123,Pilates Resistance Band,Sports,Fitness,5,599,240,0.05,0,Cash On Delivery,2,0,0,53,FEMALE
TXN-00198,23/04/2025,C-012,Harish Rao,South,Hyderabad,S-118,LA MER MOISTURIZER,Health & Beauty,Skincare,1,"$19,900",11000,25,14925.0,PhonePe,4,No,£99,55,male
TXN-02206,03/01/2026,C-005,Meera Nair,South,Kochi,S-105,"Samsung 55"" QLED",Electronics,TELEVISIONS,1,74999,45000,0.2,0,Debit Card,10,false,NaN,51,f
TXN-00722,05 Apr 2025,C-024,Divya Reddy,South,Hyderabad,S-109,Cetaphil Moisturiser,Health & Beauty,Skincare,4,799,320,0.05,3036.2,PhonePe,N/A,no,0,53,female
TXN-01201,31/10/2025,C-009,KAVITA MEHTA,North,Lucknow,S-124,Dyson V15 Vacuum,Home & Kitchen,Vacuum Cleaners,1,"₹54,900","₹35,000",20,43920.0,Gpay,5,n,149,45,Female
TXN-00449,03 Jan 2026,C-014,MOHIT SAXENA,   North   ,Agra,S-121,maggi noodles 12pk,Groceries,Instant Food,2,$168,80,20,268.8,Credit Card,9,False,0,44,Male
TXN-00706,19 Apr 2025,C-018,Pallavi Shah,West,Surat,S-112,Apple AirPods Pro 2,Electronics,Headphones,1,"₹24,900",16000,0.2,19920.0,Cash On Delivery,10,N,79,--,female
TXN-00617,04/11/2025,C-019,kishore naik,West,Nagpur,S-111,ON Whey Protein 2kg,Health & Beauty,Fitness,1,2499,1200,5,0,UPI,8,0,0,62,Male
TXN-00046,2025-05-16,C-026,preethi kumar,South,Chennai,S-114,Kurta Set Ethnic,Fashion,Ethnic Wear,4,1599,700,0,0,debit card,7,FALSE,149,28,f
TXN-01634,08/06/2025,C-017,SUNDAR KUMAR,South,Bangalore,   S-117   ,Kindle Paperwhite,Electronics,E-Readers,1,"£14,999",9500,0.15,12749.15,UPI,5,false,149,37,Male
TXN-01560,09-01-2026,C-010,Sanjay Kapoor,North,Delhi,S-117,Kindle Paperwhite,electronics,E-Readers,1,"£14,999",9500,0.15,0,Credit Card,3,n,79,40,MALE
TXN-00501,03/21/2026,C-004,Vikram Singh,Central,Bhopal,S-118,   La Mer Moisturizer   ,Health & Beauty,Skincare,3,"$19,900",11000,0.2,0,PhonePe,8,no,99,29,M
TXN-00124,07/07/2025,C-008,Arjun Patel,West,Ahmedabad,S-104,Atomic Habits,Books & Stationery,Non-Fiction,5,₹399,$180,0,1995.0,PhonePe,8,No,49,24,Male
TXN-01518,07/08/2025,C-029,Rohan Gupta,#N/A,Mumbai,S-111,ON Whey Protein 2kg,Health & Beauty,Fitness, 5 ,2499,1200,5,11870.25,Cash On Delivery,4,FALSE,$149,25,male
TXN-01232,11-09-2025,C-027,Arun Menon,South,Kochi,S-107,boAt Airdopes 141,Electronics,-,5,"$1,299",600,0.1,0,PhonePe,7,false,0,47,Male
TXN-00752,18 Aug 2025,C-001,PRIYA SHARMA,North,Delhi,S-105,"Samsung 55"" QLED",Electronics,televisions,5,"$74,999","£45,000",0.25,0,Gpay,1,  YES  ,99,28,FEMALE
TXN-02384,04/21/2026,C-025,Nikhil Joshi,WEST,Pune,S-105,"Samsung 55"" QLED",Electronics,Televisions,3,74999,45000,10,202497.3,PhonePe,7,1,149,32,MALE
TXN-00772,03/23/2026,C-022,Swati Mishra,Central,Indore,S-118,LA MER MOISTURIZER,Health & Beauty,Skincare,3,19900,"£11,000",0.0,0,Net Banking,2,0,199,41,Female
TXN-01709,05/04/2026,C-021,Aditya Bose,East,Kolkata,S-112,Apple AirPods Pro 2,Electronics,Headphones,5,"$24,900","£16,000",0.1,112050.0,UPI,4,No,79,29,male
TXN-00610,2025-07-04,C-007,Sunita Roy,East,Kolkata,S-107,boAt Airdopes 141,Electronics,Headphones,1,"₹1,299",£600,10,0,Cash On Delivery,1,N,0,33,-
TXN-02250,2026-03-31,C-028,Anjali Singh,North,Jaipur,S-120,Johnson Baby Oil,Health & Beauty,Baby Care,1,₹249,₹100,5,0,CASH ON DELIVERY,10,No,79,36,female
TXN-00983,20 Dec 2025,C-029,rohan gupta,West,Mumbai,S-112,Apple AirPods Pro 2,Electronics,Headphones,3,24900,"$16,000",10,0,Cash On Delivery,3,n,49,25,Male
TXN-00948,2025-06-09,C-008,Arjun Patel,West,Ahmedabad,S-117,Kindle Paperwhite,Electronics,E-Readers,3,14999,9500,30,0,Credit Card,4,False,199,24,MALE
TXN-01384,03/15/2026,C-002,Rahul Kumar,West,Mumbai,S-121,Maggi Noodles 12pk,Groceries,Instant Food,5,168,£80,0.15,714.0,Gpay,2,n,199,35,Male
TXN-01847,2026-02-25,C-030,Shreya Patel,West,Ahmedabad,S-120,Johnson Baby Oil,Health & Beauty,Baby Care,4,₹249,100,5,0,PHONEPE,2,N/A,0,30,f
TXN-01523,03 Jul 2025,C-021,Aditya Bose,East,Kolkata,S-103,Instant Pot Duo,Home & Kitchen,Appliances,2,"₹9,999","£5,200",0.0,19998.0,net banking,2,Y,0,29,male
TXN-00365,2025-09-21,C-028,anjali singh,north,Jaipur,S-114,Kurta Set Ethnic,Fashion,Ethnic Wear,5,1599,£700,5,0,Credit Card,8,NaN,£99,36,f
TXN-00250,06/24/2025,C-021,ADITYA BOSE,East,Kolkata,S-107,boAt Airdopes 141,Electronics,Headphones,5,1299,600,0.0,0,Cash,8,N,£49,    29    ,m
TXN-01013,15 Apr 2025,C-017,Sundar Kumar,South,bangalore,S-121,Maggi Noodles 12pk,Groceries,Instant Food,5,168,80,0,840.0,EMI,7,no,199,37,m
TXN-01676,17 May 2025,C-012,harish rao,South,Hyderabad,S-120,undefined,Health & Beauty,Baby Care,4,₹249,100,0.3,0,PhonePe,1,null,99,55,m
TXN-01197,04/03/2026,C-021,Aditya Bose,East,Kolkata,S-121,MAGGI NOODLES 12PK,Groceries,Instant Food,4,168,80,0.1,604.8,Gpay,7,No,79,29,M
TXN-00246,03/19/2025,C-021,Aditya Bose,East,Kolkata,S-111,ON Whey Protein 2kg,Health & Beauty,Fitness,1,2499,"₹1,200",0.25,0,Cash,2,false,₹79,29,nan
TXN-00787,13/04/2025,C-013,Pooja Das,South,Channai,S-106,#N/A,Home & Kitchen,Appliances,4,4599,"₹2,200",5,17476.2,Debit Card,8,0,99,31,f
TXN-00804,12/10/2025,C-030,Shreya Patel,West,Ahmedabad,S-124,Dyson V15 Vacuum,Home & Kitchen,Vacuum Cleaners,2,"£54,900",35000,0.2,0,Gpay,6,n,£199,30,FEMALE
TXN-01684,12 May 2025,C-030,Shreya Patel,West,Ahmedabad,S-119,Fastrack Analog Watch,    Fashion    ,Accessories,4,2499,1100,0.1,0,Debit Card,4,False,0,30,nan
TXN-02285,28-12-2025,C-006,Deepak Verma,North,Jaipur,S-107,boAt Airdopes 141,Electronics,Headphones,4,1299,£600,25,0,PhonePe,6,false,99,,MALE
TXN-00309,31/03/2026,C-026,Preethi Kumar,South,Chennai,S-104,Atomic Habits,Books & Stationery,Non-Fiction,4,399,180,0.25,0,Net Banking,7,n,99,28,f
TXN-02391,04/30/2025,C-028,ANJALI SINGH,NORTH,Jaipur,S-112,Apple AirPods Pro 2,Electronics,Headphones,4,24900,"$16,000",25,0,Cash,9,N,0,36,F
TXN-01186,02/18/2025,C-019,Kishore Naik,West,Nagpur,S-119,Fastrack Analog Watch,Fashion,Accessories,3,2499,1100,0.05,0,PhonePe,7,No,₹99,62,MALE
TXN-02277,13-09-2025,C-027,Arun Menon,South,Kochi,S-122,Wireless Mouse Logitech,Electronics,Peripherals,5,₹899,400,10,0,Cash,None,n,$99,47,male
TXN-00444,2025-06-29,C-004,Vikram Singh,    Central    ,Bhopal,S-108,Yoga Mat Premium,Sports,Fitness,2,1299,580,20,0,NULL,5,TRUE,49,29,MALE
TXN-02179,01/10/2026,C-029,Rohan Gupta,West,Mumbai,S-109,Cetaphil Moisturiser,Health & Beauty,Skincare,1,799,₹320,0,0,n/a,3,FALSE,0,25,m
TXN-02080,22 Oct 2025,C-009,Kavita Mehta,North,Lucknow,S-121,Maggi Noodles 12pk,Groceries,INSTANT FOOD,3,$168,₹80,30,352.8,Credit Card,8,FALSE,79,45,FEMALE
TXN-ZERO-019,06/03/2025,C-010,Sanjay Kapoor,North,delhi,S-104,Atomic Habits,Books & Stationery,NON-FICTION,0,$399,180,0.25,0, Cash On Delivery ,5,no,0,40,male
TXN-00337,01/22/2026,C-028,Anjali Singh, North ,Jaipur,S-115,Basmati Rice 5kg,Groceries,Staples,1,499,₹280,0.05,0,Net Banking,4,TRUE,79,36,Female
TXN-00109,2026-04-22,C-003,Ananya Gupta,South,Bangalore,S-101,OnePlus 12R,Electronics,Smartphones,2,29999,18000,0.0,59998.0,Net Banking,10,FALSE,99,42,FEMALE
TXN-02008,15-02-2026,C-030,Shreya Patel,West,Ahmedabad,S-105,"Samsung 55"" QLED",Electronics,Televisions,4,74999,"£45,000",5,0,Credit Card,6,false,99,30,female
TXN-01979,09/02/2026,C-020,Geeta Iyer,   South   ,Coimbatore,S-102,Nike Air Max 90,Fashion,Footwear,3,"£8,999",4500,0,0,EMI,5,N,0,34,f
TXN-00341,01/24/2026,C-028,Anjali Singh,North,Jaipur,S-106,prestige mixer,Home & Kitchen,Appliances,3,"$4,599",2200,10,12417.3,EMI, 9 ,Yes,49,36,FEMALE
TXN-00368,2025-12-25,C-028,Anjali Singh,North,Jaipur,S-123,Pilates Resistance Band,Sports,Fitness,3,599,240,20,1437.6,Cash On Delivery,9,n,0,36,F
TXN-00681,2026-03-18,C-027,Arun Menon,South,Kochi,S-105,"Samsung 55"" QLED",Electronics,Televisions,  4  ,"₹74,999",45000,0.1,269996.4,Net Banking,7,y,0,,MALE
TXN-00938,2025-03-19,C-028,Anjali Singh,North,Jaipur,S-101,OnePlus 12R,Electronics,Smartphones,4,"₹29,999","₹18,000",20,95996.8,Debit Card,4,NO,0,,female
TXN-02183,23/08/2025,C-028,ANJALI SINGH,NORTH,Jaipur,s-109,Cetaphil Moisturiser,Health & Beauty,Skincare,4,799,320,20,0,PhonePe,4,False,₹49,36,f
TXN-01473,05/22/2025,C-004,Vikram Singh,Central,Bhopal,S-118,La Mer Moisturizer,Health & Beauty,Skincare,2,19900,"₹11,000",0.05,0,Gpay,8,False,49,29,m
TXN-00373,2025-11-23,C-003,Ananya Gupta,south,Bangalore,N/A, kurta set ethnic ,Fashion,Ethnic Wear,--,1599,700,0,0,PhonePe,3,n,149,42,f
TXN-00343,26 Jul 2025,C-019,Kishore Naik,West,Nagpur,    S-117    ,Kindle Paperwhite,Electronics,E-Readers,5,"£14,999",9500,0.15,0,Cash,6,no,49,62,m
TXN-01023,01/08/2026,C-023,Tarun Sharma,    North    ,Delhi,S-118,La Mer Moisturizer,Health & Beauty,Skincare,5,19900,11000,20,0,Cash,4,N, 0 ,19,male
TXN-01942,19 Feb 2025,C-028,Anjali Singh,North,Jaipur,S-117,Kindle Paperwhite,Electronics,E-Readers,5,14999,"₹9,500",15,63745.75,Gpay,1,false,$49,36,F
TXN-00582,26/09/2025,C-018,Pallavi Shah,West,Surat,S-123,Pilates Resistance Band,Sports,,1,599,240,0.2,0,Cash On Delivery,5,False,199,22,FEMALE
TXN-02083,2026-04-01,C-030,Shreya Patel,West,Ahmedabad,S-119,Fastrack Analog Watch,Fashion,Accessories,3,2499,"$1,100",30,0,Gpay,9,yes,49,30,female
TXN-01142,04/05/2025,C-012,Harish Rao,South,Hyderabad,s-119,Fastrack Analog Watch,Fashion,Accessories,1,"£2,499",1100,0.1,0,Cash On Delivery,7,false,149,55.0,m
TXN-00640,02 Dec 2025,C-002,Rahul Kumar,West,Mumbai,S-105,"Samsung 55"" QLED",Electronics,Televisions,5,74999,45000,0.05,0,UPI,2,  NO  ,$99,35.0,MALE
TXN-00457,13-02-2026,C-026,Preethi Kumar,South,Chennai,S-103, Instant Pot Duo ,Home & Kitchen,Appliances,2,"$9,999",5200,0.3,13998.6,EMI,9,No,99,28,female
TXN-00517,2025-07-12,C-012,HARISH RAO,South,Hyderabad,S-103,Instant Pot Duo,Home & Kitchen,Appliances, 3 ,9999,"£5,200",15,0,Net Banking,8,FALSE,199,55,M
TXN-02186,13 Feb 2026,C-018,Pallavi Shah,West,Surat,S-124,Dyson V15 Vacuum,Home & Kitchen,Vacuum Cleaners,5,"₹54,900","£35,000",0,0,Net Banking,3,    no    ,0,22,FEMALE
TXN-00465,03-12-2025,C-025,Nikhil Joshi,West,Pune,S-107,boAt Airdopes 141,Electronics,Headphones,  2  ,"₹1,299",600,20,0,UPI,5,N,0,32,male
TXN-00437,04/23/2026,C-015,nisha pillai,South,Trivandrum,S-122,Wireless Mouse Logitech,Electronics,Peripherals,2,899,$400,0.2,0,Net Banking,5,0,0,26.0,female
TXN-01254,04/05/2025,C-022,Swati Mishra,Central,Indore,S-108,Yoga Mat Premium,   Sports   ,Fitness,4,1299,580,30,0,n/a,8,N,0,41,F
TXN-01850,18-04-2025,C-027,Arun Menon,South,Kochi,S-117,Kindle Paperwhite,Electronics,E-Readers,1,"$14,999",9500,0.05,0,Credit Card,6,NO,79,47,male
TXN-00359,2025-07-14,C-010,Sanjay Kapoor,North,Delhi,S-104,Atomic Habits,Books & Stationery,Non-Fiction,3,$399,£180,25,0,PhonePe,5,False,0,,Male
TXN-02086,2025-06-15,C-005,Meera Nair,South,Kochi,S-125,zara floral dress,Fashion,Women Clothing,5,4999,2200,25,0,Cash On Delivery,4,0,199,51,F
TXN-01940,09/06/2025,C-005,Meera Nair,South,Kochi,S-121,Maggi Noodles 12pk,groceries,Instant Food,2,168,£80,15,0,Net Banking,9, NO ,0,51,f
TXN-02010,23 Aug 2025,C-009,KAVITA MEHTA,none,Lucknow,S-112,Apple AirPods Pro 2,Electronics,Headphones,1,24900,16000,0,0,Debit Card,5,FALSE,0,45,female
TXN-00583,02 Oct 2025,C-025,Nikhil Joshi,West,Pune,S-112,Apple AirPods Pro 2,Electronics,Headphones,1,24900,16000,0,0,Debit Card,   4   ,false,199,32,Male
TXN-01652,09/19/2025,C-017,Sundar Kumar,South,Bangalore, S-125 ,Zara Floral Dress,fashion,Women Clothing,3,4999,"$2,200",30,0,Cash,3,False,£149, 37 ,Male
TXN-00301,12/04/2025,C-002,rahul kumar,West,mumbai,S-113,Fitbit Charge 6,Electronics,Wearables,1,"$14,999",9000,0,0,Cash On Delivery,8,No,199,35,M
TXN-00322,28 Apr 2025,C-010,Sanjay Kapoor,North,Delhi,S-103,Instant Pot Duo,HOME & KITCHEN,Appliances,1,"£9,999","£5,200",0.05,0,Cash On Delivery,9,0,99,40,M
TXN-00290,21-06-2025,C-022,SWATI MISHRA,Central,Indore,S-122,Wireless Mouse Logitech,Electronics,Peripherals,3,£899,400,30,1887.9,debit card,10,n,199,41,Female
TXN-00580,24 Mar 2025,C-015,Nisha Pillai,SOUTH,Trivandrum,S-110,Levi's 511 Jeans,Fashion,Men Clothing,3,"$3,999",1800,0.0,0,Net Banking,8,FALSE,0,26,F
TXN-02399,25 Nov 2025,C-021,Aditya Bose,EAST,Kolkata,S-124,Dyson V15 Vacuum,Home & Kitchen,Vacuum Cleaners,5,54900,35000,0.0,274500.0,Credit Card,9,False,$199,29,undefined
TXN-00937,17/08/2025,C-007,Sunita Roy,East,Kolkata,S-114,Kurta Set Ethnic,Fashion,Ethnic Wear,4,1599,₹700,10,0,  Cash  ,10,FALSE,199,33,Female
TXN-00556,05/04/2025,C-010,Sanjay Kapoor,North,New Delhi,S-123,PILATES RESISTANCE BAND,Sports,Fitness,1,599,240,15,0,Cash,3,true,0,  40  ,MALE
TXN-01475,04/04/2026,C-020,Geeta Iyer,South,Coimbatore,S-116,MacBook Air M3,Electronics,Laptops,4,114900,78000,0.1,413640.0,EMI,6,NO,149,34,FEMALE
TXN-01468,12-09-2025,C-015,Nisha Pillai,South,Trivandrum,S-117,KINDLE PAPERWHITE,Electronics,E-Readers,2,14999,9500,0.3,0,PhonePe,4,TRUE,0, 26 ,female
TXN-02320,2025-02-14,C-004,Vikram Singh,Central,Bhopal,S-106,Prestige Mixer,HOME & KITCHEN,Appliances,1,4599,2200,30,0,Cash On Delivery,9,No,0,29,male
TXN-01179,11 Mar 2026,C-022,Swati Mishra,Central,Indore,s-115,Basmati Rice 5kg,GROCERIES,Staples,2,499,280,0.1,0,GPAY,8,n,0,41,FEMALE
TXN-00067,02/24/2026,C-024,Divya Reddy,South,Hyderabad,S-120,  Johnson Baby Oil  ,Health & Beauty,Baby Care,3,249,100,0,0,Cash,5,n,149,53,F
TXN-02137,12/11/2025,C-030,Shreya Patel,West,Ahmedabad,s-124,Dyson V15 Vacuum,Home & Kitchen,Vacuum Cleaners,5,54900,"$35,000",15,233325.0,Credit Card,3,False,0,30,F
TXN-01603,10/03/2025,C-003,ananya gupta,South,Bangalore,S-117,Kindle Paperwhite,Electronics,E-READERS,2,14999,"$9,500",5,28498.1, Net Banking ,4,n,₹149,42,female
TXN-00136,06/08/2025,C-019,Kishore Naik,West,Nagpur,S-123,Pilates Resistance Band,SPORTS,Fitness,5,$599,240,25,0,Debit Card,8,n,199,62,male
TXN-01713,03/12/2026,C-015,nisha pillai,South,Trivandrum,S-122,Wireless Mouse Logitech,Electronics,PERIPHERALS,3,₹899,400,0,0,Cash,1,n,0,26,FEMALE
TXN-01600,23/08/2025,C-019,Kishore Naik,West,Nagpur,S-124,Dyson V15 Vacuum,Home & Kitchen,Vacuum Cleaners,1,54900,35000,0.15,0,Cash On Delivery,6,no,149,62,MALE
TXN-02098,2026-03-18,C-019,Kishore Naik,West,Nagpur,S-107,boAt Airdopes 141,Electronics,Headphones,3,"₹1,299",600,0,0,UPI,4,No,199,62,MALE
TXN-01809,23 Jan 2026,C-029,Rohan Gupta,West,Mumbai,S-125,Zara Floral Dress,fashion,Women Clothing,3,4999,"₹2,200",0.0,0,    EMI    ,5,0,199,25,m
TXN-00442,14/03/2026,C-015,Nisha Pillai,South,Trivandrum,S-102,Nike Air Max 90,Fashion,Footwear,4,"£8,999",4500,10,0,Cash,3,N,$199,26,f
TXN-01510,28/07/2025,C-015,NISHA PILLAI,South,Trivandrum,S-109,Cetaphil Moisturiser,Health & Beauty,Skincare,5,799,£320,25,0,Cash,undefined,n,149,26,f
TXN-01246,2025-04-16,C-017,Sundar Kumar,South,Bangalore,S-102,Nike Air Max 90,Fashion,Footwear,2,8999,4500,0.15,0,Gpay,2,   no   ,$79,37,M
TXN-01572,01-04-2026,C-006,deepak verma,North,Jaipur,S-125, Zara Floral Dress ,Fashion,Women Clothing,3,"£4,999",2200,0.05,14247.15,Cash,7,No,£199,38,M
TXN-01954,14-08-2025,C-019,Kishore Naik,West,Nagpur,S-124,Dyson V15 Vacuum,Home & Kitchen,Vacuum Cleaners,-,54900,35000,0.25,123525.0,UPI,9,n,49,62,m
TXN-01305,17-04-2026,C-018,Pallavi Shah,West,Surat,S-119,Fastrack Analog Watch,Fashion,ACCESSORIES,3,"₹2,499","₹1,100",0,7497.0,NET BANKING,1,FALSE,0,22,female
TXN-01672,2025-06-03,C-021,ADITYA BOSE,East,Kolkata,S-121,Maggi Noodles 12pk,Groceries,Instant Food,NA,$168,80,0.0,0, GPAY ,1,no,99,,MALE
TXN-02313,04/03/2025,C-019,Kishore Naik,West,Nagpur,S-125,Zara Floral Dress,Fashion,Women Clothing,3,"₹4,999",2200,0.25,0,,1,no,99,62,M
TXN-01237,17/02/2026,C-008,ARJUN PATEL,West,Ahmedabad,s-108,Yoga Mat Premium,   Sports   ,Fitness,2,1299,580,5,0,Debit Card,6,0,79,24,M
TXN-01653,03/17/2026,C-011,Ritu Jain,West,Pune,S-108,None,    Sports    ,Fitness,2,1299,₹580,20,0,Net Banking,9,False,0,27,FEMALE
TXN-01139,2025-07-02,C-030,shreya patel,West,Ahmedabad,S-117,Kindle Paperwhite,Electronics,E-Readers,4,"$14,999",9500,5,56996.2,-,4,False,49,30,Female
TXN-01154,09/30/2025,C-025,Nikhil Joshi,WEST,Pune,S-114,Kurta Set Ethnic,Fashion,Ethnic Wear,2,1599,700,0.0,3198.0,Debit Card,7,False,49,32,male
TXN-00641,29-09-2025,C-006,Deepak Verma,North,Jaipur,S-113,Fitbit Charge 6,Electronics,Wearables,4,14999,9000,0.0,0,Cash,6,0,99,38,M
TXN-02334,10-04-2026,C-021,Aditya Bose,East,Kolkata,S-112,Apple AirPods Pro 2,Electronics,Headphones,--,24900,16000,5,0,PhonePe,5,True,0,29,Male
TXN-02032,27-06-2025,C-003,Ananya Gupta,South,Bangalore,S-110,Levi's 511 Jeans,Fashion,Men Clothing,4,"$3,999","£1,800",0.0,0,Gpay,7,No,49,42,F
TXN-00662,26/03/2025,C-007,Sunita Roy,East,Kolkata,S-112,Apple AirPods Pro 2,Electronics,Headphones,1,"£24,900",16000,0.0,0,Cash,none, FALSE ,₹49,33,Female
TXN-01219,2025-04-08,C-023,Tarun Sharma,North,Delhi,S-124,Dyson V15 Vacuum,Home & Kitchen,Vacuum Cleaners,1,54900,35000,0.15,0,Credit Card,7,0,0,19,M
TXN-02257,23/09/2025,C-013,Pooja Das,South,Chennai,S-111,ON Whey Protein 2kg,Health & Beauty,    Fitness    ,3,2499,"₹1,200",15,6372.45,    UPI    ,5,False,79,31,NaN
TXN-00579,04/26/2025,C-024,Divya Reddy,South,HYDERABAD,S-123,Pilates Resistance Band,Sports,Fitness,1,599,£240,0.0,0,Net Banking,4,N,0,53,Female
TXN-01045,05/14/2025,C-011,Ritu Jain,West,Pune,S-123,Pilates Resistance Band,Sports,Fitness,5,599,240,25,2246.25,UPI,--,n,199,27,F
TXN-01230,08-03-2026,C-008,Arjun Patel,West,Ahmedabad,S-107,boAt Airdopes 141,Electronics,Headphones,2,"£1,299",$600,0.1,2338.2,PhonePe,2,No,49,24,male
TXN-02151,12 Aug 2025,C-025,Nikhil Joshi,West,Pune,S-120,Johnson Baby Oil,Health & Beauty,Baby Care,1,$249,£100,0.05,0,EMI,9,--,199,32,M
TXN-01776,31/08/2025,C-017,Sundar Kumar,South,Bangalore,S-108,Yoga Mat Premium,Sports,Fitness,1,"$1,299",£580,0.05,0,Gpay,2,NO,0,37,M
TXN-00163,08 Mar 2026,C-026,Preethi Kumar,South,Chennai,S-116,MacBook Air M3,Electronics,Laptops,5,114900,"£78,000",0.1,0,phonepe,10,no,149,28,F
TXN-00253,19/12/2025,C-026,PREETHI KUMAR,SOUTH,Chennai,S-122,wireless mouse logitech,Electronics,peripherals,1,899,400,25,0,UPI,2,Yes,199,28,female
TXN-01378,02/23/2026,C-006,DEEPAK VERMA,North,Jaipur,S-109,Cetaphil Moisturiser,Health & Beauty,Skincare,5,£799,320,10,0,    upi    ,3,NO,49,38,M
TXN-00561,19-01-2026,C-018,Pallavi Shah,West,Surat,S-109,Cetaphil Moisturiser,Health & Beauty,Skincare,4,£799,320,0.15,2716.6,Debit Card,3,Y,$79,22,f
TXN-01927,08-05-2025,C-029,Rohan Gupta,West,Mumbai,S-124,Dyson V15 Vacuum,Home & Kitchen,Vacuum Cleaners,4,"₹54,900",35000,15,186660.0,UPI,10,1,99,25,male
TXN-02357,2025-06-07,C-025,Nikhil Joshi,West,Pune,S-125,ZARA FLORAL DRESS,FASHION,Women Clothing,5,4999,2200,5,0,Net Banking,5,FALSE,0,32,male
TXN-02201,03/12/2025,C-024,Divya Reddy,South,Hyderabad,S-105,"Samsung 55"" QLED",Electronics,Televisions,3,"£74,999",45000,10,0,Cash On Delivery,5,No,49,53.0,f
TXN-01268,15 Jun 2025,C-023,Tarun Sharma,North,Delhi,S-111,ON Whey Protein 2kg,  Health & Beauty  ,Fitness,4,2499,1200,0.05,0,PhonePe,6,no,199,19,  Male  
TXN-01502,02 Jun 2025,C-014,Mohit Saxena,North,Agra,S-117,Kindle Paperwhite,Electronics,E-Readers,2,"£14,999",9500,25,0,EMI,   9   ,n,₹49,44,Male
TXN-00763,19-02-2026,C-005,Meera Nair,South,Kochi,S-104,Atomic Habits,Books & Stationery,Non-Fiction,5,399,180,0,1995.0,Cash On Delivery,4,0,199,51,female
TXN-02059,04/18/2025,C-022,Swati Mishra,Central,Indore,S-105,"Samsung 55"" QLED",Electronics,Televisions,2,"£74,999","£45,000",0.15,127498.3,EMI,9,no,199,41,F
TXN-00117,03/30/2025,C-021,Aditya Bose,East,Kolkata,   S-106   ,Prestige Mixer,Home & Kitchen, Appliances ,1,4599,2200,25,3449.25,EMI,9,NO,0,,male
TXN-00425,2025-06-02,C-005,Meera Nair,South,Kochi,S-108,Yoga Mat Premium,Sports,Fitness,3,1299,580,30,2727.9,Net Banking,6,FALSE,0,51,nan
TXN-01584,11 Mar 2026,C-023,Tarun Sharma,North,Delhi,S-101,oneplus 12r,Electronics,Smartphones,3,"£29,999",18000,30,0,EMI,3,N,49,NaN,male
TXN-01798,08/28/2025,C-001,Priya Sharma,North,delhi,S-106,Prestige Mixer,Home & Kitchen,Appliances,1,4599,2200,5,0,Net Banking,8,n,99,28,FEMALE
TXN-01920,03/14/2026,C-001,Priya Sharma,North,Delhi,S-105,"Samsung 55"" QLED",Electronics,Televisions,1,"£74,999","£45,000",5,0,UPI,6,0,0,28,FEMALE
TXN-01675,22/04/2025,C-030,Shreya Patel,West,Ahmedabad,S-105,"samsung 55"" qled",Electronics,Televisions,4,74999,45000,0.2,0,Net Banking,3,N,0,30,female
TXN-00503,03/12/2025,C-001,Priya Sharma,North,New Delhi,S-113,Fitbit Charge 6,Electronics,Wearables,2,14999,9000,0.05,0,Cash On Delivery,4,No,0,28,FEMALE
TXN-01738,12 Sep 2025,C-009,KAVITA MEHTA,North,Lucknow,S-113,Fitbit Charge 6,Electronics,Wearables,1,14999,"$9,000",15,0,Gpay,7,false,0,45,F
TXN-00471,2026-04-15,C-017,Sundar Kumar,South,Bangalore,S-107,boAt Airdopes 141,Electronics,Headphones,1,1299,600,20,1039.2,Gpay,6,YES,199,37,m
TXN-01104,19 Jul 2025,C-010,sanjay kapoor,    North    ,Delhi,S-104,Atomic Habits,Books & Stationery,Non-Fiction,1,399,180,10,0,N/A,6,No,199,,Male
TXN-01602,2025-02-18,C-030,Shreya Patel,West,Ahmedabad,S-106,Prestige Mixer,Home & Kitchen,appliances,5,"£4,599",2200,10,20695.5,gpay,2,false,-,,FEMALE
TXN-01222,2025-03-09,C-014,mohit saxena,    North    ,Agra,S-112,Apple AirPods Pro 2,Electronics,Headphones,4,24900,16000,0,99600.0,Debit Card,7,0,49,,MALE
TXN-00868,28/12/2025,C-020,Geeta Iyer,SOUTH,Coimbatore,S-107,boAt Airdopes 141,Electronics,Headphones,4,1299,$600,0,0,Net Banking,5,no,$199,34,f
TXN-02037,2025-02-22,C-019,KISHORE NAIK,West,Nagpur,S-121,Maggi Noodles 12pk,Groceries,Instant Food,1,£168,£80,0,0,Cash,3,FALSE,49,62,M
TXN-01260,29 Mar 2026,C-017,Sundar Kumar,South,Bengaluru,S-107,boAt Airdopes 141,Electronics,Headphones,1,1299,600,10,0,Debit Card,10,false,149,37,male
TXN-00925,2025-06-20,C-024,DIVYA REDDY,South,HYDERABAD,S-119,Fastrack Analog Watch,Fashion,accessories,4,2499,1100,0.15,0,Gpay,7,0,199,,FEMALE
TXN-02038,12/06/2025,C-011,Ritu Jain,null,Pune,S-125,Zara Floral Dress,fashion,Women Clothing,3,4999,"₹2,200",0.1,13497.3,Cash,10,False,199,27,none
TXN-02147,2026-03-22,C-004,Vikram Singh,Central,Bhopal,S-115,Basmati Rice 5kg,GROCERIES,Staples,2,499,280,30,0,Debit Card,7,n,0,29,MALE
TXN-01453,2026-01-26,C-010,sanjay kapoor,    North    ,Delhi,S-102,Nike Air Max 90,Fashion,Footwear,2,8999,4500,10,0,Debit Card,4,no,149,40,M
TXN-01783,02/05/2026,C-022,Swati Mishra,Central,Indore,S-110,Levi's 511 Jeans,Fashion,Men Clothing,5,3999,1800,0.0,0,Cash,10,FALSE,199,41,FEMALE
TXN-01726,14-01-2026,C-011,Ritu Jain,West,Pune,s-104,Atomic Habits,Books & Stationery,Non-Fiction,5,$399,180,10,1795.5,EMI,1,YES,79,27,f
TXN-02094,10 Jul 2025,C-024,Divya Reddy,South,Hyderabad,S-116,MacBook Air M3,Electronics,Laptops,1,"£114,900",78000,15,0,PhonePe,5,N,79,,F
TXN-01874,15 Aug 2025,C-013,POOJA DAS,South,Chennai, S-121 ,Maggi Noodles 12pk,Groceries,Instant Food,1,$168,80,0.15,0,Debit Card,5,false,199,None,Female
TXN-00278,10/18/2025,C-009,Kavita Mehta,North,Lucknow,S-124,Dyson V15 Vacuum,Home & Kitchen,Vacuum Cleaners,5,54900,35000,0.05,0,PHONEPE,8,No,99,45,FEMALE
TXN-01890,31 Jul 2025,C-024,Divya Reddy,South,Hyderabad,S-107,boAt Airdopes 141,Electronics,Headphones,2,1299,600,5,0,Credit Card,2,   No   ,$79,53.0,Female
TXN-02252,2025-12-07,C-020,Geeta Iyer,South,Coimbatore,S-122,Wireless Mouse Logitech,Electronics,Peripherals,1,899,400,0.2,719.2,PhonePe,5,NaN,0,34,female
TXN-00749,2025-07-16,C-026,Preethi Kumar,South,chennai,S-106,PRESTIGE MIXER,Home & Kitchen,Appliances,2,4599,2200,0.05,0,Cash,5,no,99,28,F
TXN-01436,05-03-2026,C-009,Kavita Mehta,North,Lucknow,S-101,oneplus 12r,Electronics,Smartphones,1,29999,"£18,000",0.15,0,UPI,2,FALSE,49,,female
TXN-00979,2025-06-06,C-030,Shreya Patel,West,Ahmedabad,S-105,"Samsung 55"" QLED",electronics,Televisions,4,"£74,999",45000,15,0,#N/A,10,nan,49,30,F
TXN-01717,28 Jun 2025,C-014,Mohit Saxena,North,Agra, S-107 ,boAt Airdopes 141,Electronics,Headphones,4,1299,₹600,0,5196.0,NET BANKING,1,false,49,none,M
TXN-01119,23 Feb 2026,C-019,kishore naik,West,Nagpur,S-104,Atomic Habits,Books & Stationery,Non-Fiction,5,399,180,20,0,UPI,5,NO,99,62,Male
TXN-01300,2025-05-09,C-005,Meera Nair,South,Kochi,S-104,Atomic Habits,Books & Stationery,Non-Fiction,4,399,$180,20,0,PhonePe,6,NO,0,51,f
TXN-00476,12-10-2025,C-008,Arjun Patel,West,Ahmedabad,S-116,MacBook Air M3,Electronics,Laptops,4,"£114,900","£78,000",0.1,0,Gpay,3,false,79,24,MALE
TXN-01677,08/03/2025,C-007,Sunita Roy,East,Kolkata,S-122,Wireless Mouse Logitech,Electronics,Peripherals,3,$899,400,5,0,Net Banking,8,N,79,33,F
TXN-01589,31-12-2025,C-015,Nisha Pillai,South,Trivandrum,S-108,Yoga Mat Premium,Sports,Fitness,5,"₹1,299",580,0.15,5520.75,Cash On Delivery,4,false,0,26,female
TXN-01786,12/07/2025,C-008,arjun patel,West,Ahmedabad,S-103,Instant Pot Duo,Home & Kitchen,Appliances,2,9999,"₹5,200",0.05,0,Net Banking,9,False,199,24,m
TXN-01849,11/02/2026,C-016,rajesh khanna,West,Mumbai,S-120,none,Health & Beauty,Baby Care,3,£249,100,0,0,PhonePe,6,undefined,79,48,m
TXN-01538,09/16/2025,C-025,Nikhil Joshi,West,Pune,S-101,   OnePlus 12R   ,Electronics,    Smartphones    ,4,"£29,999",18000,30,83997.2,PhonePe,7,n,0,32,male
TXN-01433,09-04-2025,C-028,Anjali Singh,North,Jaipur,S-101,OnePlus 12R,Electronics,Smartphones,2,29999,18000,10,53998.2,Credit Card,7,no,0,36,f
TXN-00656,2025-06-06,C-030,SHREYA PATEL,West,Ahmedabad,S-109,Cetaphil Moisturiser,Health & Beauty,Skincare,4,799,320,0,0,    Gpay    ,3,no,₹99,30,F
TXN-02367,2025-09-20,C-023,Tarun Sharma,North,Delhi,S-108,Yoga Mat Premium,Sports,FITNESS,4,1299,580,20,0,phonepe,7,false,149,19,MALE
TXN-00077,12/12/2025,C-027,Arun Menon,South,Kochi,S-124,Dyson V15 Vacuum,Home & Kitchen,Vacuum Cleaners,5,54900,"₹35,000",20,0,Gpay,4,false,149,47,m
TXN-00130,03-04-2025,C-014,Mohit Saxena,North,Agra,S-103,Instant Pot Duo,Home & Kitchen,Appliances,4,"$9,999",5200,0.1,0,Gpay,8,FALSE,0,44,MALE
TXN-01771,22-12-2025,C-012,Harish Rao,South,hyderabad,S-114,Kurta Set Ethnic,Fashion,Ethnic Wear,3,1599,700,5,4557.15,Credit Card,7,No,99,55,M
TXN-01919,08/27/2025,C-024,Divya Reddy,South,Hyderabad,S-120,Johnson Baby Oil,Health & Beauty,Baby Care,1,£249,100,0.0,0,Cash On Delivery,6,N,79,53,F
TXN-00798,08/03/2025,C-028,Anjali Singh,North,Jaipur,S-101,OnePlus 12R,Electronics,Smartphones,4,"$29,999","₹18,000",20,0,Credit Card,3,FALSE,0,36,FEMALE
TXN-01727,2025-09-02,C-030,Shreya Patel,WEST,Ahmedabad,S-120,Johnson Baby Oil,Health & Beauty,Baby Care,5,249,100,10,1120.5,debit card,5,0,0,30,FEMALE
TXN-00136,06/08/2025,C-019,Kishore Naik,West,Nagpur,S-123,Pilates Resistance Band,SPORTS,Fitness,5,$599,240,25,0,Debit Card,8,n,199,62,male
TXN-02287,10/05/2025,C-006,Deepak Verma,North,Jaipur,S-106,Prestige Mixer,Home & Kitchen,Appliances,4,4599,2200,0.0,0,Debit Card,NULL,N,199,38,m
TXN-00794,06 Jan 2026,C-001,Priya Sharma,North,Delhi,S-110,Levi's 511 Jeans,Fashion,Men Clothing,4,3999,1800,5,15196.2,PhonePe,5,yes,199,28,None
TXN-00654,2025-12-12,C-002,Rahul Kumar,West,Mumbai,S-104,Atomic Habits,Books & Stationery,Non-Fiction,2,$399,180,0.0,798.0,Net Banking,10,false,0,35,MALE
TXN-01103,24 Oct 2025,C-008,ARJUN PATEL,West,Ahmedabad,S-115,Basmati Rice 5kg,Groceries,Staples,4,499,$280,5,0,EMI,7,FALSE,£79,24,male
TXN-01174,31-01-2026,C-030,Shreya Patel,West,Ahmedabad,S-106,Prestige Mixer,Home & Kitchen,Appliances,1,4599,2200,0.1,0,Gpay,3,n,99,30,f
TXN-00805,13-05-2025,C-022,Swati Mishra,Central,Indore,S-111,ON Whey Protein 2kg,Health & Beauty,Fitness,null,2499,1200,30,0,Debit Card,1,NO,0,41.0,f
TXN-00042,2025-07-31,C-021,Aditya Bose,East,Kolkata,S-102,Nike Air Max 90,Fashion,Footwear,1,8999,4500,0,0,UPI,NaN,undefined,49,29,--
TXN-01777,05-03-2026,C-009,Kavita Mehta,North,Lucknow,S-115,Basmati Rice 5kg,Groceries,Staples,1,499,280,5,0,EMI,5,N,79,45,F
TXN-00978,28-06-2025,C-022,Swati Mishra,Central,Indore,S-106,Prestige Mixer,Home & Kitchen,Appliances,3,4599,2200,0.1,0,CASH ON DELIVERY,5,FALSE,$99,41,F
TXN-00328,04-02-2026,C-002,RAHUL KUMAR,West,Mumbai,S-101,OnePlus 12R,ELECTRONICS,Smartphones,4,"$29,999","$18,000",0.0,0,Cash,1,y,149,,m
TXN-01555,24 Jul 2025,C-003,Ananya Gupta,South,Bangalore,S-101,OnePlus 12R,Electronics,Smartphones,2,"$29,999",18000,5,0,Credit Card,4,FALSE,79,42,female
TXN-02205,10-08-2025,C-013,Pooja Das,South,Chennai,S-108,Yoga Mat Premium,SPORTS,Fitness,1,1299,£580,0.2,0,UPI,10,   FALSE   ,0,31,FEMALE
TXN-00060,2025-09-28,C-007,SUNITA ROY,East,Kolkata,S-107,boAt Airdopes 141,Electronics,Headphones,5,"₹1,299",600,20,0,Cash,3,0,149,33,F
TXN-00129,06/02/2026,C-027,arun menon,South,Kochi,S-111,ON Whey Protein 2kg,Health & Beauty,Fitness,1,2499,"₹1,200",0,0,Cash On Delivery,N/A,no,$49,47,Male
TXN-02255,2025-11-18,C-008,Arjun Patel,west,Ahmedabad,S-110,Levi's 511 Jeans,Fashion,Men Clothing,4,3999,"£1,800",0.0,15996.0,Debit Card,5,N/A,49,24,male
TXN-01609,20 Jul 2025,C-012,Harish Rao,South,Hyderabad,S-108,Yoga Mat Premium,Sports,Fitness,3,1299,580,0,0,Net Banking,9,Y,0,55,Male
TXN-01838,01 May 2025,C-002,Rahul Kumar,West,Mumbai,S-102,nike air max 90,Fashion,Footwear,3,8999,4500,0.0,0,Debit Card,6,y,99,35,M
TXN-01176,26-02-2026,C-002,Rahul Kumar,West,Mumbai,S-103,INSTANT POT DUO,Home & Kitchen,Appliances,2,9999,"£5,200",20,15998.4,EMI,9,no,$49,,MALE
TXN-00500,2025-12-25,C-004,Vikram Singh,CENTRAL,Bhopal,   S-118   ,La Mer Moisturizer,Health & Beauty,Skincare,4,19900,11000,10,71640.0,UPI,6,False,79,29,Male
TXN-01467,02 Jun 2025,C-010,SANJAY KAPOOR,North,Delhi,S-118,La Mer Moisturizer,Health & Beauty,Skincare,3,"$19,900",11000,0.05,0,EMI,4,False,₹149,40,m
TXN-00294,26-02-2026,C-018,Pallavi Shah,   West   ,Surat,S-108,Yoga Mat Premium,Sports,Fitness,5,1299,$580,0.0,0,Gpay,6, NO ,0,22,Female
TXN-00552,2025-07-05,C-008,Arjun Patel,West,Ahmedabad,S-108,Yoga Mat Premium,Sports,Fitness,5,1299,580,0,0,PhonePe,    6    ,no,199,24.0,m
TXN-00698,02/12/2025,C-007,sunita roy,East,Kolkata,S-124,Dyson V15 Vacuum,Home & Kitchen,Vacuum Cleaners,2,"£54,900",35000,0,0,Debit Card,9,false,0,33,F
TXN-01474,03/26/2025,C-007,sunita roy,East,Kolkata,S-107,boAt Airdopes 141,Electronics,Headphones,4,"₹1,299",600,0,0,Cash On Delivery,9,N,199,33,F
TXN-01992,28 Feb 2026,C-015,Nisha Pillai,South,Trivandrum,S-108,Yoga Mat Premium,Sports,Fitness,4,1299,580,5,4936.2,Cash On Delivery,8,false,99,, female 
TXN-01710,2025-04-22,C-025,Nikhil Joshi,West,Pune,s-122,Wireless Mouse Logitech,  Electronics  ,Peripherals,4,899,400,0.0,3596.0,UPI,6,False,£49,   32   ,#N/A
TXN-01765,2025-03-03,C-007,Sunita Roy,East,Kolkata,S-105,"Samsung 55"" QLED",Electronics,Televisions,2,74999,45000,0.0,149998.0,Credit Card,9,NO,$49,33,F
TXN-01828,2025-05-17,C-019,kishore naik,West,Nagpur,S-102,Nike Air Max 90,Fashion,Footwear,3,8999,"$4,500",5,0,Cash,7,true,49,62,M
TXN-00773,05/01/2025,C-022,SWATI MISHRA,NaN,Indore,S-119,Fastrack Analog Watch,Fashion,Accessories,3,2499,1100,15,0,UPI,4,no,199,41,f
TXN-01373,11/12/2025,C-010,SANJAY KAPOOR,North,Delhi,S-119,Fastrack Analog Watch,Fashion,Accessories,4,2499,"$1,100",0.1,0,Net Banking,4,FALSE,149,40,MALE
TXN-00364,02-03-2025,C-027,Arun Menon,South,Kochi,S-103,Instant Pot Duo,Home & Kitchen,Appliances,2,9999,5200,5,0,Cash On Delivery,9,n,0,47,m
TXN-00799,09/02/2025,C-016,Rajesh Khanna,WEST,Mumbai,S-116,MacBook Air M3,Electronics,Laptops,1,114900,"$78,000",15,0,Cash,7,0,99,48,M
TXN-00375,02/12/2026,C-011,ritu jain,West,Pune,    S-117    ,kindle paperwhite,Electronics,E-Readers,5,"£14,999","$9,500",5,71245.25,NET BANKING,9,no,₹149,27,female
TXN-00193,20-07-2025,C-014,mohit saxena,North,Agra,S-119,Fastrack Analog Watch,Fashion,Accessories,1,2499,1100,0.1,0,PhonePe,5,no,0,44,M
TXN-00598,21-07-2025,C-024,Divya Reddy,South,Hyderabad,S-101,OnePlus 12R,Electronics,Smartphones,2,29999,18000,0.05,0,Net Banking,9,0,49,,FEMALE
TXN-01211,24-04-2025,C-001,priya sharma, North ,Delhi,S-119,Fastrack Analog Watch,Fashion,Accessories,4,"$2,499",1100,0.15,0,Net Banking,3,Y,79,28,FEMALE
TXN-02088,31 Aug 2025,C-020,Geeta Iyer, South ,Coimbatore,S-113,Fitbit Charge 6,Electronics,Wearables,4,"$14,999",9000,0,0,Gpay,6,n,79,34,Female
TXN-00252,07/25/2025,C-007,SUNITA ROY,East,Kolkata,S-105,"Samsung 55"" QLED",Electronics,Televisions,1,74999,45000,30,0,PhonePe,4,0,0,33,f
TXN-00600,2025-10-10,C-015,Nisha Pillai,South,Trivandrum,S-117,   Kindle Paperwhite   ,Electronics,E-Readers,5,14999,9500,30,0,EMI,7,True,0,26,F
TXN-00968,2026-02-28,C-010,Sanjay Kapoor,North,DELHI,S-106,Prestige Mixer,Home & Kitchen,Appliances,1,4599,2200,0.0,0,Debit Card,4,false,49,40,M
TXN-02133,23-03-2025,C-023,TARUN SHARMA,North,Delhi,S-121,Maggi Noodles 12pk,GROCERIES,Instant Food,5,168,80,20,672.0,Cash,--,NO,79,19,M
TXN-01879,27-07-2025,C-009,kavita mehta,North,Lucknow,S-117,Kindle Paperwhite,Electronics,E-Readers,3,"£14,999",9500,0.3,0,Credit Card,6,No,£49,45,female
TXN-ZERO-007,27-08-2025,C-030,Shreya Patel,West,Ahmedabad,S-103,Instant Pot Duo,Home & Kitchen,Appliances,0,9999,5200,0.05,9499.05,Gpay,4,false,79,30,F
TXN-01810,05-02-2026,C-024,Divya Reddy,South,Hyderabad,  S-109  ,   Cetaphil Moisturiser   ,Health & Beauty,Skincare,4,799,320,30,0,gpay,5,  N  ,0,53,Female
TXN-02097,25 Feb 2025,C-027,Arun Menon,south,Kochi,S-111,ON WHEY PROTEIN 2KG,Health & Beauty,Fitness,3,"$2,499",1200,20,0,  Cash  ,6,no,₹49,47,m
TXN-00974,01-05-2025,C-002,Rahul Kumar,West,Mumbai,S-122,Wireless Mouse Logitech,NA,Peripherals,5,899,400,15,3820.75,Cash,1,N,199,35,Male
TXN-00959,10/09/2025,C-010,SANJAY KAPOOR,NORTH,delhi,S-120,JOHNSON BABY OIL,health & beauty,Baby Care,5,249,100,10,0,Cash,3,TRUE,199,40,m
TXN-02305,2025-03-13,C-010,sanjay kapoor,North,Delhi,S-107,boAt Airdopes 141,Electronics,Headphones,1,1299,$600,0.05,0,UPI,5,FALSE,0,40,male
TXN-01082,11/26/2025,C-018,PALLAVI SHAH,West,Surat,S-107,boAt Airdopes 141,Electronics,Headphones,5,"₹1,299",600,0.2,0,UPI,    3    ,1,0,22,female
TXN-00237,25 Apr 2026,C-004,Vikram Singh,Central,Bhopal,S-106,Prestige Mixer,Home & Kitchen,Appliances,5,4599,2200,0,0,UPI,2,YES,£99,29,Male
TXN-00387,03/09/2025,C-030,Shreya Patel,West,Ahmedabad,S-107,boAt Airdopes 141,Electronics,Headphones,1,1299,600,10,0,UPI,10,N,99,30,female
TXN-01399,30 Mar 2026,C-029,rohan gupta,West,Mumbi,S-120,Johnson Baby Oil,Health & Beauty,Baby Care,4,249,₹100,0.0,0,DEBIT CARD,5,0,99,25,male
TXN-00001,13-04-2026,C-021,aditya bose,East,Kolkata,S-104,Atomic Habits,Books & Stationery,Non-Fiction,3,399,180,0.05,0,PHONEPE,10,NO,$79,29,  MALE  
TXN-01981,28/09/2025,C-004,Vikram Singh,Central,Bhopal,S-112,Apple AirPods Pro 2,Electronics,Headphones,4,24900,16000,0,0,Cash On Delivery,1,False,0,29,male
TXN-01867,11 Apr 2026,C-011,Ritu Jain,west,Pune,S-111,ON WHEY PROTEIN 2KG,Health & Beauty,Fitness,5,2499,1200,0.0,12495.0,UPI,7,FALSE,99,27,Female
TXN-00127,13/06/2025,C-009,KAVITA MEHTA,North,Lucknow,S-108,Yoga Mat Premium,Sports,Fitness,4,1299,580,0.05,4936.2,Cash On Delivery,7,--,99,45,F
TXN-02303,19/09/2025,C-008,Arjun Patel,West,Ahmedabad,S-123,Pilates Resistance Band,Sports,Fitness,5,599,240,30,2096.5,Debit Card,7,FALSE,49,24,m
TXN-01692,20 Aug 2025,C-027,Arun Menon,South,Kochi,S-109,Cetaphil Moisturiser,Health & Beauty,Skincare,4,799,$320,15,2716.6,UPI,2,False,₹149,47,Male
TXN-01333,07/12/2025,C-003,ANANYA GUPTA,South,Bangalore,nan,"Samsung 55"" QLED",Electronics,Televisions,2,"£74,999",45000,0.05,0,UPI,1,N,149,42,F
TXN-00740,15 Apr 2025,C-012,harish rao,South,Hyderabad,S-111,ON Whey Protein 2kg,Health & Beauty,Fitness,3,2499,1200,0.3,0,Gpay,9,NO,99,55,male
TXN-01193,16-04-2026,C-014,Mohit Saxena,North,Agra,S-119,Fastrack Analog Watch,Fashion,Accessories,1,2499,1100,20,1999.2,UPI,4,Yes,149,44,m
TXN-00822,04/08/2025,C-013,POOJA DAS,South,Chennai,S-123,Pilates Resistance Band,Sports,Fitness,5,599,240,25,0,Credit Card,1,N,0,31,F
TXN-01418,07/17/2025,C-002,Rahul Kumar,West,Mumbai,S-107,boAt Airdopes 141,Electronics,Headphones,2,1299,600,5,2468.1,Credit Card,4,TRUE,0,35,Male
TXN-01349,25 Apr 2026,C-008,Arjun Patel,West,Ahmedabad,S-110,Levi's 511 Jeans,Fashion,Men Clothing,2,3999,1800,0.25,0,Cash On Delivery,4,YES,99,24,m
TXN-00091,05/16/2025,C-005,Meera Nair,south,Kochi,S-102,Nike Air Max 90,Fashion,Footwear,4,8999,4500,0.15,0,Credit Card,10,False,0,51,FEMALE
TXN-02326,01-11-2025,C-010,Sanjay Kapoor,North,Delhi,S-124,Dyson V15 Vacuum,Home & Kitchen,Vacuum Cleaners,5,"£54,900",35000,15,0,Debit Card,10,No,199,40,male
TXN-01561,2026-02-09,C-014,Mohit Saxena,North,Agra,S-120,Johnson Baby Oil,Health & Beauty,BABY CARE,2,249,100,0.05,0,Cash,7,False,49,44,M
TXN-00836,2025-07-04,C-012,Harish Rao,South,Hyderabad,S-115,Basmati Rice 5kg,Groceries,Staples,2,499,280,0.0,0,Gpay,-,0,   0   ,55,Male
TXN-01687,18 Aug 2025,C-026,Preethi Kumar,South,Chennai,S-119,fastrack analog watch,Fashion,Accessories,5,2499,1100,5,0,PhonePe,5,n,   0   ,28,f
TXN-01531,05/21/2025,C-016,Rajesh Khanna,West,MUMBAI,S-124,Dyson V15 Vacuum,Home & Kitchen,Vacuum Cleaners,4,"£54,900",35000,0,0,PhonePe,3,N,0,48,m
TXN-02162,10-11-2025,C-026,Preethi Kumar,South,Chennai,S-101,OnePlus 12R,Electronics,Smartphones,4,29999,"$18,000",10,107996.4,Cash,5,no,0,28,FEMALE
TXN-00418,2026-04-22,C-013,Pooja Das,South,Chennai,S-105,"Samsung 55"" QLED",Electronics,TELEVISIONS,1,"$74,999","₹45,000",10,0,Cash On Delivery,6,n,0,31,f
TXN-01144,17 Jan 2026,C-023,TARUN SHARMA,North,Delhi,S-110,Levi's 511 Jeans,Fashion,Men Clothing,5,3999,1800,0.3,0,Cash,2,False,79,,m
TXN-01928,02/01/2026,C-028,Anjali Singh,North,Jaipur,s-116,NaN,ELECTRONICS,Laptops,1,"₹114,900",78000,0.15,0,Debit Card,3,True,0, 36 ,female
TXN-00381,24/06/2025,C-007,Sunita Roy,East,Kolkata,S-122,Wireless Mouse Logitech,Electronics,Peripherals,5,£899,400,0.3,0,Cash On Delivery,3,n,199,33,FEMALE
TXN-01058,23-05-2025,C-019,Kishore Naik,West,Nagpur,S-114,Kurta Set Ethnic,Fashion,-,1,1599,700,0.1,0,Cash On Delivery,7,n,149,62,MALE
TXN-02017,2026-01-24,C-029,Rohan Gupta,West,Mumbai,    S-114    ,Kurta Set Ethnic,   Fashion   ,Ethnic Wear,4,"$1,599",700,0,6396.0,PhonePe,10,false,0,25,Male
TXN-00783,12 Feb 2026,C-006,Deepak Verma,North,Jaipur,S-101,OnePlus 12R,Electronics,Smartphones,1,29999,18000,0.05,28499.05,  Cash On Delivery  ,9,FALSE,49,38,male
TXN-00607,09/05/2025,C-023,Tarun Sharma,North,Delhi,S-119,Fastrack Analog Watch,Fashion,Accessories,1,2499,1100,25,0,EMI,8,no,149,19,M
TXN-00441,10/10/2025,C-008,Arjun Patel,West,Ahmedabad,S-101,OnePlus 12R,ELECTRONICS,Smartphones,2,29999,18000,0.1,0,UPI,10,FALSE,199,24,Male
TXN-01376,24 Jan 2026,C-003,Ananya Gupta,South,Bangalore,S-113,Fitbit Charge 6,Electronics,Wearables,3,"£14,999",9000,25,0,EMI,1,NA,99,42,Female
TXN-02292,11-05-2025,C-009,Kavita Mehta,North,Lucknow,S-111,ON Whey Protein 2kg,Health & Beauty,Fitness,2,"£2,499","£1,200",0.0,0,Net Banking,2,n,149,45,Female
TXN-01690,2025-07-05,C-005,Meera Nair,South,Kochi,    S-117    ,Kindle Paperwhite,Electronics,E-Readers,3,14999,9500,0.25,0,Debit Card,1,No,0,51,f
TXN-02247,15-10-2025,C-026,PREETHI KUMAR,South,Chennai,S-109,Cetaphil Moisturiser, Health & Beauty ,Skincare,  4  ,₹799,320,30,2237.2,Credit Card,4,no,0,28,null
TXN-01327,2025-09-24,C-027,Arun Menon,south,Kochi,S-109,CETAPHIL MOISTURISER,Health & Beauty,Skincare,5,799,320,0.3,0,Cash,2,1,199,47,male
TXN-01385,2026-03-26,C-023,Tarun Sharma,North,Delhi,S-101,OnePlus 12R,Electronics,Smartphones,2,"₹29,999",18000,10,0,Debit Card,10,YES,0,19,male
TXN-00255,01/11/2025,C-029,Rohan Gupta,West,Mumbai,S-102,Nike Air Max 90,Fashion,Footwear,5,8999,4500,30,0,Debit Card,6,FALSE,79,25,M
TXN-01972,12/17/2025,C-025,Nikhil Joshi,West,Pune,S-101,OnePlus 12R,Electronics,Smartphones,4,29999,"₹18,000",0.15,0,Cash On Delivery,6,TRUE,149,32,MALE
TXN-01108,2025-09-11,C-007,Sunita Roy,east,Kolkata,S-119,Fastrack Analog Watch,Fashion,  Accessories  ,5,2499,"₹1,100",15,0,Cash On Delivery,  5  ,1,0,33,FEMALE
TXN-01165,22/07/2025,C-029,Rohan Gupta,West,Mumbai,S-124,Dyson V15 Vacuum,Home & Kitchen,Vacuum Cleaners,5,54900,35000,0.15,0,EMI,9,N,79,,male
TXN-01769,21/10/2025,C-002,Rahul Kumar,West,Mumbai,S-108,Yoga Mat Premium,Sports,Fitness,3,"$1,299",580,20,0,Cash,2,YES,199,35,male
TXN-00770,09/04/2026,C-014,Mohit Saxena,North,Agra,nan,Basmati Rice 5kg,Groceries,Staples,5,499,280,0.25,0,None,7,n,0,#N/A,Male
TXN-01271,28/01/2026,C-005,Meera Nair,South,Kochi,S-117,Kindle Paperwhite,Electronics,E-Readers,4,"£14,999",9500,0.0,0,PhonePe,10,no,79,51,F
TXN-01070,2026-03-04,C-030,Shreya Patel,West,Ahmedabad,s-101,OnePlus 12R,Electronics,Smartphones,2,"₹29,999","£18,000",0,0,Gpay,6,NO,79,30.0,FEMALE
TXN-01085,12-04-2026,C-011,RITU JAIN,WEST,Pune,N/A, MacBook Air M3 ,Electronics,Laptops,4,114900,"₹78,000",0,0,Debit Card,8,0,149,27,f
TXN-00761,14/04/2026,C-012,Harish Rao,South,Hyderabad,s-102,Nike Air Max 90,Fashion,Footwear,4,8999,"$4,500",5,34196.2,Gpay,9,No,£49,55,male
TXN-00989,2025-05-17,C-013,POOJA DAS,South,Chennai,S-111,ON Whey Protein 2kg,Health & Beauty,Fitness,5,"₹2,499",1200,0.1,0,Gpay,5,YES,79,31,Female
TXN-00780,03-06-2025,C-008,ARJUN PATEL,West,Ahmedabad,S-113,    Fitbit Charge 6    ,electronics,Wearables,2,"£14,999",9000,0.0,0,CREDIT CARD,6,N,149,24,m
TXN-00101,23 Mar 2026,C-016,Rajesh Khanna,West,Mumbai,S-101,OnePlus 12R,Electronics,Smartphones,4,29999,18000,0,0,Debit Card,10,no,199,48,M
TXN-01455,09-12-2025,C-005,Meera Nair,South,Kochi,S-107,boAt Airdopes 141,Electronics,Headphones,5,1299,600,5,0,Credit Card,9,No,49,51,female
TXN-01196,07/28/2025,C-030,Shreya Patel,West,Ahmedabad,S-111,ON Whey Protein 2kg,Health & Beauty,Fitness,4,"$2,499",1200,0,0,Debit Card,1,0,0,30,female
TXN-00863,2026-02-11,C-026,Preethi Kumar,South,Chennai,s-114,Kurta Set Ethnic,Fashion,Ethnic Wear,2,1599,$700,0.0,0,Cash On Delivery,10,Yes,99,28,f
TXN-02012,03/19/2025,C-010,Sanjay Kapoor,north,Dellhi,S-114,kurta set ethnic,Fashion,Ethnic Wear,4,1599,700,0.05,0,Cash On Delivery,10,n,99,40,male
TXN-00288,03/03/2025,C-012,HARISH RAO,South,Hyderabad,S-102,Nike Air Max 90,fashion,Footwear,4,8999,4500,0.2,0,Credit Card,4,False,₹99,55,MALE
TXN-00647,12/07/2025,C-022,Swati Mishra,CENTRAL,Indore,S-110,Levi's 511 Jeans,--,MEN CLOTHING,1,3999,1800,0.2,3199.2,Cash,2,n,0,41,Female
TXN-00403,05 Sep 2025,C-013,Pooja Das,South,Chennai,S-103,INSTANT POT DUO,home & kitchen,Appliances,5,9999,5200,25,37496.25,EMI,1,N,0,31,FEMALE
TXN-00398,21-09-2025,C-028,Anjali Singh,North,Jaipur,S-118,La Mer Moisturizer,Health & Beauty,Skincare,1,19900,11000,0.2,0,Cash On Delivery,6,no,0,36,Female
TXN-00262,03/01/2026,C-008,Arjun Patel,West,Ahmedabad,S-108,Yoga Mat Premium,Sports,Fitness,5,"£1,299",580,0.25,0,phonepe,1,False,0,NULL,MALE
TXN-02119,04/05/2026,C-029,ROHAN GUPTA,West,Mumbai,S-106,Prestige Mixer,Home & Kitchen,Appliances,4,4599,2200,0.1,0,Gpay,3,0, 0 ,25,M
TXN-01115,07/20/2025,C-012,HARISH RAO,South,Hyderabad,   S-107   ,boAt Airdopes 141,electronics,Headphones,3,"₹1,299",£600,10,0,EMI,None,yes,0,55,MALE
TXN-01767,28-03-2025,C-006,Deepak Verma,North,Jaipur,S-118,La Mer Moisturizer,HEALTH & BEAUTY,Skincare,3,"₹19,900",11000,20,0,Cash On Delivery,4,NO,0,38,M
TXN-01249,08/30/2025,C-029,rohan gupta,West,Mumbai,S-109,Cetaphil Moisturiser,Health & Beauty,Skincare,1,799,320,5,0,Net Banking,-,False,79,25,M
TXN-01554,26 Nov 2025,C-001,Priya Sharma,North,Delhi,S-114,Kurta Set Ethnic,fashion,Ethnic Wear,3,1599,700,5,0,EMI,3,NO,99,28,f
TXN-00430,13-03-2025,C-001,priya sharma,North,Delhi,S-116,MacBook Air M3,Electronics,Laptops,5,"£114,900","$78,000",0.0,0,Gpay,   6   ,0,199,28,F
TXN-02304,02 May 2025,C-023,Tarun Sharma,NORTH,Delhi,S-122,Wireless Mouse Logitech,Electronics,Peripherals,3,$899,400,0,0,Debit Card,10,no,$79,19,MALE
TXN-01566,13 Apr 2026,C-017,sundar kumar,South,Bangalore,S-121,MAGGI NOODLES 12PK,Groceries,Instant Food,5,168,80,0.0,840.0,    Gpay    ,2,N,0,nan,m
TXN-00145,12/21/2025,C-028,Anjali Singh,North,Jaipur,S-118,La Mer Moisturizer,Health & Beauty,Skincare,2,19900,11000,0.05,0,Credit Card,6,YES,99,36,Female
TXN-00750,01/29/2026,C-028,Anjali Singh,North,Jaipur,S-121,Maggi Noodles 12pk,Groceries,Instant Food,1,168,80,0.3,117.6,UPI,1,n,79,36,female
TXN-01744,22-09-2025,C-009,Kavita Mehta,NORTH,Lucknow,S-117,Kindle Paperwhite,Electronics,E-READERS,2,14999,"£9,500",0.3,20998.6,EMI,7,NO,199,45,F
TXN-01671,2026-01-27,C-020,Geeta Iyer,South,Coimbatore,S-121,Maggi Noodles 12pk,Groceries,Instant Food,3,168,80,0.0,504.0,Debit Card,7,False,0,34,female
TXN-01616,2025-05-09,C-022,Swati Mishra,Central,Indore,S-108,YOGA MAT PREMIUM,Sports,Fitness,3,1299,580,0,0,Cash On Delivery,8,No,99,41,FEMALE
TXN-00682,03/20/2026,C-022,Swati Mishra,Central,Indore,S-118,La Mer Moisturizer,Health & Beauty,Skincare,3,19900,11000,0.3,41790.0,EMI,3,no,0,41,NaN
TXN-01355,2025-11-13,C-021,Aditya Bose,East,Kolkata,S-122,Wireless Mouse Logitech,Electronics,Peripherals,3,899,400,0.05,0,EMI,1,No,99,29,male
TXN-01630,2025-03-12,C-025,NIKHIL JOSHI,West,Pune,S-104,Atomic Habits,null,Non-Fiction,4,£399,£180,5,0,PhonePe,4,false,$79,NaN,M
TXN-01641,05-05-2025,C-024,divya reddy,South,Hyderabad,S-108,Yoga Mat Premium,Sports,Fitness,1,1299,580,0.3,0,Net Banking,1,0,149,53,f
TXN-02155,18 May 2025,C-021,Aditya Bose,East,Kolkata,S-110,Levi's 511 Jeans,Fashion,Men Clothing,3,3999,1800,0,0,Cash On Delivery,1,false,0,29,m
TXN-01301,07/20/2025,C-025,NIKHIL JOSHI,West,Pune,S-115,   Basmati Rice 5kg   ,groceries,Staples,5,499,280,15,2120.75,PhonePe,10,False,79,32, m 
TXN-01859,20/08/2025,C-008,Arjun Patel,West,Ahmedabad,S-111,ON Whey Protein 2kg,Health & Beauty,Fitness,2,2499,"£1,200",30,0,EMI,6,NO,0,24,male
TXN-01932,14/03/2026,C-005,Meera Nair,South,Kochi,S-108,Yoga Mat Premium,Sports,Fitness,4,"$1,299",580,0,5196.0,PhonePe,4,n,99,51,FEMALE
TXN-00081,26-11-2025,C-003,Ananya Gupta,South,Bangalore,S-117,Kindle Paperwhite,Electronics,E-Readers,3,14999,"$9,500",0.0,0,PhonePe,4,FALSE,149,42,f
TXN-00840,28/05/2025,C-006,Deepak Verma,North,Jaipur,S-117,kindle paperwhite,Electronics,E-Readers,3,14999,9500,10,40497.3,Debit Card,2,no,99,38,M
TXN-01472,15-02-2026,C-026,Preethi Kumar,South,Chennai,S-119,Fastrack Analog Watch,Fashion,Accessories,3,2499,"₹1,100",30,0,Cash,1,No,49,28,f
TXN-ZERO-015,09 Nov 2025,C-020,Geeta Iyer,South,Coimbatore,S-118,La Mer Moisturizer,Health & Beauty,skincare,0,"£19,900",11000,5,94525.0,Cash On Delivery,5,NO,99,34,FEMALE
TXN-00844,26/03/2026,C-016,Rajesh Khanna,West,Mumbai,S-107,boAt Airdopes 141,Electronics,Headphones,4,1299,600,0,0,UPI,3,False,149,48.0,undefined
TXN-00351,01/16/2026,C-028,Anjali Singh,North,Jaipur,S-107,boAt Airdopes 141,Electronics,Headphones,1,"$1,299",600,0.2,0,Net Banking,5,no,149,    36    ,Female
TXN-02070,15/01/2026,C-020,Geeta Iyer,South,Coimbatore,S-104,Atomic Habits,Books & Stationery,Non-Fiction,2,399,180,0.15,0,Debit Card,10,0,79,NA,female
TXN-02159,2025-08-03,C-023,TARUN SHARMA,North,Delhi,S-121,Maggi Noodles 12pk,Groceries,Instant Food,5,$168,80,5,798.0,emi,6,False,0,19,M
TXN-00118,2026-02-18,C-005,Meera Nair,South,Kochi,  S-107  ,boAt Airdopes 141,undefined,Headphones,1,"$1,299",$600,0.1,1169.1,Credit Card,10,False,0,51.0,FEMALE
TXN-02046,30-01-2026,C-006,Deepak Verma,North,Jaipur,S-113,fitbit charge 6,Electronics,Wearables,2,"₹14,999",9000,0,29998.0,Cash,2,No,0,38,M
TXN-02242,23 Sep 2025,C-020,Geeta Iyer,South,Coimbatore,S-124,Dyson V15 Vacuum,Home & Kitchen,Vacuum Cleaners,3,54900,"$35,000",0.1,148230.0,Gpay,9,false,79,34,Female
TXN-01307,19/02/2026,C-029,Rohan Gupta,WEST,Mumbai,S-111,ON Whey Protein 2kg,Health & Beauty,Fitness,4,"$2,499",1200,0.05,0,PhonePe,1,no,$79,25,male
TXN-02152,28/05/2025,C-014,Mohit Saxena,North,Agra,   S-112   ,Apple AirPods Pro 2,Electronics,Headphones,1,24900,16000,15,21165.0,Cash On Delivery,2,FALSE,149,,m
TXN-01615,16 Feb 2025,C-016,Rajesh Khanna,West,Mumbai,S-118,La Mer Moisturizer,Health & Beauty,Skincare,1,"₹19,900",11000,0.2,0,Cash,5,NO,149,48,male
TXN-00137,2026-04-05,C-019,Kishore Naik,West,Nagpur,S-110,Levi's 511 Jeans,Fashion,Men Clothing,5,"£3,999",1800,0,0,EMI,3,Y,149,62,MALE
TXN-ZERO-008,26-02-2025,C-012,Harish Rao,South,Hyderabad,S-101,OnePlus 12R,Electronics,smartphones,0,"£29,999",18000,20,0,Gpay,nan,False,199,55,M
TXN-01292,11/01/2025,C-003,Ananya Gupta,South,Bangalore,S-108,Yoga Mat Premium,Sports,fitness,4,"$1,299",580,5,0,Debit Card,10,n,$79,42,F
TXN-02021,25 Jan 2026,C-007,Sunita Roy,East,Kolkata,S-111,ON Whey Protein 2kg,Health & Beauty,Fitness,1,2499,1200,0,2499.0,Cash,2,yes,149,33,Female
TXN-02202,14-08-2025,C-030,Shreya Patel,West,Ahmedabad,S-105,"Samsung 55"" QLED",Electronics,Televisions,1,"£74,999",45000,5,0,UPI,4,True,149,30,FEMALE
TXN-01583,01/02/2026,C-007,sunita roy,East,Kolkata,S-107,boAt Airdopes 141,Electronics,Headphones,3,"₹1,299",$600,0.1,0,Cash On Delivery,1,NO,0,33.0,f
TXN-01530,01 Jan 2026,C-009,Kavita Mehta,North,Lucknow,S-115,Basmati Rice 5kg,Groceries,Staples,4,$499,280,0,0,Cash On Delivery,5,NO,0,45,female
TXN-01594,06/09/2025,C-027,Arun Menon,South,Kochi,S-110,Levi's 511 Jeans,Fashion,Men Clothing,1,"₹3,999","£1,800",0.1,0,Net Banking,6,0,0,47,M
TXN-00473,29/06/2025,C-022,Swati Mishra,Central,Indore,S-120,    Johnson Baby Oil    ,Health & Beauty,Baby Care,5,249,100,0.0,1245.0,Cash,4,NO,0,41,FEMALE
TXN-00382,2025-05-04,C-030,Shreya Patel,West,Ahmedabad,S-112,Apple AirPods Pro 2,Electronics,Headphones,2,24900,"₹16,000",0.0,49800.0,Gpay,2,NO,NA,30,  Female  
TXN-01269,2026-04-02,C-023,Tarun Sharma,North,Delhi,S-118,La Mer Moisturizer,Health & Beauty,Skincare,5,"₹19,900",11000,15,0,cash,7,n,79,19.0,m
TXN-01785,19/04/2026,C-025,Nikhil Joshi,West,Pune,S-118,La Mer Moisturizer,Health & Beauty,Skincare,3,"₹19,900",11000,0.0,59700.0,  Cash  ,9,False,79,32,male
TXN-01631,17 Sep 2025,C-024,Divya Reddy,South,Hyderabad,S-121,Maggi Noodles 12pk,Groceries, Instant Food ,  4  ,£168,80,0.3,0,net banking,5,0,199,53,F
TXN-01861,2025-04-30,C-003,Ananya Gupta,South,Bangalore,S-125,Zara Floral Dress,fashion,Women Clothing,2,4999,2200,0.0,9998.0,Credit Card,8,y,₹49,42,F
TXN-00658,15 Sep 2025,C-013,Pooja Das,south,Chennai,S-115,Basmati Rice 5kg,Groceries,staples,1,499,₹280,15,0,UPI,8,0,0,31,Female
TXN-01975,2025-08-20,C-010,Sanjay Kapoor,North,Delhi,S-111,ON Whey Protein 2kg,Health & Beauty,FITNESS,3,2499,1200,25,5622.75,emi,10,0,99,40,M
TXN-01494,10/07/2025,C-005,Meera Nair,South,Kochi,S-117,Kindle Paperwhite,Electronics,E-Readers,5,14999,9500,0.0,0,Cash On Delivery,9,N,79,51,F
TXN-00713,2025-07-03,C-025,Nikhil Joshi,West,Pune,S-110,Levi's 511 Jeans,Fashion,Men Clothing,2,3999,1800,0,7998.0,#N/A, 3 ,false,99,32,Male
TXN-00466,29 Aug 2025,C-004,Vikram Singh,Central,Bhopal,S-122,wireless mouse logitech,  electronics  ,Peripherals,5,899,₹400,0,0,EMI,2,no,79,29,MALE
TXN-00549,15-11-2025,C-019,kishore naik,West,Nagpur,S-102,Nike Air Max 90,Fashion,Footwear,5,8999,4500,0.05,0,PhonePe,7,N,0,62,MALE
TXN-01665,08-04-2026,C-002,RAHUL KUMAR,West,Mumbai,S-109,Cetaphil Moisturiser,Health & Beauty,SKINCARE,5,799,320,0,0,Gpay,7,No,0,35,Male
TXN-00569,13 Mar 2025,C-014,Mohit Saxena,North,Agra,S-112,Apple AirPods Pro 2,   Electronics   ,Headphones,3,"£24,900",16000,0,0,Debit Card,8,FALSE,0,44,m
TXN-01136,09/29/2025,C-018,Pallavi Shah,West,Surat,S-119,Fastrack Analog Watch,Fashion,Accessories,5,2499,1100,30,8746.5,Cash,5,1,$99,22,f
TXN-00574,05 Mar 2025,C-004,Vikram Singh,central,Bhopal,S-122,wireless mouse logitech,Electronics,Peripherals,5,899,400,0.05,4270.25,PhonePe,4,undefined,0,29, M 
TXN-01944,2025-09-17,C-026,preethi kumar,south,Chennai,S-103,Instant Pot Duo,Home & Kitchen,Appliances,2,9999,5200,0,0,Cash,10,NO,99,28,f
TXN-01191,04-11-2025,C-026,PREETHI KUMAR,South,Chennai,S-112,Apple AirPods Pro 2,Electronics,Headphones,1,"₹24,900","$16,000",0.0,0,Net Banking,9,NO,0,28,female
TXN-00428,04-06-2025,C-011,Ritu Jain,West,Pune,S-105,"   SAMSUNG 55"" QLED   ",ELECTRONICS,Televisions,3,74999,"$45,000",5,0,Net Banking,7,False,149,27,female
TXN-01696,10-04-2025,C-004,vikram singh,Central,Bhopal,S-113,Fitbit Charge 6,Electronics,Wearables,5,"₹14,999",9000,20,0,Net Banking,7,false,49,29,Male
TXN-00314,2025-08-28,C-028,Anjali Singh,North,Jaipur,S-103,Instant Pot Duo,HOME & KITCHEN,Appliances,4,"$9,999",5200,0.0,39996.0,Net Banking,9,NO,99,36,Female
TXN-01511,2025-04-24,C-022,Swati Mishra,Central,Indore,S-106,Prestige Mixer,Home & Kitchen,Appliances,5,4599,2200,0.05,21845.25,PhonePe,7,N,149,41,Female
TXN-00875,09/09/2025,C-009,Kavita Mehta,North,Lucknow,S-104,Atomic Habits,Books & Stationery,,5,399,180,0.05,0,Net Banking,8,false,0,45,Female
TXN-02333,01/09/2025,C-021,Aditya Bose,East,Kolkata,S-122,Wireless Mouse Logitech,Electronics,Peripherals,1,899,400,30,0,Cash,9,NO,  0  ,29.0,M
TXN-00229,15 Mar 2025,C-021,ADITYA BOSE,East,Kolkata,S-102,Nike Air Max 90,Fashion,Footwear,2,"$8,999","$4,500",0.0,0,Cash,2,YES,99,29,M
TXN-02060,05/04/2025,C-017,Sundar Kumar,South,BANGALORE,S-124,Dyson V15 Vacuum,Home & Kitchen,Vacuum Cleaners,2,"£54,900","£35,000",0.1,98820.0,Cash,8,0,99,37,m
TXN-00918,04/04/2026,C-011,Ritu Jain,West,Pune,S-119,Fastrack Analog Watch,Fashion,Accessories,3,"£2,499","₹1,100",0.0,0,#N/A,8,n,0,27,F
TXN-02050,24 Nov 2025,C-004,Vikram Singh,Central,Bhopal,S-104,ATOMIC HABITS,Books & Stationery,Non-Fiction,3,₹399,$180,0,0,Cash On Delivery,4,no,0,29,male
TXN-01698,03 Jun 2025,C-006,deepak verma,North,Jaipur,S-125,Zara Floral Dress,Fashion,women clothing,1,"£4,999","£2,200",0,0,Gpay,8,TRUE,199,38,MALE
TXN-02380,20 Nov 2025,C-016,Rajesh Khanna,West,MUMBAI,S-116,MacBook Air M3,Electronics,Laptops,4,"₹114,900","$78,000",0,0,n/a,8,FALSE,0,48,male
TXN-00999,07/06/2025,C-006,Deepak Verma,North,Jaipur,S-104,Atomic Habits,Books & Stationery,Non-Fiction,3,₹399,£180,15,0,CREDIT CARD,    3    ,NO,199,38,MALE
TXN-00489,15/07/2025,C-028,Anjali Singh,North,Jaipur,S-107,boAt Airdopes 141,Electronics,Headphones,4,1299,600,0.0,0,Net Banking,10,false,49,36,f
TXN-01234,2025-07-19,C-005,Meera Nair,South,Kochi,S-124,Dyson V15 Vacuum,Home & Kitchen,Vacuum Cleaners,1,54900,"₹35,000",0.15,46665.0,Gpay,7,false,$199,51,F
TXN-01198,2025-12-11,C-005,MEERA NAIR,South,Kochi,S-122,Wireless Mouse Logitech,Electronics,peripherals,2,899,400,0,1798.0,EMI,1,false,79,51,F
TXN-01213,02-03-2026,C-015,Nisha Pillai,South,Trivandrum,S-123,Pilates Resistance Band,Sports,Fitness,1,599,240,0.1,0,EMI,10,NO,149,26,FEMALE
TXN-00834,05 Jan 2026,C-011,Ritu Jain,West,Pune,S-112,Apple AirPods Pro 2,Electronics,Headphones,1,24900,16000,0,0,  Credit Card  ,10,FALSE,  0  ,27,Female
TXN-01513,05 Feb 2026,C-018,Pallavi Shah,West,Surat,S-120,Johnson Baby Oil,Health & Beauty,Baby Care,3,249,100,10,0,Gpay,6,False,199,22,F
TXN-01172,05 Jul 2025,C-009,kavita mehta,north,Lucknow,S-118,La Mer Moisturizer,Health & Beauty,Skincare,4,"$19,900",11000,15,0,Cash,4,No,0,45,F
TXN-01438,04/19/2025,C-021,Aditya Bose,East,Kolkata,S-116,MacBook Air M3,Electronics,Laptops,2,"₹114,900",78000,20,183840.0,DEBIT CARD,3,NO,0,29,Male
TXN-00493,28/09/2025,C-017,SUNDAR KUMAR,south,Bangalore,S-112,Apple AirPods Pro 2,Electronics,Headphones,4,24900,16000,30,0,PhonePe,8,NO,99,37,male
TXN-00099,04/29/2025,C-025,Nikhil Joshi,WEST,Pune,S-110,levi's 511 jeans,Fashion,Men Clothing,3,3999,"$1,800",0.0,0,Cash,3,FALSE,99,32,m
TXN-00810,02/24/2025,C-014,Mohit Saxena,North,Agra,   S-124   ,Dyson V15 Vacuum,Home & Kitchen,Vacuum Cleaners,3,54900,35000,0.0,164700.0,EMI,1,False,149,44,m
TXN-00984,19/04/2025,C-028,Anjali Singh,North,Jaipur,S-118,La Mer Moisturizer,Health & Beauty,Skincare,2,19900,11000,10,0,EMI,4,No,0,36,f
TXN-01233,25/03/2026,C-023,Tarun Sharma,North,Dellhi,S-124,DYSON V15 VACUUM,Home & Kitchen,Vacuum Cleaners,  5  ,54900,35000,5,0,Gpay,3,False,0,19,male
TXN-01409,11/29/2025,C-013,Pooja Das,South,Chennai,S-107,boAt Airdopes 141,Electronics,headphones,5,1299,600,0,0,UPI,5,Y,99,31,female
TXN-00993,01 Apr 2026,C-030,Shreya Patel,West,Ahmedabad,S-122,Wireless Mouse Logitech,Electronics,none,4,899,$400,10,3236.4,EMI,4,false,99,30,NaN
TXN-00273,22/07/2025,C-010,Sanjay Kapoor,North,Delhi,S-110,Levi's 511 Jeans,Fashion,Men Clothing,5,3999,1800,0.3,0,  credit card  ,2,1,0,40,Male
TXN-01291,2026-01-12,C-023,Tarun Sharma,   North   ,Delhi,S-125,Zara Floral Dress,Fashion,Women Clothing,4,"₹4,999","$2,200",0,19996.0,Debit Card,5,FALSE,99,   19   ,m
TXN-01306,2025-07-11,C-018,Pallavi Shah,West,Surat,S-104,NA,Books & Stationery,Non-Fiction,2,$399,180,0,798.0,UPI,2,NO,0,22,FEMALE
TXN-01654,30/03/2025,C-024,Divya Reddy,South,Hyderabad,S-111,ON Whey Protein 2kg,Health & Beauty,Fitness,2,2499,1200,20,0,Credit Card,8,No,79,53,female
TXN-00072,19 Apr 2026,C-018,Pallavi Shah,West,Surat,s-102,Nike Air Max 90,Fashion,Footwear,3,8999,"₹4,500",5,0,Cash On Delivery,3,false,$49,22,female
TXN-01040,05/30/2025,C-001,Priya Sharma,North,Delhi,S-110,Levi's 511 Jeans,Fashion,Men Clothing,5,"£3,999","£1,800",0,19995.0,Credit Card,8,false,49,28,f
TXN-01763,25/11/2025,C-025,nikhil joshi,West,Pune,S-109,Cetaphil Moisturiser,Health & Beauty,Skincare,1,799,320,0.0,0,undefined,6,False,0,32,male
TXN-01052,02/03/2025,C-020,Geeta Iyer, South ,Coimbatore,S-122,Wireless Mouse Logitech,Electronics,Peripherals,2,£899,₹400,0.0,0,EMI,4,n,49,,female
TXN-01805,27 Apr 2025,C-004,Vikram Singh,Central,Bhopal,S-104,Atomic Habits,Books & Stationery,non-fiction,2,₹399,180,0.1,0,PhonePe,2,YES,0,29,Male
TXN-00931,18-02-2025,C-012,HARISH RAO,South,Hyderabad,S-114,Kurta Set Ethnic,Fashion,Ethnic Wear,2,"£1,599",$700,10,2878.2,EMI,5,no,49,55,M
TXN-02307,04-03-2026,C-015,Nisha Pillai,South,Trivandrum,S-105,"Samsung 55"" QLED",Electronics,Televisions,3,"$74,999",45000,0.25,0,Cash,3,Yes,$49,26,F
TXN-00089,2025-03-15,C-027,Arun Menon,South,Kochi,S-112,Apple AirPods Pro 2,Electronics,Headphones,1,"£24,900",16000,0.25,0,Credit Card,9,N,$199,47,m
TXN-00439,02/28/2026,C-021,Aditya Bose,East,Kolkata,s-109,Cetaphil Moisturiser,Health & Beauty,skincare,2,799,320,0,0,Gpay,9,false,    0    ,,m
TXN-00630,03-02-2026,C-002,Rahul Kumar,West,mumbai,S-125,Zara Floral Dress,fashion,nan,4,4999,2200,0.3,0,UPI,10,FALSE,0,35,    M    
TXN-01745,12 Jul 2025,C-027,Arun Menon,South,Kochi,S-112,Apple AirPods Pro 2,Electronics,Headphones,3,24900,16000,20,0,EMI,NaN,no,149,47,M
TXN-00796,25 Feb 2026,C-027,Arun Menon,South,Kochi,S-122,Wireless Mouse Logitech,Electronics,Peripherals,5,899,400,15,0,upi,2,False,49,47,MALE
TXN-02187,15 Sep 2025,C-022,SWATI MISHRA,Central,Indore,S-116,MacBook Air M3,Electronics,Laptops,2,114900,"£78,000",0.1,0,Net Banking,1,  no  ,79,41,Female
TXN-02175,2025-05-15,C-017,Sundar Kumar,South,Bangalore,S-119,Fastrack Analog Watch,Fashion,Accessories,5,"£2,499","₹1,100",0.3,0,Gpay,2,N,79,37,MALE
TXN-02372,10-08-2025,C-018,Pallavi Shah,West,Surat,S-102,Nike Air Max 90,Fashion,Footwear,1,"₹8,999","$4,500",0.2,0,Cash,4,no,0,22,f
TXN-00263,20-02-2025,C-020,Geeta Iyer,South,Coimbatore,S-113,Fitbit Charge 6,Electronics,Wearables,4,14999,"£9,000",0.25,0,Credit Card,8,No,79,34,F
TXN-01316,04/15/2026,C-002,Rahul Kumar,West,Mumbi,S-110,Levi's 511 Jeans,Fashion,Men Clothing,3,3999,"₹1,800",15,0,CASH ON DELIVERY,8,no,0,35,M
TXN-02028,2025-12-30,C-017,Sundar Kumar,South,Bangalore,S-108,Yoga Mat Premium,Sports,Fitness,4,1299,580,0.1,4676.4,PhonePe,3,no,79,37,Male
TXN-00716,2025-11-06,C-003,Ananya Gupta,South,Bangalore,S-114,Kurta Set Ethnic,Fashion,ETHNIC WEAR,1,1599,700,0.05,1519.05,Debit Card,1,N,199,42,FEMALE
TXN-00593,29/07/2025,C-002,rahul kumar,West,Mumbai,S-110,Levi's 511 Jeans,Fashion,Men Clothing,1,3999,"£1,800",0.0,0,UPI,9,n,0,35,MALE
TXN-01748,12/04/2026,C-030,SHREYA PATEL,West,Ahmedabad,S-115,Basmati Rice 5kg,Groceries,Staples,5,499,280,0.05,0,Credit Card,8,False,0,30,female
TXN-ZERO-002,25-07-2025,C-026,PREETHI KUMAR,south,Chennai,S-105,"Samsung 55"" QLED",Electronics, Televisions ,0,"£74,999","₹45,000",10,0,Credit Card,    2    ,n,0,28,FEMALE
TXN-00332,07-01-2026,C-017,Sundar Kumar,South,Bangalore,NULL,Kurta Set Ethnic,Fashion,Ethnic Wear,5,1599,700,10,7195.5,EMI,6,NO,199,37,Male
TXN-00719,03 Mar 2026,C-017,Sundar Kumar,None,Bangalore,S-101,OnePlus 12R,Electronics,Smartphones,4,"£29,999",18000,10,107996.4,DEBIT CARD,None,FALSE,49,37,MALE
TXN-01527,08/03/2025,C-015,Nisha Pillai,South,Trivandrum,S-120,Johnson Baby Oil,Health & Beauty,Baby Care,3,249,100,5,0,Credit Card,2,False,199,26,Female
TXN-00025,26/03/2025,C-003,Ananya Gupta,South,Bangalore,S-106,Prestige Mixer,Home & Kitchen,Appliances,4,4599,2200,0.15,0,Cash On Delivery,10,no,0,42.0,female
TXN-00555,25/01/2026,C-014,mohit saxena,North,Agra,S-123,Pilates Resistance Band,Sports,Fitness,4,$599,240,0.1,0,Cash On Delivery,10,n,99,44,Male
TXN-02314,2025-09-06,C-007,Sunita Roy,EAST,Kolkata,S-113,Fitbit Charge 6,Electronics,Wearables,3,"£14,999","£9,000",0.1,0,UPI,7,0,149,33,Female
TXN-01304,09-01-2026,C-011,Ritu Jain,West,Pune,S-115,Basmati Rice 5kg,Groceries,Staples,5,£499,280,0.05,0,n/a,1,FALSE,₹199,27,female
TXN-01926,2025-03-22,C-006,DEEPAK VERMA,North,Jaipur,S-118,la mer moisturizer,Health & Beauty,Skincare,5,19900,11000,15,0,Net Banking,8,no,0,38, MALE 
TXN-02055,08/16/2025,C-028,Anjali Singh,North,Jaipur,S-110,Levi's 511 Jeans, Fashion ,Men Clothing,1,3999,"₹1,800",10,0,UPI,8,n,0,36,FEMALE
TXN-01968,05/25/2025,C-016,Rajesh Khanna,West,Mumbai,none,MacBook Air M3,Electronics,Laptops,3,114900,78000,0.0,344700.0,Debit Card,3,    N    ,0,48,MALE
TXN-01577,25-08-2025,C-014,Mohit Saxena,North,Agra,S-123,Pilates Resistance Band,Sports,fitness,5,599,£240,10,0,    Cash On Delivery    ,6,FALSE,0,,m
TXN-01177,11/05/2025,C-025,Nikhil Joshi,West,Pune,S-108,Yoga Mat Premium,  Sports  ,Fitness,2,1299,580,30,0,UPI,8,n,₹79,32,Male
TXN-01873,2026-02-23,C-006,Deepak Verma,North,Jaipur,S-107,boAt Airdopes 141,ELECTRONICS,Headphones,5,1299,600,5,6170.25,upi,3,no,199,38,male
TXN-02337,12/12/2025,C-027,Arun Menon,South,Kochi,S-123,Pilates Resistance Band,Sports,Fitness,1,599,240,0.3,0,Cash,10,NO,79,47,Male
TXN-02249,29-10-2025,C-025,Nikhil Joshi,West,Pune,S-116,MacBook Air M3,Electronics,Laptops,2,"₹114,900",78000,0.05,0,--,5,false,$79,32,   MALE   
TXN-02203,07-02-2026,C-011,Ritu Jain,West,Pune,S-109,Cetaphil Moisturiser,Health & Beauty,Skincare,5,$799,320,0.0,0,cash on delivery,10,n,199,27,F
TXN-00483,03-12-2025,C-022,Swati Mishra,CENTRAL,Indore,S-101,OnePlus 12R,Electronics,Smartphones,4,"₹29,999",18000,25,0,Gpay,8,NO,49,41,female
TXN-00942,05/07/2025,C-002,Rahul Kumar,   West   ,MUMBAI,S-121,Maggi Noodles 12pk,Groceries,Instant Food,5,168,$80,25,0,Net Banking,10,1,149,35,Male
TXN-00287,2026-01-28,C-014,MOHIT SAXENA,North,Agra,S-107,boAt Airdopes 141,Electronics,Headphones,2,1299,600,0.05,0,Credit Card,2,N,£149,44,Male
TXN-00643,07-01-2026,C-022,Swati Mishra,Central,Indore,S-114,Kurta Set Ethnic,Fashion,Ethnic Wear,2,"$1,599",700,10,0,Cash On Delivery,9,0,79,41,female
TXN-00757,17-05-2025,C-007,Sunita Roy,East,Kolkata,S-103,Instant Pot Duo,Home & Kitchen,Appliances,5,9999,5200,0,0,Gpay,null,FALSE,0,,f
TXN-00212,13/09/2025,C-025,nikhil joshi,West,Pune,S-101,ONEPLUS 12R,Electronics,Smartphones,5,29999,18000,0.15,0,Gpay,9,No,99,32,m
TXN-00378,05/21/2025,C-027,Arun Menon,    South    ,Kochi,S-103,Instant Pot Duo,Home & Kitchen,appliances,2,"₹9,999",5200,0.25,14998.5,UPI,5,y,199,47,m
TXN-01341,11/21/2025,C-025,Nikhil Joshi,West,Pune,S-110,Levi's 511 Jeans,Fashion,Men Clothing,2,3999,1800,0.05,0,Debit Card,6,0,99,32,MALE
TXN-00218,19 Jan 2026,C-014,Mohit Saxena,North,Agra,S-114,Kurta Set Ethnic,Fashion,ETHNIC WEAR,1,1599,700,25,0,PhonePe,4,NO,79,44,Male
TXN-01999,06/07/2025,C-010,Sanjay Kapoor,North,delhi,S-114,Kurta Set Ethnic,Fashion,Ethnic Wear,1,"£1,599",700,0.1,1439.1,CASH,3,false,0,40,MALE
TXN-02072,2025-05-16,C-014,Mohit Saxena,NORTH,Agra,S-111,ON Whey Protein 2kg,Health & Beauty,Fitness,3,"$2,499","£1,200",20,0,PhonePe,4,N,79,44,m
TXN-02225,2025-03-31,C-022,Swati Mishra,Central,Indore,S-119,Fastrack Analog Watch, Fashion ,Accessories,4,"$2,499",1100,20,0,Cash On Delivery,2,no,0,41,female
TXN-00991,27 Jul 2025,C-012,Harish Rao,South,Hyderabad,S-123,Pilates Resistance Band,Sports,Fitness,2,599,£240,0.25,898.5,Gpay,1,False,149,55,MALE
TXN-01326,12 Feb 2026,C-013,Pooja Das,South,Chennai,S-102,Nike Air Max 90,FASHION,Footwear,2,"$8,999",4500,30,12598.6,Cash On Delivery,2,N,0,31,F
TXN-00049,2026-02-26,C-004,Vikram Singh,Central,Bhopal,S-119,Fastrack Analog Watch,fashion,Accessories,3,2499,1100,0.2,0,UPI,4,FALSE,₹99,29,M
TXN-01817,2025-08-19,C-008,Arjun Patel,West,Ahmedabad,S-121,Maggi Noodles 12pk,   Groceries   ,Instant Food,2,$168,$80,0,336.0,Cash,5,yes,79,24,M
TXN-01410,14-11-2025,C-026,Preethi Kumar,South,Chennai,S-111,ON Whey Protein 2kg,Health & Beauty,Fitness,2,"$2,499",1200,10,4498.2,CASH ON DELIVERY,4,NO,$79,28,FEMALE
TXN-00705,13 Mar 2026,C-014,Mohit Saxena,North,Agra,S-125,Zara Floral Dress,Fashion,Women Clothing,null,"£4,999","₹2,200",0.1,17996.4,EMI,10,False,199,44,male
TXN-02341,12/03/2026,C-030,Shreya Patel,West,Ahmedabad,S-105,"Samsung 55"" QLED",Electronics,Televisions,3,74999,45000,5,0,Cash,6,No,99,30,F
TXN-02369,08/13/2025,C-028,ANJALI SINGH,NORTH,Jaipur,S-106,Prestige Mixer,Home & Kitchen,APPLIANCES,2,4599,"$2,200",0.2,7358.4,UPI,9,False,0,36,f
TXN-01441,2025-08-09,C-013,Pooja Das,South,Chennai,S-104,Atomic Habits,Books & Stationery,Non-Fiction,5,$399,£180,5,0,PhonePe,8,No,0,31,f
TXN-00312,17-03-2025,C-029,Rohan Gupta,West,Mumbai,S-103,Instant Pot Duo,Home & Kitchen,-,5,9999,5200,10,0,Cash On Delivery,5,1,79,25,m
TXN-01095,23 Oct 2025,C-018,pallavi shah,West,Surat,S-121,maggi noodles 12pk,groceries,Instant Food,4,168,80,15,571.2,Net Banking,6,FALSE,0,22,FEMALE
TXN-01735,15 Jul 2025,C-009,Kavita Mehta,North,Lucknow,S-119,Fastrack Analog Watch,Fashion,Accessories,2,2499,1100,0.05,0,Cash On Delivery,,FALSE,0,45,F
TXN-00566,08/10/2025,C-028,ANJALI SINGH,North,Jaipur,S-124,Dyson V15 Vacuum,Home & Kitchen,Vacuum Cleaners,3,"$54,900","£35,000",10,0, Cash On Delivery ,4,N,49,,F
TXN-01693,06/03/2025,C-001,Priya Sharma,NORTH,Delhi,S-115,basmati rice 5kg,Groceries, Staples ,4,$499,280,5,0,Cash On Delivery,5,Y,99,28,F
TXN-01704,08/03/2025,C-010,Sanjay Kapoor,North,Delhi,S-122,Wireless Mouse Logitech,Electronics,Peripherals,2,899,400,10,1618.2,Cash On Delivery,4,NO,149,40,Male
TXN-01100,17-02-2025,C-016,Rajesh Khanna,West,MUMBAI,S-109,Cetaphil Moisturiser,Health & Beauty,Skincare,5,799,320,0.25,0,Debit Card,8, no , 0 ,48,  m  
TXN-01958,23 Mar 2025,C-010,Sanjay Kapoor,North,Delhi,S-116,MacBook Air M3,Electronics,Laptops,4,114900,78000,30,321720.0,Credit Card,3,FALSE,0,40,m
TXN-02035,2026-04-20,C-001,Priya Sharma,  North  ,Delhi,S-106,Prestige Mixer,Home & Kitchen,Appliances,4,"£4,599",2200,25,13797.0,Credit Card,8,0,79,28,FEMALE
TXN-01138,30/06/2025,C-022,Swati Mishra,Central,Indore,S-109,Cetaphil Moisturiser,Health & Beauty,Skincare,1,799,320,20,639.2,EMI,5,NO,£49,41,  Female  
TXN-00597,03/21/2026,C-022,Swati Mishra,Central,Indore,S-108,Yoga Mat Premium,Sports,Fitness,4,1299,₹580,0,0,PhonePe,8,False,99,41,Female
TXN-01074,20 Mar 2026,C-009,Kavita Mehta,north,Lucknow,s-117,Kindle Paperwhite,Electronics,E-READERS,1,"$14,999","₹9,500",10,0,Credit Card,3,0,0,45,f
TXN-00348,11/04/2025,C-015,Nisha Pillai,South,Trivandrum,S-125,Zara Floral Dress,Fashion,Women Clothing,2,"$4,999",2200,5,0,Debit Card,3,0,79,,FEMALE
TXN-02383,2026-03-08,C-024,Divya Reddy,  south  ,Hyderabad,S-101,oneplus 12r,Electronics,Smartphones,4,29999,"₹18,000",25,0,Cash,6,0,79,53,f
TXN-00715,20 Jul 2025,C-008,Arjun Patel,West,Ahmedabad,S-121,Maggi Noodles 12pk,Groceries,Instant Food,3,168,$80,10,0,PhonePe,10,NO,79,24,male
TXN-00375,02/12/2026,C-011,ritu jain,West,Pune,    S-117    ,kindle paperwhite,Electronics,E-Readers,5,"£14,999","$9,500",5,71245.25,NET BANKING,9,no,₹149,27,female
TXN-00646,23/04/2025,C-021,Aditya Bose,East,Kolkata,S-110,Levi's 511 Jeans,Fashion,Men Clothing,4,"₹3,999",1800,0.2,12796.8,Debit Card,7,no,£79,29,M
TXN-00634,2026-01-12,C-007,Sunita Roy,East,Kolkata,S-101,OnePlus 12R,Electronics,Smartphones,3,29999,18000,0.0,89997.0,Gpay,8,0,0,33,female
TXN-01446,10/11/2025,C-023,TARUN SHARMA, North ,Delhi,S-113,    Fitbit Charge 6    ,Electronics,  Wearables  ,3,14999,9000,0.1,0,PhonePe,2,0,199,19,Male
TXN-02237,2025-10-10,C-019,Kishore Naik,West,Nagpur,s-111,ON Whey Protein 2kg,Health & Beauty,Fitness,2,2499,1200,10,4498.2,NA,1,0,0,62,MALE
TXN-01425,02/22/2025,C-021,Aditya Bose,East,Kolkata,S-115,nan,Groceries,Staples,2,499,280,0.25,0,Credit Card,8,Y,149,29,male
TXN-00282,05 Dec 2025,C-006,Deepak Verma,North,Jaipur,S-122,Wireless Mouse Logitech,electronics,peripherals,3,899,400,0.0,0,UPI,5,Yes,£149,38,Male
TXN-00737,09-06-2025,C-027,Arun Menon,South,Kochi,S-104,Atomic Habits,Books & Stationery,Non-Fiction,   1   ,£399,180,5,0,Cash,8,n,₹199,47,MALE
TXN-00423,2025-04-13,C-021,Aditya Bose,East,Kolkata,S-111,ON Whey Protein 2kg,Health & Beauty,Fitness,    1    ,"£2,499","₹1,200",20,0,Debit Card,4,N,99,    29    ,M
TXN-00372,2025-08-30,C-003,Ananya Gupta,South,Bangalore,s-121,Maggi Noodles 12pk,Groceries,Instant Food,5,168,80,5,0,n/a,7,0,199,42,female
TXN-01024,13-03-2026,C-002,Rahul Kumar,West,Mumbai,S-125,Zara Floral Dress,Fashion,Women Clothing,2,"£4,999",2200,0,0,EMI,5,No,0,35,MALE
TXN-00170,08/23/2025,C-012,Harish Rao,SOUTH,Hyderabad,S-105,"Samsung 55"" QLED",Electronics,Televisions,1,74999,45000,15,0,Debit Card,1,NO,199,55,Male
TXN-00729,07-04-2026,C-012,Harish Rao,South,Hyderabad,S-109,Cetaphil Moisturiser,Health & Beauty,Skincare,4,₹799,320,0.0,3196.0,UPI,undefined,False,79,55,M
TXN-00339,09/03/2025,C-013,Pooja Das,South,Chennai,S-117,Kindle Paperwhite,Electronics,E-Readers,1,14999,9500,0.15,0,Cash,8,False,149,31,f
TXN-01854,24/05/2025,C-015,nisha pillai,South,Trivandrum,S-113,Fitbit Charge 6,ELECTRONICS,Wearables,4,"$14,999",9000,0,59996.0,Net Banking,7,no,149,26,FEMALE
TXN-01683,2026-01-19,C-008,Arjun Patel,West,Ahmedabad,S-117,Kindle Paperwhite,Electronics,E-Readers,4,14999,"£9,500",30,0,Debit Card,1,false,79,24,m
TXN-01071,05-08-2025,C-013,Pooja Das,South,Chennai,S-104,Atomic Habits,Books & Stationery,non-fiction,4,£399,180,0,0,Cash On Delivery,8,False,149,31,F
TXN-00259,07/22/2025,C-021,Aditya Bose,East,Kolkata,S-121,Maggi Noodles 12pk,Groceries,Instant Food,1,$168,$80,0,0,Debit Card,8,FALSE,149,29,Male
TXN-00230,12-02-2026,C-017,sundar kumar,   South   ,Bangalore,S-107,boAt Airdopes 141,Electronics,Headphones,2,1299,600,0,2598.0,PhonePe,9,0,79,37,m
TXN-00960,2025-08-14,C-015,Nisha Pillai,South,Trivandrum,S-106,Prestige Mixer,Home & Kitchen,Appliances,3,"$4,599",2200,0.1,0,Debit Card,10,NaN,0,26,f
TXN-01257,17 Dec 2025,C-009,Kavita Mehta,North,Lucknow,S-102,Nike Air Max 90,Fashion,Footwear,5,"₹8,999",4500,10,0,null,8,NO,49,45,f
TXN-01908,27/04/2025,C-009,Kavita Mehta,North,Lucknow,S-103,Instant Pot Duo,Home & Kitchen,Appliances,2,"₹9,999",5200,0.0,0,Cash On Delivery,6,N,0,45,none
TXN-02095,2026-02-04,C-012,harish rao,South,Hyderabad,S-110,Levi's 511 Jeans,Fashion,Men Clothing,3,3999,"₹1,800",0.0,11997.0,Cash On Delivery,10,No,0,55.0,M
TXN-01123,10 Dec 2025,C-002,Rahul Kumar,West,Mumbai,S-114,Kurta Set Ethnic,Fashion,Ethnic Wear,3,1599,700,0.0,4797.0,Credit Card,10,No,0,35,M
TXN-01227,21 Dec 2025,C-009,Kavita Mehta,North,Lucknow,S-102,Nike Air Max 90,Fashion,Footwear,2,"£8,999","£4,500",15,0,Net Banking,6,N,99,NA,F
TXN-02066,18/05/2025,C-016,Rajesh Khanna,West,Mumbai,S-110,Levi's 511 Jeans,Fashion,Men Clothing,  5  ,3999,1800,10,17995.5,Credit Card,6,no,99,48,m
TXN-02005,27/09/2025,C-013,Pooja Das,South,Chennai,S-120,Johnson Baby Oil,Health & Beauty,Baby Care,2,₹249,100,0.1,0,Gpay,1,n,0,31,F
TXN-01689,08 Apr 2025,C-020,Geeta Iyer,South,Coimbatore,S-121,Maggi Noodles 12pk,Groceries,Instant Food,4,£168,80,30,0,Cash,4,False,99,34,F
TXN-01055,20/12/2025,C-026,Preethi Kumar,South,Chennai,S-124,Dyson V15 Vacuum,None,Vacuum Cleaners,4,54900,35000,0.0,0,EMI,2,False,99,28,f
TXN-02025,11/21/2025,C-007,Sunita Roy,East,Kolkata,s-122,Wireless Mouse Logitech,   Electronics   ,PERIPHERALS,3,₹899,400,10,0,Credit Card,3,no,$199,33,FEMALE
TXN-01240,03 Feb 2026,C-021,Aditya Bose,East,Kolkata,S-121,Maggi Noodles 12pk,Groceries,Instant Food,4,₹168,80,0.05,0,   Debit Card   ,10,False,0,29,nan
TXN-00431,2025-12-04,C-028,Anjali Singh,North,Jaipur,S-105,"samsung 55"" qled",Electronics,Televisions,1,"$74,999","£45,000",0,0,Debit Card,4,FALSE,199,36,FEMALE
TXN-01917,03/12/2025,C-015,Nisha Pillai,South,Trivandrum,S-122, Wireless Mouse Logitech ,Electronics,Peripherals, 1 ,899,£400,0,0,Credit Card,5,n,49,26,f
TXN-00739,07/28/2025,C-030,SHREYA PATEL,West,Ahmedabad,S-101,OnePlus 12R,Electronics,Smartphones,3,"$29,999",18000,0.1,80997.3,Credit Card,1,false,79,30,FEMALE
TXN-01655,2026-04-08,C-008,Arjun Patel,West,Ahmedabad,S-122,wireless mouse logitech,Electronics,peripherals,5,₹899,400,10,0,Gpay,1,FALSE,99,24,m
TXN-00712,12/08/2025,C-009,KAVITA MEHTA,North,Lucknow,S-122,Wireless Mouse Logitech,Electronics,   Peripherals   ,2,899,$400,10,0,Credit Card,9,N,0,45,F
TXN-00416,15-12-2025,C-026,Preethi Kumar,South,Chennai,S-103,Instant Pot Duo,Home & Kitchen,Appliances,5,"$9,999","₹5,200",0.2,0,   EMI   , 4 ,n,0,28,FEMALE
TXN-01145,26/03/2026,C-029,ROHAN GUPTA,West,Mumbai,S-101,OnePlus 12R,Electronics,SMARTPHONES,4,29999,18000,20,95996.8,Gpay,1,no,0,25,male
TXN-01445,12/06/2025,C-018,pallavi shah,West,Surat,--,Apple AirPods Pro 2,Electronics,Headphones,5,24900,16000,0.25,0,Debit Card,7,FALSE,₹79,22,Female
TXN-02069,28/06/2025,C-017,Sundar Kumar,South,Bangalore,S-113,Fitbit Charge 6,Electronics,none,5,14999,9000,0.1,67495.5,Cash,4,N,149,37,male
TXN-02382,28-03-2026,C-003,ananya gupta,South,BANGALORE,S-123,Pilates Resistance Band,Sports,Fitness,3,£599,240,0.0,0,Net Banking,9,false,99,42,FEMALE
TXN-00944,24/12/2025,C-011,Ritu Jain,West,Pune,S-108,Yoga Mat Premium,Sports,Fitness,2,1299,₹580,0,0,Debit Card,3,True,149,27.0,F
TXN-01189,09 Sep 2025,C-005,meera nair,SOUTH,Kochi,S-122,  Wireless Mouse Logitech  ,Electronics,Peripherals,3,899,£400,0.1,2427.3,EMI,4,true,0,51,Female
TXN-01258,2026-03-15,C-028,anjali singh,North,Jaipur,S-111,ON Whey Protein 2kg,Health & Beauty,Fitness,3,2499,1200,0,0,Credit Card,2,false,0,36,F
TXN-00266,31/08/2025,C-012,Harish Rao,South,HYDERABAD,S-107,boAt Airdopes 141,Electronics,Headphones,2,1299,600,10,0,Debit Card,N/A,n,149,55,m
TXN-01015,06/03/2025,C-024,Divya Reddy,South,Hyderabad,S-111,on whey protein 2kg,Health & Beauty,Fitness,4,2499,1200,5,0,Gpay,    2    ,No,99,53,F
TXN-01388,06/17/2025,C-025,Nikhil Joshi,West,Pune,S-117,Kindle Paperwhite,null,E-READERS,1,14999,"₹9,500",0.3,0,Credit Card,1,n,79,32,M
TXN-01314,2026-03-28,C-016,RAJESH KHANNA,West,Mumbai,S-110,Levi's 511 Jeans,Fashion,Men Clothing,3,"£3,999",1800,0.1,0,CASH,3,False,₹199,48,Male
TXN-00821,01 Aug 2025,C-004,Vikram Singh,Central,Bhopal,-,Instant Pot Duo,Home & Kitchen,Appliances,1,9999,"₹5,200",0.25,0,PhonePe,8,N,149,29,m
TXN-00816,2025-09-05,C-007,Sunita Roy,East,Kolkata,S-101,OnePlus 12R,Electronics,Smartphones,1,"£29,999",18000,0,29999.0,Gpay,10,NO,199,33,f
TXN-01402,19/12/2025,C-029,Rohan Gupta,West,Mumbai,S-103,Instant Pot Duo,Home & Kitchen,Appliances,5,9999,"£5,200",0,0,UPI,5,True,49,25,M
TXN-00283,20-04-2025,C-003,ANANYA GUPTA,South,Bangalore,S-112,#N/A,Electronics,Headphones,5,"$24,900","₹16,000",5,118275.0,Credit Card,9,n,199,42,female
TXN-01053,2025-08-09,C-007,Sunita Roy,East,Kolkata,S-109,Cetaphil Moisturiser,Health & Beauty,Skincare,3,$799,$320,0.05,0,Cash,3,n,199,33,F
TXN-00575,25-09-2025,C-029,Rohan Gupta,West,Mumbai,S-106,Prestige Mixer,Home & Kitchen,Appliances,2,"£4,599","£2,200",0.0,0,Gpay,8,False,199,25,M
TXN-00417,30/07/2025,C-025,Nikhil Joshi,West,Pune,S-117,Kindle Paperwhite,Electronics,E-Readers,2,14999,9500,0.0,0,PhonePe,#N/A,false,199,32.0,male
TXN-01557,24 Jun 2025,C-023,Tarun Sharma,North,Delhi,S-103,Instant Pot Duo,home & kitchen,Appliances,4,9999,5200,0.1,0,Net Banking,5,N,149,19,m
TXN-FUTURE-009,31-12-2099,C-023,Tarun Sharma,North,Delhi,S-104,atomic habits,Books & Stationery,Non-Fiction,2,£399,$180,5,0,n/a,10,N,79,19,MALE
TXN-01618,11-10-2025,C-005,Meera Nair,South,Kochi,S-102,Nike Air Max 90,Fashion,Footwear,2,"₹8,999","₹4,500",0,17998.0,Net Banking,8,false,199,51,f
TXN-01417,03/11/2025,C-023,Tarun Sharma,North,Delhi,s-118,La Mer Moisturizer,Health & Beauty,Skincare,4,"£19,900",11000,0.05,0,EMI,10,   TRUE   ,£49,19,M
TXN-00389,22 Apr 2026,C-007,Sunita Roy,East,Kolkata,S-106,prestige mixer,Home & Kitchen,Appliances,2,"$4,599",2200,0.05,0,EMI, 10 ,False,0,33,Female
TXN-00085,06/06/2025,C-020,Geeta Iyer,South,Coimbatore,S-115,Basmati Rice 5kg,Groceries,Staples,5,499,$280,10,0,Net Banking,4,n,199,NaN,Female
TXN-01837,2025-08-05,C-002,Rahul Kumar,West,Mumbai,S-118,La Mer Moisturizer,Health & Beauty,Skincare,4,"₹19,900","£11,000",0.0,0,Debit Card,1,N,0,35,male
TXN-00448,2025-06-30,C-020,Geeta Iyer,South,Coimbatore,S-115,Basmati Rice 5kg,groceries,Staples,2,499,280,5,0,Debit Card,5,N,£49,34,female
TXN-00095,12/21/2025,C-015,Nisha Pillai,South,Trivandrum,S-102,Nike Air Max 90,Fashion,Footwear,5,"£8,999",4500,0.2,0,PhonePe,7,n,149,26,FEMALE
TXN-01241,18-07-2025,C-001,Priya Sharma,North,Delhi,S-122,Wireless Mouse Logitech,Electronics,Peripherals,3,899,400,0.3,0,Gpay,3,No,49,28,F
TXN-00495,29/03/2025,C-028,Anjali Singh,North,Jaipur,S-108,yoga mat premium,Sports,Fitness,3,"£1,299",580,25,0,Credit Card,6,FALSE,0,36,F
TXN-00142,2025-04-21,C-025,Nikhil Joshi,West,Pune,S-102,Nike Air Max 90,Fashion,Footwear,2,"₹8,999",4500,0,0,Cash On Delivery,8,No,49,32,m
TXN-02111,21 Apr 2026,C-011,Ritu Jain,West,Pune,  S-116  ,MacBook Air M3,Electronics,None,2,114900,78000,0.0,0,Debit Card,2,no,79,27,Female
TXN-00845,01/11/2025,C-025,Nikhil Joshi,West,Pune,S-114,Kurta Set Ethnic,Fashion,ETHNIC WEAR,2,"$1,599",700,25,0,Cash On Delivery,8,false,199,32,male
TXN-00022,28-07-2025,C-013,Pooja Das,South,Chennai,S-120,Johnson Baby Oil,Health & Beauty,Baby Care,3,$249,100,0.15,0,Credit Card,3,no,149,31,FEMALE
TXN-02220,03/17/2025,C-015,Nisha Pillai,South,Trivandrum,S-104,Atomic Habits,Books & Stationery,Non-Fiction,2,399,₹180,5,758.1,Net Banking,6,FALSE,149,26,Female
TXN-01860,12-08-2025,C-022,Swati Mishra,Central,Indore,S-122,Wireless Mouse Logitech,Electronics,Peripherals,1,899,400,30,0,Gpay,5,NO,49,41,f
TXN-00195,22-04-2025,C-026,Preethi Kumar,South,Chennai,S-101,OnePlus 12R,Electronics,Smartphones,2,29999,18000,0,0,Debit Card,6,TRUE,99,28,female
TXN-00102,02 Jul 2025,C-027,Arun Menon,South,Kochi,S-105,"Samsung 55"" QLED",Electronics,Televisions,    1    ,74999,45000,0.0,0,Net Banking,6,NO,--,47,male
TXN-02270,16/05/2025,C-027,Arun Menon,South,Kochi,S-103,Instant Pot Duo,Home & Kitchen,Appliances,5,9999,5200,0.05,0,None,2,NO,199,47,m
TXN-01429,24 Jun 2025,C-022,Swati Mishra,Central,Indore,S-118,La Mer Moisturizer,Health & Beauty,Skincare,4,"₹19,900","£11,000",0.1,0,EMI,3,  No  ,79,41,f
TXN-01370,01 Oct 2025,C-018,Pallavi Shah,West,Surat,S-108,Yoga Mat Premium,Sports,,1,1299,£580,10,1169.1,PhonePe,4,N,49,22,female
TXN-00867,03 Dec 2025,C-027,arun menon,South,Kochi,S-101,OnePlus 12R,ELECTRONICS,Smartphones,4,"₹29,999",18000,0.0,119996.0,Cash,7,FALSE,0,47,MALE
TXN-01215,14 May 2025,C-009,Kavita Mehta,North,Lucknow,S-120,Johnson Baby Oil,Health & Beauty,Baby Care,5,249,£100,0.15,0,EMI,5,N,99,45,FEMALE
TXN-00079,12/01/2025,C-028,Anjali Singh,North,Jaipur,S-103,Instant Pot Duo,Home & Kitchen, Appliances ,5,9999,5200,0.2,0,UPI,10,n,49,36,female
TXN-02061,08/19/2025,C-026,preethi kumar,South,Chennai,S-118,La Mer Moisturizer,Health & Beauty,Skincare,5,"₹19,900",11000,0.2,0,Cash On Delivery,3,n,0,28,FEMALE
TXN-00776,2025-02-14,C-025,Nikhil Joshi,West,Pune,S-113,  Fitbit Charge 6  ,Electronics,Wearables,5,14999,9000,0.2,59996.0,Cash On Delivery,6,False,199,32, m 
TXN-02185,24/07/2025,C-006,Deepak Verma, NORTH ,Jaipur,S-105,"Samsung 55"" QLED",Electronics,Televisions,5,74999,"£45,000",0,374995.0,Net Banking,3,false,49,38,M
TXN-00782,2025-04-24,C-012,Harish Rao,South,Hyderabad,S-117,Kindle Paperwhite,Electronics,E-Readers,3,"£14,999","£9,500",0.1,40497.3,Debit Card,3,No,149,55,Male
TXN-00511,29/11/2025,C-014,Mohit Saxena,,Agra,S-105,"Samsung 55"" QLED",Electronics,Televisions,2,74999,"₹45,000",10,0,Debit Card,5,no,49,44,Male
TXN-01290,10/06/2025,C-011,Ritu Jain,West,Pune,    S-112    ,apple airpods pro 2,ELECTRONICS,Headphones,5,24900,"$16,000",5,0,UPI,8,Y,0,  27  ,Female
TXN-01442,06-12-2025,C-017,Sundar Kumar,South,BANGALORE,S-105,"Samsung 55"" QLED",Electronics,Televisions,3,74999,45000,0,224997.0,PhonePe,8,False,₹199,37,male
TXN-01490,11/03/2025,C-021,Aditya Bose,east,Kolkata,S-113,Fitbit Charge 6,ELECTRONICS,Wearables,4,"$14,999",9000,15,0,gpay,9,0,199,#N/A,m
TXN-01486,2025-06-20,C-003,Ananya Gupta,South,BANGALORE,S-120,Johnson Baby Oil,Health & Beauty,Baby Care,5,₹249,100,0.1,1120.5,Cash On Delivery,6,N,0,42,female
TXN-00982,22-12-2025,C-005,Meera Nair,South,Kochi,-,Wireless Mouse Logitech,Electronics,Peripherals,4,899,400,0,0,Debit Card,5,NO,0,51,Female
TXN-00254,2025-05-24,C-019,Kishore Naik,West,Nagpur,S-102,Nike Air Max 90,Fashion,Footwear,1,8999,"£4,500",5,0,   Cash   ,9,FALSE,149,62,MALE
TXN-00987,08/07/2025,C-005,meera nair,South,Kochi,S-121,Maggi Noodles 12pk,Groceries,Instant Food,4,168,80,10,0,Cash On Delivery,9,No,79,51,Female
TXN-01826,19 Dec 2025,C-013,Pooja Das,South,Chennai,S-114,kurta set ethnic,Fashion,Ethnic Wear,3,1599,$700,0.1,0,NA,N/A,false,99,31,FEMALE
TXN-01971,07/26/2025,C-024,DIVYA REDDY,South,Hyderabad,S-107,boAt Airdopes 141,Electronics,headphones,4,"₹1,299",600,30,3637.2,NET BANKING,3,y,0,53,F
TXN-01851,19-04-2026,C-015,Nisha Pillai,SOUTH,Trivandrum,S-123,Pilates Resistance Band,Sports,Fitness,5,₹599,240,20,2396.0,PhonePe,3,NO,149,26,N/A
TXN-00340,08/14/2025,C-013,pooja das,South,Chennai,S-120, Johnson Baby Oil ,Health & Beauty,Baby Care,1,249,100,0.2,199.2,Cash,8,0,49,31,Female
TXN-00585,20 Sep 2025,C-026,Preethi Kumar,SOUTH,Chennai,S-118,La Mer Moisturizer,Health & Beauty, Skincare ,1,19900,"£11,000",5,18905.0,Cash On Delivery,1,0,0,28,--
TXN-01811,2025-12-01,C-018,Pallavi Shah,West,Surat,S-102,Nike Air Max 90,Fashion,Footwear,2,"£8,999","$4,500",0.2,0,PhonePe,N/A,No,£79,22,F
TXN-00527,13 Feb 2026,C-018,Pallavi Shah,West,Surat,S-105,"Samsung 55"" QLED",Electronics,Televisions,1,74999,45000,0.1,0,Gpay,2,  N  ,199,22,FEMALE
TXN-00510,20-07-2025,C-003,Ananya Gupta,South,Bangalore,S-117,Kindle Paperwhite,Electronics,E-READERS,2,"$14,999",9500,0.0,29998.0,Cash On Delivery,4,FALSE,149,42,F
TXN-00928,03-09-2025,C-009,Kavita Mehta,North,Lucknow,S-117,Kindle Paperwhite,Electronics,E-Readers,3,"£14,999",9500,0.2,0, Gpay ,--,0,0,45,F
TXN-01552,16/08/2025,C-023,Tarun Sharma,North,Delhi,S-102,    Nike Air Max 90    ,Fashion,FOOTWEAR,4,8999,"£4,500",0.0,0,PhonePe,9,FALSE,199,19,m
TXN-00526,19-03-2026,C-011,Ritu Jain,West,Pune,S-114,Kurta Set Ethnic,Fashion,Ethnic Wear,4,1599,700,0,0,PhonePe,9,0,149,#N/A,f
TXN-00587,18/07/2025,C-021,Aditya Bose,East,Kolkata,S-122,Wireless Mouse Logitech,Electronics,Peripherals,4,899,$400,0,0,EMI,6,YES,79,29,m
TXN-01097,07/21/2025,C-008,Arjun Patel,West,Ahmedabad,S-113,Fitbit Charge 6,Electronics,wearables,2,"£14,999","£9,000",5,0,Credit Card,4,True,0,24,m
TXN-01804,15 Apr 2026,C-009,kavita mehta,North,Lucknow,S-123,Pilates Resistance Band,Sports,Fitness,1,599,240,0.1,0,EMI,9,0,49,45,f
TXN-00827,05-02-2026,C-024,Divya Reddy,South,Hyderabad,S-120,johnson baby oil,N/A,none,2,249,100,5,473.1,DEBIT CARD,9,FALSE,$79,53,f
TXN-01582,17 May 2025,C-002,Rahul Kumar,West,Mumbi,S-104,Atomic Habits,Books & Stationery,Non-Fiction,1,399,180,10,359.1,Net Banking,8,no,£79,35,MALE
TXN-00095,12/21/2025,C-015,Nisha Pillai,South,Trivandrum,S-102,Nike Air Max 90,Fashion,Footwear,5,"£8,999",4500,0.2,0,PhonePe,7,n,149,26,FEMALE
TXN-01961,2025-12-25,C-008,Arjun Patel,West,Ahmedabad,S-123,Pilates Resistance Band,Sports,Fitness,5,₹599,240,0.15,0,Debit Card,7,No,99,24,Male
TXN-00383,11/10/2025,C-003,Ananya Gupta,South,Bangalore,S-101,OnePlus 12R,Electronics,Smartphones,  1  ,29999,"₹18,000",0.0,0,Cash On Delivery,6,no,79,42,f
TXN-01762,04 Aug 2025,C-001,Priya Sharma,North,Delhi,S-103,Instant Pot Duo,Home & Kitchen,Appliances,n/a,9999,"£5,200",0,0,Net Banking,3,n,199,28,Female
TXN-02331,24-02-2026,C-006,Deepak Verma,North,Jaipur,S-118,La Mer Moisturizer,Health & Beauty,Skincare,1,"₹19,900",11000,5,0,Cash On Delivery,2,0,0,38,male
TXN-00792,16-12-2025,C-029,Rohan Gupta,West,Mumbi,S-101,OnePlus 12R,Electronics,Smartphones,3,"₹29,999",18000,0.15,0,Debit Card,6,1,99,25,M
TXN-02298,01/03/2026,C-013,Pooja Das,South,Chennai,S-117,Kindle Paperwhite,Electronics,E-Readers,2,14999,9500,0.0,29998.0,cash,2,n,79,None,female
TXN-01718,05-03-2025,C-023,Tarun Sharma,north,Delhi,S-118,la mer moisturizer,Health & Beauty,skincare,2,"$19,900","₹11,000",0.1,35820.0,UPI,7,N,199,19,Male
TXN-01635,09/20/2025,C-007,Sunita Roy,East,Kolkata,S-107,boAt Airdopes 141,Electronics,   Headphones   ,4,1299,600,10,0,Credit Card,2,FALSE,99,33,Female
TXN-00596,12-01-2026,C-023,Tarun Sharma,North,Delhi,S-121,Maggi Noodles 12pk,Groceries,Instant Food,3,168,80,0,504.0,UPI,6,N,£99,19,male
TXN-02015,24/01/2026,C-014,Mohit Saxena,north,Agra,S-104,Atomic Habits,Books & Stationery,non-fiction,4,₹399,180,5,0,EMI,3,N,0,44,M
TXN-00891,2025-05-14,C-028,Anjali Singh,North,Jaipur,S-117,Kindle Paperwhite,Electronics,E-Readers,2,14999,"$9,500",0.05,0,Cash On Delivery,9,0,99,36.0,F
TXN-02233,26/10/2025,C-022,swati mishra,Central,Indore,S-108,Yoga Mat Premium,Sports,Fitness,1,1299,580,10,1169.1,Credit Card,2,true,£199,41,F
TXN-00958,04 Aug 2025,C-013,Pooja Das,South,Chennai,S-115,Basmati Rice 5kg,Groceries,Staples,5,£499,280,0.1,0,Credit Card,7,no,0,,female
TXN-00388,2025-11-24,C-021,Aditya Bose,East,Kolkata,s-102,Nike Air Max 90,Fashion,Footwear,5,8999,"£4,500",10,0,Gpay,1,true,49,29,M
TXN-01484,04/12/2025,C-013,Pooja Das,South,Chennai,S-107,BOAT AIRDOPES 141,Electronics,HEADPHONES,3,1299,£600,0,0,Gpay,8,False,99,31,FEMALE
TXN-01190,12/02/2026,C-024,Divya Reddy,South,Hyderabad,S-110,Levi's 511 Jeans,Fashion,Men Clothing,5,3999,1800,30,13996.5,Debit Card,2,False,79,53,female
TXN-01633,17-01-2026,C-028,Anjali Singh,undefined,Jaipur,S-115,BASMATI RICE 5KG,Groceries,Staples,3,499,280,0.1,1347.3,Cash On Delivery,9,n,$79,36,f
TXN-00323,01-08-2025,C-028,Anjali Singh,North,Jaipur,S-121,Maggi Noodles 12pk,Groceries,Instant Food,5,168,₹80,20,0,UPI,3,NO,199,36,f
TXN-01666,14-05-2025,C-017,Sundar Kumar,South,Bangalore,S-101,OnePlus 12R,   Electronics   ,Smartphones,1,"$29,999",18000,0.3,0,Cash,7,NO,$149,37,M
TXN-01121,07 Jun 2025,C-006,Deepak Verma,North,Jaipur,S-112,Apple AirPods Pro 2,Electronics,Headphones,5,24900,"£16,000",20,0,EMI,4,FALSE,199,38,Male
TXN-02354,2025-08-24,C-014,Mohit Saxena,North,Agra,S-114,Kurta Set Ethnic,Fashion,Ethnic Wear,2,"$1,599",£700,15,0,Cash,1,0,49,44,M
TXN-00839,16/08/2025,C-001,Priya Sharma,North,Delhi,S-107,boAt Airdopes 141,electronics,Headphones,5,1299,600,0,0,CASH,10,no,49,28,female
TXN-01703,18 Jul 2025,C-007,Sunita Roy,EAST,Kolkata,S-119,Fastrack Analog Watch, Fashion ,Accessories,3,2499,1100,0.15,0,Net Banking,1,YES,£149,33,female
TXN-02213,02/23/2025,C-002,Rahul Kumar,West,MUMBAI,S-109,Cetaphil Moisturiser,Health & Beauty,Skincare,4,799,320,0.3,0,Net Banking,6,n,199,35,male
TXN-00146,06/04/2025,C-029,Rohan Gupta,West,Mumbai,S-121,Maggi Noodles 12pk,Groceries,Instant Food,5,168,80,10,0,EMI,4,NO,0,25,M
TXN-01146,2025-03-06,C-024,Divya Reddy,South,Hyderabad,S-125,Zara Floral Dress,Fashion,Women Clothing,1,"£4,999","£2,200",5,0,Debit Card,1,no,₹149,,Female
TXN-00665,31/10/2025,C-006,Deepak Verma,North,Jaipur,   S-116   ,MacBook Air M3,Electronics,Laptops,3,114900,78000,30,0,Cash,9,FALSE,199,38,M
TXN-02130,23-10-2025,C-020,Geeta Iyer,South,Coimbatore,,Nike Air Max 90,Fashion,footwear,3,8999,4500,0.3,18897.9,Gpay,3,Y,149,34,FEMALE
TXN-00590,25 May 2025,C-011,Ritu Jain,West,Pune,S-115,BASMATI RICE 5KG,groceries,Staples,3,499,280,0.05,0,   Cash   ,8,NO,0,27,FEMALE
TXN-01934,16/08/2025,C-026,Preethi Kumar,South,Chennai,S-113,Fitbit Charge 6,Electronics,Wearables,3,14999,"£9,000",0,0,Cash,9,FALSE,0,28,female
TXN-01096,09-07-2025,C-023,Tarun Sharma,NORTH,Delhi,S-102,Nike Air Max 90,Fashion,Footwear,4,8999,4500,0.25,0,emi,9,FALSE,49,19,    Male    
TXN-00029,2025-04-08,C-012,Harish Rao,South,Hyderabad,S-109,Cetaphil Moisturiser,Health & Beauty,Skincare,1,$799,₹320,0.1,719.1,Credit Card,1,FALSE,99,55,male
TXN-01443,12/17/2025,C-010,Sanjay Kapoor,North,Delhi,S-113,Fitbit Charge 6,Electronics,Wearables,5,14999,9000,15,0,Debit Card,5,No,79,40,MALE
TXN-02013,08/06/2025,C-023,Tarun Sharma,North,Delhi,S-111,ON Whey Protein 2kg,Health & Beauty,Fitness,1,"₹2,499",1200,0.1,2249.1,Net Banking,5,FALSE,0,19,m
TXN-01537,04/23/2025,C-028,Anjali Singh,North,Jaipur,S-124,Dyson V15 Vacuum,Home & Kitchen,Vacuum Cleaners,4,54900,"$35,000",20,0,Net Banking,6,N,0,36,f
TXN-01406,2025-04-19,C-020,Geeta Iyer,South,Coimbatore,S-121,Maggi Noodles 12pk,Groceries, Instant Food ,5,168,£80,30,0,Cash On Delivery,6,Y,0,34,FEMALE
TXN-01046,21-03-2026,C-012,HARISH RAO,South,Hyderabad,S-115,  Basmati Rice 5kg  ,Groceries,Staples,5,₹499,280,0,0,Cash On Delivery,7,true,199,55,  male  
TXN-01084,02/19/2026,C-006,Deepak Verma,North,Jaipur,S-123,Pilates Resistance Band,Sports,Fitness,2,₹599,240,0,0,Gpay,9,No,99,38,Male
TXN-00870,12/18/2025,C-007,Sunita Roy,  East  ,Kolkata,   S-122   ,Wireless Mouse Logitech,Electronics,peripherals,2,£899,400,5,0,Debit Card,1,No,79,33,female
TXN-01493,01/13/2026,C-014,Mohit Saxena,North,Agra,S-116,MacBook Air M3,Electronics,Laptops,4,114900,78000,0.0,459600.0,PHONEPE,8,n,199,44,m
TXN-01495,23/01/2026,C-021,Aditya Bose,East,Kolkata,S-102,Nike Air Max 90,Fashion,Footwear,1,8999,"₹4,500",0,0,UPI,3,NO,149,29,m
TXN-01768,25-10-2025,C-015,Nisha Pillai,South,Trivandrum,S-101,OnePlus 12R,Electronics,Smartphones,2,29999,18000,5,0,Debit Card,10,False,0,26,f
TXN-01664,08/02/2025,C-016,rajesh khanna,West,Mumbai,S-121,MAGGI NOODLES 12PK,Groceries,  Instant Food  ,3,168,80,0,0,UPI,10,false,79,48,MALE
TXN-02222,01/25/2026,C-021,ADITYA BOSE,East,Kolkata,S-120,Johnson Baby Oil,Health & Beauty,Baby Care,5,249,$100,0.1,0,Gpay,4,FALSE,0,29,M
TXN-00896,2026-03-19,C-016,Rajesh Khanna,West,Mumbai,S-113,Fitbit Charge 6,Electronics,Wearables,   4   ,"£14,999",9000,5,0,Net Banking,4,no,£79,48,MALE
null,null,null,null,null,null,null,null,null,null,null,null,null,null,null,null,null,null,null,null,null
TXN-01364,2025-09-17,C-021,Aditya Bose,East,Kolkata,S-102,Nike Air Max 90,Fashion,Footwear,1,8999,4500,0.1,0,Credit Card,9,    NO    ,0,29,M
TXN-01029,17/11/2025,C-029,Rohan Gupta,West,MUMBAI,S-110,Levi's 511 Jeans,Fashion,Men Clothing,2,"£3,999",1800,0.25,0,UPI,8,  false  ,79,25,M
TXN-01863,11 Apr 2025,C-008,Arjun Patel,West,Ahmedabad,S-118,LA MER MOISTURIZER,Health & Beauty,  Skincare  ,3,19900,11000,0.15,0,Gpay,3,NO,49,24, male 
TXN-01278,04 Jul 2025,C-021,Aditya Bose,East,Kolkata,S-121,Maggi Noodles 12pk,Groceries,Instant Food,n/a,168,80,25,378.0,EMI,4,no,0,29,m
TXN-01293,2025-04-03,C-030,SHREYA PATEL,West,Ahmedabad,S-115,Basmati Rice 5kg,Groceries,Staples,1,£499,280,0,0,PhonePe,3,true,0,30,FEMALE
TXN-00981,14-03-2025,C-003,Ananya Gupta,South,Bangalore,S-110,Levi's 511 Jeans,FASHION,Men Clothing,3,3999,"$1,800",0.0,0,PhonePe,10,false,0,42,female
TXN-01299,18 Mar 2026,C-010,Sanjay Kapoor,North,Delhi,S-110,Levi's 511 Jeans,Fashion,MEN CLOTHING,2,3999,1800,0.2,0,EMI,nan,false,0,40,male
TXN-ZERO-012,2025-10-25,C-023,TARUN SHARMA,North,Delhi,s-108,Yoga Mat Premium,SPORTS,Fitness,0,"$1,299",580,0.2,0,Debit Card,2,yes,79,19,MALE
TXN-00765,02-05-2025,C-011,Ritu Jain,West,Pune,S-106,Prestige Mixer,Home & Kitchen,Appliances,2,"£4,599",2200,25,0,Cash,10,    NO    ,£49,27,female
TXN-00278,10/18/2025,C-009,Kavita Mehta,North,Lucknow,S-124,Dyson V15 Vacuum,Home & Kitchen,Vacuum Cleaners,5,54900,35000,0.05,0,PHONEPE,8,No,99,45,FEMALE
TXN-00727,15/12/2025,C-010,Sanjay Kapoor,NORTH,delhi,S-114,Kurta Set Ethnic,Fashion,Ethnic Wear,3,1599,700,0.05,4557.15,Gpay,1,false,99,40,male
TXN-02241,09/02/2025,C-010,Sanjay Kapoor,North,DELHI,S-123,Pilates Resistance Band,Sports,Fitness,5,599,240,0.2,0,UPI,8,FALSE,0,40,m
TXN-00112,20-03-2026,C-001,Priya Sharma,North,Delhi,S-121,Maggi Noodles 12pk,Groceries,Instant Food,4,£168,$80,0.1,604.8,Net Banking,10,n,0,28,Female
TXN-01362,23-03-2026,C-028,anjali singh,North,Jaipur,S-111,ON Whey Protein 2kg,Health & Beauty,Fitness,3,2499,1200,10,0,PhonePe,9,0,199,36,f
TXN-02309,30 Oct 2025,C-021,Aditya Bose,East,Kolkata,S-103,Instant Pot Duo,Home & Kitchen,Appliances,3,9999,5200,25,0,Credit Card,3,False,0,29,m
TXN-01367,25-05-2025,C-020,Geeta Iyer,   South   ,Coimbatore,S-105,"Samsung 55"" QLED",electronics,Televisions,5,"£74,999",45000,0,374995.0,Net Banking,7,FALSE,0,34,  F  
TXN-00021,2025-07-16,C-003,ANANYA GUPTA,South,Bangalore,s-125,Zara Floral Dress,Fashion,Women Clothing,2,4999,2200,25,0,EMI,10,0,199,42,FEMALE
TXN-01270,28 Feb 2025,C-003,Ananya Gupta,South,Bangalore,s-122,wireless mouse logitech,electronics,peripherals,1,899,400,0.15,0,Net Banking,8,False,149,42.0,FEMALE
TXN-00885,01 Feb 2026,C-023,TARUN SHARMA,North,Delhi,S-110,Levi's 511 Jeans,Fashion,Men Clothing,1,"₹3,999",1800,30,0,Credit Card,10,N,199,19,male
TXN-01152,05/07/2025,C-020,Geeta Iyer,South,Coimbatore,S-105,"Samsung 55"" QLED",Electronics,Televisions,5,74999,45000,5,0,Gpay,7,False,0,34,F
TXN-00847,08/18/2025,C-003,Ananya Gupta,South,Bangalore,s-124,Dyson V15 Vacuum,Home & Kitchen,Vacuum Cleaners,2,"£54,900",35000,0.1,0,Cash,3,0,₹149,42,FEMALE
TXN-00467,30-10-2025,C-010,Sanjay Kapoor,North,delhi,S-121,Maggi Noodles 12pk,Groceries,Instant Food,1,168,80,0.0,0,Cash On Delivery,2,no,₹149,40,m
TXN-00276,08 Aug 2025,C-027,Arun Menon,South,Kochi,S-122,Wireless Mouse Logitech,Electronics,PERIPHERALS,2,899,400,10,0,Net Banking,5,yes,0,47,M
TXN-01558,26/01/2026,C-021,Aditya Bose,East,Kolkata,S-113,Fitbit Charge 6,Electronics,wearables,4,"₹14,999",9000,0,0,Net Banking,5,null,149,29,male
TXN-01428,07/02/2025,C-022,Swati Mishra,Central,Indore,s-110,Levi's 511 Jeans,Fashion,MEN CLOTHING,3,3999,"₹1,800",0.1,0,EMI,10,n,199,41,Female
TXN-00523,03/13/2025,C-030,Shreya Patel,West,Ahmedabad,S-115,Basmati Rice 5kg,Groceries,Staples,4,499,₹280,0,1996.0,Cash,2,0,0,,f
TXN-02236,2025-06-03,C-022,Swati Mishra,Central,Indore,S-116,MacBook Air M3,Electronics,Laptops,4,114900,"₹78,000",10,413640.0,PhonePe,6,false,79,41,F
TXN-01031,12 Jul 2025,C-018,Pallavi Shah,West,Surat,S-104,NA,Books & Stationery,Non-Fiction,5,399,180,10,0,Gpay,3,no,$149,22.0,none
TXN-02016,05 Feb 2026,C-001,Priya Sharma,North,Delhi,S-123,Pilates Resistance Band,Sports,Fitness,3,599,240,10,0,Credit Card,10,no,199,28,F
TXN-01294,05/09/2025,C-014,Mohit Saxena,North,Agra,S-124,Dyson V15 Vacuum,Home & Kitchen,Vacuum Cleaners,4,54900,35000,0.1,197640.0,PhonePe,8,    n    ,79,44,m
TXN-ZERO-009,04/12/2025,C-008,Arjun Patel,West,Ahmedabad,S-125,Zara Floral Dress,fashion,Women Clothing,0,"$4,999",2200,0.0,9998.0,Credit Card,5,yes,79,24,m
TXN-00317,26-04-2025,C-013,Pooja Das,South,Chennai,S-116,MacBook Air M3,Electronics,Laptops,4,114900,"₹78,000",20,0,Debit Card,10,False,79,31,Female
TXN-01481,08/08/2025,C-023,Tarun Sharma,North,Delhi,S-109,Cetaphil Moisturiser,Health & Beauty,Skincare,2,799,320,15,0,UPI,5,False,$49,    19    ,MALE
TXN-00027,11/04/2025,C-002,Rahul Kumar,West,Mumbai,S-122,Wireless Mouse Logitech,Electronics,Peripherals, 5 ,₹899,400,0.0,0,Debit Card,3,N,99,35,M
TXN-01891,10/25/2025,C-023,Tarun Sharma,North,Delhi,S-104,Atomic Habits,Books & Stationery,Non-Fiction,4,399,₹180,0.0,0,cash on delivery,9,0,99,19,m
TXN-02274,12/18/2025,C-020,geeta iyer,South,Coimbatore,S-115,Basmati Rice 5kg,Groceries,Staples,5,£499,₹280,0.0,0,UPI,6,False,199,34,FEMALE
TXN-01899,22 Jan 2026,C-021,Aditya Bose,East,Kolkata,S-123,Pilates Resistance Band,Sports,Fitness,   2   ,₹599,240,0.0,0,EMI,9,false,49,29,Male
TXN-01395,03-03-2026,C-026,Preethi Kumar,South,Chennai,S-121,Maggi Noodles 12pk,Groceries,Instant Food,3,168,80,0.05,0,Gpay,9,    NO    ,149,NA,
TXN-00519,2025-10-17,C-010,Sanjay Kapoor,North,Delhi,S-102,Nike Air Max 90,NULL,Footwear,4,"$8,999",4500,0.15,30596.6,Credit Card,8,NO,49,40,Male
TXN-00504,28/11/2025,C-015,Nisha Pillai,South,Trivandrum,S-112,Apple AirPods Pro 2,Electronics,Headphones,3,"₹24,900",16000,0.1,0,Cash On Delivery,3,    FALSE    ,99,,female
TXN-01419,13 Mar 2026,C-027,Arun Menon,South,Kochi,S-112,Apple AirPods Pro 2,Electronics,Headphones,3,"£24,900",16000,30,0,gpay,10,FALSE,0,47,M
TXN-01797,22 Feb 2026,C-013,Pooja Das,South,Chennai,S-109,Cetaphil Moisturiser,Health & Beauty,Skincare,2,799,320,0.0,0,Gpay,5,  n  ,0,31,F
TXN-00172,27 Feb 2026,C-016,Rajesh Khanna,West,Mumbai,S-103,Instant Pot Duo,Home & Kitchen,Appliances,5,"$9,999",5200,10,0,Credit Card,4,False,99,48,M
TXN-01911,2025-04-24,C-003,Ananya Gupta,South,Bangalore,S-111,n/a,Health & Beauty,Fitness,4,"₹2,499",1200,0.3,6997.2,cash,10,NO,79,42,female
TXN-01795,20-06-2025,C-015,NISHA PILLAI,South,Trivandrum,S-111,ON Whey Protein 2kg,Health & Beauty,Fitness,5,2499,"£1,200",10,11245.5,Gpay,5,n,0,26,F
TXN-01550,11/09/2025,C-007,Sunita Roy,East,Kolkata,s-109,Cetaphil Moisturiser,Health & Beauty,Skincare, 5 ,799,320,10,3595.5,Gpay,5,No,79,33,FEMALE
TXN-00133,12/03/2026,C-023,Tarun Sharma,North,Delhi,S-124,Dyson V15 Vacuum,Home & Kitchen,Vacuum Cleaners,4,54900,35000,0,0,Cash On Delivery,1,no,199,19,MALE
TXN-00914,12/03/2025,C-016,Rajesh Khanna,West,Mumbai,S-116,MacBook Air M3,Electronics,Laptops,1,114900,"$78,000",10,0,EMI,4,YES,199,48,m
TXN-02178,01-04-2026,C-013,Pooja Das,South,Chennai,S-117,Kindle Paperwhite,Electronics,E-Readers,3,"£14,999",9500,10,0,net banking,10,N,199,31,FEMALE
TXN-00017,21/07/2025,C-018,Pallavi Shah,West,Surat,S-125,Zara Floral Dress,Fashion,Women Clothing,4,"₹4,999","£2,200",0.15,16996.6,Cash,3,N,79,22,Female
TXN-00140,24-02-2025,C-023,Tarun Sharma,North,Delhi,S-104,Atomic Habits,Books & Stationery,none,2,399,180,0.2,0,Cash,8,,£149,19,male
TXN-02318,04/13/2026,C-005,Meera Nair,South,Kochi,S-124,Dyson V15 Vacuum,Home & Kitchen,Vacuum Cleaners,3,"$54,900",35000,0.05,156465.0,Gpay,7,false,0,51,Female
TXN-00484,06/19/2025,C-007,Sunita Roy,East,Kolkata,S-111,ON Whey Protein 2kg,Health & Beauty,FITNESS,3,2499,1200,5,0,Debit Card,7,True,0,33,FEMALE
TXN-00068,22-02-2025,C-015,Nisha Pillai,South,Trivandrum,S-109,Cetaphil Moisturiser,Health & Beauty,NULL,4,£799,320,15,0,DEBIT CARD,10,0,0,26,Female
TXN-ZERO-010,2025-03-15,C-027,Arun Menon,South,Kochi,S-112,Apple AirPods Pro 2,Electronics,Headphones,0,"£24,900",16000,0.25,0,Credit Card,9,N,$199,47,m
TXN-02288,2026-01-08,C-023,Tarun Sharma,North,Delhi,S-124,Dyson V15 Vacuum,Home & Kitchen,Vacuum Cleaners,2,"£54,900","$35,000",0.0,0,Net Banking,9,FALSE,0,19,m
TXN-01796,07/02/2026,C-026,Preethi Kumar,South,Chennai, S-109 ,Cetaphil Moisturiser,Health & Beauty,Skincare,5,799,320,5,0,phonepe,3,FALSE,₹199,28,Female
TXN-00193,20-07-2025,C-014,mohit saxena,North,Agra,S-119,Fastrack Analog Watch,Fashion,Accessories,1,2499,1100,0.1,0,PhonePe,5,no,0,44,M
TXN-00434,04/23/2026,C-025,Nikhil Joshi,West,Pune,S-125,None,Fashion,Women Clothing,1,4999,2200,5,0,CASH ON DELIVERY,5,false,£149,32,M
TXN-00650,2026-03-07,C-006,Deepak Verma,North,Jaipur,S-111,  ON Whey Protein 2kg  ,Health & Beauty,Fitness,3,"£2,499","₹1,200",0.05,0,DEBIT CARD,9,no,199,38,Male
TXN-01984,22 Feb 2025,C-030,Shreya Patel,West,Ahmedabad,S-123,Pilates Resistance Band,Sports,Fitness,3,$599,240,0,0,EMI,8,y,0,30,female
TXN-01416,01 Jun 2025,C-012,Harish Rao,South,Hyderabad,S-125,Zara Floral Dress,Fashion,Women Clothing,5,4999,2200,0.0,24995.0,credit card,8,false,0,55,male
TXN-00335,2025-02-16,C-007,Sunita Roy,East,Kolkata,S-105,"Samsung 55"" QLED",Electronics,TELEVISIONS,2,"£74,999",45000,10,0,Credit Card,10,no,0,33,F
TXN-01976,2026-04-14,C-019,Kishore Naik,West,Nagpur,S-101,oneplus 12r,Electronics,Smartphones,1,"₹29,999",18000,5,0,Gpay,3,False,199,62,Male
TXN-00835,2025-03-12,C-020,Geeta Iyer,South,Coimbatore,S-105,"Samsung 55"" QLED",Electronics,Televisions,3,74999,45000,5,213747.15,EMI,None,NO,$79,34,FEMALE
TXN-00445,09/12/2025,C-013,pooja das,South,Chennai,S-110,Levi's 511 Jeans,Fashion,Men Clothing,3,3999,1800,5,0,Credit Card,7,NO,79,31,Female
TXN-00892,18-04-2025,C-029,Rohan Gupta,West,Mumbai,S-104,Atomic Habits,Books & Stationery,Non-Fiction,1,399,180,20,319.2,PhonePe,8,FALSE,49,25,m
TXN-02136,2025-03-20,C-010,Sanjay Kapoor,north,Delhi,S-122,Wireless Mouse Logitech,Electronics,Peripherals,5,899,400,0.0,0,Cash On Delivery,2,FALSE,49,40,Male
TXN-02308,17-02-2026,C-024,Divya Reddy,South,Hyderabad,S-113,Fitbit Charge 6,   Electronics   ,wearables,1,"£14,999",9000,15,12749.15,Cash On Delivery,7,False,49,53,female
TXN-01740,09 Jun 2025,C-004,Vikram Singh,Central,Bhopal,S-121,Maggi Noodles 12pk,Groceries,Instant Food,4,168,$80,0.0,0,PhonePe,8,FALSE,0,29,M
TXN-02294,18 Feb 2026,C-027,ARUN MENON,South,Kochi,S-114,Kurta Set Ethnic,Fashion,Ethnic Wear,4,"£1,599",700,15,0,UPI,10,NO,$79,47,MALE
TXN-00744,11/26/2025,C-003,Ananya Gupta,South,Bangalore,  S-102  ,NIKE AIR MAX 90,Fashion,Footwear,1,"$8,999","₹4,500",0.15,0,Debit Card,1,NO,149,42,FEMALE
TXN-01317,02 Jan 2026,C-028,Anjali Singh,North,Jaipur,S-112,Apple AirPods Pro 2,Electronics,Headphones,5,"$24,900","$16,000",0.1,112050.0,Net Banking,4,no,0,36,FEMALE
TXN-02141,07-02-2026,C-004,Vikram Singh,central,Bhopal,undefined,Levi's 511 Jeans,Fashion,Men Clothing,3,3999,1800,0.05,0,UPI,2,Y,149,29,m
TXN-01059,31 Mar 2025,C-025,Nikhil Joshi,,Pune,S-122,Wireless Mouse Logitech,Electronics,Peripherals,5,899,$400,0.0,0,Gpay,3,0,0,32,M
TXN-00889,20 Apr 2026,C-005,Meera Nair,South,Kochi,S-109,Cetaphil Moisturiser,Health & Beauty,Skincare,NA,£799,320,30,0,EMI,5,no,99,51,f
TXN-00245,04 Nov 2025,C-015,Nisha Pillai,South,Trivandrum,  S-114  ,Kurta Set Ethnic,Fashion, Ethnic Wear ,1,"$1,599",700,0.05,1519.05,CASH ON DELIVERY,8,0,49,26,None
TXN-00516,02/04/2026,C-014,Mohit Saxena,North,Agra,S-120,Johnson Baby Oil,health & beauty,Baby Care,3,249,100,30,0,EMI,1,Y,149,44,male
TXN-02112,25/02/2026,C-009,kavita mehta,North,Lucknow,S-105,"Samsung 55"" QLED",Electronics,Televisions,3,"£74,999",45000,10,0,PhonePe,5,false,199,45,FEMALE
TXN-00354,2025-03-26,C-030,SHREYA PATEL,West,Ahmedabad,s-119,Fastrack Analog Watch,Fashion,Accessories,1,"$2,499",1100,0.0,2499.0,Debit Card,#N/A,No,0,30,f
TXN-01054,13/02/2026,C-009,Kavita Mehta,North,Lucknow,S-108,Yoga Mat Premium,Sports,Fitness,4,"£1,299",580,0.05,4936.2,EMI,5,true,79,45,f
TXN-01858,08/28/2025,C-006,Deepak Verma,North,Jaipur,S-101,OnePlus 12R,Electronics,Smartphones,3,"£29,999",18000,0,0,Cash,4,No,£149,38,male
TXN-01027,16-04-2025,C-007,Sunita Roy,East,Kolkata,S-120,Johnson Baby Oil,Health & Beauty,Baby Care,2,249,100,0.25,0,Gpay,1,FALSE,0,33,Female
TXN-00299,30/07/2025,C-028,Anjali Singh,North,Jaipur,S-117,KINDLE PAPERWHITE,Electronics,E-Readers,5,"₹14,999","£9,500",10,67495.5,EMI,6,false,49,36,F
TXN-01106,01-04-2025,C-004,Vikram Singh,Central,Bhopal,S-107,boAt Airdopes 141,Electronics,Headphones,3,"₹1,299",600,0.0,3897.0,Gpay,4,No,99,29,MALE
TXN-01792,10-01-2026,C-001,PRIYA SHARMA,North,Delhi,S-119,fastrack analog watch,Fashion,accessories,5,"₹2,499","₹1,100",0.15,10620.75,Credit Card,6,false,149,28,female
TXN-00405,09/28/2025,C-015,Nisha Pillai,South,Trivandrum,S-120,Johnson Baby Oil,Health & Beauty,Baby Care,4,249,100,0.0,0,EMI,6,0,0,26,  female  
TXN-00660,2025-06-14,C-030,Shreya Patel,West,Ahmedabad,S-119,Fastrack Analog Watch,Fashion,Accessories,1,"£2,499",1100,0.0,0,phonepe,5,Y,49,30,Female
TXN-01101,2025-06-11,C-003,Ananya Gupta,South,BANGALORE,S-123,Pilates Resistance Band,Sports,fitness,3,599,240,0.0,0,Cash On Delivery,5,False,99,42,F
TXN-02265,07/07/2025,C-018,PALLAVI SHAH,West,Surat,s-110,Levi's 511 Jeans,Fashion,Men Clothing,2,3999,1800,0.1,7198.2,PhonePe,4,y,£199,22,FEMALE
TXN-01848,01/14/2026,C-003,Ananya Gupta,South,BANGALORE,s-124,Dyson V15 Vacuum,None,Vacuum Cleaners,3,"£54,900",35000,0.25,0,Debit Card,2,no,99,42,f
TXN-00175,12-02-2026,C-022,Swati Mishra,Central,Indore,S-121,Maggi Noodles 12pk,Groceries,Instant Food,2,168,80,20,0,PhonePe,9,no,0,41.0,female
TXN-01214,03/08/2026,C-013,Pooja Das,South,chennai,S-116,MacBook Air M3,Electronics,Laptops,3,114900,"£78,000",0.0,344700.0,Gpay,5,0,79,31,FEMALE
TXN-01604,03/06/2026,C-002,RAHUL KUMAR,West,Mumbai,S-125,Zara Floral Dress,Fashion,Women Clothing,4,4999,2200,0.0,0,Net Banking,1,FALSE,0,35,m
TXN-00450,2025-10-16,C-019,Kishore Naik,West,Nagpur,s-107,boAt Airdopes 141,Electronics,Headphones,1,"£1,299",$600,30,0,Credit Card,9,0,199,62,M
TXN-00391,22 Apr 2025,C-009,Kavita Mehta,North,Lucknow,S-107,boAt Airdopes 141,Electronics,Headphones,2,1299,₹600,0,2598.0,Cash,10,false,99,45,F
TXN-02142,09/22/2025,C-012,Harish Rao,South,Hyderabad,S-108,Yoga Mat Premium,Sports,Fitness,5,1299,$580,0,0,EMI,5,no,49,55,m
TXN-02020,19/07/2025,C-027,Arun Menon,South,Kochi,S-111,ON Whey Protein 2kg,Health & Beauty,FITNESS,4,2499,1200,15,8496.6,Credit Card,1,NO,0,47,Male
TXN-01184,2026-02-13,C-004,Vikram Singh,Central,Bhopal,S-118,La Mer Moisturizer,Health & Beauty,Skincare,4,19900,11000,0.1,0,Credit Card,8,N,49,29,M
TXN-01568,18 Feb 2025,C-013,Pooja Das,south,Chennai,S-125,Zara Floral Dress,Fashion,Women Clothing,3,4999,2200,0.0,0,UPI,2,False,99,  31  ,f
TXN-00306,12-02-2026,C-015,nisha pillai,South,Trivandrum,S-104,Atomic Habits,undefined,Non-Fiction,3,399,180,5,0,EMI,N/A,FALSE,79,26, FEMALE 
TXN-01330,10/10/2025,C-010,sanjay kapoor,North,Delhi,S-107,boAt Airdopes 141,Electronics,Headphones,3,1299,600,0.05,0,UPI,4,N,  0  ,40,m
TXN-00910,23/05/2025,C-005,Meera Nair,South,Kochi,S-120,Johnson Baby Oil,Health & Beauty,Baby Care,1,₹249,$100,0.1,224.1,Cash,7,N,149,51,FEMALE
TXN-02123,05 May 2025,C-009,kavita mehta,North,Lucknow,S-110,Levi's 511 Jeans,Fashion,Men Clothing,4,3999,1800,10,14396.4,PhonePe,6,No,£79,45,--
TXN-01226,09/04/2025,C-006,Deepak Verma,North,Jaipur,S-114,KURTA SET ETHNIC,Fashion,Ethnic Wear,5,1599,700,0.05,0,Cash On Delivery,7,nan,79,38,MALE
TXN-01432,26/02/2026,C-005,Meera Nair,,Kochi,S-101,OnePlus 12R,--,Smartphones,1,29999,18000,0,0,EMI,10,NO,0,51,FEMALE
TXN-01892,12/18/2025,C-030,Shreya Patel,west,Ahmedabad,S-109,Cetaphil Moisturiser,Health & Beauty,Skincare,1,799,£320,5,759.05,Cash On Delivery,none,False,99,30,F
TXN-01681,30 Apr 2025,C-020,Geeta Iyer,South,Coimbatore,S-104,Atomic Habits,Books & Stationery,Non-Fiction,5,399,$180,0.15,0,Gpay,9,false,0,34,n/a
TXN-01875,03-08-2025,C-001,Priya Sharma,North,Delhi,S-122,WIRELESS MOUSE LOGITECH,Electronics,n/a,4,899,400,0,3596.0,UPI,1,FALSE,199,28,FEMALE
TXN-00172,27 Feb 2026,C-016,Rajesh Khanna,West,Mumbai,S-103,Instant Pot Duo,Home & Kitchen,Appliances,5,"$9,999",5200,10,0,Credit Card,4,False,99,48,M
TXN-01276,07/08/2025,C-013,Pooja Das,South,Chennai,S-118,La Mer Moisturizer,Health & Beauty,Skincare,5,19900,11000,0.05,0,PhonePe,5,False,49,31,Female
TXN-00828,15 Oct 2025,C-030,shreya patel,West,Ahmedabad,S-108,Yoga Mat Premium,Sports,fitness,1,1299,580,0,0,Credit Card,3,N,£49,30,FEMALE
TXN-01627,15/04/2025,C-010,SANJAY KAPOOR,North,Delhi,S-103,Instant Pot Duo,Home & Kitchen,Appliances,1,"£9,999",5200,15,0,Cash,6,Y,0,40,m
TXN-02306,17-02-2025,C-029,Rohan Gupta,West,Mumbai,S-118,La Mer Moisturizer,Health & Beauty,Skincare,1,"£19,900",11000,0,19900.0,Credit Card,2,no,0,25.0,M
TXN-01210,2025-07-04,C-017,Sundar Kumar,South,Bangalore,S-110,Levi's 511 Jeans,Fashion,Men Clothing,2,3999,1800,15,6798.3,EMI,2,false,49,,MALE
TXN-02131,09/11/2025,C-017,Sundar Kumar,South,Bangalore,S-119,Fastrack Analog Watch,Fashion,Accessories,4,2499,"£1,100",20,0,EMI,4,0,199,37,male
TXN-00083,07/15/2025,C-026,Preethi Kumar,South,Chennai,S-108,Yoga Mat Premium,Sports,Fitness,4,"₹1,299",580,0.1,0,    Debit Card    ,1,FALSE,199,28,f
TXN-02139,01-05-2025,C-016,Rajesh Khanna,West,Mumbai,S-110,Levi's 511 Jeans,Fashion,nan,1,"£3,999",1800,30,0,UPI,7,false,99, 48 ,MALE
TXN-00862,30 Sep 2025,C-029,rohan gupta,West,Mumbai,S-119,Fastrack Analog Watch,FASHION,accessories,1,2499,1100,15,2124.15,UPI,1,False,79,25,M
TXN-00652,2025-07-22,C-003,ANANYA GUPTA,South,Bangalore,S-108,Yoga Mat Premium,Sports,Fitness,5,1299,580,0,0,Credit Card,1,no,199,42,F
TXN-01649,03/21/2026,C-023,Tarun Sharma,North,Delhi,S-124,Dyson V15 Vacuum,Home & Kitchen,vacuum cleaners,1,54900,35000,0.05,0,Net Banking,3,no,0,19,male
TXN-00219,2026-03-20,C-016,Rajesh Khanna,West,MUMBAI,S-113,Fitbit Charge 6,Electronics,Wearables,4,"£14,999",9000,0.05,0,PhonePe,2,FALSE,£49,48,Male
TXN-01916,13 Jul 2025,C-004,VIKRAM SINGH,Central,Bhopal,S-106,Prestige Mixer,Home & Kitchen,Appliances,4,"₹4,599","₹2,200",0.05,0,Gpay,4,no,199,29, male 
TXN-00734,30/03/2026,C-019,Kishore Naik,West,Nagpur,S-105,"Samsung 55"" QLED",Electronics,Televisions,1,"$74,999","$45,000",0.05,0,Debit Card,2,No,79,62,MALE
TXN-00655,2025-11-29,C-022,Swati Mishra,Central,Indore,S-113,Fitbit Charge 6,Electronics,Wearables,2,"₹14,999","$9,000",25,22498.5,Cash On Delivery,4,no,£99,41,FEMALE
TXN-02182,2026-01-15,C-026,PREETHI KUMAR,South,Chennai,S-113,Fitbit Charge 6,Electronics,Wearables,4,14999,"£9,000",0.3,41997.2,Net Banking,9,No,49,28,F
TXN-01991,10/15/2025,C-024,Divya Reddy,South,hyderabad,S-112,APPLE AIRPODS PRO 2,Electronics,HEADPHONES,1,"₹24,900",16000,0,0,Cash,7,no,99,    53    ,Female
TXN-02221,2026-04-02,C-011,Ritu Jain,WEST,Pune,S-119,Fastrack Analog Watch,Fashion,Accessories,3,"£2,499","$1,100",0,7497.0,Gpay,2,false,99,27,NA
TXN-01533,05/10/2025,C-026,Preethi Kumar,South,Chennai,S-116,MacBook Air M3,ELECTRONICS,laptops,2,"₹114,900","£78,000",25,172350.0,Net Banking,6,false,0,28,f
TXN-00696,19-02-2025,C-027,Arun Menon,South,Kochi,S-109,Cetaphil Moisturiser,Health & Beauty,Skincare,2,799,320,0.3,0,EMI,4,NO,$199,47,-
TXN-01564,14 Dec 2025,C-002,Rahul Kumar,   West   ,Mumbai,S-103,Instant Pot Duo,Home & Kitchen,Appliances,3,"$9,999",5200,0.0,0,    EMI    ,4,N,$149,35,M
TXN-ZERO-001,01/25/2026,C-030,SHREYA PATEL,West,Ahmedabad,S-118,La Mer Moisturizer,Health & Beauty,Skincare,0,"₹19,900","£11,000",0,0,Cash,5,False,0,30,FEMALE
TXN-01407,07/18/2025,C-018,PALLAVI SHAH,West,Surat,S-119,Fastrack Analog Watch,Fashion,Accessories,5,"$2,499",1100,0.0,0,Credit Card,7,n,0,22,f
TXN-01799,17/12/2025,C-007,Sunita Roy,East,Kolkata,S-111,ON Whey Protein 2kg,Health & Beauty,Fitness,4,"₹2,499",1200,0,0,Credit Card,8,no,₹99,33,f
TXN-00657,19-07-2025,C-023,Tarun Sharma,North,Delhi,S-120,Johnson Baby Oil,Health & Beauty,Baby Care,3,₹249,100,0.0,0,Gpay,9,n,99,19,M
TXN-00872,15/03/2026,C-028,anjali singh,North,Jaipur,S-113,Fitbit Charge 6,Electronics,Wearables,4,14999,9000,0.0,59996.0,none,1,NO,99,36,Female
TXN-00621,04/22/2025,C-022,Swati Mishra,Central,Indore,S-113,Fitbit Charge 6,Electronics,Wearables,2,14999,"₹9,000",0.0,0,Net Banking,6,FALSE,0,41,F
TXN-00308,05/03/2025,C-003,Ananya Gupta,South,Bangalore,S-102,Nike Air Max 90, Fashion ,Footwear,3,8999,4500,10,0,Cash On Delivery,4,N/A,149,42,None
TXN-01164,05/03/2025,C-009,Kavita Mehta,North,Lucknow,S-107,boAt Airdopes 141,Electronics,Headphones,4,"₹1,299",$600,10,0,Credit Card,3,False,$99,45.0,f
TXN-00631,09/10/2025,C-001,Priya Sharma,North,Delhi,S-102,Nike Air Max 90,Fashion,Footwear,5,8999,4500,30,0,EMI,5,0,₹49,28,   female   
TXN-01853,2026-02-04,C-007,Sunita Roy,East,Kolkata,S-108,Yoga Mat Premium,Sports,Fitness,5,1299,580,0,0,Credit Card,3,0,79,33,Female
TXN-00849,02/02/2026,C-002,Rahul Kumar,West,Mumbai,S-104,Atomic Habits,Books & Stationery,Non-Fiction,3,₹399,₹180,0.05,0,Credit Card,8,false,199,35,M
TXN-01536,15 Aug 2025,C-025,Nikhil Joshi,West,Pune,S-121,Maggi Noodles 12pk,None,INSTANT FOOD,4,168,₹80,0,672.0,EMI,8,FALSE,0,32,   male   
TXN-01280,18/07/2025,C-029,rohan gupta,West,Mumbai,S-102,Nike Air Max 90,Fashion,Footwear,3,"$8,999",4500,0.3,0,Debit Card,10,No,0,25,MALE
TXN-01722,06/25/2025,C-011,Ritu Jain,West,Pune,s-115,Basmati Rice 5kg,Groceries,STAPLES,3,$499,280,0,0,Cash,   5   ,Y,0,27,female
TXN-01702,02/03/2026,C-021,Aditya Bose,East,Kolkata,S-101,OnePlus 12R,Electronics,Smartphones,5,"$29,999",18000,10,0,Credit Card,1,no,0,29,MALE
TXN-02360,2025-08-26,C-027,Arun Menon,South,Kochi,S-106,Prestige Mixer,HOME & KITCHEN,Appliances,2,4599,2200,0.0,0,Debit Card,2,1,99,47.0,male
TXN-01695,10-09-2025,C-005,MEERA NAIR,South,Kochi,S-107,boAt Airdopes 141,Electronics,Headphones,2,"₹1,299",£600,0.0,0,Credit Card,7,n,£199,51,female
TXN-02347,07/10/2025,C-010,Sanjay Kapoor,North,Delhi,S-106,Prestige Mixer,Home & Kitchen,Appliances,5,4599,2200,5,0,Gpay,3,true,0,,male
TXN-00297,12/20/2025,C-006,deepak verma,North,Jaipur,s-121,Maggi Noodles 12pk,   Groceries   ,Instant Food,NA,168,$80,30,235.2,Net Banking,4,0,99,38,MALE
TXN-00257,07/17/2025,C-011,Ritu Jain,West,Pune,S-110,Levi's 511 Jeans,Fashion,Men Clothing,4,3999,1800,5,0,debit card,8,false,$199,27,Female
TXN-00311,07/20/2025,C-001,priya sharma,North,Delhi,S-103,Instant Pot Duo,Home & Kitchen,APPLIANCES,4,"₹9,999","₹5,200",5,0,Credit Card,7,no,£99,NULL,FEMALE
TXN-00700,03/29/2025,C-012,Harish Rao,South,Hyderabad,undefined,Levi's 511 Jeans,Fashion,Men Clothing,5,"£3,999",1800,0.25,0,Credit Card,1,FALSE,0,55,--
TXN-01739,2025-05-07,C-001,Priya Sharma,North,Delhi,S-111,ON Whey Protein 2kg,Health & Beauty,Fitness,3,2499,"₹1,200",0.1,0,Cash On Delivery,7,n,0,28,F
TXN-00040,28 Nov 2025,C-005,Meera Nair,South,Kochi,S-117,Kindle Paperwhite,Electronics,E-Readers,2,14999,9500,25,0,EMI,8,NO,0,51,F
TXN-00123,28-03-2025,C-026,Preethi Kumar,South,Chennai,s-120,Johnson Baby Oil,health & beauty,Baby Care,4,₹249,£100,25,0,Cash,7,False,79,28,female
TXN-00078,01-03-2025,C-024,Divya Reddy,South,Hyderabad,s-122,Wireless Mouse Logitech,Electronics,Peripherals,3,899,$400,0,0,Cash On Delivery,2,n,0,53,f
TXN-00124,07/07/2025,C-008,Arjun Patel,West,Ahmedabad,S-104,Atomic Habits,Books & Stationery,Non-Fiction,5,₹399,$180,0,1995.0,PhonePe,8,No,49,24,Male
TXN-01037,2025-05-19,C-022,Swati Mishra,Central,Indore,S-109,Cetaphil Moisturiser,Health & Beauty,Skincare,5,799,£320,0,3995.0,Net Banking,10,TRUE,49,41,female
TXN-00854,10/26/2025,C-010,Sanjay Kapoor,North,Delhi,S-117,Kindle Paperwhite,Electronics,E-Readers,2,14999,9500,0.0,0,PhonePe,4,false,0,40,male
TXN-02396,16-02-2026,C-020,Geeta Iyer,   South   ,Coimbatore,    S-116    ,MacBook Air M3,Electronics,Laptops,2,"₹114,900","£78,000",0,229800.0,Credit Card,1,No,79,34.0,FEMALE
TXN-02299,02 Mar 2025,C-021,aditya bose,East,Kolkata,S-117,Kindle Paperwhite,ELECTRONICS,E-Readers,2,14999,9500,0.0,0,Cash,8,false,149,29,male
TXN-01014,30-01-2026,C-009,Kavita Mehta,North,Lucknow,S-122,Wireless Mouse Logitech,Electronics,PERIPHERALS,4,899,400,0,3596.0,Cash,3,FALSE,0,45,Female
TXN-00165,08/31/2025,C-027,Arun Menon,South,Kochi,  S-102  ,Nike Air Max 90,Fashion,Footwear,5,"£8,999",4500,15,0,n/a,7,YES,49,47,undefined
TXN-00852,14/03/2026,C-004,Vikram Singh,Central,Bhopal,nan,zara floral dress,Fashion,Women Clothing,3,"₹4,999",2200,30,0,UPI,5,No,79,29,male
TXN-00995,25 Dec 2025,C-028,Anjali Singh,North,Jaipur,S-108,Yoga Mat Premium,Sports,Fitness,4,"₹1,299",$580,0.05,0,Debit Card,6,--,0,36,female
TXN-00008,15/09/2025,C-004,Vikram Singh,Central,Bhopal,S-120,Johnson Baby Oil,Health & Beauty,Baby Care,3,₹249,100,0.1,0,Credit Card,5,no,79,29,nan
TXN-01044,03 Jun 2025,C-010,Sanjay Kapoor,North,Delhi,S-120,   Johnson Baby Oil   ,Health & Beauty,baby care,1,249,₹100,0,0,PhonePe,1,0,0,40,male
TXN-00192,03/22/2026,C-020,Geeta Iyer,South,Coimbatore,S-113,Fitbit Charge 6,Electronics,Wearables,1,14999,9000,0.0,0,Credit Card,1,false,99,34,female
TXN-00661,2026-03-04,C-002,Rahul Kumar,West,Mumbai,S-110,Levi's 511 Jeans,Fashion,Men Clothing,5,3999,"₹1,800",0.0,19995.0,Gpay,1,no,₹149,35,MALE
TXN-00553,06/07/2025,C-008,Arjun Patel,West,Ahmedabad,S-123,Pilates Resistance Band,Sports,Fitness,4,599,₹240,0.0,2396.0,Cash On Delivery,10,n,₹49,24,male
TXN-00408,2025-04-21,C-008,Arjun Patel,West,Ahmedabad,S-111,ON Whey Protein 2kg,health & beauty,Fitness,4,2499,"₹1,200",0.0,9996.0,Cash On Delivery,2,no,49,24,m
TXN-00151,18/05/2025,C-007,sunita roy,East,Kolkata,S-122,Wireless Mouse Logitech,Electronics,Peripherals,1,$899,$400,5,0,Debit Card,7,False,₹49,33,female
TXN-01912,07/01/2025,C-003,Ananya Gupta,South,Bangalore,S-101,OnePlus 12R,Electronics,Smartphones,1,29999,"₹18,000",0.05,28499.05,Gpay,7,false,149,#N/A,F
TXN-00676,2025-03-02,C-030,Shreya Patel,West,Ahmedabad,S-104,Atomic Habits,Books & Stationery,Non-Fiction,1,399,180,0.1,0,Cash,6,n,0,30,female
TXN-00663,29 Mar 2026,C-015,Nisha Pillai,South,Trivandrum,S-108,Yoga Mat Premium,Sports,Fitness,2,"£1,299",$580,0.25,0,EMI,6,no,49,26,Female
TXN-00177,29/03/2026,C-016,Rajesh Khanna,West,Mumbai,S-107,boAt Airdopes 141,Electronics,    Headphones    ,2,"$1,299",600,0,0,Net Banking,  10  ,0,149,48,Male
TXN-02356,25/04/2026,C-015,Nisha Pillai,South,Trivandrum,S-104,Atomic Habits,Books & Stationery,Non-Fiction,3,£399,₹180,0,1197.0,Net Banking,7,NO,199,26,F
TXN-02349,01/16/2026,C-024,DIVYA REDDY,South,HYDERABAD,S-125,Zara Floral Dress,FASHION,Women Clothing,3,4999,"₹2,200",0.0,0,EMI,9,False,$99,53,f
TXN-00619,2025-09-09,C-016,Rajesh Khanna,West,mumbai,S-118,La Mer Moisturizer,Health & Beauty,Skincare,2,19900,"₹11,000",0,0,Cash On Delivery,8,NA,0,48,male
TXN-00499,05/08/2025,C-004,Vikram Singh,Central,Bhopal,S-125,,Fashion,WOMEN CLOTHING,5,4999,2200,30,17496.5,EMI,2,n,0,29,m
TXN-01532,25-01-2026,C-026,preethi kumar,South,Chennai,S-115,Basmati Rice 5kg,Groceries,Staples,1,£499,280,0.15,424.15,Debit Card,4,   n   ,99,28,female
TXN-01477,18/07/2025,C-016,Rajesh Khanna,West,Mumbai,S-118,LA MER MOISTURIZER,Health & Beauty,Skincare,1,"₹19,900",11000,25,0,Gpay,10,0,₹49,48,  Male  
TXN-01579,19/10/2025,C-018,PALLAVI SHAH,West,Surat,S-118,La Mer Moisturizer,Health & Beauty,Skincare,4,19900,"£11,000",0.3,0,Gpay,7,no,149,22,FEMALE
TXN-00860,06/21/2025,C-025,Nikhil Joshi,West,Pune,S-117,Kindle Paperwhite,Electronics,E-Readers,3,14999,9500,0.0,0,Cash On Delivery,5,false,79,32,Male
TXN-02019,20/07/2025,C-024,Divya Reddy,South,Hyderabad,S-112,Apple AirPods Pro 2,Electronics,Headphones,1,"$24,900","$16,000",0.05,0,EMI,9,no,199,53,NULL
TXN-02214,06/03/2025,C-016,Rajesh Khanna,WEST,MUMBAI,S-102,Nike Air Max 90,Fashion,Footwear,4,"$8,999",4500,0.05,34196.2,Cash,6,No,99,48,male
TXN-01570,2025-09-07,C-010,Sanjay Kapoor,North,Delhi,S-118,La Mer Moisturizer,Health & Beauty,Skincare,NA,19900,"£11,000",0.05,0,Cash,5,No,0,40,male
TXN-01614,17 Jul 2025,C-018,Pallavi Shah,West,Surat,S-125,Zara Floral Dress,Fashion,WOMEN CLOTHING,3,4999,2200,0.15,0,   EMI   ,2,Y,0,22,female
TXN-01902,03/27/2026,C-016,Rajesh Khanna,West,Mumbai,S-118,La Mer Moisturizer,Health & Beauty,  Skincare  ,4,"₹19,900",11000,5,75620.0,PhonePe,5,NO,0,48,Male
TXN-00319,2025-11-20,C-011,Ritu Jain,West,Pune,S-108,Yoga Mat Premium,Sports,Fitness,1,1299,$580,0.0,0,Credit Card,9,n,99,27,f
TXN-00289,29 Mar 2025,C-021,Aditya Bose,East,Kolkata,S-114,Kurta Set Ethnic,Fashion,Ethnic Wear,5,"£1,599",₹700,0.25,0,Net Banking,4,False,199,29,M
TXN-02099,02 Mar 2025,C-001,Priya Sharma,North,Dellhi,   S-114   ,Kurta Set Ethnic,FASHION,Ethnic Wear,3,"£1,599",700,15,0,Net Banking,6,0,149,28,f
TXN-00711,30-03-2025,C-023,Tarun Sharma,North,Delhi,S-111,ON Whey Protein 2kg,Health & Beauty,Fitness,2,"£2,499",1200,20,0,Gpay,8,no,₹199,19,m
TXN-01310,09/10/2025,C-004,Vikram Singh,Central,Bhopal,S-117,Kindle Paperwhite,Electronics,E-Readers,1,"₹14,999",9500,0,0,    PhonePe    ,1,NO,199,29,Male
TXN-00586,09/05/2025,C-001,Priya Sharma, North ,Delhi,S-113,Fitbit Charge 6,Electronics,Wearables,5,14999,9000,0.25,56246.25,Gpay,6,FALSE,199,28,Female
TXN-00277,19-10-2025,C-021,ADITYA BOSE,East,Kolkata,S-104,Atomic Habits,Books & Stationery,Non-Fiction,3,₹399,180,10,1077.3,Net Banking,7,No,0,29,MALE
TXN-00104,28 Nov 2025,C-026,Preethi Kumar,South,Chennai,S-110,Levi's 511 Jeans,Fashion,Men Clothing,2,3999,"₹1,800",0,7998.0,net banking,6,No,$149,28,f
TXN-02091,07/24/2025,C-030,Shreya Patel,West,Ahmedabad,S-109,Cetaphil Moisturiser,Health & Beauty,Skincare,3,799,320,0,0,UPI,9,false,0,30,FEMALE
TXN-02273,20-01-2026,C-002,Rahul Kumar,West,Mumbi,S-106,Prestige Mixer,Home & Kitchen,Appliances,5,"₹4,599",2200,25,0,Cash On Delivery,2,False,0,35,male
TXN-01869,29 Jul 2025,C-024,Divya Reddy,South,Hyderabad,S-108,Yoga Mat Premium,sports,Fitness,1,"£1,299",$580,10,0,Net Banking,6,no,0,53,Female
TXN-01203,12 Aug 2025,C-014,mohit saxena,North,Agra,S-105,"Samsung 55"" QLED",Electronics,Televisions,1,74999,45000,0,0,Net Banking,8,0,0,44,male
TXN-01262,2025-02-20,C-011,Ritu Jain,West,Pune,s-119,Fastrack Analog Watch,Fashion,Accessories,3,"£2,499",1100,30,0,UPI,3,No,149,27,FEMALE
TXN-01936,29 Dec 2025,C-003,Ananya Gupta,South,Bangalore,S-115,Basmati Rice 5kg,Groceries,Staples,2,499,280,25,0,PhonePe,9,true,0,42,f
TXN-02030,18-02-2026,C-008,Arjun Patel,West,Ahmedabad,S-124,Dyson V15 Vacuum,Home & Kitchen,Vacuum Cleaners,1,"$54,900","$35,000",0.05,0,Cash,10,no,79,24,MALE
TXN-01458,10 Jul 2025,C-003,Ananya Gupta,South,Bangalore,S-118,La Mer Moisturizer,Health & Beauty,Skincare,3,"£19,900",11000,0.3,0,Net Banking,3,NO,0,42,f
TXN-02146,08/06/2025,C-020,Geeta Iyer,South,Coimbatore,S-118,La Mer Moisturizer,Health & Beauty,Skincare,1,19900,11000,5,0,EMI,2,,49,34,Female
TXN-02042,19-04-2025,C-003,Ananya Gupta,South,Bangalore,s-101,OnePlus 12R,Electronics,Smartphones,2,29999,18000,0.1,0,Credit Card,9,no,49,42,Female
TXN-01574,29 Mar 2026,C-028,Anjali Singh,North,Jaipur,S-107,--,,Headphones,3,"$1,299",600,10,3507.3,Credit Card,5,no,99,36,F
TXN-00869,10/05/2025,C-019,Kishore Naik,West,Nagpur,S-113,Fitbit Charge 6,Electronics,Wearables,3,14999,9000,0.15,0,PhonePe,7,y,79,62,Male
TXN-01731,19 Mar 2026,C-026,Preethi Kumar, South ,Chennai, S-107 ,boAt Airdopes 141,Electronics,Headphones,2,"₹1,299",600,5,0,Cash On Delivery,3,    False    ,199,28,female
TXN-01667,09/20/2025,C-023,Tarun Sharma,North,Delhi,S-117,Kindle Paperwhite,Electronics,E-Readers,4,"£14,999","₹9,500",10,0,Gpay,7,No,79,19,M
TXN-02209,16/02/2026,C-005,MEERA NAIR,South,Kochi,S-122,Wireless Mouse Logitech,Electronics,Peripherals,4,899,400,30,0,Credit Card,9,NO,0,51,FEMALE
TXN-00080,18/10/2025,C-009,Kavita Mehta,North,Lucknow,S-108,Yoga Mat Premium,Sports,Fitness,1,1299,580,25,974.25,Gpay,2,y,0,NaN,f
TXN-01344,02 Nov 2025,C-022,Swati Mishra,Central,Indore,S-115,basmati rice 5kg,   Groceries   ,none,5,£499,280,5,0,Debit Card,2,No,99,41,female
TXN-00636,11/25/2025,C-013,Pooja Das,South,Chennai,S-101,OnePlus 12R,Electronics,null,3,29999,18000,10,0,Credit Card,10,0,199,31,F
TXN-00670,07/11/2025,C-009,Kavita Mehta,North,Lucknow,S-123,Pilates Resistance Band,Sports,Fitness,1,£599,240,0,0,Net Banking,7,No,49,45,female
TXN-00738,07/21/2025,C-028,Anjali Singh,North,Jaipur,S-125,Zara Floral Dress,Fashion,Women Clothing,3,4999,2200,0.1,0,Debit Card,7,No,0,36,    f    
TXN-01881,2025-03-09,C-018,Pallavi Shah,West,Surat,S-115,N/A,Groceries,Staples,3,499,280,0.25,0,Cash On Delivery,10,0,79,22,Female
TXN-00145,12/21/2025,C-028,Anjali Singh,North,Jaipur,S-118,La Mer Moisturizer,Health & Beauty,Skincare,2,19900,11000,0.05,0,Credit Card,6,YES,99,36,Female
TXN-02210,11/23/2025,C-005,Meera Nair,South,Kochi,S-118,La Mer Moisturizer,,Skincare,3,19900,11000,15,0,Cash,7,no,0,51,f
TXN-02286,2025-12-28,C-010,Sanjay Kapoor,North,Delhi,S-116,MacBook Air M3,ELECTRONICS,laptops,1,"$114,900","₹78,000",15,0,Net Banking,3,N,nan,40,m
TXN-01807,27/08/2025,C-018,Pallavi Shah,West,Surat,S-121,Maggi Noodles 12pk,groceries,Instant Food,1,168,£80,25,126.0,Gpay,6,n,79,22,FEMALE
TXN-01049,07/19/2025,C-023,Tarun Sharma,NORTH,Delhi,S-111,ON Whey Protein 2kg,Health & Beauty,Fitness,1,2499,1200,0.2,0,    EMI    ,6,yes,0,19,m
TXN-00464,11 Sep 2025,C-007,Sunita Roy,East,Kolkata,S-108,Yoga Mat Premium,Sports,Fitness,3,"$1,299",580,0.1,0,Credit Card,2,1,79,33,F
TXN-00625,15 Nov 2025,C-027,Arun Menon,south,Kochi,S-111,ON Whey Protein 2kg,Health & Beauty,Fitness,2,"₹2,499","$1,200",15,0,EMI,6,FALSE,149,47,m
TXN-01619,02-03-2026,C-014,Mohit Saxena,North,Agra,S-122,Wireless Mouse Logitech,Electronics,Peripherals,5,899,£400,0.15,0,Debit Card,3,n,$149,44,M
TXN-01915,12/14/2025,C-027,Arun Menon,South,Kochi,S-108,Yoga Mat Premium,Sports,Fitness,5,1299,£580,0.05,0,Cash,3,0,0,47,MALE
TXN-00675,10/03/2025,C-015,Nisha Pillai,South,Trivandrum,S-111,ON Whey Protein 2kg,Health & Beauty,FITNESS,4,2499,"$1,200",0.05,0,Debit Card,6,True,79,26,Female
TXN-00848,2025-08-11,C-005,meera nair,South,Kochi,S-120,Johnson Baby Oil,Health & Beauty,Baby Care,1,249,₹100,0.0,249.0,Credit Card,7,FALSE,    0    ,51,female
TXN-00674,01/12/2026,C-011,Ritu Jain,West,Pune,S-103,Instant Pot Duo,Home & Kitchen,Appliances,3,9999,5200,0.0,0,Cash On Delivery,9,0,49,27,null
TXN-00248,27-01-2026,C-027,Arun Menon,NA,Kochi,S-122,Wireless Mouse Logitech,Electronics,Peripherals,   2   ,899,400,25,0,UPI,3,FALSE,79,47,Male
TXN-01565,04/04/2025,C-014,MOHIT SAXENA,North,Agra,S-104, Atomic Habits ,Books & Stationery,Non-Fiction,4,£399,£180,0.1,0,Credit Card,10,NO,£99,44,m
TXN-02001,24/02/2025,C-029,Rohan Gupta,West,MUMBAI,S-101,OnePlus 12R,Electronics,Smartphones,3,"₹29,999",18000,0,0,Net Banking,4,False,$99,25,M
TXN-01813,02/04/2026,C-011,Ritu Jain,West,Pune,S-112,Apple AirPods Pro 2,Electronics,Headphones,2,24900,16000,25,0,UPI,6,NO,99,27,f
TXN-00531,23-12-2025,C-005,Meera Nair,N/A,Kochi,S-105,"Samsung 55"" QLED",Electronics,Televisions,3,74999,45000,0.0,0,N/A,7,no,79,51,female
TXN-00691,05 Nov 2025,C-009,Kavita Mehta,North,Lucknow,S-108,Yoga Mat Premium,Sports,Fitness,2,"$1,299",580,0,0,Gpay,6,FALSE,£79,45,female
TXN-01985,2026-04-15,C-017,Sundar Kumar,South,Bangalore,S-109,Cetaphil Moisturiser,Health & Beauty,Skincare,3,799,320,0.1,0,Cash,2,False,79,37,Male
TXN-01794,01/07/2025,C-002,Rahul Kumar,West,Mumbai,S-123,Pilates Resistance Band,sports,Fitness,5,599,240,0,0,CASH ON DELIVERY,10,false,49,35,m
TXN-02395,08 Mar 2025,C-022,swati mishra,Central,Indore,S-112,Apple AirPods Pro 2,Electronics,Headphones,2,24900,"£16,000",0,0,Gpay,10,N,49,41,F
TXN-01789,01 Dec 2025,C-004,Vikram Singh,Central,Bhopal,S-109,Cetaphil Moisturiser,Health & Beauty,Skincare,3,799,£320,0.05,0,PhonePe,2,True,0,29.0,Male
TXN-01588,21-12-2025,C-015,Nisha Pillai,South,Trivandrum,S-115,Basmati Rice 5kg,Groceries,STAPLES,5,499,280,0.15,0,Cash,2,N,$149,26,F
TXN-00506,24/04/2025,C-008,Arjun Patel,West,Ahmedabad,S-116,MacBook Air M3,Electronics,Laptops,1,114900,"₹78,000",0,0,Net Banking,5,  NO  ,79,24,male
TXN-00568,2025-10-10,C-019,Kishore Naik,West,Nagpur,S-122,Wireless Mouse Logitech,Electronics,Peripherals,5,899,400,0,4495.0,Gpay,6,N,79,62,male
TXN-00240,03-06-2025,C-008,Arjun Patel,West,Ahmedabad,S-103,Instant Pot Duo,Home & Kitchen,Appliances,1,9999,5200,0.0,0,Credit Card,2,n,0,24,male
TXN-01605,12-02-2026,C-024,Divya Reddy,NULL,Hyderabad,S-117,Kindle Paperwhite,Electronics,E-Readers,1,"$14,999",9500,15,12749.15,Credit Card,5,FALSE,149,,female
TXN-02049,06/29/2025,C-018,pallavi shah,West,Surat,S-114,Kurta Set Ethnic,Fashion,Ethnic Wear,2,1599,700,0.0,0,NULL,6,no,0,22,female
TXN-01752,26/08/2025,C-029,Rohan Gupta,West,MUMBAI,S-114,Kurta Set Ethnic,FASHION,Ethnic Wear,4,1599,700,5,0,EMI,2,No,79,25,Male
TXN-01328,2025-10-15,C-006,deepak verma,North,Jaipur,S-101,OnePlus 12R,Electronics,Smartphones,2,"£29,999",18000,0.05,0,EMI,4,no,£199,38,M
TXN-01943,2026-03-31,C-016,Rajesh Khanna,West,Mumbai,S-107,boAt Airdopes 141,Electronics,Headphones,4,"₹1,299",600,0.05,0,GPAY,10,False,49,48,male
TXN-01062,2025-11-13,C-008,Arjun Patel,West,Ahmedabad,S-111,ON Whey Protein 2kg,Health & Beauty,Fitness,2,2499,"$1,200",0,0,Debit Card,6,1,$49,24,M
TXN-01575,07 Mar 2025,C-008,ARJUN PATEL,West,Ahmedabad,S-114,Kurta Set Ethnic,Fashion,ETHNIC WEAR,2,"£1,599",700,0.0,0,DEBIT CARD,6,false,149,24,m
TXN-01995,2025-08-12,C-020,Geeta Iyer,South,Coimbatore,S-104,Atomic Habits,Books & Stationery,Non-Fiction,5,399,$180,0.0,1995.0,PhonePe,6,no,199,34,Female
TXN-01488,27/09/2025,C-025,Nikhil Joshi,West,Pune,S-108,Yoga Mat Premium,Sports,Fitness,2,1299,580,0,2598.0,PhonePe,2,no,0,32,male
TXN-00470,25-11-2025,C-012,Harish Rao,South,Hyderabad,S-106,Prestige Mixer,HOME & KITCHEN,Appliances,5,"$4,599",2200,5,0,PhonePe,2,True,79,55,Male
TXN-00275,31 Jul 2025,C-003,ananya gupta,South,Bengaluru,S-105,"Samsung 55"" QLED",Electronics,TELEVISIONS,5,74999,45000,0.25,0,Credit Card,6,n,0,42,female
TXN-01969,07-03-2026,C-005,Meera Nair,South,Kochi,S-103,Instant Pot Duo,Home & Kitchen,Appliances,2,"£9,999","$5,200",0,19998.0,undefined,9,no,0,51,Female
TXN-01753,02-03-2025,C-001,Priya Sharma,North,New Delhi,  S-122  ,Wireless Mouse Logitech,Electronics,NA,1,£899,£400,0.15,0,Gpay,10,false,149,28,FEMALE
TXN-00895,02/08/2025,C-020,Geeta Iyer,south,Coimbatore,S-122,Wireless Mouse Logitech,Electronics,Peripherals,1,899,400,5,854.05,UPI,4,0,49,34,female
TXN-01977,17-03-2026,C-007,Sunita Roy,East,Kolkata,S-110,Levi's 511 Jeans,Fashion,Men Clothing,5,"$3,999","$1,800",0.1,0,Cash On Delivery,   9   ,False,199,33,female
TXN-01657,11/13/2025,C-001,PRIYA SHARMA,north,DELHI,S-108,Yoga Mat Premium,Sports,Fitness,3,"£1,299",580,0.1,0,EMI,10,true,0,28,FEMALE
TXN-00352,07/06/2025,C-021,Aditya Bose,EAST,Kolkata,S-112,Apple AirPods Pro 2,Electronics,Headphones,2,24900,16000,0,0,EMI,9,false,0,29,MALE
TXN-00530,2025-03-12,C-030,SHREYA PATEL,West,Ahmedabad,s-106,Prestige Mixer,Home & Kitchen,Appliances,    1    ,"£4,599",2200,0.0,0,PhonePe,7,N,£149,30,FEMALE
TXN-00779,07/15/2025,C-018,Pallavi Shah,west,Surat,S-104,Atomic Habits,   Books & Stationery   , Non-Fiction ,1,₹399,₹180,0,0,Cash On Delivery,9,No,79,22,FEMALE
TXN-02132,18 Feb 2025,C-019,Kishore Naik,West,Nagpur,S-108,Yoga Mat Premium,Sports,Fitness,4,"$1,299",580,0.15,0,Gpay,7,N,0,62,m
TXN-01750,04 May 2025,C-006,Deepak Verma,North,Jaipur,S-107,boAt Airdopes 141,Electronics,Headphones,1,1299,600,25,0,UPI,9,    n    ,99,38,male
TXN-01893,06-11-2025,C-019,Kishore Naik,West,Nagpur,S-121,MAGGI NOODLES 12PK,Groceries,Instant Food,1,168,80,5,0,EMI,6,false,0,62,MALE
TXN-01993,2025-11-21,C-027,Arun Menon,South,Kochi,S-116,MacBook Air M3,  Electronics  ,Laptops,4,114900,78000,10,0,EMI,4,FALSE,49,47,M
TXN-00153,02/20/2026,C-005,Meera Nair,South,Kochi,S-107,boAt Airdopes 141,Electronics,Headphones,NaN,"$1,299",$600,0,0,Cash,None,0,199,51,female
TXN-01788,2025-07-15,C-028,Anjali Singh,North,Jaipur,S-117,Kindle Paperwhite,Electronics,E-Readers,4,"£14,999",9500,0,59996.0,EMI,4,NO,£149,36,F
TXN-00188,29/11/2025,C-019,Kishore Naik,West,Nagpur,S-112,Apple AirPods Pro 2,Electronics,Headphones,1,"£24,900","$16,000",0,0,Cash On Delivery,9,No,199,,m
TXN-00584,10-03-2026,C-019,Kishore Naik,WEST,Nagpur,S-118,La Mer Moisturizer,Health & Beauty,Skincare,1,19900,11000,0.2,0,Gpay,6,n,99,62,None
TXN-00884,30/10/2025,C-014,Mohit Saxena,North,Agra,S-119,fastrack analog watch,Fashion,Accessories,2,2499,1100,0.1,0,EMI,10,no,0,44.0,male
TXN-00673,02-03-2025,C-019,KISHORE NAIK,West,Nagpur,S-108,Yoga Mat Premium,Sports,fitness,5,1299,580,30,0,Net Banking,1,no,99,62,m
TXN-01118,22 Jul 2025,C-014,Mohit Saxena,North,Agra,S-107,boAt Airdopes 141,Electronics,Headphones,2,1299,600,5,2468.1,Net Banking,9,0,99,44,M
TXN-02364,25/02/2026,C-011,Ritu Jain,West,Pune,S-105,"Samsung 55"" QLED",Electronics,Televisions,3,"$74,999","£45,000",0.1,0,Cash,10,n,₹149,27,f
TXN-01238,06 Nov 2025,C-027,arun menon,South,Kochi,S-114,Kurta Set Ethnic, Fashion ,ETHNIC WEAR,2,1599,£700,0.15,0,PhonePe,6,true,₹79,47,MALE
TXN-01970,02/23/2026,C-004,Vikram Singh,Central,Bhopal,S-122,wireless mouse logitech,Electronics,peripherals,4,899,400,0.05,0,Net Banking,5,0,£149,,male
TXN-01126,2025-05-26,C-022,Swati Mishra,Central,Indore,s-102,Nike Air Max 90,Fashion,Footwear,2,"£8,999","₹4,500",20,0,Credit Card,3,false,199,41,Female
TXN-01440,29/06/2025,C-030,Shreya Patel,West,Ahmedabad,S-109,Cetaphil Moisturiser,Health & Beauty,Skincare,2,$799,320,5,0,Debit Card,4,no,0,30,Female
TXN-00755,15 Sep 2025,C-027,arun menon,South,Kochi,S-118,    La Mer Moisturizer    ,Health & Beauty,skincare,4,19900,11000,10,0,Cash On Delivery,1,n,$199,47,M
TXN-01423,23 May 2025,C-014,MOHIT SAXENA,North,Agra,s-104,atomic habits,Books & Stationery,Non-Fiction,4,399,£180,0.15,0,Credit Card,None,FALSE,149,44,male
TXN-01365,02/20/2026,C-020,Geeta Iyer,SOUTH,Coimbatore,S-105,"Samsung 55"" QLED",Electronics,Televisions,1,"$74,999","$45,000",0.0,0,    EMI    ,9,true,0,34,FEMALE
TXN-02057,30/10/2025,C-029,Rohan Gupta,West,Mumbai,S-110,Levi's 511 Jeans,Fashion,Men Clothing,2,"₹3,999",1800,0.0,7998.0,EMI,7,No,$149,25,Male
TXN-00644,04/19/2026,C-026,Preethi Kumar,south,Chennai,S-114,nan,Fashion,Ethnic Wear,1,"£1,599",$700,0.3,0,Cash,5,False,₹79,28,F
TXN-00612,28/01/2026,C-006,Deepak Verma,North,Jaipur,S-101,OnePlus 12R,Electronics,Smartphones,2,29999,18000,0.05,0,Gpay,6,n,0,38,male
TXN-02392,2025-03-29,C-021,Aditya Bose,East,Kolkata,S-121,Maggi Noodles 12pk,Groceries,Instant Food,4,$168,₹80,0.2,537.6,Credit Card,7,NO,99,29,male
TXN-02271,12-06-2025,C-005,Meera Nair,South,Kochi,S-103,Instant Pot Duo,Home & Kitchen,Appliances,2,9999,"£5,200",0,19998.0,upi,3,FALSE,99,51,F
TXN-00809,19-12-2025,C-008,Arjun Patel,West,Ahmedabad,S-122,Wireless Mouse Logitech,Electronics,peripherals,1,$899,400,20,719.2,Net Banking,9,N,$79,24,Male
TXN-01273,05-07-2025,C-027,Arun Menon,South,Kochi,S-103,instant pot duo,Home & Kitchen,Appliances,3,9999,5200,0.3,0,Gpay,4,False,99,47,M
TXN-ZERO-016,01/11/2025,C-009,KAVITA MEHTA,North,Lucknow,S-103,Instant Pot Duo,Home & Kitchen,Appliances,0,9999,5200,0.25,0,NA,4,FALSE,49,-,FEMALE
TXN-01520,17-11-2025,C-020,Geeta Iyer,South,Coimbatore,S-121,    Maggi Noodles 12pk    ,Groceries,instant food,2,168,80,0,336.0,EMI,1,Y,149,-,F
TXN-01415,11/19/2025,C-002,Rahul Kumar,West,Mumbai,S-103,Instant Pot Duo,Home & Kitchen,Appliances,3,9999,5200,0.3,0,UPI,1,No,0,35,MALE
TXN-02352,15/04/2025,C-011,Ritu Jain,WEST,Pune,S-117,Kindle Paperwhite,Electronics,E-Readers,    3    ,"₹14,999",9500,0.2,35997.6,phonepe,2,n,199,27,F
TXN-00962,07/08/2025,C-016,Rajesh Khanna,West,Mumbai,S-116,MacBook Air M3,Electronics,Laptops,   4   ,114900,"₹78,000",0,459600.0,PhonePe,2,FALSE,₹199,48,MALE
TXN-01182,08/06/2025,C-026,preethi kumar,South,Chennai,S-116,MacBook Air M3,Electronics,Laptops,2,114900,78000,0.0,229800.0,Cash On Delivery,8,0,49,28,F
TXN-00334,05/04/2026,C-028,ANJALI SINGH,North,Jaipur,S-120,Johnson Baby Oil,Health & Beauty,Baby Care,    2    ,$249,₹100,25,373.5,  Credit Card  ,1,0,199,36,f
TXN-00347,04 Feb 2026,C-007,SUNITA ROY,East,Kolkata,S-114,KURTA SET ETHNIC,Fashion,Ethnic Wear,2,1599,700,0.0,0,Cash On Delivery,10,FALSE,49,33,N/A
TXN-00950,2025-03-31,C-021,Aditya Bose,East,Kolkata,S-109,Cetaphil Moisturiser,Health & Beauty,Skincare,1,799,£320,10,0,Cash,3,TRUE,79,29,male
TXN-01366,05 Nov 2025,C-021,Aditya Bose,East,Kolkata,S-110,Levi's 511 Jeans,Fashion,Men Clothing,4,3999,1800,0,0,Credit Card,6,yes,99,29,male
TXN-02101,18-10-2025,C-028,Anjali Singh,North,Jaipur,S-109,Cetaphil Moisturiser, Health & Beauty ,skincare,4,$799,320,5,3036.2,PhonePe,None,false,₹199,36,F
TXN-02034,14/09/2025,C-004,VIKRAM SINGH,Central,Bhopal,S-122,null,nan,Peripherals,2,899,£400,0,0,Cash On Delivery,2,false,99,29,m
TXN-00589,04-08-2025,C-014,Mohit Saxena,North,Agra,S-112,Apple AirPods Pro 2,Electronics,Headphones,2,"₹24,900",16000,0.2,0,Cash,2,N,0,44,male
TXN-00176,28-09-2025,C-010,Sanjay Kapoor,north,Delhi,S-113,FITBIT CHARGE 6,Electronics,Wearables,5,"$14,999",9000,30,0,EMI,2,no,199, 40 ,Male
TXN-00261,29 May 2025,C-011,ritu jain,WEST,Pune,S-106,Prestige Mixer,Home & Kitchen,n/a,4,"$4,599",2200,0.1,0,Net Banking,8,0,79,  27  ,female
TXN-01447,12-03-2026,C-029,Rohan Gupta,West,Mumbai,S-119,Fastrack Analog Watch,Fashion,Accessories,3,"$2,499",1100,10,6747.3,Cash On Delivery,3,False,149,25,NA
TXN-00692,16 Nov 2025,C-013,Pooja Das,South,Chennai,S-108,Yoga Mat Premium,Sports,Fitness,4,1299,580,0,0,EMI,5,yes,49,31.0,f
TXN-01081,22 Mar 2026,C-030,Shreya Patel,West,Ahmedabad,S-106,Prestige Mixer,Home & Kitchen,   appliances   ,4,"$4,599",2200,0,18396.0,Gpay,2,FALSE,149,30,f
TXN-01368,08-02-2026,C-016,Rajesh Khanna,west,Mumbai,S-117,Kindle Paperwhite,Electronics,E-Readers,5,14999,9500,0.0,0,PhonePe,7,False,79,48,m
TXN-00438,26 Jan 2026,C-006,Deepak Verma,North,Jaipur,S-111,ON Whey Protein 2kg,Health & Beauty,FITNESS,4,2499,1200,0.05,9496.2,undefined,6,False,149,38,Male
TXN-01896,03-01-2026,C-008,ARJUN PATEL,West,Ahmedabad,S-106,Prestige Mixer,Home & Kitchen,Appliances,5,"₹4,599",2200,20,0,Gpay,1,false, 0 ,24,m
TXN-02235,2025-06-05,C-005,Meera Nair,South,Kochi,S-118,La Mer Moisturizer,Health & Beauty,Skincare,4,19900,"₹11,000",25,59700.0,Cash,8,N,0,51,f
TXN-01375,2025-02-23,C-026,Preethi Kumar,South,Chennai,S-108,Yoga Mat Premium,Sports,Fitness,5,1299,580,0,0,Credit Card,4,No,199,28,female
TXN-02246,2025-04-20,C-029,rohan gupta,West,Mumbai,S-110,Levi's 511 Jeans,Fashion,Men Clothing,1,"₹3,999",1800,0.3,2799.3,Net Banking,2,y,0,,male
TXN-00004,09/06/2025,C-029,rohan gupta,West,Mumbai,S-117,Kindle Paperwhite,Electronics,null,1,14999,9500,0.05,0,PHONEPE,2,no,199,25,Male
TXN-00797,19-03-2026,C-015,Nisha Pillai,South,Trivandrum,S-123,Pilates Resistance Band,Sports,Fitness,3,£599,240,0,0,Credit Card,  6  ,N,0,26,F
TXN-01090,23-10-2025,C-010,Sanjay Kapoor,  NORTH  ,Delhi,S-112,Apple AirPods Pro 2,Electronics,Headphones,2,24900,16000,25,0,Net Banking,9,False,₹99,40,m
TXN-01452,2025-09-14,C-027,Arun Menon, South ,Kochi,S-102,Nike Air Max 90,Fashion,    Footwear    ,5,8999,"$4,500",10,0,CREDIT CARD,4,NO,0,47,m
TXN-01408,20/06/2025,C-023,Tarun Sharma,North,Delhi,S-113,Fitbit Charge 6,Electronics,Wearables,2,"₹14,999",9000,20,0,#N/A,10,false,79,19,M
TXN-00179,03/05/2026,C-030,shreya patel,West,Ahmedabad,S-118,La Mer Moisturizer,Health & Beauty,Skincare,4,19900,11000,20,0,Net Banking,    7    ,False,49,30,f
TXN-01567,2025-09-10,C-020,Geeta Iyer,South,Coimbatore,S-102,Nike Air Max 90,Fashion,Footwear,5,8999,4500,30,31496.5,Net Banking,5,FALSE,49,NaN,Female
TXN-00098,10/28/2025,C-002,Rahul Kumar,West,Mumbai,S-111,ON Whey Protein 2kg,health & beauty,Fitness,5,2499,1200,0.3,8746.5,Net Banking,8,NO,99,35,Male
TXN-01069,02/08/2025,C-023,Tarun Sharma,North,Delhi,S-112,Apple AirPods Pro 2,Electronics,Headphones,5,"£24,900",16000,20,0,UPI,8, 0 ,₹99,19,MALE
TXN-00157,03-06-2025,C-007,Sunita Roy,East,Kolkata,S-101,oneplus 12r,Electronics,Smartphones,3,"$29,999","₹18,000",0.0,89997.0,EMI,9,n,199,33,f
TXN-01016,2025-12-14,C-006,Deepak Verma,North,Jaipur,S-116,MacBook Air M3,Electronics,Laptops,3,114900,78000,10,0,Net Banking,1,0,149,38,M
TXN-01178,2025-07-25,C-027,ARUN MENON,South,Kochi,S-115,Basmati Rice 5kg,Groceries,Staples,1,$499,£280,0,499.0,PhonePe,3,False,$99,47,NaN
TXN-00837,02/11/2025,C-026,Preethi Kumar,South,Chennai,S-123,Pilates Resistance Band,Sports,Fitness,3,599,240,0.0,1797.0,,5,false,₹199,28,Female
TXN-00446,22-04-2025,C-021,Aditya Bose,East,Kolkata,S-117,Kindle Paperwhite,Electronics,E-Readers,3,14999,9500,0.3,31497.9,Cash On Delivery,7,no,149,29,male
TXN-01586,18 Apr 2025,C-007,Sunita Roy,NA,Kolkata,S-113,Fitbit Charge 6,Electronics,Wearables,   5   ,14999,"£9,000",0.15,0,Credit Card,#N/A,false,199,33,Female
TXN-02317,28/08/2025,C-030,Shreya Patel,West,Ahmedabad,S-110,Levi's 511 Jeans,Fashion,Men Clothing,3,3999,1800,0,0,Cash,7,No,149,30,F
TXN-01543,24/03/2026,C-029,Rohan Gupta,West,Mumbai,S-105,"Samsung 55"" QLED",Electronics,Televisions,1,74999,45000,0.05,71249.05,UPI,3,n,99,25,M
TXN-00743,26-08-2025,C-013,Pooja Das,South,Chennai,S-108,Yoga Mat Premium,Sports,Fitness,4,"$1,299",580,5,0,EMI,9,NO,149,31,F
TXN-02207,11-02-2026,C-012,harish rao,South,Hyderabad,none,Fitbit Charge 6,Electronics,Wearables,1,"$14,999","₹9,000",0.0,0,Gpay,6,FALSE,0,55,Male
TXN-01216,09/22/2025,C-026,Preethi Kumar,SOUTH,Chennai,S-106,Prestige Mixer,Home & Kitchen,Appliances,3,4599,2200,0,13797.0,   Cash On Delivery   ,n/a,0,149,28,female
TXN-00133,12/03/2026,C-023,Tarun Sharma,North,Delhi,S-124,Dyson V15 Vacuum,Home & Kitchen,Vacuum Cleaners,4,54900,35000,0,0,Cash On Delivery,1,no,199,19,MALE
TXN-00576,2026-02-12,C-003,ANANYA GUPTA,South,Bangalore,S-103,Instant Pot Duo,Home & Kitchen,Appliances,1,9999,5200,5,9499.05,NA,None,n,49,42,f
TXN-02344,03 Apr 2026,C-001,Priya Sharma,North,Delhi,S-113,Fitbit Charge 6,  Electronics  ,Wearables,1,14999,"£9,000",0.3,0,Credit Card,10,FALSE,$49,28,female
TXN-00097,2025-09-04,C-018,Pallavi Shah,West,Surat,S-106,Prestige Mixer,Home & Kitchen,Appliances,5,"₹4,599",2200,0.1,20695.5,Net Banking,5,n,199,22,F
TXN-01236,10-01-2026,C-024,Divya Reddy,South,Hyderabad,S-101,NA,Electronics,Smartphones,1,29999,"£18,000",15,25499.15,Cash On Delivery,6,no,0,53,female
TXN-00687,18/07/2025,C-023,Tarun Sharma,North,Delhi,S-106,Prestige Mixer,   home & kitchen   ,Appliances,1,"£4,599","£2,200",0.2,0,Credit Card,7,FALSE,0,19,m
TXN-01038,11-05-2025,C-030,Shreya Patel,West,Ahmedabad,S-118,La Mer Moisturizer,Health & Beauty,Skincare,2,19900,11000,0.05,37810.0,Credit Card,2,FALSE,99,30,F
TXN-02319,12-03-2026,C-005,Meera Nair, South ,Kochi,S-116,MacBook Air M3,Electronics,Laptops,3,"₹114,900",78000,0.1,0,Credit Card,1,N,149,51,FEMALE
TXN-01091,04/18/2025,C-027,Arun Menon,South,Kochi,S-125,Zara Floral Dress,Fashion,Women Clothing,4,"£4,999",2200,0.3,0,gpay,4,False,79,47,Male
TXN-01548,26 Oct 2025,C-025,nikhil joshi,West,Pune,S-119,Fastrack Analog Watch,Fashion,Accessories,5,2499,1100,20,0,Gpay,1,N,£149,32,MALE
TXN-00475,05/02/2026,C-028,Anjali Singh,North,Jaipur,S-109,CETAPHIL MOISTURISER,Health & Beauty,Skincare,1,799,320,0,799.0,-,2,false,99,36,female
TXN-01640,02/11/2025,C-019,KISHORE NAIK,West,Nagpur,S-122,Wireless Mouse Logitech,Electronics,Peripherals,1,899,₹400,0.3,629.3,Cash,2,no,$49,62,  Male  
TXN-00741,10/23/2025,C-007,SUNITA ROY,EAST,Kolkata,S-123,Pilates Resistance Band,N/A,Fitness,1,599,240,0,0,Gpay,10,FALSE,0,33,F
TXN-00866,12 Feb 2026,C-028,anjali singh,North,Jaipur,S-120,Johnson Baby Oil,HEALTH & BEAUTY,Baby Care,3,249,100,0.05,709.65,Cash On Delivery,4,0,0,36,F
TXN-00353,07/25/2025,C-018,Pallavi Shah,West,Surat,S-114,Kurta Set Ethnic, FASHION ,Ethnic Wear,4,"£1,599",700,10,0,Credit Card,5,False,79,nan,F
TXN-01318,04/20/2026,C-021,Aditya Bose, East ,Kolkata,S-116,MacBook Air M3,Electronics,LAPTOPS,1,114900,78000,10,0,Cash,8,FALSE,0,29,MALE
TXN-01485,04/02/2026,C-003,Ananya Gupta,South,Bangalore,S-116,MacBook Air M3,Electronics,  Laptops  ,3,114900,78000,15,292995.0,Cash,8,0,49,42,FEMALE
TXN-00934,2025-11-23,C-004,VIKRAM SINGH,Central,Bhopal,S-122, Wireless Mouse Logitech ,   Electronics   ,PERIPHERALS,3,£899,£400,0,0,Net Banking,8,n,49,29,m
TXN-02157,07/02/2026,C-026,preethi kumar,South,Chennai,S-111,ON Whey Protein 2kg,Health & Beauty,Fitness,2,"£2,499",1200,15,0,Credit Card,2,yes,0,28,female
TXN-01003,29-03-2026,C-024,Divya Reddy,#N/A,Hyderabad,S-113,Fitbit Charge 6,Electronics,Wearables,none,"£14,999",9000,0,0,Net Banking,2,false,0,53,f
TXN-01597,01/10/2026,C-019,Kishore Naik,West,Nagpur,s-109,Cetaphil Moisturiser,Health & Beauty,Skincare,2,799,320,0,0,Gpay,1,0,149,62,MALE
TXN-02065,2025-07-16,C-025,nikhil joshi,West,Pune, S-122 ,Wireless Mouse Logitech,Electronics,Peripherals,2,$899,400,0,1798.0,Gpay,10,n,$199,32,MALE
TXN-00813,14/02/2025,C-023,tarun sharma,North,Delhi,S-106,Prestige Mixer,Home & Kitchen,Appliances,  2  ,"$4,599","£2,200",5,0,PhonePe,9,N,0,19,Male
TXN-01772,26 Jan 2026,C-008,Arjun Patel,West,Ahmedabad,S-118,La Mer Moisturizer,Health & Beauty,Skincare,3,19900,"₹11,000",10,0,Cash,10,NO,49,24,M
TXN-01035,28/05/2025,C-017,Sundar Kumar,South,Bangalore,S-121,Maggi Noodles 12pk,Groceries,Instant Food,2,168,80,0,0,Cash,1,N,0,37,M
TXN-02248,2025-07-12,C-003,Ananya Gupta,South,Bangalore,S-123,Pilates Resistance Band,-,Fitness,2,£599,240,0.05,1138.1,Gpay,2,FALSE,149,42,female
TXN-01624,11/06/2025,C-028,Anjali Singh,North,Jaipur,S-109,Cetaphil Moisturiser,Health & Beauty,Skincare,3,₹799,320,20,1917.6,Credit Card,5,no,₹199,36,female
TXN-00485,02/20/2025,C-012,Harish Rao,South,Hyderabad,S-117,Kindle Paperwhite,Electronics,E-Readers,1,14999,"$9,500",10,0,Debit Card,4,NO,49,55,male
TXN-01489,04/18/2025,C-003,Ananya Gupta,South,Bangalore,S-105,"Samsung 55"" QLED",ELECTRONICS,Televisions,2,"₹74,999","$45,000",5,142498.1,Credit Card,7,no,99,42,FEMALE
TXN-00149,05/12/2025,C-022,SWATI MISHRA,Central,Indore,S-115,Basmati Rice 5kg,Groceries,Staples,2,499,280,0,998.0,Gpay,3,NO,79,41,f
TXN-01207,2025-09-29,C-021,Aditya Bose,East,Kolkata,S-104,Atomic Habits,Books & Stationery,Non-Fiction,4,399,180,0.0,1596.0,UPI,2,TRUE,0,29,Male
TXN-01405,09/10/2025,C-010,SANJAY KAPOOR,north,Delhi,S-116,MacBook Air M3,Electronics,Laptops,4,"₹114,900",78000,5,0,Gpay,2,true,$49,40,Male
TXN-01212,20-10-2025,C-028,Anjali Singh,North,Jaipur,S-107,boAt Airdopes 141,Electronics,   Headphones   ,3,"$1,299",600,0.25,2922.75,Cash On Delivery,5,NO,£79,36,female
TXN-01209,05/03/2025,C-030,Shreya Patel,West,Ahmedabad,S-125,Zara Floral Dress,Fashion,women clothing,1,4999,2200,0.2,3999.2,PhonePe,10,TRUE,0,30,F
TXN-00256,25 Nov 2025,C-001,Priya Sharma,North,Delhi,S-101,OnePlus 12R,Electronics,Smartphones,1,29999,18000,0.05,0,Credit Card,7,No,79,28,-
TXN-01852,05-05-2025,C-029,Rohan Gupta,west,Mumbai,S-124,Dyson V15 Vacuum,Home & Kitchen,Vacuum Cleaners,2,54900,35000,0.15,0,Net Banking,8,FALSE,199,25,NULL
TXN-02006,24/03/2026,C-021,Aditya Bose,East,Kolkata,S-124,Dyson V15 Vacuum,Home & Kitchen,Vacuum Cleaners,1,"£54,900",35000,0.15,0,PhonePe,None,no,0,29,Male
TXN-01093,03/08/2025,C-021,Aditya Bose,East,Kolkata,S-117,kindle paperwhite,Electronics,null,1,14999,9500,25,0,Credit Card,5,false,0,29,M
TXN-00975,03/04/2025,C-011,ritu jain,West,Pune,s-115,Basmati Rice 5kg,Groceries,Staples,3,£499,280,0.0,0,PHONEPE,2,False,0,27,Female
TXN-02172,22 Feb 2026,C-004,Vikram Singh,Central,Bhopal,S-108,Yoga Mat Premium,Sports,Fitness,5,1299,580,15,0,UPI,7,No,199,29,Male
TXN-02163,29/07/2025,C-021,aditya bose,East,Kolkata,S-119,Fastrack Analog Watch,Fashion,Accessories,none,2499,"₹1,100",25,0,Credit Card,6,-,99,29,M
TXN-01720,04 Aug 2025,C-018,Pallavi Shah,West,Surat,S-101,OnePlus 12R,Electronics,   Smartphones   ,#N/A,29999,18000,25,0,Debit Card,7,false,0,22,FEMALE
TXN-01569,16 Apr 2026,C-028,ANJALI SINGH,North,Jaipur,S-101,OnePlus 12R,Electronics,Smartphones,1,29999,18000,0,29999.0,Gpay,4,FALSE,79,36.0,Female
TXN-01153,2026-01-05,C-016,Rajesh Khanna,West,Mumbai,--,Dyson V15 Vacuum,Home & Kitchen,Vacuum Cleaners,2,54900,35000,5,104310.0,Credit Card,1,FALSE,149,48,M
TXN-00721,20 Apr 2026,C-007,Sunita Roy,East,Kolkata,S-120,Johnson Baby Oil,Health & Beauty,Baby Care,5,249,100,0,0,Gpay,3,Y,0,33,FEMALE
TXN-00066,30-01-2026,C-019,KISHORE NAIK,WEST,Nagpur,S-110,Levi's 511 Jeans,Fashion,Men Clothing,1,"£3,999",1800,0.0,0,PhonePe,5,NO,79,62,MALE
TXN-02193,2025-04-29,C-011,Ritu Jain,West,Pune,S-107,boAt Airdopes 141,Electronics,Headphones,    1    ,"₹1,299",£600,0.15,1104.15,Credit Card,8,  n  ,99,27,  f  
TXN-01188,08/15/2025,C-007,Sunita Roy,East,Kolkata,S-117,Kindle Paperwhite,Electronics,E-Readers,5,"$14,999","₹9,500",0,74995.0,Debit Card,4,false,£79,33,f
TXN-01933,2026-02-11,C-026,Preethi Kumar,South,Channai,S-110,LEVI'S 511 JEANS,Fashion,Men Clothing,2,3999,1800,0.1,0,   PhonePe   ,5,No,£99,28,female
TXN-01255,02-03-2025,C-030,Shreya Patel,West,Ahmedabad,S-114,Kurta Set Ethnic,  Fashion  ,Ethnic Wear,5,1599,700,5,0,EMI,10,false,0,30,Female
TXN-00032,28-03-2026,C-014,Mohit Saxena,North,Agra,S-117,Kindle Paperwhite,Electronics,E-Readers,1,14999,9500,0.2,0,EMI, 1 ,NO,199,44,m
TXN-01200,09/26/2025,C-007,Sunita Roy,east,Kolkata,S-116,MacBook Air M3,Electronics,Laptops,1,"£114,900",78000,0,114900.0,N/A,2,No,0,33.0,F
TXN-01825,11 Apr 2026,C-009,Kavita Mehta,north,Lucknow,S-116,MacBook Air M3,Electronics,Laptops,5,"£114,900",78000,0,0,UPI,7,no,79,45,FEMALE
TXN-02117,11/05/2025,C-030,Shreya Patel,West,Ahmedabad,S-106,Prestige Mixer,Home & Kitchen,APPLIANCES,5,"£4,599","£2,200",0.3,0,UPI,3,FALSE,199,30,f
TXN-01581,2025-08-18,C-012,Harish Rao,South,hyderabad,S-117,Kindle Paperwhite,Electronics,E-Readers,3,"£14,999",9500,0.2,0,PhonePe,1,False,99,55.0,M
TXN-02003,31 May 2025,C-012,Harish Rao,South,HYDERABAD,S-112,Apple AirPods Pro 2,Electronics,Headphones,3,24900,"£16,000",5,0,Cash On Delivery,9,N,79,55,Male
TXN-02275,01/03/2025,C-002,Rahul Kumar,West,MUMBAI,S-117,Kindle Paperwhite,Electronics,E-Readers,3,"₹14,999",9500,0.1,0,UPI,3,n,199,35,M
TXN-00539,20-04-2025,C-007,Sunita Roy,East,Kolkata,S-119,Fastrack Analog Watch,Fashion,Accessories,5,2499,"£1,100",0,0,UPI,1,FALSE,79,33,FEMALE
TXN-00731,10 Apr 2026,C-002,Rahul Kumar,--,Mumbai,S-104,Atomic Habits,Books & Stationery,Non-Fiction,4,₹399,180,10,0,UPI,10,FALSE,199,35,m
TXN-01465,02/09/2025,C-027,Arun Menon,South,Kochi,S-117,Kindle Paperwhite,Electronics,E-Readers,3,14999,9500,0.1,0,Credit Card,4,N,149,47.0,MALE
TXN-01549,2025-12-03,C-001,Priya Sharma,north,Delhi,S-121,Maggi Noodles 12pk,Groceries,Instant Food,1,168,80,10,0,CASH ON DELIVERY,6,N,149,28.0,F
TXN-00704,01/02/2026,C-030,Shreya Patel,West,Ahmedabad,S-121,Maggi Noodles 12pk,Groceries,Instant Food,5,£168,80,10,0,Cash On Delivery,2,#N/A,0,30,female
TXN-01938,22/04/2025,C-006,Deepak Verma,,Jaipur,S-124,Dyson V15 Vacuum,Home & Kitchen,Vacuum Cleaners,4,"₹54,900",35000,0,0,Debit Card,6,False,199,38,male
TXN-01297,10/28/2025,C-007,Sunita Roy,East,Kolkata,S-103,INSTANT POT DUO,Home & Kitchen,Appliances,2,9999,"£5,200",0.0,0,Cash On Delivery,9,Yes,0,33,FEMALE
TXN-00264,26-11-2025,C-015,Nisha Pillai,NaN,Trivandrum,S-105,"Samsung 55"" QLED",Electronics,Televisions,2,74999,45000,10,134998.2,CASH,6,no,0,26,f
TXN-00469,2025-08-13,C-015,Nisha Pillai,South,Trivandrum,S-114,Kurta Set Ethnic,Fashion,Ethnic Wear,1,1599,700,5,0,Credit Card,1,N,79,26,FEMALE
TXN-02023,18 Jul 2025,C-018,Pallavi Shah,West,Surat,S-118,La Mer Moisturizer,Health & Beauty,Skincare,--,19900,"₹11,000",0.0,0,NET BANKING,4,False,0,22,female
TXN-00645,02/16/2026,C-019,Kishore Naik,West,Nagpur,S-113,Fitbit Charge 6,Electronics,Wearables,5,14999,9000,5,0,EMI,5,true,£199,62,m
TXN-01022,18-05-2025,C-024,divya reddy,south,Hyderabad,S-117,Kindle Paperwhite,Electronics,E-Readers,2,14999,9500,5,0,Gpay,10,no,$79,53.0,F
TXN-01563,19 Aug 2025,C-017,Sundar Kumar,South,Bangalore,S-120,Johnson Baby Oil,  Health & Beauty  ,Baby Care,4,249,100,0,0,Debit Card,3,FALSE,79,37,m
TXN-01914,10 May 2025,C-014,Mohit Saxena,North,Agra,S-109,CETAPHIL MOISTURISER,HEALTH & BEAUTY,Skincare,1,₹799,320,20,0,Cash,9,no,0,44,M
TXN-00781,18-03-2026,C-012,HARISH RAO,South,Hyderabad,S-122,Wireless Mouse Logitech,Electronics,Peripherals,3,₹899,$400,0.0,0,UPI,,FALSE,99,55,Male
TXN-00366,02-10-2025,C-013,POOJA DAS,South,Chennai,S-125,Zara Floral Dress,  Fashion  ,Women Clothing,2,"$4,999",2200,15,0,PhonePe,7,1,0,31,   f   
TXN-01036,25-09-2025,C-013,Pooja Das,South,Chennai,S-113,Fitbit Charge 6,Electronics,Wearables,n/a,"$14,999",9000,0.05,0,EMI,3,N,49,31,f
TXN-01011,25/06/2025,C-011,Ritu Jain,West,Pune,S-114,Kurta Set Ethnic,Fashion,Ethnic Wear,3,1599,700,30,0,Credit Card,8,NO,79,27,f
TXN-01608,03/17/2025,C-011,Ritu Jain,west,Pune,S-118,La Mer Moisturizer,Health & Beauty,Skincare,1,19900,11000,0.05,0,Credit Card,9,FALSE,199,27,Female
TXN-01076,06/28/2025,C-014,Mohit Saxena,North,Agra,S-122,Wireless Mouse Logitech,Electronics,None,1,₹899,$400,0.15,764.15,EMI,4,false,49,44.0,MALE
TXN-02322,29 Mar 2025,C-002,RAHUL KUMAR,West,Mumbai,S-103,Instant Pot Duo,Home & Kitchen,Appliances,2,9999,5200,25,0,Credit Card,10,YES,₹49,35,M
TXN-00291,2026-04-10,C-021,Aditya Bose,East,Kolkata,S-102,nike air max 90,Fashion,Footwear,2,8999,4500,15,0,None,6,n,149,29,M
TXN-01019,19/02/2026,C-011,Ritu Jain,west,Pune,S-102,Nike Air Max 90,Fashion,Footwear,2,"₹8,999",4500,10,0,Credit Card,8,0,79,27,F
TXN-02126,23 Jul 2025,C-010,Sanjay Kapoor,North,Delhi,S-103,Instant Pot Duo,Home & Kitchen,Appliances,5,"$9,999",5200,0.0,0,Net Banking,7,y,199,,M
TXN-02340,21 Feb 2025,C-017,Sundar Kumar,South,BANGALORE,S-122,Wireless Mouse Logitech,electronics,Peripherals,4,899,400,0,3596.0,Debit Card,1,false,£49,37,M
TXN-ZERO-000,01/11/2025,C-009,KAVITA MEHTA,North,Lucknow,S-103,Instant Pot Duo,Home & Kitchen,Appliances,0,9999,5200,0.25,0,NA,4,FALSE,49,-,FEMALE
TXN-00052,20 Dec 2025,C-011,Ritu Jain, WEST ,Pune,S-105,"Samsung 55"" QLED",Electronics,Televisions,3,"$74,999","$45,000",30,157497.9,Net Banking,7,Yes,199,27,female
TXN-01403,02-04-2026,C-024,Divya Reddy,south,Hyderabad,S-109,cetaphil moisturiser,Health & Beauty,Skincare,2,₹799,320,25,0,PhonePe,none,False,0,53,female
TXN-01192,16-04-2026,C-003,Ananya Gupta,South,BANGALORE,S-103,Instant Pot Duo,Home & Kitchen,Appliances,2,9999,"₹5,200",0.25,14998.5,CASH,10,0,0,42,female
TXN-00592,09-06-2025,C-002,Rahul Kumar,West,MUMBAI,S-115,Basmati Rice 5kg,GROCERIES,Staples,3,£499,280,0.1,0,EMI,6,1,0,35,MALE
TXN-00374,28 Mar 2025,C-017,SUNDAR KUMAR,South,Bangalore,S-119,Fastrack Analog Watch,Fashion,Accessories,5,2499,1100,0,0,UPI,9,FALSE,199,37,MALE
TXN-01312,18-08-2025,C-023,Tarun Sharma,North,delhi,S-114,null,Fashion,  Ethnic Wear  ,4,1599,$700,0.3,0,Gpay,7,FALSE,49,19,M
TXN-02093,2025-08-04,C-006,Deepak Verma,North,Jaipur,S-106,Prestige Mixer,Home & Kitchen,Appliances,4,"$4,599",2200,0,0,EMI,5,FALSE,49,38,m
TXN-02090,08 Jun 2025,C-006,Deepak Verma,North,Jaipur,S-125,ZARA FLORAL DRESS,Fashion,Women Clothing,5,"₹4,999","£2,200",0.2,0,PhonePe,2,Y,49,38,male
TXN-02300,23/11/2025,C-006,Deepak Verma,North,Jaipur,S-115,Basmati Rice 5kg,NULL,Staples,1,499,280,10,0,Cash On Delivery,1,Y,0,38,M
TXN-00488,03 Apr 2026,C-001,Priya Sharma,North,Delhi,S-113,fitbit charge 6,Electronics,Wearables,3,"₹14,999",9000,20,0,Debit Card,7,true,149,28,F
TXN-01534,2026-04-06,C-019,Kishore Naik,West,Nagpur,S-124,Dyson V15 Vacuum,Home & Kitchen,Vacuum Cleaners,1,54900,"£35,000",0.1,0,Net Banking,1,NO,49,62,male
TXN-00128,2025-12-11,C-027,Arun Menon,South,Kochi,S-125,Zara Floral Dress,Fashion,WOMEN CLOTHING,5,"£4,999",2200,0.1,22495.5,Cash On Delivery,3,No,79,,M
TXN-02283,2025-11-13,C-016,Rajesh Khanna,West,Mumbai,S-113,Fitbit Charge 6,Electronics,Wearables,2,14999,9000,5,0,Cash,7,NO,49,48,Male
TXN-01512,06 Jan 2026,C-014,Mohit Saxena,North,Agra,S-105,"Samsung 55"" QLED",Electronics,Televisions,2,"₹74,999","₹45,000",0,149998.0,UPI,10,false,0,44,MALE
TXN-00327,03/16/2026,C-011,ritu jain,West,Pune,S-112,Apple AirPods Pro 2,null,Headphones,3,"₹24,900",16000,0.1,67230.0,UPI,8,no,199,27,female
TXN-02195,10/10/2025,C-024,Divya Reddy,South,Hyderabad,S-118,La Mer Moisturizer,Health & Beauty,Skincare, 3 ,19900,11000,10,0,Cash,7,FALSE,99,53,female
TXN-01791,10/05/2025,C-002,Rahul Kumar,West,mumbai,S-113,Fitbit Charge 6,Electronics,Wearables, 2 ,14999,9000,0,29998.0,Cash On Delivery,6,n,49,35,m
TXN-02079,21/01/2026,C-002,Rahul Kumar,West,Mumbai,S-108,Yoga Mat Premium,None,Fitness,3,1299,580,0.0,3897.0,Net Banking,NULL,false,0,35,m
TXN-00858,07/01/2025,C-016,Rajesh Khanna,west,MUMBAI,S-120,Johnson Baby Oil,Health & Beauty,Baby Care,5,249,₹100,15,0,gpay,3,false,49,48,M
TXN-00684,23 Jun 2025,C-025,nikhil joshi,West,Pune,S-109,Cetaphil Moisturiser,Health & Beauty,skincare,4,£799,320,0.1,0,None,10,NO,₹49,32,Male
TXN-01496,07/02/2025,C-016,Rajesh Khanna,West,mumbai,S-117,KINDLE PAPERWHITE,Electronics,E-Readers,3,14999,9500,30,0,Gpay,none,N,199,48,male
TXN-02251,2026-02-15,C-016,Rajesh Khanna,West,Mumbai,S-117,Kindle Paperwhite,Electronics,E-READERS,4,14999,"£9,500",0.1,0,PhonePe,8,FALSE,0,48,MALE
TXN-01390,12/15/2025,C-006,Deepak Verma,North,Jaipur,S-120,Johnson Baby Oil,Health & Beauty,Baby Care,5,249,$100,0.05,0,UPI,6,NA,0,38.0,Male
TXN-00707,2026-01-28,C-023,Tarun Sharma,North,Delhi,S-114,Kurta Set Ethnic,Fashion,Ethnic Wear,5,"₹1,599",700,0.0,7995.0,UPI,4,0,99,19,M
TXN-01648,08/24/2025,C-024,Divya Reddy,South,Hyderabad,S-122,Wireless Mouse Logitech,Electronics,peripherals,2,899,$400,0,1798.0,   Debit Card   ,3,No,0,53,FEMALE
TXN-02081,10/10/2025,C-011,Ritu Jain,West,Pune,S-109,Cetaphil Moisturiser,Health & Beauty,Skincare,3,799,£320,5,2277.15,EMI,6,False,79,27,F
TXN-00013,21/05/2025,C-008,ARJUN PATEL,West,Ahmedabad,S-110,NA,Fashion,Men Clothing,5,"₹3,999",1800,0.1,17995.5,Gpay,3,n,49,24,M
TXN-02165,09-10-2025,C-015,nisha pillai,South,Trivandrum,S-120,Johnson Baby Oil,Health & Beauty,Baby Care,5,249,100,5,1182.75,Cash,3,Yes,99,26,Female
TXN-01644,28 Aug 2025,C-019,Kishore Naik,West,Nagpur,S-122,Wireless Mouse Logitech,Electronics,Peripherals,1,$899,£400,25,0,GPAY,8,N,₹99,62,N/A
TXN-02018,15/08/2025,C-025,Nikhil Joshi,West,Pune,S-106,Prestige Mixer,Home & Kitchen,Appliances,    1    ,4599,2200,10,4139.1,PhonePe,5,NO,199,32,MALE
TXN-01546,11 Jan 2026,C-008,Arjun Patel,West,Ahmedabad,S-104,Atomic Habits,Books & Stationery,NON-FICTION,1,399,180,0,0,EMI,6,false,0,24,m
TXN-02048,2026-02-03,C-014,mohit saxena,North,Agra,S-121, Maggi Noodles 12pk ,    Groceries    ,Instant Food,2,168,$80,0.05,319.2,Gpay,7,NO,99,44,m
TXN-01202,05/05/2025,C-015,Nisha Pillai,South,Trivandrum,s-121,maggi noodles 12pk,Groceries,Instant Food,5,168,80,0,840.0,PhonePe,1,N,199,26,Female
TXN-00360,21 Feb 2026,C-028,Anjali Singh,north,Jaipur,S-106,Prestige Mixer,Home & Kitchen,Appliances,5,4599,2200,0,0,    Net Banking    ,10,no,0,36,F
TXN-00841,2025-07-06,C-006,Deepak Verma,North,Jaipur,S-123,Pilates Resistance Band,Sports,Fitness,1,$599,240,0.0,599.0,Debit Card,8,    0    ,99,38,MALE
TXN-00952,27 Mar 2025,C-015,Nisha Pillai,South,Trivandrum,S-117,Kindle Paperwhite,Electronics, E-Readers ,4,14999,9500,0,59996.0,Cash,9,NO,149,26,F
TXN-01595,04-04-2025,C-029,Rohan Gupta,West,Mumbai,S-122,WIRELESS MOUSE LOGITECH,Electronics,Peripherals,2,899,400,0,0,Net Banking,4,No,99,25,M
TXN-01669,07/23/2025,C-024,Divya Reddy,South,Hyderabad,S-119,Fastrack Analog Watch,Fashion,Accessories,3,2499,1100,0,0,Debit Card,9,n,$99,53,F
TXN-01363,04 Aug 2025,C-023,Tarun Sharma,North,Delhi,S-112,Apple AirPods Pro 2,    ELECTRONICS    ,Headphones,4,24900,"$16,000",0,0,Cash,6,0,49,19,Male
TXN-00524,28-03-2026,C-029,Rohan Gupta,West,Mumbai,S-125,Zara Floral Dress,Fashion,Women Clothing,   3   ,4999,2200,25,0,Debit Card,9,NO,99,25,Male
TXN-00814,18 Nov 2025,C-026,Preethi Kumar,South,Chennai,S-108,Yoga Mat Premium,Sports, Fitness ,1,1299,₹580,15,0,Net Banking,3,FALSE,₹149,28,f
TXN-00771,2025-09-06,C-007,Sunita Roy,East,Kolkata,S-113,Fitbit Charge 6,electronics,Wearables,2,"£14,999",9000,0.3,0,Gpay,2,1,₹149,33,NULL
TXN-01674,06/20/2025,C-016,Rajesh Khanna,West,Mumbai,S-121,Maggi Noodles 12pk,Groceries,Instant Food,2,₹168,80,0.05,319.2,Gpay,10,yes,0,48,m
TXN-02330,2025-09-14,C-020,Geeta Iyer,South,Coimbatore,S-116,MacBook Air M3, Electronics ,Laptops,1,114900,"₹78,000",10,103410.0,Net Banking,None,false,£149,34,F
TXN-00754,03 Jul 2025,C-014,MOHIT SAXENA,North,Agra,S-113,Fitbit Charge 6,  Electronics  ,Wearables,   3   ,14999,9000,0.05,42747.15,Gpay,7,false,0,44,male
TXN-01857,2025-06-03,C-005,Meera Nair,South,Kochi,S-110,Levi's 511 Jeans,Fashion,men clothing,2,"₹3,999","₹1,800",30,0,#N/A,5,  no  ,149,51,F
TXN-00096,28 Mar 2025,C-013,Pooja Das,SOUTH,CHENNAI,S-102,Nike Air Max 90,Fashion,Footwear,2,"$8,999",4500,0.1,0,Debit Card,10,N,79,31,female
TXN-01611,11/30/2025,C-024,Divya Reddy,South,Hyderabad,S-108,NA,Sports,Fitness,5,1299,580,0.05,0,Cash On Delivery,3,n,99,53,Female
TXN-01359,19-02-2026,C-003,Ananya Gupta,South,Bangalore,S-104,Atomic Habits,books & stationery,Non-Fiction,4,399,180,5,1516.2,Credit Card,9,no,79,,    FEMALE    
TXN-00073,28/07/2025,C-025,Nikhil Joshi,West,Pune,S-120,Johnson Baby Oil,HEALTH & BEAUTY,BABY CARE,4,249,£100,20,0,UPI,3,N,₹99,32,m
TXN-00115,04/12/2025,C-008,Arjun Patel,West,Ahmedabad,S-125,Zara Floral Dress,fashion,Women Clothing,2,"$4,999",2200,0.0,9998.0,Credit Card,5,yes,79,24,m
TXN-00274,22 Mar 2025,C-008,ARJUN PATEL,West,Ahmedabad,S-122,Wireless Mouse Logitech,Electronics,Peripherals,4,₹899,400,0.2,0,EMI,6,N,₹49,24,   Male   
TXN-00141,12 May 2025,C-025,Nikhil Joshi,West,Pune,   S-109   ,    Cetaphil Moisturiser    ,Health & Beauty,Skincare,3,799,$320,5,0,Net Banking,3,True,£99,NaN,male
TXN-01766,08/07/2025,C-008,arjun patel,West,Ahmedabad,S-113,Fitbit Charge 6,Electronics,Wearables,1,14999,"₹9,000",0,0,PhonePe,8,false,49,,M
TXN-02192,02/05/2025,C-027,ARUN MENON,South,Kochi,S-106,Prestige Mixer,Home & Kitchen,Appliances,2,4599,"₹2,200",0.3,0,Credit Card,8,yes,$49,47,m
TXN-01729,21 Aug 2025,C-024,DIVYA REDDY, South ,Hyderabad,S-123,Pilates Resistance Band,Sports,none,1,599,240,15,509.15,Cash On Delivery,9,false,199,,
TXN-00487,03/06/2025,C-016,Rajesh Khanna,West,Mumbai,S-112,Apple AirPods Pro 2,Electronics,Headphones,4,24900,"£16,000",0,99600.0,Gpay,8,n,#N/A,,m
TXN-02240,01/25/2026,C-009,Kavita Mehta,NA,Lucknow,S-118,La Mer Moisturizer,Health & Beauty,Skincare,2,"₹19,900",11000,0.0,0,CASH,1,No,£79,45,f
TXN-01529,02 Jan 2026,C-003,Ananya Gupta,South,Bangalore,S-117,Kindle Paperwhite,Electronics,E-Readers,2,14999,"£9,500",0.25,0,Gpay,2,NO,49,42,Female
TXN-01158,09/09/2025,C-008,Arjun Patel,West,Ahmedabad,S-112,Apple AirPods Pro 2,Electronics,Headphones,1,"$24,900",16000,0.0,0,cash on delivery,    1    ,true,149,24,Male
TXN-01487,01/29/2026,C-030,shreya patel,West,Ahmedabad,S-116,MacBook Air M3,Electronics,Laptops,3,114900,78000,0,0,Cash On Delivery,2,no,0,30,FEMALE
TXN-00037,21/04/2026,C-029,Rohan Gupta,    West    ,Mumbai,S-102,   Nike Air Max 90   ,Fashion,Footwear,3,"£8,999",4500,0.25,20247.75,EMI,2,NO,79,25,MALE
TXN-02208,31-07-2025,C-020,Geeta Iyer,South,Coimbatore,S-117,Kindle Paperwhite,Electronics,   E-Readers   ,   5   ,"₹14,999",9500,0,0,EMI,2,n,149,34,F
TXN-01170,02/08/2026,C-004,Vikram Singh,Central,Bhopal,none,MacBook Air M3,Electronics,Laptops,NaN,"$114,900",78000,0,0,Cash,8,false,199,29,male
TXN-00533,30-04-2025,C-015,Nisha Pillai,South,Trivandrum,S-115,Basmati Rice 5kg,Groceries,Staples,5,499,$280,20,1996.0,Cash,6,False,199,    26    ,   Female   
TXN-01426,02/09/2026,C-002,RAHUL KUMAR,West,Mumbai,S-121,Maggi Noodles 12pk,Groceries,Instant Food,3,168,80,0.3,352.8,EMI,3,#N/A,79,35,male
TXN-00703,02-03-2026,C-030,Shreya Patel,West,Ahmedabad,S-108,Yoga Mat Premium,Sports,Fitness,5,"₹1,299",$580,10,5845.5,Cash On Delivery,8,no,79,30,f
TXN-02389,03/03/2025,C-012,harish rao,South,Hyderabad,S-114,Kurta Set Ethnic,Fashion,Ethnic Wear,1,"₹1,599",$700,0.2,0,Cash On Delivery,6,True,99,55,male
TXN-01621,28/10/2025,C-021,Aditya Bose,East,Kolkata,S-122,Wireless Mouse Logitech,Electronics,Peripherals,3,£899,400,0.0,0,Debit Card,4,#N/A,0,29,Male
TXN-00808,2025-11-13,C-028,Anjali Singh,North,Jaipur,S-124,Dyson V15 Vacuum,Home & Kitchen,Vacuum Cleaners,5,54900,"₹35,000",5,260775.0,  Credit Card  ,5,NO,0,36,F
TXN-00203,10/07/2025,C-016,Rajesh Khanna,West,Mumbai,S-121,Maggi Noodles 12pk,Groceries,Instant Food,5,168,80,0.1,756.0,Cash,1,   0   ,199,48,M
TXN-01303,24 Apr 2025,C-010,Sanjay Kapoor,North,Delhi,S-108,Yoga Mat Premium,Sports,Fitness,2,1299,£580,5,2468.1,EMI,4,0,0,40,male
TXN-00088,02/05/2026,C-003,Ananya Gupta,South,Bangalore,S-117,Kindle Paperwhite,Electronics,E-Readers,4,14999,"£9,500",0.05,0,#N/A,1,false,99,42,FEMALE
TXN-01830,2025-05-15,C-018,pallavi shah,West,Surat,S-101, OnePlus 12R ,Electronics,Smartphones,5,29999,18000,0,0,    CASH    ,7,NO,$199,22,female
None,None,None,None,None,None,None,None,None,None,None,None,None,None,None,None,None,None,None,None,None
TXN-00639,25/05/2025,C-001,Priya Sharma,North,Delhi,S-105,"Samsung 55"" QLED",Electronics,Televisions,4,"₹74,999",45000,0.0,0,EMI,7,false,0,28,FEMALE
TXN-02325,20/03/2025,C-029,Rohan Gupta,west,Mumbai,S-122,  Wireless Mouse Logitech  ,electronics,Peripherals,3,899,400,0,0,Cash,2,Yes,0,25,m
TXN-02002,12/06/2025,C-030,Shreya Patel,West,Ahmedabad,S-117,Kindle Paperwhite,Electronics,E-Readers,2,"£14,999","₹9,500",0.3,0,UPI,10,true,149,30,Female
TXN-00970,2025-03-05,C-014,mohit saxena,North,Agra,S-120,Johnson Baby Oil,Health & Beauty,Baby Care,3,249,100,30,522.9,Net Banking,4,N,$149, 44 ,male
TXN-01700,2025-06-05,C-015,Nisha Pillai,South,Trivandrum,S-105,"Samsung 55"" QLED",Electronics,Televisions,4,74999,45000,0.0,299996.0,Gpay,3,Y,0,26.0,Female
TXN-00189,13/01/2026,C-022,Swati Mishra,Central,Indore,S-125,Zara Floral Dress,Fashion,Women Clothing,3,4999,2200,0,0,Net Banking,4,0,0,41,f
TXN-00679,24-11-2025,C-021,Aditya Bose,East,Kolkata,S-107,boAt Airdopes 141,Electronics,Headphones,4,"₹1,299",600,10,0,  PhonePe  ,7,1,  0  ,29,m
TXN-00399,02-06-2025,C-010,Sanjay Kapoor,North,Dellhi,S-122,Wireless Mouse Logitech,Electronics,Peripherals,5,899,400,0.0,0,Gpay,1,yes,99,40,   m   
TXN-00112,20-03-2026,C-001,Priya Sharma,North,Delhi,S-121,Maggi Noodles 12pk,Groceries,Instant Food,4,£168,$80,0.1,604.8,Net Banking,10,n,0,28,Female
TXN-00507,25-09-2025,C-018,PALLAVI SHAH,West,Surat,S-113,Fitbit Charge 6,    Electronics    ,Wearables,2,14999,9000,0.25,0,PhonePe,,0,£199,22,FEMALE
TXN-01623,15/04/2026,C-020,GEETA IYER,South,Coimbatore,S-112,Apple AirPods Pro 2,Electronics,Headphones,2,24900,16000,10,0,Debit Card,9,False,99,34,female
TXN-00969,07/29/2025,C-017,Sundar Kumar,south,Bangalore,S-119,Fastrack Analog Watch,Fashion,Accessories,1,2499,1100,5,0,Cash On Delivery,1,0,79,37,m
TXN-02310,2026-02-20,C-027,Arun Menon,SOUTH,Kochi,S-112,Apple AirPods Pro 2,Electronics,Headphones,3,24900,16000,0,0,PHONEPE,6,yes,99,47,Male
TXN-00760,2025-10-07,C-004,vikram singh,Central,Bhopal,s-114,Kurta Set Ethnic,Fashion,Ethnic Wear,NULL,"£1,599",700,0.3,0,EMI,4,NO,79,29,Male
TXN-01450,15 Mar 2026,C-010,Sanjay Kapoor,North,Delhi,nan,Fastrack Analog Watch,Fashion,Accessories,4,"₹2,499",1100,0.3,0,UPI,6,True,199,,M
TXN-00557,26/03/2026,C-025,Nikhil Joshi,West,Pune,S-107,boAt Airdopes 141,Electronics,-,4,"₹1,299",600,10,0,EMI,4,NO,99,32,M
TXN-01592,2025-10-03,C-028,anjali singh,North,Jaipur,S-107,boAt Airdopes 141,Electronics,Headphones,4,1299,600,0,0,PhonePe,8,FALSE,79,36,f
TXN-00357,14 Apr 2026,C-019,Kishore Naik,West,Nagpur,S-120,Johnson Baby Oil,Health & Beauty,Baby Care,4,$249,100,5,0,Gpay,4,n,$49,62,M
TXN-01553,2025-05-23,C-025,Nikhil Joshi,West,Pune,S-117,Kindle Paperwhite,Electronics,E-Readers,2,14999,9500,10,0,Debit Card,4,False,₹49,    32    ,M
TXN-00933,13 Dec 2025,C-020,Geeta Iyer,South,Coimbatore,S-111,ON Whey Protein 2kg, Health & Beauty ,FITNESS,3,2499,1200,0.1,0,Debit Card,1,TRUE,49,34,f
TXN-01812,2025-03-29,C-030,Shreya Patel,West,Ahmedabad,S-110,Levi's 511 Jeans,Fashion,Men Clothing,4,"£3,999",1800,25,11997.0,Gpay,2,n,149,30,FEMALE
TXN-01125,01/11/2026,C-008,Arjun Patel,   West   ,Ahmedabad,S-118,La Mer Moisturizer,Health & Beauty,Skincare,5,19900,11000,0.1,0,Gpay,5,FALSE,99,24,m
TXN-00044,04-10-2025,C-020,Geeta Iyer,South,Coimbatore,S-120,None,Health & Beauty,Baby Care,3,£249,100,0.0,0,Cash On Delivery,3,no,199,34,F
TXN-02074,10/26/2025,C-009,Kavita Mehta,North,Lucknow,S-112,Apple AirPods Pro 2,electronics,Headphones,1,24900,16000,10,0,EMI,7,n,199,45,female
TXN-01311,25/04/2026,C-004,Vikram Singh,Central,Bhopal,S-106,Prestige Mixer,Home & Kitchen,Appliances,2,"£4,599","£2,200",15,0,UPI,undefined,No,79,29,MALE
TXN-02068,03/20/2025,C-003,Ananya Gupta,South,Bangalore,S-122,Wireless Mouse Logitech,Electronics,-,1,899,400,25,0,Cash On Delivery,3, false ,199,42,FEMALE
TXN-00305,20 Apr 2025,C-015,nisha pillai,SOUTH,Trivandrum,S-105,"SAMSUNG 55"" QLED",Electronics,Televisions, 3 ,74999,45000,30,157497.9,Cash On Delivery,6,false,149,26,FEMALE
TXN-01821,27 Jun 2025,C-020,Geeta Iyer,South,Coimbatore,S-105,"Samsung 55"" QLED",Electronics,Televisions,1,"₹74,999",45000,0,0,CREDIT CARD,8,N,49,34,F
TXN-00745,2025-04-24,C-024,Divya Reddy,South,Hyderabad,S-123,Pilates Resistance Band,Sports,Fitness,1,£599,240,30,419.3,Cash,9,No,0,53, F 
TXN-01086,2026-03-21,C-003,Ananya Gupta,South,Bangalore,S-122,Wireless Mouse Logitech,Electronics,Peripherals,5,899,400,25,3371.25,Cash,1,n,149,42.0,F
TXN-01083,04/16/2026,C-002,RAHUL KUMAR,West,Mumbai,S-120,Johnson Baby Oil,Health & Beauty,Baby Care,3,£249,100,10,0,Cash On Delivery,4,NO,49,35,male
TXN-01632,04 Mar 2025,C-003,Ananya Gupta,South,Bangalore,S-118,La Mer Moisturizer,Health & Beauty,Skincare,1,"₹19,900",11000,0.0,0,Debit Card,7,Y,199, 42 ,female
TXN-00480,26 Nov 2025,C-001,Priya Sharma,North,DELHI,S-125,Zara Floral Dress,Fashion,Women Clothing,5,4999,"£2,200",10,22495.5,Cash On Delivery,2,False,0,28,F
TXN-01066,2025-03-30,C-005,Meera Nair,South,Kochi,S-103,Instant Pot Duo,Home & Kitchen,Appliances,2,"₹9,999","$5,200",0.05,0,EMI,4,NO,79,51,  f  
TXN-01435,16 Jan 2026,C-015,Nisha Pillai,South,Trivandrum,S-114,Kurta Set Ethnic,Fashion,Ethnic Wear,3,"₹1,599",700,30,0,PhonePe, 9 ,0,79,, female 
TXN-00208,2026-01-05,C-001,Priya Sharma,north,Delhi,S-108,Yoga Mat Premium,Sports,Fitness,1,"£1,299",580,0.25,974.25,upi,8,NO,199,28,F
TXN-00131,04/08/2025,C-006,Deepak Verma,North,Jaipur,S-103,Instant Pot Duo,Home & Kitchen,Appliances,5,"£9,999",5200,0.05,0,phonepe,1,null,₹199,38,M
TXN-00996,13 Apr 2025,C-016,Rajesh Khanna,West,Mumbai,S-114,Kurta Set Ethnic,Fashion,Ethnic Wear,nan,1599,700,0.25,0,EMI,7,No,0,48,MALE
TXN-00295,11 May 2025,C-018,Pallavi Shah,West,Surat,S-125,Zara Floral Dress,Fashion,Women Clothing,3,4999,2200,5,14247.15,Net Banking,10,false,99,,FEMALE
TXN-00174,2025-11-16,C-015,Nisha Pillai,South,Trivandrum,S-116,    MacBook Air M3    ,Electronics,Laptops,4,"₹114,900",78000,10,0,gpay,7,no,   0   ,NA,Female
TXN-01680,04/03/2025,C-030,Shreya Patel,West,Ahmedabad,S-105,"Samsung 55"" QLED",Electronics,Televisions,4,74999,"$45,000",20,239996.8,EMI,3,FALSE,99,30,F
TXN-01986,04/25/2026,C-023,Tarun Sharma,North,Delhi,S-109,Cetaphil Moisturiser,Health & Beauty,Skincare,2,799,320,10,1438.2,EMI,7,yes,£99,19,m
TXN-01610,09/16/2025,C-005,Meera Nair,South,Kochi,S-124,Dyson V15 Vacuum,Home & Kitchen,Vacuum Cleaners,4,"₹54,900",35000,30,0,PhonePe,9,false,0,51,Female
TXN-00440,30/04/2025,C-029,Rohan Gupta,West,Mumbai,S-104,Atomic Habits,Books & Stationery,NON-FICTION,1,£399,180,0.05,0,nan,2,No, 0 ,None,MALE
TXN-00215,10 Nov 2025,C-001,Priya Sharma,North,Delhi,S-115,Basmati Rice 5kg,Groceries,Staples,3,499,280,0.3,0,UPI,2,TRUE,149,28,FEMALE
TXN-00339,09/03/2025,C-013,Pooja Das,South,Chennai,S-117,Kindle Paperwhite,Electronics,E-Readers,1,14999,9500,0.15,0,Cash,8,False,149,31,f
TXN-01678,2025-12-01,C-019,KISHORE NAIK,West,Nagpur,S-125,Zara Floral Dress,Fashion,Women Clothing,4,4999,2200,0.0,0,EMI,4,False,149,62,Male
TXN-00060,2025-09-28,C-007,SUNITA ROY,East,Kolkata,S-107,boAt Airdopes 141,Electronics,Headphones,5,"₹1,299",600,20,0,Cash,3,0,149,33,F
TXN-00010,2025-12-24,C-016,Rajesh Khanna,West,Mumbai,S-121,Maggi Noodles 12pk,Groceries,Instant Food,3,£168,80,0.15,428.4,Net Banking,7,1,79,48,m
TXN-01476,08/09/2025,C-007,Sunita Roy,East,Kolkata,S-101,OnePlus 12R,Electronics,Smartphones,3,29999,18000,10,80997.3,Cash,2,n,49,    33    ,female
TXN-01245,22 Nov 2025,C-009,Kavita Mehta,North,Lucknow,S-113,Fitbit Charge 6,Electronics,Wearables,2,"£14,999",9000,0,0,gpay,10,false,0,45.0,Female
TXN-01421,03/29/2025,C-018,Pallavi Shah,West,Surat,S-101,oneplus 12r,Electronics,Smartphones,4,"₹29,999",18000,0.1,0,net banking,6,false,49,22,FEMALE
TXN-00806,03 Apr 2025,C-006,DEEPAK VERMA,North,Jaipur,S-102,Nike Air Max 90,Fashion,Footwear,2,8999,4500,10,0,Credit Card,,FALSE,0,38,MALE
TXN-ZERO-004,2025-12-11,C-027,Arun Menon,South,Kochi,S-125,Zara Floral Dress,Fashion,WOMEN CLOTHING,0,"£4,999",2200,0.1,22495.5,Cash On Delivery,3,No,79,,M
TXN-01996,24/02/2026,C-002,Rahul Kumar,West,Mumbai,S-118,La Mer Moisturizer,Health & Beauty,Skincare,1,"$19,900",11000,10,0,EMI,nan,N,149,35.0,M
TXN-01114,04-11-2025,C-004,Vikram Singh,Central,Bhopal,S-112,Apple AirPods Pro 2,Electronics,Headphones,5,"$24,900",16000,10,0,EMI,5,False,$79,29,m
TXN-02267,17 Apr 2026,C-017,Sundar Kumar,South,Bangalore,S-113,none,Electronics,Wearables,3,14999,9000,10,40497.3,Cash,2,n,149,37,m
TXN-01259,13-04-2026,C-015,Nisha Pillai,South,Trivandrum,S-113,Fitbit Charge 6,Electronics,Wearables,2,14999,"$9,000",0,0,Cash,6,TRUE,99,26,female
TXN-00120,03/29/2025,C-025,Nikhil Joshi,West,Pune,S-123,Pilates Resistance Band,Sports,Fitness,5,£599,₹240,0.25,2246.25,Gpay,9,0,₹99,32,M
TXN-01383,05/04/2025,C-017,Sundar Kumar,South,Bangalore,S-125,Zara Floral Dress,Fashion,Women Clothing,1,4999,2200,0.0,4999.0,Gpay,8,NO,0,37,M
TXN-00723,09 May 2025,C-013,POOJA DAS,South,Chennai,S-102,Nike Air Max 90,Fashion,Footwear,  5  ,8999,4500,5,0,Net Banking,1,true,149,    31    ,Female
TXN-00922,04 Apr 2025,C-021,Aditya Bose,East,Kolkata,s-108,YOGA MAT PREMIUM,Sports,Fitness,5,"£1,299",580,5,6170.25,Cash,10,FALSE,79,29,MALE
TXN-00685,12/22/2025,C-008,Arjun Patel,West,Ahmedabad,S-111,ON Whey Protein 2kg,Health & Beauty,Fitness,4,"£2,499",1200,0.1,0,phonepe,5,No,79,24,MALE
TXN-01261,13 Oct 2025,C-015,Nisha Pillai,South,Trivandrum,S-117,Kindle Paperwhite,Electronics,NULL,5,14999,9500,0.2,0,Cash On Delivery,8,FALSE,0,26,F
TXN-00819,13 May 2025,C-026,Preethi Kumar,South,Chennai,S-116,macbook air m3,Electronics,    Laptops    ,1,114900,78000,0,0,Credit Card,9,0,49,28,FEMALE
TXN-02168,12-03-2025,C-023,Tarun Sharma,North,Delhi,S-123,PILATES RESISTANCE BAND,Sports,Fitness,2,599,240,0.0,1198.0,Net Banking,10,False,£199,19,MALE
TXN-00074,12/14/2025,C-019,Kishore Naik,West,Nagpur,  S-108  ,-,Sports,Fitness,4,1299,$580,10,0,EMI,9,N,199,62,M
TXN-00455,29-11-2025,C-008,Arjun Patel,West,Ahmedabad,S-111,ON Whey Protein 2kg,health & beauty,FITNESS,5,"$2,499",1200,0.2,0,Credit Card,9,False,0,24,M
TXN-00166,19/02/2026,C-022,Swati Mishra,Central,Indore,S-123,Pilates Resistance Band,Sports,N/A,3,599,240,10,0,Gpay,4,0,0,41,FEMALE
TXN-00746,2026-03-14,C-027,Arun Menon,South,Kochi,S-116,MacBook Air M3,Electronics,Laptops,1,114900,78000,0.2,0,UPI,8,0,199,47,male
TXN-00317,26-04-2025,C-013,Pooja Das,South,Chennai,S-116,MacBook Air M3,Electronics,Laptops,4,114900,"₹78,000",20,0,Debit Card,10,False,79,31,Female
TXN-01161,05/23/2025,C-019,Kishore Naik,West,Nagpur,S-108,Yoga Mat Premium,Sports,Fitness,5,1299,580,0.2,0,Cash On Delivery,   9   ,n,₹149,,Male
TXN-00930,27/07/2025,C-014,Mohit Saxena,North,Agra,S-125,Zara Floral Dress,Fashion,Women Clothing,1,4999,2200,30,0,UPI,5,FALSE,79,44,m
TXN-00201,16 Apr 2025,C-027,Arun Menon,South,Kochi,S-124,Dyson V15 Vacuum,Home & Kitchen,Vacuum Cleaners,2,"$54,900","₹35,000",0.1,98820.0,EMI,1,No,99,47,male
TXN-02260,03/18/2026,C-027,Arun Menon,South,Kochi,S-120,Johnson Baby Oil,Health & Beauty,Baby Care,4,£249,100,0,996.0,UPI,4,True,$49,47,M
TXN-01606,10/03/2025,C-009,Kavita Mehta,North,Lucknow,S-125,Zara Floral Dress,Fashion,WOMEN CLOTHING,2,4999,"$2,200",0.05,0,PhonePe,1,NO,79,45,female
TXN-01613,03 Apr 2025,C-028,Anjali Singh,North,Jaipur,S-106,Prestige Mixer,Home & Kitchen,Appliances,1,4599,"₹2,200",0,0,EMI,2,Y,49,36,f
TXN-01719,04/07/2026,C-015,Nisha Pillai,South,Trivandrum,S-111,ON Whey Protein 2kg,Health & Beauty,Fitness,2,2499,1200,0.1,0,PhonePe,8,false,49,26,FEMALE
TXN-01780,01/21/2026,C-024,Divya Reddy,south,Hyderabad,S-107,boAt Airdopes 141,Electronics,Headphones,1,1299,600,25,974.25,Debit Card,8,n,99,53,FEMALE
TXN-00961,12 Sep 2025,C-002,Rahul Kumar,west,Mumbai,S-116,MacBook Air M3,ELECTRONICS,Laptops,3,"£114,900",78000,0.15,292995.0,Gpay,4,no,79,35,male
TXN-00307,2025-07-11,C-013,Pooja Das,SOUTH,Chennai,S-116,MACBOOK AIR M3,Electronics,Laptops,4,114900,"£78,000",0.1,413640.0,Credit Card,9,n,149,31,female
TXN-02295,30/01/2026,C-029,ROHAN GUPTA,West,Mumbai,S-119,Fastrack Analog Watch,Fashion,Accessories,4,2499,1100,0.05,0,UPI,9,False,49,,m
TXN-01967,2025-07-18,C-021,Aditya Bose,East,Kolkata,S-102,Nike Air Max 90,Fashion,FOOTWEAR,4,8999,4500,0.0,0,Cash On Delivery,7,False,0,29,Male
TXN-00047,01/11/2025,C-012,Harish Rao,N/A,Hyderabad,S-110,Levi's 511 Jeans,Fashion,Men Clothing,4,"₹3,999",1800,0.05,15196.2,Credit Card,1,False,149,55,n/a
TXN-00164,16 Aug 2025,C-010,Sanjay Kapoor,North,Delhi,S-118,La Mer Moisturizer,Health & Beauty,Skincare,1,"£19,900",11000,0.1,0,Debit Card,3,N,99,40,Male
TXN-01816,04/16/2025,C-014,Mohit Saxena,North,Agra,S-121,Maggi Noodles 12pk,Groceries,Instant Food,1,168,$80,10,0,Debit Card,2,false,149,44,--
TXN-01647,07 Sep 2025,C-010,Sanjay Kapoor,North,delhi,S-122,Wireless Mouse Logitech,Electronics,Peripherals,5,₹899,400,5,0,Cash On Delivery,8,false,49,40,M
TXN-00055,26-04-2025,C-002,Rahul Kumar,West,Mumbai,S-105,"Samsung 55"" QLED",Electronics,Televisions,3,74999,45000,0,0,PhonePe,5,TRUE,49,35.0,m
TXN-02381,02/19/2026,C-013,Pooja Das,South,Chennai,S-112,Apple AirPods Pro 2,Electronics,Headphones,4,"£24,900","₹16,000",10,0,EMI,    7    ,no,149,31,f
TXN-00509,17 Feb 2026,C-016,Rajesh Khanna,West,Mumbai,S-122,Wireless Mouse Logitech,Electronics,Peripherals,1,899,400,25,0,Debit Card,2,no,49,48,male
TXN-01056,10/16/2025,C-025,Nikhil Joshi,West,Pune,S-107,boAt Airdopes 141,Electronics,Headphones,2,"£1,299",600,15,0,Gpay,5,Yes,79,,Male
TXN-00513,11-06-2025,C-019,Kishore Naik,West,Nagpur,S-108,YOGA MAT PREMIUM,Sports,Fitness,2,"£1,299",₹580,5,0,Gpay,2,false,0,62,m
TXN-02315,24-09-2025,C-004,Vikram Singh,Central,Bhopal,S-122,Wireless Mouse Logitech,Electronics,n/a,3,899,400,0.25,2022.75,Cash,n/a,false,0,29,Male
TXN-00194,08/11/2025,C-018,PALLAVI SHAH,West,Surat,S-124,Dyson V15 Vacuum,HOME & KITCHEN,    Vacuum Cleaners    ,1,"$54,900",35000,0.05,52155.0,UPI,7,False,£199,22,f
TXN-02077,05/22/2025,C-003,Ananya Gupta,n/a,Bangalore,S-102,nike air max 90,Fashion,Footwear,1,"₹8,999",4500,0.1,0,PHONEPE,10,n,49,42,FEMALE
TXN-00988,15-03-2026,C-011,Ritu Jain,West,Pune,S-116,MacBook Air M3,Electronics,Laptops,5,"₹114,900","$78,000",5,0,Cash On Delivery,7,FALSE,149,27,Female
TXN-00234,03/04/2025,C-018,Pallavi Shah,West,Surat,N/A,Levi's 511 Jeans,Fashion,Men Clothing,5,3999,1800,0.2,15996.0,Credit Card,1,FALSE,149,22,F
TXN-00512,2025-11-11,C-021,Aditya Bose,East,Kolkata,S-125,Zara Floral Dress,Fashion,women clothing,5,4999,"$2,200",10,0,Cash On Delivery,8,No,79,29,male
TXN-02107,16 Apr 2025,C-003,ananya gupta,South,Bangalore,S-112,Apple AirPods Pro 2,Electronics,Headphones,-,24900,16000,0,0,cash on delivery,5,FALSE,49,42,Female
TXN-00007,2026-04-04,C-014,Mohit Saxena,North,Agra,S-105,"samsung 55"" qled",Electronics,televisions,3,"₹74,999",45000,10,202497.3,UPI,2,0,£49,44,Male
TXN-02040,12-02-2026,C-014,Mohit Saxena,North,Agra,#N/A,Levi's 511 Jeans,Fashion,Men Clothing,None,3999,1800,30,0,Cash On Delivery,7,n,199,44,Male
TXN-01020,21 Mar 2026,C-007,Sunita Roy,East,Kolkata,S-113,Fitbit Charge 6,Electronics,Wearables,3,14999,9000,30,0,Net Banking,8,0,0,33,f
TXN-00300,03/12/2025,C-029,Rohan Gupta,West,Mumbai,S-104,Atomic Habits,Books & Stationery,Non-Fiction,3,399,180,10,1077.3,--,   7   ,True,149,25,M
TXN-01843,02 Mar 2025,C-009,Kavita Mehta,North,Lucknow,S-109,Cetaphil Moisturiser,Health & Beauty,skincare,1,799,$320,0.15,679.15,Gpay,7,No,$79,45,FEMALE
TXN-00475,05/02/2026,C-028,Anjali Singh,North,Jaipur,S-109,CETAPHIL MOISTURISER,Health & Beauty,Skincare,1,799,320,0,799.0,-,2,false,99,36,female
TXN-00068,22-02-2025,C-015,Nisha Pillai,South,Trivandrum,S-109,Cetaphil Moisturiser,Health & Beauty,NULL,4,£799,320,15,0,DEBIT CARD,10,0,0,26,Female
TXN-01682,03/25/2026,C-030,Shreya Patel,  west  ,Ahmedabad,S-123,Pilates Resistance Band,Sports,Fitness,2,599,240,0.05,0,UPI,7, n ,79,30,f
TXN-00694,26/12/2025,C-004,Vikram Singh,Central,Bhopal,S-125,Zara Floral Dress,Fashion,Women Clothing,1,4999,"£2,200",0.0,4999.0,Net Banking,9,0,49,29,Male
TXN-00542,20/04/2026,C-018,Pallavi Shah,West,Surat,S-117,Kindle Paperwhite,Electronics,E-Readers,2,14999,"£9,500",0,0,Gpay,5,FALSE,99,22,f
TXN-01842,07/21/2025,C-013,POOJA DAS,South,Chennai,S-103,Instant Pot Duo,Home & Kitchen,Appliances,1,"$9,999",5200,20,0,  Cash  ,3,False,$99,31,f
TXN-02290,05 Sep 2025,C-024,Divya Reddy,South,Hyderabad,S-124,Dyson V15 Vacuum,Home & Kitchen,vacuum cleaners,5,54900,35000,0.05,260775.0,Cash On Delivery,8,0,199,53,Female
TXN-FUTURE-008,31-12-2099,C-005,Meera Nair,South,Kochi,S-111,ON Whey Protein 2kg,Health & Beauty,Fitness,3,2499,"$1,200",0.1,0,EMI,2,NO,49,51,Female
TXN-00199,19/06/2025,C-026,Preethi Kumar,South,Chennai,S-102,Nike Air Max 90,Fashion,Footwear,4,"£8,999",4500,0.3,0,Net Banking,10,N,0,28,female
TXN-01878,23-03-2026,C-008,Arjun Patel,West,Ahmedabad,S-117,Kindle Paperwhite,Electronics,E-Readers,    4    ,14999,9500,15,50996.6,UPI,4,0,99,24,MALE
TXN-00318,11/30/2025,C-021,Aditya Bose, East ,Kolkata,S-112,Apple AirPods Pro 2,Electronics,Headphones,4,24900,16000,0.1,0,Credit Card,9,false,NaN,29,M
TXN-01880,08/03/2025,C-022,SWATI MISHRA,Central,Indore,S-123,Pilates Resistance Band,Sports,FITNESS,2,599,240,0.05,0,,7,no,49,41,F
TXN-01089,2025-10-12,C-007,Sunita Roy,East,Kolkata,S-102,Nike Air Max 90,Fashion,Footwear,3,8999,4500,15,0,UPI,6,0,0,33,f
TXN-01663,11/04/2025,C-028,Anjali Singh,North,Jaipur,S-119,Fastrack Analog Watch,Fashion,Accessories,nan,"$2,499",1100,0.0,0,EMI,5,n,199,36.0,female
TXN-01645,08/14/2025,C-030,shreya patel,west,Ahmedabad,S-123,Pilates Resistance Band,Sports,Fitness,1,$599,240,25,0,EMI,4,FALSE,199,30,Female
TXN-01761,02/03/2025,C-027,arun menon,South,Kochi,S-115,Basmati Rice 5kg,Groceries,Staples, 5 ,499,280,10,0,Net Banking,NaN,n,79,47,Male
TXN-00912,02/19/2025,C-008,Arjun Patel,West,Ahmedabad,S-118,La Mer Moisturizer,Health & Beauty,Skincare,1,"£19,900",11000,0.25,0,Debit Card,3,NO,0,--,m
TXN-01877,2025-11-12,C-014,Mohit Saxena,North,Agra,S-116,MacBook Air M3,ELECTRONICS,Laptops,2,114900,78000,0.3,160860.0,    Cash On Delivery    ,5,False,₹99,44,male
TXN-00462,26/01/2026,C-002,Rahul Kumar,n/a,Mumbai,S-120,Johnson Baby Oil,Health & Beauty,Baby Care,5,249,100,0.05,1182.75,UPI,6,NO,49,35,m
TXN-00492,06/22/2025,C-025,Nikhil Joshi,West,Pune,S-122,Wireless Mouse Logitech,Electronics,Peripherals,2,$899,400,0.15,0,PhonePe,  5  ,n,49,32,Male
TXN-FUTURE-006,31-12-2099,C-029,Rohan Gupta,West,mumbai,S-103,Instant Pot Duo,home & kitchen,Appliances,4,9999,5200,0,0,Net Banking,10,Yes,0,,M
TXN-01431,2025-06-30,C-023,Tarun Sharma,North,Delhi,S-118,La Mer Moisturizer,Health & Beauty,skincare,2,19900,"£11,000",10,35820.0,Cash,7,n,49,,Male
TXN-01132,27-05-2025,C-009,Kavita Mehta,North,Lucknow,S-118,La Mer Moisturizer,Health & Beauty,Skincare,3,"£19,900",11000,0.05,56715.0,Debit Card,10,FALSE,49,,F
TXN-00777,07/13/2025,C-015,Nisha Pillai,South,Trivandrum,S-103,Instant Pot Duo,Home & Kitchen,--,4,"£9,999",5200,0,0,cash,1,N,0,26.0,f
TXN-00369,2025-02-16,C-003,Ananya Gupta,South,Bangalore,S-121,Maggi Noodles 12pk,Groceries,Instant Food,2,₹168,80,5,0,EMI,undefined,false,199,42,Female
TXN-00559,04 Mar 2026,C-001,Priya Sharma,North,Delhi,S-117,Kindle Paperwhite,Electronics,E-Readers,1,14999,"£9,500",5,14249.05,Cash On Delivery,6,No,49,28,F
TXN-00009,2025-06-12,C-022,swati mishra,Central,Indore,S-121,Maggi Noodles 12pk,Groceries,Instant Food,3,₹168,80,0.0,504.0,NET BANKING,1,no,149,41,F
TXN-00998,27 Apr 2025,C-020,geeta iyer,South,Coimbatore,S-124,Dyson V15 Vacuum,Home & Kitchen,Vacuum Cleaners,4,54900,"$35,000",0.1,197640.0,EMI,8,no,49,34,FEMALE
TXN-02188,05/02/2026,C-016,Rajesh Khanna,West,Mumbai,S-110,Levi's 511 Jeans,Fashion,Men Clothing,3,"$3,999",1800,0.05,0,EMI,5,false,79,48,male
TXN-01156,18/03/2026,C-030,SHREYA PATEL,West,Ahmedabad,S-113,Fitbit Charge 6,Electronics,Wearables,4,14999,9000,0.1,0,  Credit Card  ,9,false,149,30,f
TXN-02067,24-04-2025,C-029,Rohan Gupta,West,Mumbai,S-120,Johnson Baby Oil,none,baby care,4,249,₹100,0.3,0,Cash On Delivery,   2   ,NULL,0,25,Male
TXN-01422,27 Apr 2025,C-003,Ananya Gupta,South,Bangalore,S-102,Nike Air Max 90,fashion,FOOTWEAR,3,"£8,999",4500,0.3,18897.9,Net Banking,3,no,0,42,f
TXN-00635,02/23/2025,C-026,Preethi Kumar, South ,Chennai,s-110,Levi's 511 Jeans,Fashion,Men Clothing,1,3999,1800,10,0,PhonePe,9,false,0,28,F
TXN-00293,2025-09-08,C-007,Sunita Roy,East,Kolkata,S-107,boAt Airdopes 141,Electronics,Headphones,1,"₹1,299",600,30,0,UPI,NULL,NO,₹99,33,Female
TXN-01109,04/10/2025,C-026,Preethi Kumar,SOUTH,Chennai,S-123,Pilates Resistance Band,Sports,Fitness,5,599,$240,0.1,0,Cash On Delivery,5,N,99,28,F
TXN-00385,17 Sep 2025,C-029,Rohan Gupta,West,Mumbai,S-117,Kindle Paperwhite,Electronics,E-Readers,5,"£14,999",9500,0.15,0,UPI,5,0,199,25,m
TXN-01437,2026-03-18,C-020,Geeta Iyer,South,Coimbatore,S-122,Wireless Mouse Logitech,Electronics,Peripherals,4,899,400,0.2,0,EMI,9,Y,99,  34  ,Female
TXN-00633,06/28/2025,C-016,Rajesh Khanna,West,Mumbai,S-121,--,Groceries,Instant Food,2,₹168,80,10,0,Cash On Delivery,6,N,--,48,m
TXN-02041,20-07-2025,C-017,SUNDAR KUMAR,South,Bangalore,S-108,Yoga Mat Premium,Sports,FITNESS,3,"$1,299",580,0,0,Credit Card,9,n,199,37,M
TXN-01625,25/09/2025,C-028,ANJALI SINGH,North,Jaipur,s-105,"Samsung 55"" QLED",   Electronics   ,televisions,5,"£74,999",45000,5,356245.25,Debit Card,2,   NO   ,99,36,F
TXN-01346,17/03/2025,C-016,rajesh khanna,  West  ,Mumbai,S-102,Nike Air Max 90,Fashion,Footwear,4,"₹8,999",4500,30,25197.2,net banking,4,no,199,48,male
TXN-00286,01 Apr 2025,C-025,NIKHIL JOSHI,West,Pune,s-120,Johnson Baby Oil,Health & Beauty,Baby Care,  5  ,$249,₹100,15,0,Gpay,10,0,149,32,M
TXN-01247,04-04-2026,C-026,preethi kumar,South,Chennai,S-107,boAt Airdopes 141,Electronics,Headphones,5,"₹1,299",600,0,0,CASH,3,NO,₹79,28,Female
TXN-01742,04/12/2025,C-026,Preethi Kumar,South,Chennai, S-110 ,Levi's 511 Jeans,Fashion,Men Clothing,4,3999,1800,20,0,   Cash   ,5,no,149,28,F
TXN-02280,10-08-2025,C-027,Arun Menon,South,Kochi,S-111,ON Whey Protein 2kg,Health & Beauty,Fitness,2,"₹2,499",1200,30,0,UPI,  9  ,false,₹49,47,MALE
TXN-00540,14/04/2025,C-008,ARJUN PATEL,West,Ahmedabad,S-119,Fastrack Analog Watch,Fashion,Accessories,1,"$2,499",1100,25,1874.25,Debit Card,8,FALSE,99,24,M
TXN-00376,17-04-2026,C-012,HARISH RAO,   South   ,Hyderabad,    S-115    ,Basmati Rice 5kg,Groceries,Staples,1,$499,280,5,0,PhonePe,3,Yes,  0  ,    55    ,M
TXN-00454,16/01/2026,C-028,Anjali Singh,NORTH,Jaipur,S-108, Yoga Mat Premium ,Sports,Fitness,3,"₹1,299",580,5,0,EMI,1,Yes,149,36,FEMALE
TXN-00890,10 Nov 2025,C-027,Arun Menon,South,Kochi,S-113,Fitbit Charge 6,Electronics,Wearables,N/A,"₹14,999",9000,5,0,EMI,7,False,0,47,male
TXN-00152,09/08/2025,C-020,Geeta Iyer,South,Coimbatore,S-119,Fastrack Analog Watch,Fashion,accessories,4,"$2,499","₹1,100",20,0,UPI,1,N,149,34.0,female
TXN-00997,03/07/2025,C-020,GEETA IYER,South,Coimbatore,S-122,Wireless Mouse Logitech,electronics,Peripherals,2,899,£400,0,0,Net Banking,7,FALSE,49,34,Female
TXN-00411,17/04/2026,C-004,vikram singh,CENTRAL,Bhopal,S-118,La Mer Moisturizer,Health & Beauty,Skincare,5,19900,11000,0.0,0,EMI,    7    ,False,£199,29,male
TXN-02000,07/12/2025,C-011,Ritu Jain,west,Pune,S-103,NA,Home & Kitchen,Appliances,5,9999,5200,5,0,EMI, 2 ,0,0,27,f
TXN-00090,17/04/2026,C-010,Sanjay Kapoor,North,Delhi,S-120,Johnson Baby Oil,health & beauty,Baby Care,5,£249,$100,0,0,Net Banking,2,False,0,40,male
TXN-02092,08/05/2025,C-013,Pooja Das,South,Chennai,S-111,ON Whey Protein 2kg,Health & Beauty,Fitness,3,"£2,499",1200,25,0,Debit Card,4,No,199,31,FEMALE
TXN-00736,16 Dec 2025,C-023,Tarun Sharma,  North  ,Delhi,S-114,Kurta Set Ethnic,Fashion,Ethnic Wear,3,"$1,599",₹700,5,0,Cash,6,FALSE,0,19,male
TXN-01041,18 Mar 2026,C-030,Shreya Patel,West,Ahmedabad,S-110,Levi's 511 Jeans,Fashion,Men Clothing,2,"₹3,999","£1,800",0,7998.0,Gpay,8,N,99,30,F
TXN-00082,14 May 2025,C-004,Vikram Singh,Central,Bhopal,S-103,Instant Pot Duo,Home & Kitchen,Appliances,4,"$9,999",5200,25,0,UPI,1,YES,49,29,m
TXN-01974,23-02-2026,C-013,Pooja Das,SOUTH,CHENNAI,S-116,MacBook Air M3,Electronics,Laptops,1,114900,78000,25,0,UPI,2,NO,49,31,female
TXN-00932,20-08-2025,C-001,Priya Sharma,North,Delhi,S-106,Prestige Mixer,Home & Kitchen,Appliances,5,4599,2200,5,0,Cash On Delivery,8,n,0,28,FEMALE
TXN-02108,03-11-2025,C-026,Preethi Kumar,South,Chennai,S-115,Basmati Rice 5kg,NULL,Staples,2,499,280,0,0,Net Banking,7,no,199,28,FEMALE
TXN-00242,02/11/2026,C-012,Harish Rao,South,HYDERABAD,S-108,Yoga Mat Premium,Sports,Fitness,3,"$1,299",580,30,0,Gpay,4,0,0,55,MALE
TXN-01026,15-12-2025,C-020,Geeta Iyer,South,Coimbatore,S-110,Levi's 511 Jeans,Fashion,Men Clothing,3,3999,"$1,800",30,8397.9,NET BANKING,6,   no   ,79,34,Female
TXN-01910,25/07/2025,C-001,Priya Sharma,North,Delhi,S-113,Fitbit Charge 6,Electronics,Wearables,   5   ,"£14,999",9000,0,0,Cash,6,y,0,28,Female
TXN-01793,21/01/2026,C-013,Pooja Das,South,Channai,S-125,zara floral dress,Fashion,Women Clothing,2,"₹4,999","$2,200",0.0,0,EMI,4,no,£199,31,FEMALE
TXN-00733,2026-03-27,C-017,Sundar Kumar,South,Bangalore,S-111,on whey protein 2kg,Health & Beauty,Fitness, 2 ,"₹2,499",1200,20,0,PhonePe,2,N,0,37,MALE
TXN-00105,01/30/2026,C-004,Vikram Singh,Central,Bhopal,S-102, Nike Air Max 90 ,Fashion,Footwear,4,"£8,999",4500,0.1,0,PhonePe,8,false,149,29,male
TXN-00358,13/02/2026,C-006,DEEPAK VERMA,North,Jaipur,,Fitbit Charge 6,Electronics,Wearables,4,14999,9000,0.0,0,UPI,2,False,199,38,male
TXN-00491,06/12/2025,C-020,Geeta Iyer,South,Coimbatore,S-116,macbook air m3,Electronics,Laptops,5,"₹114,900","$78,000",0.15,0,Credit Card,9,FALSE,99,34,FEMALE
TXN-00923,28 Sep 2025,C-024,Divya Reddy,South,Hyderabad,S-105,"Samsung 55"" QLED",Electronics,Televisions,4,74999,"£45,000",0,299996.0,Cash On Delivery,8,n,N/A,53,f
TXN-01009,20/11/2025,C-005,Meera Nair,South,Kochi,S-108,Yoga Mat Premium,Sports,Fitness,3,"₹1,299",£580,0,3897.0,Gpay,4,0,0,51,Female
TXN-01839,16-02-2025,C-029,Rohan Gupta,West,Mumbai,S-104,Atomic Habits,Books & Stationery,Non-Fiction,2,£399,£180,25,0,UPI,1,false,79,25,male
TXN-01371,29-10-2025,C-023,Tarun Sharma,North,Delhi,S-110,Levi's 511 Jeans,Fashion,Men Clothing,1,"$3,999","£1,800",0.05,0,Cash,2,N,79,19,m
TXN-01253,08/27/2025,C-028,Anjali Singh, North ,Jaipur,S-122,Wireless Mouse Logitech,ELECTRONICS,Peripherals,2,899,400,0.0,0,UPI,6,no,79,36,F
TXN-ZERO-013,2025-04-21,C-025,Nikhil Joshi,West,Pune,S-102,Nike Air Max 90,Fashion,Footwear,0,"₹8,999",4500,0,0,Cash On Delivery,8,No,49,32,m
TXN-00269,29-05-2025,C-030,shreya patel,West,Ahmedabad,S-123,Pilates Resistance Band,Sports,Fitness,2,₹599,240,0.0,1198.0,Debit Card,5,Y,£99,30,female
TXN-02009,30/03/2025,C-018,PALLAVI SHAH,West,Surat,S-107,boAt Airdopes 141,Electronics,Headphones,4,1299,600,5,0,Credit Card,10,-, 0 ,22,f
TXN-02135,12-10-2025,C-013,pooja das,South,chennai,S-120,Johnson Baby Oil,Health & Beauty,Baby Care,4,249,100,0.0,0,UPI,10,no,79,31,f
TXN-00855,2025-05-22,C-020,geeta iyer,south,Coimbatore,S-107,boAt Airdopes 141,Electronics,Headphones,2,"£1,299",600,0,0,Credit Card,null,0,149,34,female
TXN-00971,16/03/2026,C-014,Mohit Saxena,North,Agra,S-114,Kurta Set Ethnic,fashion,Ethnic Wear,1,"£1,599",700,30,0,EMI,6,1,49,44,M
TXN-00544,12/02/2025,C-006,DEEPAK VERMA,North,Jaipur,S-102,Nike Air Max 90,fashion,Footwear,1,8999,4500,0.1,8099.1,Cash,1,N,79,38,male
TXN-02082,01/29/2026,C-022,Swati Mishra,Central,Indore,S-115,Basmati Rice 5kg,Groceries,Staples,4,₹499,280,0.0,1996.0,Gpay,9,nan,99,41,f
TXN-00786,2025-02-14,C-029,Rohan Gupta,West,Mumbai,S-102,Nike Air Max 90,Fashion,Footwear,3,8999,"£4,500",0.05,0,Cash,5,y,79,25,male
TXN-00994,05-11-2025,C-014,Mohit Saxena,North,Agra,S-111,ON Whey Protein 2kg,Health & Beauty,Fitness,5,"£2,499",1200,0.0,12495.0,Gpay,    8    ,No,0,44,MALE
TXN-02239,04/03/2025,C-004,Vikram Singh,central,Bhopal,S-118,La Mer Moisturizer,Health & Beauty,Skincare,2,19900,11000,10,0,Net Banking,8,0,0,NULL,M
TXN-00422,2025-07-22,C-028,Anjali Singh,North,Jaipur,S-123,Pilates Resistance Band,Sports,Fitness,4,599,240,0.0,2396.0,Cash On Delivery,5,n,£99,36,Female
TXN-01128,26 Feb 2026,C-018,Pallavi Shah,West,Surat,S-111,ON Whey Protein 2kg,Health & Beauty,Fitness,3,2499,"£1,200",30,5247.9,   Net Banking   ,6,Yes,0,22,F
TXN-01612,10/14/2025,C-011,ritu jain,West,Pune,S-119,NA,Fashion,Accessories,4,2499,1100,15,0,EMI,6,N,0,27,female
TXN-01001,2025-11-06,C-011,RITU JAIN,West,Pune,S-110,Levi's 511 Jeans,Fashion,Men Clothing,1,3999,1800,0.0,3999.0,Credit Card,8,NO,49,27,F
TXN-00202,18-03-2026,C-008,Arjun Patel,West,Ahmedabad,S-124,Dyson V15 Vacuum,Home & Kitchen,Vacuum Cleaners,3,"£54,900",35000,0,0,PhonePe,5,False,$199,24,Male
TXN-01585,25 Apr 2025,C-015,Nisha Pillai,South,Trivandrum,S-105,"Samsung 55"" QLED",Electronics,Televisions,5,74999,45000,0.0,0,Cash On Delivery,7,no,79,26,female
TXN-01955,2025-09-12,C-002,Rahul Kumar,WEST,Mumbai,S-102,Nike Air Max 90,Fashion,Footwear,4,8999,4500,5,0,UPI,3,no,  0  ,35,M
TXN-01357,30/12/2025,C-004,Vikram Singh,CENTRAL,Bhopal,S-106,Prestige Mixer,Home & Kitchen,Appliances,2,4599,2200,25,0,Credit Card,6,   y   ,79,29,m
TXN-02244,01 Nov 2025,C-022,Swati Mishra,Central,Indore,S-116,MacBook Air M3,,  Laptops  ,2,114900,"₹78,000",0,0,Gpay,3,false,$199,41,F
TXN-00232,12/03/2025,C-028,Anjali Singh,North,Jaipur,S-125,Zara Floral Dress,Fashion,Women Clothing,3,4999,2200,0.05,14247.15,Net Banking,10,0,149,36,F
TXN-02348,27 Nov 2025,C-011,Ritu Jain,West,Pune,S-120,Johnson Baby Oil,Health & Beauty,Baby Care,5,249,100,0.1,1120.5,#N/A,  4  ,FALSE,79,27.0,FEMALE
TXN-00790,15 Mar 2026,C-004,Vikram Singh,Central,Bhopal,S-121,Maggi Noodles 12pk,GROCERIES,Instant Food, 4 ,168,80,5,0,Debit Card,4,FALSE,149,29,M
TXN-02386,2025-10-16,C-022,SWATI MISHRA,Central,Indore,S-101,OnePlus 12R,Electronics,smartphones,2,"£29,999",18000,25,0,Credit Card,8,FALSE,£49,41,FEMALE
TXN-00142,2025-04-21,C-025,Nikhil Joshi,West,Pune,S-102,Nike Air Max 90,Fashion,Footwear,2,"₹8,999",4500,0,0,Cash On Delivery,8,No,49,32,m
TXN-01507,02 Dec 2025,C-008,Arjun Patel,West,Ahmedabad,S-110,Levi's 511 Jeans,Fashion,Men Clothing,4,3999,1800,0.05,15196.2,Credit Card,7,no,0,24,Male
TXN-02170,13-02-2026,C-005,Meera Nair,SOUTH,Kochi,S-116,MACBOOK AIR M3,Electronics,Laptops,1,114900,"₹78,000",0,0,Net Banking,10,true,0,51.0,FEMALE
TXN-01187,11/18/2025,C-025,Nikhil Joshi, West ,Pune,S-123,PILATES RESISTANCE BAND,Sports,Fitness,5,₹599,£240,0,2995.0,CREDIT CARD,6,N,0,32,MALE
TXN-01267,16/10/2025,C-018,PALLAVI SHAH,West,Surat,S-101,OnePlus 12R,Electronics,Smartphones,2,"£29,999",18000,30,0,,7,n,₹79,22,Female
TXN-00205,03 Sep 2025,C-010,Sanjay Kapoor,North,Delhi,S-109,Cetaphil Moisturiser,Health & Beauty,skincare,2,799,320,0.0,0,Cash On Delivery,6,No,$99,none,male
TXN-02078,09/01/2025,C-005,Meera Nair,South,Kochi,S-115,Basmati Rice 5kg,Groceries,Staples,4,499,280,0.0,1996.0,UPI,9,1,99,51,Female
TXN-00233,27/11/2025,C-011,RITU JAIN,West,Pune,S-104,Atomic Habits,Books & Stationery,N/A,4,399,180,0.0,1596.0,Net Banking,4,NO,99,27,FEMALE
TXN-00138,21 Feb 2026,C-018,pallavi shah,West,Surat,S-121,MAGGI NOODLES 12PK,Groceries,Instant Food,5,£168,80,0,840.0,UPI,7,FALSE,0,nan,f
TXN-FUTURE-001,31-12-2099,C-003,Ananya Gupta,South,Bangalore,S-107,boAt Airdopes 141,Electronics,Headphones,4,1299,₹600,10,0,CASH ON DELIVERY,3,NO,0,42,f
TXN-01180,04/06/2025,C-017,Sundar Kumar,   South   ,bangalore,S-125,Zara Floral Dress,Fashion,Women Clothing,5,"$4,999",2200,0.15,0,Net Banking,10,No,£199,37,MALE
TXN-01743,02-05-2025,C-006,Deepak Verma,North,Jaipur,S-103,Instant Pot Duo,HOME & KITCHEN,APPLIANCES,3,9999,5200,0.2,23997.6,Credit Card,3,No,49,38,male
TXN-00390,2025-08-22,C-007,Sunita Roy,    East    ,Kolkata,S-103,Instant Pot Duo,HOME & KITCHEN,Appliances,4,"₹9,999",5200,5,0,Credit Card,9,0,79,33,female
TXN-00604,02/01/2026,C-002,Rahul Kumar,West,MUMBAI,S-120,Johnson Baby Oil,Health & Beauty,Baby Care,2,249,100,5,473.1,Cash,2,FALSE,   0   ,35.0,male
TXN-00476,12-10-2025,C-008,Arjun Patel,West,Ahmedabad,S-116,MacBook Air M3,Electronics,Laptops,4,"£114,900","£78,000",0.1,0,Gpay,3,false,79,24,MALE
TXN-01876,08-11-2025,C-021,Aditya Bose,East,Kolkata,S-125,Zara Floral Dress,fashion,Women Clothing,4,4999,"₹2,200",10,17996.4,Credit Card,1,false,₹99,29,m
TXN-01159,06-04-2025,C-003,ANANYA GUPTA,South,Bangalore,s-101,OnePlus 12R,Electronics,Smartphones,1,"£29,999",18000,5,0,Debit Card,9,FALSE,49,42,f
TXN-02232,25 Oct 2025,C-017,Sundar Kumar,South,Bangalore,S-124,Dyson V15 Vacuum,Home & Kitchen,Vacuum Cleaners,3,"$54,900",35000,0.0,164700.0,Credit Card,10,n,49,37,M
TXN-00620,15-02-2025,C-023,Tarun Sharma,North,Delhi,S-118,LA MER MOISTURIZER,Health & Beauty,Skincare,4,"$19,900",11000,15,0,EMI,2,false,99,19,MALE
TXN-02379,14-09-2025,C-010,Sanjay Kapoor,North,Delhi,S-106,Prestige Mixer,Home & Kitchen,Appliances,4,4599,2200,15,0,Cash On Delivery,2,false,99,40,Male
TXN-01471,18 Nov 2025,C-016,Rajesh Khanna,West,Mumbai,S-110,Levi's 511 Jeans,FASHION,  Men Clothing  ,2,3999,1800,0.05,0,Debit Card,9,no,99,48,MALE
TXN-02160,04/24/2025,C-012,Harish Rao,South,hyderabad,S-106,Prestige Mixer,Home & Kitchen,Appliances,3,4599,2200,0.05,0,Gpay,3,N,199, 55 ,Male
TXN-01868,01 Oct 2025,C-028,Anjali Singh,North,Jaipur,S-109,Cetaphil Moisturiser,Health & Beauty,   Skincare   ,2,₹799,₹320,0.0,0,net banking,9,No,₹149,36,    f    
TXN-01918,2025-09-24,C-017,Sundar Kumar,South,Bangalore,S-108, Yoga Mat Premium ,Sports,Fitness,1,1299,580,0.25,0,Cash,  5  ,no,79,37,male
TXN-01181,04/10/2026,C-024,Divya Reddy,South,hyderabad,S-123,Pilates Resistance Band,Sports,Fitness,1,599,240,0.15,0,PhonePe,10,N,99,53,FEMALE
TXN-00191,2025-10-07,C-022,Swati Mishra,Central,Indore,S-109,Cetaphil Moisturiser,Health & Beauty,Skincare,4,£799,320,0.0,0,Debit Card,3,n,£99,41,Female
TXN-01051,16/02/2026,C-002,Rahul Kumar,West,mumbai,S-102,Nike Air Max 90,Fashion,Footwear,3,8999,4500,0.25,0,EMI,1,n,£49,,MALE
TXN-01064,29 Dec 2025,C-021,Aditya Bose,East,Kolkata,S-102,Nike Air Max 90,Fashion,Footwear,5,8999,4500,0.15,0,Cash,6,no,0,29,male
TXN-00949,08 Dec 2025,C-011,Ritu Jain,west,Pune,S-115,basmati rice 5kg,Groceries,Staples,2,₹499,280,0,998.0,UPI,2,False,99,27,f
TXN-01931,2025-10-13,C-009,Kavita Mehta,NORTH,Lucknow,S-106,  Prestige Mixer  ,Home & Kitchen,Appliances,2,"₹4,599",2200,20,0,Cash,2,false,0,45,female
TXN-01112,08/22/2025,C-007,Sunita Roy,East,Kolkata,S-120,Johnson Baby Oil,Health & Beauty,Baby Care,1,$249,100,20,0,UPI,10,Y,0,33,F
TXN-01803,14 Oct 2025,C-013,pooja das,South,Chennai,S-105,"Samsung 55"" QLED",Electronics,Televisions,4,"£74,999","₹45,000",0.1,0,Credit Card,10,N,99,31,--
TXN-02145,10/10/2025,C-007,Sunita Roy,East,Kolkata,S-112,Apple AirPods Pro 2,Electronics,Headphones,1,24900,"$16,000",0.0,0,None,9,N,79,33,F
TXN-01705,17 Apr 2025,C-005,meera nair,South,Kochi,S-106,Prestige Mixer,Home & Kitchen,APPLIANCES,5,4599,2200,0.1,0,emi,3,no,149,51,F
TXN-02218,25 Mar 2025,C-026,Preethi Kumar,South,CHENNAI,S-110,Levi's 511 Jeans,Fashion,Men Clothing,1,3999,1800,5,3799.05,Gpay,9,N,$199,28,F
TXN-02291,05-02-2026,C-025,nikhil joshi,West,Pune,S-124,Dyson V15 Vacuum,HOME & KITCHEN,Vacuum Cleaners,4,"£54,900","$35,000",0.05,208620.0,Debit Card,8,No,49,32,male
TXN-00807,21 May 2025,C-005,Meera Nair,South,Kochi,S-118,La Mer Moisturizer,Health & Beauty,SKINCARE,2,19900,11000,0.0,0,Debit Card,9,FALSE,199,51,FEMALE
TXN-01079,15 Nov 2025,C-026,Preethi Kumar,south,Chennai,S-116,MacBook Air M3,Electronics,LAPTOPS,4,114900,78000,0.05,436620.0,Net Banking,9,False,0,28,F
TXN-02375,19-02-2025,C-007,Sunita Roy,East,Kolkata,S-125,--,Fashion,    Women Clothing    ,1,4999,"₹2,200",0,0,Debit Card,1,1,NA,33,nan
TXN-01283,01/21/2026,C-029,Rohan Gupta,West,mumbai,S-123,Pilates Resistance Band,Sports,Fitness,4,£599,₹240,0,0,debit card,8,false,49,25,M
TXN-02211,20/06/2025,C-008,arjun patel,West,Ahmedabad,S-123,Pilates Resistance Band,Sports,Fitness,3,599,₹240,25,1347.75,Cash On Delivery,4,FALSE,199,24,male
TXN-01688,07/10/2025,C-017,Sundar Kumar, South ,Bangalore,S-107,boAt Airdopes 141,NaN,Headphones,4,"₹1,299",₹600,0.05,0,UPI,6,NO,49,37,Male
TXN-00330,21-04-2026,C-011,Ritu Jain,West,Pune,S-111,ON Whey Protein 2kg,Health & Beauty,Fitness,2,2499,1200,0,0,Credit Card,    1    ,FALSE,0,27,FEMALE
TXN-00227,10/26/2025,C-028,Anjali Singh,North,Jaipur,S-104,Atomic Habits,Books & Stationery,NON-FICTION,3,£399,£180,0.05,0,Net Banking,7,False,79,36,   F   
TXN-01275,20 Apr 2026,C-017,Sundar Kumar,South,Bangalore,S-105,"Samsung 55"" QLED",Electronics,Televisions,3,"$74,999",45000,5,0,Debit Card,1,N,149,37,M
TXN-00649,22 Apr 2025,C-022,Swati Mishra,Central,Indore,S-124,Dyson V15 Vacuum,Home & Kitchen,Vacuum Cleaners,5,"$54,900",35000,0,0,Cash,4,FALSE,0,41,FEMALE
TXN-01897,06 Mar 2025,C-004,Vikram Singh,Central,Bhopal,S-118,la mer moisturizer,HEALTH & BEAUTY,Skincare,3,"₹19,900","£11,000",20,47760.0,PhonePe,6,FALSE,149,29,MALE
TXN-01686,30 Mar 2025,C-009,Kavita Mehta,North,Lucknow,S-125,Zara Floral Dress,Fashion,Women Clothing,2,4999,2200,15,0,Credit Card,2,N,79,45,F
TXN-FUTURE-005,31-12-2099,C-015,Nisha Pillai,South,Trivandrum,S-102,Nike Air Max 90,Fashion,Footwear,5,"£8,999",4500,0.2,0,PhonePe,7,n,149,26,FEMALE
TXN-01973,2025-03-16,C-020,Geeta Iyer,south,Coimbatore,S-106,Prestige Mixer,Home & Kitchen,Appliances,1,4599,"$2,200",0,0,PhonePe,10,no,99,34,female
TXN-01143,12/22/2025,C-008,Arjun Patel,West,Ahmedabad,S-123,  Pilates Resistance Band  ,Sports,Fitness,5,599,240,0.0,0,CASH,9,NO,0,24,Male
TXN-00830,05/12/2025,C-024,Divya Reddy,South,Hyderabad,S-123,Pilates Resistance Band,Sports,Fitness,2,£599,$240,0.0,0,Gpay,1,1,199,53,f
TXN-00818,2025-12-15,C-009,Kavita Mehta,North,Lucknow,   S-119   , Fastrack Analog Watch ,Fashion,Accessories,1,2499,1100,0,2499.0,Debit Card,3,false,49, 45 ,female
TXN-01706,11/01/2025,C-002,Rahul Kumar,N/A,Mumbai,S-117,Kindle Paperwhite,Electronics,E-Readers,1,"£14,999","₹9,500",15,0,CREDIT CARD,1,n,₹149,35,M
TXN-00946,12/17/2025,C-019,Kishore Naik,West,Nagpur,S-104,atomic habits,Books & Stationery,Non-Fiction,1,$399,180,0.0,0,Gpay, 7 ,false,79,62,male
TXN-00110,01/25/2026,C-030,SHREYA PATEL,West,Ahmedabad,S-118,La Mer Moisturizer,Health & Beauty,Skincare,2,"₹19,900","£11,000",0,0,Cash,5,False,0,30,FEMALE
TXN-01524,24/01/2026,C-024,Divya Reddy,South,Hyderabad,S-115,Basmati Rice 5kg,NA,Staples,1,499,$280,0,0,none,4,undefined,199,53,f
TXN-02212,05/12/2025,C-014,Mohit Saxena,North,Agra,S-117,Kindle Paperwhite,Electronics,E-Readers,4,"£14,999",9500,5,0,Cash On Delivery,4,false,99,44,m
TXN-00976,06/27/2025,C-002,Rahul Kumar,West,Mumbi,S-121,Maggi Noodles 12pk,Groceries,Instant Food,1,168,80,5,0,Credit Card,10,0,79,35,MALE
TXN-00379,12/08/2025,C-026,preethi kumar,South,Chennai,S-110,Levi's 511 Jeans,Fashion,Men Clothing,   5   ,"$3,999",1800,0,19995.0,net banking,9,False,49,28.0,Female
TXN-01573,29-12-2025,C-006,Deepak Verma,North,Jaipur,S-125,ZARA FLORAL DRESS,  Fashion  ,Women Clothing,4,4999,2200,0.05,0,Credit Card,10,Yes,£49,38,m
TXN-01430,15/11/2025,C-019,Kishore Naik,West,Nagpur,S-120,Johnson Baby Oil,Health & Beauty,Baby Care,2,£249,100,0,0,NULL,6,FALSE,0,62,M
TXN-00264,26-11-2025,C-015,Nisha Pillai,NaN,Trivandrum,S-105,"Samsung 55"" QLED",Electronics,Televisions,2,74999,45000,10,134998.2,CASH,6,no,0,26,f
TXN-01339,27/08/2025,C-004,Vikram Singh, Central ,Bhopal,S-117,Kindle Paperwhite,Electronics,E-Readers,1,"£14,999",9500,0.3,10499.3,UPI,3,N,0,29,Male
TXN-00167,05/06/2025,C-010,Sanjay Kapoor,North,Delhi,S-123,Pilates Resistance Band,Sports,Fitness,2,599,$240,0.05,0,PhonePe,6,NO,  0  ,#N/A,male
TXN-00413,11-03-2026,C-026,Preethi Kumar,South,Chennai,S-124,Dyson V15 Vacuum, Home & Kitchen ,Vacuum Cleaners,5,"$54,900","₹35,000",0.05,260775.0,Credit Card,8,FALSE,199,28,FEMALE
TXN-00966,15-12-2025,C-014,mohit saxena,North,Agra,S-115,Basmati Rice 5kg,Groceries,Staples,5,499,280,5,0,Cash,6,FALSE,149,44,MALE
TXN-00769,2025-04-01,C-029,Rohan Gupta,West,Mumbai,S-114,Kurta Set Ethnic,Fashion,Ethnic Wear,2,1599,£700,0.0,3198.0,UPI,2,no,0,25,male
TXN-00977,01/06/2026,C-014,Mohit Saxena,North,Agra,S-116,n/a,Electronics,Laptops,5,114900,78000,0,0,UPI,6,TRUE,99,44,MALE
TXN-00304,2025-11-12,C-026,Preethi Kumar,South,Chennai,S-119,Fastrack Analog Watch,Fashion,Accessories,1,2499,1100,15,0,Debit Card,10,y,0,28,NULL
TXN-00158,10-03-2026,C-024,Divya Reddy,South,Hyderabad,S-116,MacBook Air M3,Electronics,Laptops,3,"$114,900",78000,0.05,0,Credit Card,10,FALSE,₹149,53,F
TXN-00200,08/05/2025,C-003,Ananya Gupta,South,Bangalore,S-105,"Samsung 55"" QLED",Electronics,Televisions,5,74999,45000,0.1,0,Gpay,9,0,0,42.0,female
TXN-01002,01/21/2026,C-022,SWATI MISHRA,Central,Indore,S-114,Kurta Set Ethnic,Fashion,    Ethnic Wear    ,3,"£1,599",₹700,30,0,UPI,6, 0 ,0,41,female
TXN-00920,13 Apr 2025,C-025,Nikhil Joshi,West,Pune,  S-106  ,Prestige Mixer,Home & Kitchen,Appliances,  3  ,4599,2200,5,0, Net Banking ,undefined,false,99,32,m
TXN-01732,2025-07-26,C-019,Kishore Naik,West,Nagpur,S-116,MacBook Air M3,Electronics,Laptops,4,"₹114,900",78000,0.05,436620.0,Cash On Delivery,9,No,0,62.0,male
TXN-01712,12/09/2025,C-006,Deepak Verma,None,Jaipur,S-107,boAt Airdopes 141, Electronics ,Headphones,5,"£1,299",600,0.25,4871.25,Gpay,7,0,0,38,Male
TXN-00312,17-03-2025,C-029,Rohan Gupta,West,Mumbai,S-103,Instant Pot Duo,Home & Kitchen,-,5,9999,5200,10,0,Cash On Delivery,5,1,79,25,m
TXN-00316,2025-03-21,C-008,Arjun Patel,West,Ahmedabad,S-107,boAt Airdopes 141,Electronics,Headphones,    5    ,1299,₹600,0.25,0,EMI,8,YES,0,24,MALE
TXN-01451,05/10/2025,C-012,Harish Rao,South,Hyderabad,S-119,Fastrack Analog Watch,Fashion,Accessories,1,2499,"₹1,100",0.15,0,PhonePe,5,false,49,#N/A,MALE
TXN-00224,10/11/2025,C-024,Divya Reddy,South,Hyderabad,S-103,Instant Pot Duo,Home & Kitchen,Appliances,4,9999,5200,0.0,0,Cash,5,False,£49,53,female
TXN-02103,2025-05-16,C-009,Kavita Mehta,North,Lucknow,S-108,Yoga Mat Premium,Sports,Fitness,3,"$1,299",$580,30,2727.9,PhonePe,10,n,99,45,F
TXN-01107,2025-07-18,C-024,divya reddy,South,Hyderabad,S-119,Fastrack Analog Watch,Fashion,Accessories,3,"$2,499",1100,0.05,7122.15,cash on delivery,1,n,0,    53    ,female
TXN-00196,2025-11-23,C-019,Kishore Naik,WEST,Nagpur,S-113,Fitbit Charge 6,Electronics,Wearables,1,"£14,999",9000,0.0,14999.0,Cash On Delivery,1,FALSE,99,62.0,MALE
TXN-02052,14 Mar 2026,C-014,Mohit Saxena,North,Agra,S-118,La Mer Moisturizer,Health & Beauty,Skincare,3,"£19,900",11000,30,0,  Cash  ,3,NO,49,,m
TXN-00249,08-05-2025,C-007,SUNITA ROY,East,Kolkata,S-111,on whey protein 2kg,Health & Beauty,Fitness,2,2499,1200,10,0,Cash On Delivery,10,No,0,33,female
TXN-00197,12/06/2025,C-009,Kavita Mehta,North,Lucknow,S-122,wireless mouse logitech,Electronics,Peripherals,1,$899,₹400,5,0,Gpay,9,n,49,45,female
TXN-02279,24-03-2026,C-028,Anjali Singh,North,Jaipur,n/a,MacBook Air M3,Electronics,Laptops,4,"£114,900",78000,0.15,0,Gpay,10,n,199,36,n/a
TXN-02256,2025-07-04,C-027,Arun Menon,South,Kochi,S-111,   ON Whey Protein 2kg   ,Health & Beauty,Fitness,1,2499,1200,5,2374.05,-,5,false,0,47,#N/A
TXN-01239,18 Feb 2026,C-003,Ananya Gupta,South,Bengaluru,S-122,Wireless Mouse Logitech,Electronics,Peripherals,4,$899,400,0.0,0,UPI,8,true,$99,   42   ,F
TXN-00155,09/21/2025,C-030,Shreya Patel,West,Ahmedabad,S-107,boAt Airdopes 141,Electronics,Headphones,2,"₹1,299",600,0.1,0,PhonePe,5, NO ,79,30,F
TXN-01545,05 Jul 2025,C-024,Divya Reddy,South,Hyderabad,S-115,  Basmati Rice 5kg  ,Groceries,Staples,5,499,$280,0,2495.0,UPI,    7    ,false,79,53,f
TXN-01697,12 Oct 2025,C-004,vikram singh,Central,Bhopal,S-124,Dyson V15 Vacuum,Home & Kitchen,Vacuum Cleaners,2,54900,"$35,000",10,98820.0,Debit Card,3,N,99,29,   Male   
TXN-01779,2025-08-20,C-013,Pooja Das,South,Chennai,S-125,Zara Floral Dress,Fashion,Women Clothing,2,4999,2200,0.25,7498.5,Gpay,9,TRUE,49,31,F
TXN-02264,2026-01-29,C-019,Kishore Naik,West,Nagpur,S-116,MacBook Air M3,Electronics,Laptops,5,"$114,900",78000,20,0,Cash On Delivery,4,No,$199,62,m
TXN-02045,01-01-2026,C-013,Pooja Das,South,Chennai,S-108,Yoga Mat Premium,Sports,Fitness,4,"$1,299",580,30,0,Credit Card,2,1,$99,31,FEMALE
TXN-01006,2025-08-01,C-030,SHREYA PATEL,WEST,Ahmedabad,S-118,La Mer Moisturizer,Health & Beauty,Skincare,2,19900,11000,0.0,39800.0,Credit Card,9,false,0,30,FEMALE
TXN-00893,26 Nov 2025,C-008,Arjun Patel,West,Ahmedabad,S-105,"Samsung 55"" QLED",Electronics,Televisions,2,74999,45000,0,0,Cash On Delivery,3,no,99,24,m
TXN-00718,11/05/2025,C-029,Rohan Gupta,West,Mumbai,S-120,  Johnson Baby Oil  ,Health & Beauty,Baby Care,5,249,100,20,996.0,Net Banking,7,0,0,25,male
TXN-00724,15 Oct 2025,C-017,Sundar Kumar,South,Bangalore,S-125,Zara Floral Dress,FASHION,Women Clothing,4,"£4,999",2200,0.0,19996.0,Gpay,6,Y,79,37,M
TXN-00267,2025-11-07,C-005,Meera Nair,South,Kochi,S-113,Fitbit Charge 6,Electronics,Wearables,4,14999,"₹9,000",0.3,0,Cash,6,no,0,51,  Female  
TXN-00154,19/04/2025,C-017,Sundar Kumar,South,Bangalore,S-124,Dyson V15 Vacuum,nan,Vacuum Cleaners,3,54900,35000,15,0,Gpay,8,FALSE,149,37,m
TXN-00748,04/19/2025,C-003,Ananya Gupta,south,Bangalore,S-114,Kurta Set Ethnic,Fashion,Ethnic Wear,5,"£1,599",700,30,5596.5,UPI,2,No,    0    ,42,Female
TXN-00683,13 Apr 2025,C-025,Nikhil Joshi,West,Pune,S-112,   Apple AirPods Pro 2   ,Electronics,Headphones,5,"$24,900",16000,0.0,0,PhonePe,1,FALSE,0,32,m
TXN-00571,19/03/2025,C-014,Mohit Saxena,North,Agra,S-102,Nike Air Max 90,Fashion,Footwear,5,8999,4500,0.3,31496.5,Credit Card,6,True,149,44,male
TXN-01073,15 Mar 2025,C-013,Pooja Das,South,Chennai,S-113,Fitbit Charge 6, Electronics ,Wearables,5,14999,"£9,000",5,71245.25,Debit Card,8,NO,199,31,f
TXN-01746,03 Mar 2026,C-021,Aditya Bose,East,Kolkata,S-101,OnePlus 12R,electronics,Smartphones,2,29999,18000,5,0,EMI,2,n,0,29,m
TXN-00111,04 Dec 2025,C-027,Arun Menon,South,Kochi,#N/A,Basmati Rice 5kg,    Groceries    ,Staples,1,499,280,10,0,EMI,9,N,79,47.0,MALE
TXN-01901,2025-12-02,C-024,DIVYA REDDY,South,Hyderabad,S-104,Atomic Habits,Books & Stationery,Non-Fiction,1,₹399,180,20,0,PhonePe,NA,True,0,53,Female
TXN-01400,22/08/2025,C-021,Aditya Bose,NaN,Kolkata,S-101,OnePlus 12R,Electronics,Smartphones,2,29999,18000,0.0,0,emi,8,No,0,29,MALE
TXN-02191,25 Jul 2025,C-026,Preethi Kumar,South,CHENNAI,S-102,NIKE AIR MAX 90,FASHION,Footwear,2,8999,4500,30,12598.6,Credit Card,6,N/A,199,nan,Female
TXN-02204,18-04-2025,C-008,Arjun Patel,West,Ahmedabad,S-102,Nike Air Max 90,Fashion,Footwear,2,"£8,999",4500,0,0,Net Banking,6,N,199,24,M
TXN-02024,20/04/2025,C-015,Nisha Pillai,South,Trivandrum,S-124,Dyson V15 Vacuum,Home & Kitchen,Vacuum Cleaners,2,"$54,900",35000,0,0,Debit Card,3,False,99,26,f
TXN-01459,20-05-2025,C-021,Aditya Bose,East,Kolkata,S-124,Dyson V15 Vacuum,Home & Kitchen,Vacuum Cleaners,3,54900,"₹35,000",0.15,139995.0,NET BANKING,8,0,0,29,male
TXN-01551,2025-12-18,C-011,Ritu Jain,WEST,Pune,S-120,Johnson Baby Oil,Health & Beauty,baby care,5,₹249,100,0.0,0,upi,7,0,0,27,Female
TXN-01043,26-02-2026,C-022,Swati Mishra,NULL,Indore,S-125,ZARA FLORAL DRESS,   Fashion   ,women clothing,2,"£4,999",2200,25,0,debit card,4,no,199,41,FEMALE
TXN-00921,01/10/2026,C-014,Mohit Saxena,NORTH,Agra,S-110,Levi's 511 Jeans,Fashion,Men Clothing,1,3999,1800,20,0,DEBIT CARD,  8  ,YES,199,44,MALE
TXN-00751,14-08-2025,C-028,Anjali Singh,North,Jaipur,S-118,La Mer Moisturizer,Health & Beauty,Skincare,1,19900,11000,0.2,15920.0,Net Banking,--,false,199,36,Female
TXN-01382,23-10-2025,C-022,Swati Mishra,Central,Indore,S-104,Atomic Habits,Books & Stationery,Non-Fiction,1,$399,180,0.15,339.15,PhonePe,6,No,0,41,f
TXN-01248,19 Apr 2026,C-021,Aditya Bose,East,Kolkata,S-111,None,Health & Beauty,Fitness,2,"₹2,499",1200,0.1,0,Cash,    10    ,false,79,29,MALE
TXN-00143,2026-03-28,C-004,Vikram Singh,Central,Bhopal,S-122,Wireless Mouse Logitech,Electronics,Peripherals,-,899,400,0,0,Credit Card,3, False ,£199,29,None
TXN-01369,12 Sep 2025,C-017,Sundar Kumar,South,Bangalore,S-124,Dyson V15 Vacuum,HOME & KITCHEN,Vacuum Cleaners,1,54900,35000,0,54900.0,,1,n,199,37,MALE
TXN-00392,06/11/2025,C-029,Rohan Gupta,West,Mumbai,S-117,KINDLE PAPERWHITE,Electronics,E-Readers,5,"₹14,999",9500,0.1,0,PhonePe,9,0,₹49,25,m
TXN-00815,15/04/2025,C-018,Pallavi Shah,West,Surat,  s-120  ,Johnson Baby Oil,Health & Beauty,Baby Care,2,₹249,100,0.0,498.0,null, 7 ,NULL,0,22,f
TXN-01658,15 Mar 2025,C-023,Tarun Sharma,NORTH,Delhi,S-110,Levi's 511 Jeans,Fashion,Men Clothing,5,"£3,999",1800,0.0,0,Cash On Delivery,  8  ,YES,99,19,male
TXN-01808,05 Dec 2025,C-004,Vikram Singh,Central,Bhopal,S-115,BASMATI RICE 5KG,Groceries,Staples,5,499,$280,0,2495.0,EMI,6,false,49,29,M
TXN-02353,2025-09-06,C-013,pooja das,south,Chennai,S-101,ONEPLUS 12R,Electronics,Smartphones,1,"£29,999",18000,25,0,Cash On Delivery,8,True,149,31,f
TXN-00243,16 Sep 2025,C-030,shreya patel,West,Ahmedabad,S-117,Kindle Paperwhite,Electronics,E-Readers,2,14999,9500,0.15,0,Debit Card,2,Yes,0,30,FEMALE
TXN-01895,04/23/2025,C-026,Preethi Kumar,south,Chennai,S-105,"Samsung 55"" QLED",Electronics,Televisions,3,74999,45000,0,224997.0,Credit Card,8,no,0,28,f
TXN-01760,20 Jan 2026,C-012,harish rao,South,Hyderabad,S-120,Johnson Baby Oil,Health & Beauty,Baby Care,1,£249,100,20,0,Cash On Delivery,6,1,199,55,male
TXN-02297,23-04-2026,C-025,NIKHIL JOSHI,West,Pune,S-101,OnePlus 12R,Electronics,Smartphones,3,29999,18000,0.05,85497.15,Credit Card,3,0,199,32,M
TXN-00551,08/24/2025,C-004,VIKRAM SINGH,Central,Bhopal,S-114,Kurta Set Ethnic,Fashion,Ethnic Wear,5,1599,£700,20,0,Gpay,6,NO,49,   29   ,M
TXN-01497,01 Mar 2026,C-024,Divya Reddy,South,Hyderabad,S-109,Cetaphil Moisturiser,Health & Beauty,Skincare,3,799,$320,0.1,2157.3,PhonePe,2,N,0,53,female
TXN-01361,29 Jul 2025,C-003,Ananya Gupta,South,Bangalore,S-120,Johnson Baby Oil,Health & Beauty,Baby Care,2,249,100,15,423.3,UPI,10,0,99,42,f
TXN-00069,04/06/2025,C-006,Deepak Verma,North,Jaipur,S-103,instant pot duo,Home & Kitchen,APPLIANCES,4,9999,"$5,200",10,0,UPI,8,no,99,38,MALE
TXN-00132,2025-02-16,C-004,Vikram Singh,Central,Bhopal,S-121,Maggi Noodles 12pk,Groceries,Instant Food,4,168,80,10,0,PhonePe,1,N,79,29,m
TXN-01500,07-09-2025,C-025,Nikhil Joshi,West,Pune,S-115,Basmati Rice 5kg,Groceries,Staples,2,$499,£280,0,998.0,Cash,9,0,99,32,M
TXN-00680,31 Jul 2025,C-025,Nikhil Joshi,West,Pune,S-105,"Samsung 55"" QLED",Electronics,Televisions,3,74999,45000,10,0,Net Banking,null,0,0,32,m
TXN-02216,2025-12-24,C-005,meera nair,South,Kochi,S-118,La Mer Moisturizer,HEALTH & BEAUTY,Skincare,2,19900,11000,0.2,31840.0,Credit Card,2,Yes,0,51,female
TXN-02231,06 Dec 2025,C-020,Geeta Iyer,South,Coimbatore,S-122,Wireless Mouse Logitech,Electronics,    Peripherals    ,1,899,$400,20,719.2,EMI,1,n,0,34,F
TXN-02154,15/02/2026,C-008,Arjun Patel,West,Ahmedabad,S-121,Maggi Noodles 12pk,Groceries,Instant Food,4,168,80,0.05,0,Cash,6,0,49,24,male
TXN-01528,26-08-2025,C-003,Ananya Gupta,South,Bangalore,S-120,Johnson Baby Oil,Health & Beauty,Baby Care,3,249,100,0.0,0,Cash,10,No,79,42,f
TXN-01377,13/11/2025,C-002,Rahul Kumar,West,Mumbai,S-104,Atomic Habits,Books & Stationery,Non-Fiction,2,399,180,0.1,0,Net Banking,10,  false  ,0,35,m
TXN-01398,24/06/2025,C-021,Aditya Bose,East,Kolkata,S-103,Instant Pot Duo,Home & Kitchen,Appliances,4,"₹9,999",5200,0.0,0,Gpay,8,No,49,n/a,MALE
TXN-00402,30 Mar 2025,C-008,Arjun Patel,west,Ahmedabad,S-123,Pilates Resistance Band,Sports,Fitness,4,$599,240,5,0,PhonePe,1,n,0,24,male
TXN-02199,29-04-2025,C-013,Pooja Das,South,Chennai,NA,La Mer Moisturizer,health & beauty,    Skincare    ,4,19900,11000,0.15,0,Cash,8,1,149,31,F
TXN-01598,05/06/2025,C-027,ARUN MENON,South,Kochi,s-104,Atomic Habits,Books & Stationery,non-fiction,1,£399,180,15,0,Debit Card,3,0,0,47,MALE
TXN-01127,14-02-2025,C-029,Rohan Gupta,West,Mumbai,S-101,OnePlus 12R,Electronics,Smartphones,1,29999,18000,0,29999.0,PhonePe,4,FALSE,149,25,Male
TXN-00581,04 Mar 2026,C-020,Geeta Iyer,South,Coimbatore,S-107, boAt Airdopes 141 ,Electronics,Headphones,3,1299,600,0.0,0,UPI,8,false,0,34,Female
TXN-01590,07 May 2025,C-007,SUNITA ROY,East,Kolkata,S-112,Apple AirPods Pro 2,Electronics,Headphones,5,"₹24,900","₹16,000",30,0,Cash On Delivery,1,No,99,33,FEMALE
TXN-00496,30 Aug 2025,C-010,Sanjay Kapoor,North,Delhi,S-101,OnePlus 12R,Electronics,Smartphones,1,29999,18000,0.05,0,Cash On Delivery,2,false,0,40,m
TXN-01824,02/10/2025,C-020,Geeta Iyer,SOUTH,Coimbatore,S-111, ON Whey Protein 2kg ,   Health & Beauty   ,Fitness,2,2499,"$1,200",5,0,Credit Card,9,False,$79,34,f
TXN-01332,12/13/2025,C-003,Ananya Gupta,South,bangalore,S-106,Prestige Mixer,Home & Kitchen,Appliances,3,4599,2200,15,11727.45,PhonePe,10,False,49,42,FEMALE
TXN-02259,2025-05-10,C-013,Pooja Das,South,Chennai,S-104,Atomic Habits,Books & Stationery,Non-Fiction,2,399,180,10,0,Credit Card,3,false,0,31,F
TXN-00758,14/08/2025,C-007,Sunita Roy,East,Kolkata,S-104,Atomic Habits,Books & Stationery,non-fiction,5,₹399,180,0,0,UPI,7,0,99,33,F
TXN-00926,20 Oct 2025,C-003,Ananya Gupta,    South    ,Bangalore,S-112,Apple AirPods Pro 2,Electronics,Headphones,5,24900,"£16,000",10,0,Debit Card,6,N,0,42,F
TXN-01998,13/08/2025,C-003,Ananya Gupta,South,Bangalore,S-111,on whey protein 2kg,Health & Beauty,Fitness,1,"$2,499",1200,0.0,0,EMI,3,false,149,None,Female
TXN-01413,17 Sep 2025,C-015,Nisha Pillai,  SOUTH  ,Trivandrum,S-106,Prestige Mixer,Home & Kitchen,Appliances,2,"$4,599",2200,5,8738.1,EMI,5,FALSE,0,26,Female
TXN-01012,17-08-2025,C-002,RAHUL KUMAR,West,Mumbai,nan,Pilates Resistance Band,Sports,Fitness,1,599,240,10,539.1,  PhonePe  ,1,N,49,,m
TXN-02116,27 Feb 2025,C-018,Pallavi Shah,WEST,Surat,S-109,Cetaphil Moisturiser,Health & Beauty,Skincare,2,£799,320,10,1438.2,UPI,9,no,0,22,f
TXN-02263,14/03/2026,C-021,Aditya Bose,East,Kolkata,S-105,"Samsung 55"" QLED",Electronics,Televisions,1,74999,45000,10,0,PhonePe,5,no,199,29,MALE
TXN-00076,03/17/2026,C-024,Divya Reddy,South,Hyderabad,S-121,Maggi Noodles 12pk,Groceries,Instant Food,1,168,80,0,0,gpay,10,False,0,53,f
TXN-01060,21/08/2025,C-001,Priya Sharma,North,Delhi,S-116,MacBook Air M3,Electronics,Laptops,5,114900,"$78,000",0.3,0,Gpay,7,0,99,28,F
TXN-00362,2025-08-02,C-008,Arjun Patel,West,Ahmedabad,S-121,Maggi Noodles 12pk,Groceries,Instant Food,5,168,£80,0,0,Cash On Delivery,8,false,49,NaN,m
TXN-00497,27-03-2025,C-022,Swati Mishra,Central,Indore,S-118,La Mer Moisturizer, Health & Beauty ,Skincare,5,"£19,900","₹11,000",10,0,EMI,8,NO,0,41,FEMALE
TXN-01519,26/04/2025,C-017,Sundar Kumar,South,Bangalore,S-102,Nike Air Max 90,Fashion,Footwear,2,8999,4500,0.2,0,Cash,1,0,0,37,male
TXN-01141,09/16/2025,C-020,Geeta Iyer,South,Coimbatore,S-109,Cetaphil Moisturiser,Health & Beauty,Skincare,2,799,320,0.1,0,PhonePe,2,n,79,34,female
TXN-01042,2025-07-30,C-015,Nisha Pillai,South,Trivandrum,   S-115   ,basmati rice 5kg,Groceries,Staples,5,499,280,0.1,2245.5,Cash On Delivery,9,false,$149,26,FEMALE
TXN-00494,10/01/2026,C-006,deepak verma,   North   ,Jaipur,S-111,ON Whey Protein 2kg,Health & Beauty,FITNESS,1,2499,1200,0.1,0,Debit Card,8,False,79,38,male
TXN-00518,2026-04-09,C-010,Sanjay Kapoor,North,Delhi,S-119,Fastrack Analog Watch,Fashion,ACCESSORIES,5,"£2,499","£1,100",0,0,PhonePe,5,false,0,40,MALE
TXN-01526,25/06/2025,C-008,Arjun Patel,West,Ahmedabad,S-117,Kindle Paperwhite,Electronics,E-Readers,4,14999,9500,0.0,0,EMI,5,True,₹149,24,male
TXN-02296,06/23/2025,C-006,Deepak Verma,North,Jaipur,S-124,#N/A,Home & Kitchen,Vacuum Cleaners,3,54900,"₹35,000",0.0,0,PhonePe,7,No,99,38,M
TXN-00268,04/20/2025,C-010,Sanjay Kapoor,North,Delhi,S-116,MacBook Air M3,Electronics,Laptops,4,"₹114,900","£78,000",0.0,0,Net Banking,1,FALSE,$79,40,MALE
TXN-02158,05/25/2025,C-027,Arun Menon,South,Kochi,S-124,Dyson V15 Vacuum,  Home & Kitchen  ,Vacuum Cleaners,3,54900,35000,20,0,EMI,2,NULL,149,47,M
TXN-00315,05/04/2025,C-012,Harish Rao,South,Hyderabad,S-108,Yoga Mat Premium,Sports,fitness,4,"$1,299",580,0,0,Credit Card,7,false,$49,55,m
TXN-00036,11/29/2025,C-010,Sanjay Kapoor,North,Delhi,S-102,Nike Air Max 90,Fashion,Footwear,1,"$8,999",4500,10,8099.1,Cash On Delivery,8,No,149,40,male
TXN-01347,2025-05-19,C-017,Sundar Kumar,South,bangalore,S-105,"Samsung 55"" QLED",Electronics,Televisions,1,"$74,999","$45,000",0,74999.0,Cash,2,no,   0   ,37.0,male
TXN-02243,04/05/2025,C-024,Divya Reddy,south,Hyderabad,S-101,OnePlus 12R,Electronics,Smartphones,5,"₹29,999",18000,30,104996.5,PhonePe,3,no,79,53,FEMALE
TXN-01906,05 Dec 2025,C-030,Shreya Patel,West,Ahmedabad,S-116,MacBook Air M3,Electronics,Laptops,5,"£114,900",78000,5,0,Gpay,4,no,0,30,female
TXN-02276,07 Nov 2025,C-029,Rohan Gupta, West ,Mumbai,S-105,"Samsung 55"" QLED",Electronics,Televisions,none,"£74,999",45000,0.0,0,Net Banking,8,FALSE,199,,male
TXN-01285,12/04/2026,C-013,Pooja Das,South,CHENNAI,S-114,Kurta Set Ethnic,#N/A,Ethnic Wear,1,1599,700,0,0,Gpay,4,N,   0   ,31,female
TXN-FUTURE-002,31-12-2099,C-006,Deepak Verma,North,Jaipur,S-112,Apple AirPods Pro 2,Electronics,Headphones,3,24900,"$16,000",0.1,0,UPI,6,0,99,38,m
TXN-00114,05/06/2025,C-006,Deepak Verma,North,Jaipur,S-123,Pilates Resistance Band,Sports,Fitness,2,₹599,240,0.0,1198.0,EMI,5,FALSE,99,38,MALE
TXN-00850,01 Mar 2025,C-001,Priya Sharma,north,DELHI,S-113,Fitbit Charge 6,Electronics,Wearables,1,14999,"£9,000",0.05,0,Net Banking,4,NO,0,28,female
TXN-01394,09-05-2025,C-001,Priya Sharma,North,Delhi,S-113,Fitbit Charge 6,Electronics,Wearables,1,14999,"₹9,000",10,0,EMI,10,  0  ,149,28,F
TXN-01516,28 Feb 2026,C-025,Nikhil Joshi,West,Pune,S-123,Pilates Resistance Band,Sports,Fitness,1,599,240,15,0,Gpay,5,0,199,32,m
TXN-01509,18 Mar 2026,C-018,Pallavi Shah,West,Surat,S-109,Cetaphil Moisturiser,Health & Beauty,Skincare,1,$799,320,30,0,   EMI   ,8,0,49,22,female
TXN-02345,24 Feb 2025,C-024,divya reddy,South,Hyderabad,S-124,Dyson V15 Vacuum,Home & Kitchen,Vacuum Cleaners,1,54900,"$35,000",10,49410.0,Gpay,  1  ,FALSE,0,53,Female
TXN-01265,04/17/2026,C-023,Tarun Sharma,North,Delhi,S-124,DYSON V15 VACUUM,HOME & KITCHEN,Vacuum Cleaners,5,54900,35000,0,274500.0,Net Banking,10,no,149,19,Male
TXN-01137,12 Dec 2025,C-005,Meera Nair,South,Kochi,S-121,maggi noodles 12pk,Groceries,Instant Food,5,168,80,0.25,0,Cash On Delivery,5,No,49,51,FEMALE
TXN-01224,11-03-2026,C-014,Mohit Saxena,North,Agra,S-110,LEVI'S 511 JEANS,Fashion,Men Clothing,1,"£3,999",1800,20,3199.2,#N/A,8,yes,0,44,MALE
TXN-01319,06/07/2025,C-011,Ritu Jain,West,Pune,S-117,Kindle Paperwhite,Electronics,E-Readers,3,"$14,999","£9,500",0.3,0,PhonePe,5,false,199,27,F
TXN-00249,08-05-2025,C-007,SUNITA ROY,East,Kolkata,S-111,on whey protein 2kg,Health & Beauty,Fitness,2,2499,1200,10,0,Cash On Delivery,10,No,0,33,female
TXN-00138,21 Feb 2026,C-018,pallavi shah,West,Surat,S-121,MAGGI NOODLES 12PK,Groceries,Instant Food,5,£168,80,0,840.0,UPI,7,FALSE,0,nan,f
TXN-02129,2025-08-01,C-006,Deepak Verma,North,Jaipur,S-118,La Mer Moisturizer,Health & Beauty,Skincare,3,"£19,900",11000,0,0,UPI,1,0,0,38,M
TXN-01075,28 Apr 2025,C-014,mohit saxena,North,Agra,S-108,Yoga Mat Premium,Sports,Fitness,5,1299,£580,10,0,Debit Card,6,NO,149,44,Male
TXN-02253,22-05-2025,C-019,Kishore Naik,West,Nagpur,S-103,Instant Pot Duo,Home & Kitchen,Appliances,5,"$9,999",5200,10,0,Net Banking,4,False,0,62,m
TXN-00190,2025-06-30,C-004,Vikram Singh,Central,Bhopal,S-124,Dyson V15 Vacuum,Home & Kitchen,Vacuum Cleaners,5,54900,35000,0,0,PhonePe,5,no,0,,MALE
TXN-02076,19-06-2025,C-003,Ananya Gupta,South,Bangalore,S-112,Apple AirPods Pro 2,Electronics,Headphones,1,24900,16000,0,24900.0,net banking,9,No,$49,42,F
TXN-01831,01 Dec 2025,C-025,Nikhil Joshi,West,Pune,S-113,Fitbit Charge 6,Electronics,Wearables,2,14999,"₹9,000",10,26998.2,Net Banking,9,False,0,32,m
TXN-00320,22-08-2025,C-010,Sanjay Kapoor,North,Delhi,S-111,  ON Whey Protein 2kg  ,null,Fitness,5,"$2,499","₹1,200",0.0,0,Cash On Delivery,3,no,79,40,m
TXN-01225,05/27/2025,C-030,Shreya Patel,west,Ahmedabad,S-119,Fastrack Analog Watch,Fashion,Accessories,2,"£2,499",1100,5,0,Credit Card,4,NO,0,30,female
TXN-01018,28/10/2025,C-029,Rohan Gupta,West,Mumbai,S-116,MacBook Air M3,Electronics,Laptops,1,"£114,900","£78,000",0.05,109155.0,PhonePe,6,FALSE,99,25,Male
TXN-02350,02/19/2025,C-007,Sunita Roy,East,Kolkata,S-121,Maggi Noodles 12pk,Groceries,    Instant Food    ,4,£168,80,25,504.0,NULL,9,0,49,33,f
TXN-00708,03/12/2025,C-008,Arjun Patel,West,Ahmedabad,S-104,atomic habits,Books & Stationery,NON-FICTION,5,399,180,20,1596.0,Gpay,9,no,99,24,male
TXN-00554,2026-01-27,C-022,Swati Mishra,Central,Indore,S-108,Yoga Mat Premium,Sports,Fitness,1,"£1,299",£580,0,1299.0,undefined,10,NO,0,41,FEMALE
TXN-00764,05/02/2026,C-024,Divya Reddy,South,Hyderabad,nan,Atomic Habits,Books & Stationery,Non-Fiction,5,399,₹180,0.0,0,Credit Card,3,TRUE,0,53,f
TXN-01822,2025-11-29,C-026,Preethi Kumar,South,chennai,S-106,Prestige Mixer,Home & Kitchen,Appliances,1,4599,"£2,200",25,0,Debit Card,    1    ,no,99,28,f
TXN-01483,05 Mar 2025,C-019,Kishore Naik,West,Nagpur,S-121,Maggi Noodles 12pk,Groceries, Instant Food ,   4   ,168,80,0,0,cash on delivery,4,NO,79,62,m
TXN-00324,13/11/2025,C-027,Arun Menon,South,Kochi,S-102,nike air max 90,null,Footwear,4,"₹8,999","₹4,500",0.2,0,Debit Card,null,NO,149,47, male 
TXN-02200,16-02-2025,C-012,Harish Rao,South,Hyderabad,  S-106  ,  Prestige Mixer  ,Home & Kitchen,Appliances,3,"£4,599",2200,0.1,0,Credit Card,1,no,79,55,m
TXN-02370,2025-09-30,C-030,Shreya Patel,West,Ahmedabad,S-109,Cetaphil Moisturiser,Health & Beauty,Skincare,NaN,799,₹320,0.0,3995.0,Credit Card,5,false,49,30,Female
TXN-00514,10/12/2025,C-002,Rahul Kumar,West,Mumbai,S-119,Fastrack Analog Watch,fashion,Accessories,1,2499,1100,0.05,0,NET BANKING,10,False,199,35,male
TXN-00957,28/09/2025,C-013,Pooja Das,South,Channai,S-105,"Samsung 55"" QLED",Electronics,Televisions,5,74999,45000,0.1,337495.5,Gpay,3,Y,149,31,F
TXN-00686,05/21/2025,C-030,Shreya Patel,West,Ahmedabad,S-102,Nike Air Max 90,Fashion,Footwear,2,8999,4500,0.3,0,Cash,9,false,0,,f
TXN-01120,28-08-2025,C-007,Sunita Roy,East,Kolkata,S-125,Zara Floral Dress,Fashion,Women Clothing,1,4999,2200,0.05,4749.05,Cash,7,N,99,  33  ,FEMALE
TXN-00945,01/15/2026,C-029,Rohan Gupta,West,MUMBAI,S-123,Pilates Resistance Band,Sports,Fitness,  3  ,$599,240,0,0,Debit Card,None,FALSE,0,25,MALE
TXN-01148,12 Feb 2026,C-015,Nisha Pillai,South,Trivandrum,S-103,instant pot duo,Home & Kitchen,Appliances, 4 ,"£9,999",5200,25,29997.0,    UPI    ,3,0,£199,26,FEMALE
TXN-00520,12/21/2025,C-024,Divya Reddy,South,Hyderabad,S-103,Instant Pot Duo,Home & Kitchen,Appliances,4,9999,5200,5,0,UPI,2,false,99,53,Female
TXN-02301,16-02-2026,C-025,Nikhil Joshi,West,Pune,S-124,Dyson V15 Vacuum,Home & Kitchen,N/A,3,54900,35000,0.3,0,Cash On Delivery,4,n,79,32,M
TXN-01754,04/20/2025,C-025,nikhil joshi,West,Pune,S-104,Atomic Habits,Books & Stationery,Non-Fiction,1,399,180,0,0,Credit Card,1,No,199,32,m
TXN-01607,08-11-2025,C-015,Nisha Pillai,South,Trivandrum,S-116,MacBook Air M3,Electronics,Laptops,4,114900,78000,20,367680.0,Debit Card,4,NO,0,26,f
TXN-02387,01/12/2025,C-006,Deepak Verma,North,Jaipur,S-119,Fastrack Analog Watch,Fashion,Accessories,1,"£2,499",1100,0.15,0,   PhonePe   ,2,No,149,38,M
TXN-00653,08/11/2025,C-012,Harish Rao,South,Hyderabad,S-123,Pilates Resistance Band,Sports,FITNESS,4,599,240,0,0,Cash,7,NO,49,55,MALE
TXN-01463,02/11/2026,C-010,sanjay kapoor,North,delhi,S-117,Kindle Paperwhite,Electronics,E-Readers,5,14999,9500,0.0,0,upi,4,false,99,40,Male
TXN-02293,17 Mar 2025,C-009,Kavita Mehta,North,Lucknow,S-112,Apple AirPods Pro 2,Electronics,headphones,1,24900,16000,10,0,Cash On Delivery,9,0,79,,female
TXN-02262,2025-11-26,C-001,Priya Sharma,North,Delhi,#N/A,N/A,ELECTRONICS,Headphones,3,1299,₹600,0.2,3117.6,Credit Card,6,N,49,28,f
TXN-01650,06/30/2025,C-020,Geeta Iyer,South,Coimbatore,S-117,Kindle Paperwhite,Electronics,E-Readers,2,14999,"₹9,500",0.2,23998.4,Cash On Delivery,9,    false    ,49,34,FEMALE
TXN-02397,19-04-2026,C-013,Pooja Das,South,Channai,S-112,Apple AirPods Pro 2,Electronics,Headphones,4,24900,"$16,000",10,0,Cash On Delivery,9,n,$79,31,F
TXN-00877,17/04/2025,C-029,Rohan Gupta,West,Mumbai,S-110,Levi's 511 Jeans,Fashion,Men Clothing,4,3999,1800,0.1,0,Cash,2,TRUE,49,25.0,male
TXN-00400,25-08-2025,C-002,Rahul Kumar,West,Mumbai,S-104,Atomic Habits,Books & Stationery,Non-Fiction,1,399,180,0.25,299.25,Net Banking,8,false,149,35,m
TXN-01894,30-04-2025,C-014,Mohit Saxena,North,Agra,S-119,Fastrack Analog Watch,Fashion,Accessories,5,"$2,499",1100,15,10620.75,Net Banking,9,FALSE,49,44,male
TXN-01102,08 Jan 2026,C-010,Sanjay Kapoor,North,delhi,S-113,Fitbit Charge 6,Electronics,Wearables,3,"₹14,999",9000,10,0,Gpay,10,n,0,40,MALE
TXN-01250,18 Dec 2025,C-020,GEETA IYER, South ,Coimbatore,S-107,boAt Airdopes 141,electronics,Headphones,5,1299,600,5,0,UPI,NULL,0,99,34,Female
TXN-00432,08/26/2025,C-021,Aditya Bose,East,Kolkata,S-122,Wireless Mouse Logitech,Electronics,Peripherals,2,899,$400,0.05,0,EMI,2,False,79,29,M
TXN-01924,21-04-2025,C-030,Shreya Patel,West,Ahmedabad,S-122,Wireless Mouse Logitech,  Electronics  ,Peripherals,3,₹899,400,0.1,0,Cash,1,false,199,30,F
TXN-00833,16/02/2025,C-002,rahul kumar,west,Mumbai,S-122,Wireless Mouse Logitech,Electronics,peripherals,3,$899,400,0.3,0, EMI ,3,No,79,35,M
TXN-01008,08-03-2025,C-022,Swati Mishra,Central,Indore,S-110,Levi's 511 Jeans,Fashion,Men Clothing,4,3999,1800,25,0,EMI,8,  Yes  ,£99,,f
TXN-00011,09 Nov 2025,C-009,Kavita Mehta,north,Lucknow,S-113,Fitbit Charge 6,Electronics,Wearables,2,14999,"₹9,000",15,0,Gpay,10,no,199,45,female
TXN-01308,17 May 2025,C-002,Rahul Kumar,West,Mumbai,S-119,Fastrack Analog Watch,Fashion,n/a,3,"₹2,499",1100,0,0,EMI,9,FALSE,49,35,male
TXN-02063,2025-04-11,C-022,Swati Mishra,Central,Indore,S-116,MacBook Air M3,Electronics,Laptops,4,114900,"£78,000",0.0,459600.0,PhonePe,6,false,199,41,FEMALE
TXN-01256,07/24/2025,C-013,Pooja Das,South,CHENNAI,S-124,Dyson V15 Vacuum,Home & Kitchen,Vacuum Cleaners,1,"₹54,900","₹35,000",15,46665.0, Cash On Delivery ,5,0,0,31,female
TXN-00562,16 Apr 2025,C-014,Mohit Saxena,North,Agra,S-109,Cetaphil Moisturiser,Health & Beauty,Skincare,5,$799,320,25,0,UPI,6,false,199,44,Male
TXN-02184,03/10/2025,C-027,Arun Menon,South,Kochi,S-125,Zara Floral Dress,Fashion,Women Clothing,2,4999,2200,10,0,gpay,2,0,,NULL,MALE
TXN-01626,15/11/2025,C-010,sanjay kapoor,North,Delhi,  S-109  ,Cetaphil Moisturiser,Health & Beauty,Skincare,2,799,320,10,0,Cash On Delivery,7,false,₹99,40,male
TXN-01736,19-07-2025,C-025,Nikhil Joshi,West,Pune,S-111,ON Whey Protein 2kg,Health & Beauty,Fitness,4,2499,1200,30,0,Net Banking,5,no,99,32,M
TXN-01983,22-10-2025,C-007,Sunita Roy,East,Kolkata,S-123,Pilates Resistance Band,Sports,Fitness,3,£599,£240,0.1,0,Net Banking,5,True,79,33,FEMALE
TXN-02258,2025-11-28,C-023,Tarun Sharma,North,Delhi,S-111,ON Whey Protein 2kg,HEALTH & BEAUTY,Fitness,4,"$2,499","$1,200",0,0,EMI,9,False,0,19,MALE
TXN-00330,21-04-2026,C-011,Ritu Jain,West,Pune,S-111,ON Whey Protein 2kg,Health & Beauty,Fitness,2,2499,1200,0,0,Credit Card,    1    ,FALSE,0,27,FEMALE
TXN-00325,04/25/2026,C-019,Kishore Naik,West,Nagpur,S-112,Apple AirPods Pro 2,Electronics,Headphones,5,"₹24,900",16000,0.0,0,Credit Card,10,No,£149,62,M
TXN-01302,19-03-2025,C-018,Pallavi Shah,West,Surat,S-110,LEVI'S 511 JEANS,Fashion,Men Clothing,2,3999,1800,10,0,Credit Card,4,n,49,,FEMALE
TXN-00459,26/03/2025,C-010,Sanjay Kapoor,North,Delhi,S-104,null,Books & Stationery,Non-Fiction,4,399,180,0,0,EMI,3,  FALSE  ,99,40,MALE
TXN-02051,01 Nov 2025,C-012,Harish Rao,South,Hyderabad,S-114,Kurta Set Ethnic,Fashion,Ethnic Wear,3,"$1,599",$700,0.1,0,Gpay,4,NO,79,55,Male
TXN-00873,04/18/2026,C-016,RAJESH KHANNA,West,Mumbai,S-109,Cetaphil Moisturiser,Health & Beauty,Skincare,1,₹799,320,25,0,EMI,2,FALSE,$149,48,Male
TXN-01479,03/29/2025,C-011,Ritu Jain,West,Pune,S-102,Nike Air Max 90,Fashion,Footwear,4,8999,"₹4,500",0.1,0,Credit Card,#N/A,N,199,27,female
TXN-00902,07-05-2025,C-013,Pooja Das,South,Chennai,s-103,Instant Pot Duo,Home & Kitchen,Appliances,2,"$9,999",5200,25,0,Cash,1,0,$79,  31  ,F
TXN-00150,05 May 2025,C-003,Ananya Gupta,South,Bengaluru,S-121,Maggi Noodles 12pk,Groceries,Instant Food, 4 ,168,₹80,10,0, Cash ,4,n,0,42,F
TXN-01960,2025-07-25,C-030,Shreya Patel,West,Ahmedabad,S-111,ON Whey Protein 2kg,Health & Beauty,Fitness,5,2499,"£1,200",0,12495.0,PhonePe,7,False,$49,30,Female
TXN-00298,23-02-2026,C-021,Aditya Bose,East,Kolkata,S-120,Johnson Baby Oil,Health & Beauty,Baby Care,5,$249,₹100,25,933.75,Cash On Delivery,1,1,0,29,male
TXN-00048,29 Oct 2025,C-019,Kishore Naik,West,Nagpur,S-104,Atomic Habits,BOOKS & STATIONERY,Non-Fiction,3,₹399,180,0.15,0,Net Banking,10,NO,49,62,male
TXN-00671,2025-08-16,C-023,tarun sharma,    North    ,Delhi,S-117,Kindle Paperwhite,Electronics,E-Readers,   5   ,14999,"₹9,500",0,0,  UPI  ,#N/A,false,79,19,M
TXN-01994,29/11/2025,C-018,Pallavi Shah,West,Surat,S-104,  Atomic Habits  ,Books & Stationery,Non-Fiction,4,399,180,0.25,1197.0,Credit Card,10,n,149,    22    ,FEMALE
TXN-01381,22-03-2026,C-030,Shreya Patel,West,Ahmedabad,S-110,Levi's 511 Jeans,Fashion,Men Clothing,2,3999,1800,20,0,Credit Card,3,    false    ,99,30,F
TXN-ZERO-017,16 Aug 2025,C-010,Sanjay Kapoor,North,Delhi,S-118,La Mer Moisturizer,Health & Beauty,Skincare,0,"£19,900",11000,0.1,0,Debit Card,3,N,99,40,Male
TXN-02328,31 Mar 2025,C-017,sundar kumar,South,Bangalore,S-117,Kindle Paperwhite,Electronics,E-Readers,2,14999,"£9,500",0.1,0,PhonePe,9,N,₹49,37,Male
TXN-00349,07/03/2025,C-003,Ananya Gupta,South,Bengaluru,S-119,Fastrack Analog Watch,Fashion,Accessories,1,2499,1100,0.0,0,debit card,8,NO,99,42,F
TXN-00594,08/11/2025,C-027,Arun Menon,South,Kochi,S-120,Johnson Baby Oil,Health & Beauty,Baby Care,3,$249,£100,5,709.65,Credit Card,6,No,49,47,male
TXN-00345,09/04/2025,C-030,Shreya Patel,West,Ahmedabad,S-110,Levi's 511 Jeans,FASHION,men clothing,2,3999,"$1,800",5,7598.1,Net Banking,10,n,99,30,f
TXN-00321,2025-05-17,C-021,Aditya Bose,East,Kolkata,   S-120   ,Johnson Baby Oil, Health & Beauty ,Baby Care,    5    ,249,£100,0.3,0,UPI,6,n,199,29,M
TXN-01544,14-02-2026,C-008,Arjun Patel,West,Ahmedabad,S-114,Kurta Set Ethnic,Fashion,ethnic wear,1,1599,700,0.0,0,cash,3,false,0,24,m
TXN-01802,06/07/2025,C-028,Anjali Singh,North,Jaipur,S-118,La Mer Moisturizer,Health & Beauty,Skincare,4,19900,11000,25,0,UPI,None,false,0,36,FEMALE
TXN-01501,2025-09-18,C-016,Rajesh Khanna,West,Mumbai,S-121,Maggi Noodles 12pk,Groceries,Instant Food,  5  ,168,80,10,0,Net Banking,9,N,199,,M
TXN-00396,2025-09-04,C-010,Sanjay Kapoor,--,Delhi,S-108,YOGA MAT PREMIUM,Sports,Fitness,5,1299,580,20,0,UPI,3,no,₹99,40,male
TXN-01296,03/07/2025,C-007,sunita roy,East,Kolkata,S-110,Levi's 511 Jeans,Fashion,Men Clothing,3,3999,"₹1,800",0,0,Debit Card,3,no,149,33,Female
TXN-00023,17-02-2025,C-026,Preethi Kumar,South,CHENNAI,S-114,Kurta Set Ethnic,fashion,Ethnic Wear,5,1599,£700,25,0,UPI,1,NO,99,28,female
TXN-01637,26/11/2025,C-026,Preethi Kumar,South,Chennai,S-104,  Atomic Habits  ,Books & Stationery,  Non-Fiction  ,2,$399,180,10,718.2,Credit Card,8,No,0,   28   ,f
TXN-01396,2025-09-26,C-005,Meera Nair,South,Kochi,S-125,Zara Floral Dress,N/A,Women Clothing,1,"$4,999",2200,0.05,0, Cash ,8,false,0,51,FEMALE
TXN-00529,03/19/2026,C-017,Sundar Kumar,South,Bangalore,S-110,LEVI'S 511 JEANS,FASHION,Men Clothing,5,3999,"£1,800",0,0,Cash On Delivery,9,no,£79,37,m
TXN-01882,10/01/2025,C-030,Shreya Patel,West,Ahmedabad,S-107,boAt Airdopes 141,Electronics,Headphones,5,1299,600,0.3,0,Cash,2,false,149,30,F
TXN-00350,03/05/2026,C-003,Ananya Gupta,South,Bengaluru,S-106,Prestige Mixer,Home & Kitchen,Appliances,2,"₹4,599",2200,0,0,--,6,True,99,42,female
TXN-01313,30/09/2025,C-019,Kishore Naik,West,Nagpur,S-111,ON Whey Protein 2kg,Health & Beauty,Fitness,4,2499,"$1,200",0.2,7996.8,Cash On Delivery, 2 ,N,99,62,M
TXN-00228,31-07-2025,C-020,Geeta Iyer,South,Coimbatore,S-124,Dyson V15 Vacuum,Home & Kitchen,Vacuum Cleaners,2,54900,35000,0,0,Cash,3,yes,0,34,F
TXN-02227,2025-04-21,C-025,Nikhil Joshi,West,Pune,S-119,fastrack analog watch,Fashion,Accessories,4,"£2,499",1100,25,0,Cash,5,False,0,32,Male
TXN-01905,25-10-2025,C-029,Rohan Gupta,West,Mumbai,S-105,"SAMSUNG 55"" QLED", Electronics ,Televisions,4,"₹74,999",45000,0,0,CASH,10,no,99,25,M
TXN-01827,26/02/2025,C-026,Preethi Kumar,South,Chennai,S-123,Pilates Resistance Band,Sports,Fitness,4,$599,240,0.0,0,Credit Card,4,yes,199,28,FEMALE
TXN-00887,05/12/2025,C-028,ANJALI SINGH,North,Jaipur,S-123,Pilates Resistance Band,Sports,Fitness,1,599,£240,0.0,0,Cash On Delivery,2,False,£149,    36    ,FEMALE
TXN-00874,11-05-2025,C-018,Pallavi Shah,West,Surat,S-123,Pilates Resistance Band,Sports,Fitness,3,$599,240,25,0,Cash On Delivery,4,N,199,22,female
TXN-01959,22 Sep 2025,C-002,Rahul Kumar,West,Mumbai,S-115,Basmati Rice 5kg,NULL,Staples,5,499,280,10,2245.5,Gpay,6,NO,0,35,m
TXN-02289,2026-03-14,C-017,Sundar Kumar,South,Bangalore,S-123,Pilates Resistance Band,--,Fitness,3,599,240,0.3,1257.9,Cash,9,false,49,37,MALE
TXN-00369,2025-02-16,C-003,Ananya Gupta,South,Bangalore,S-121,Maggi Noodles 12pk,Groceries,Instant Food,2,₹168,80,5,0,EMI,undefined,false,199,42,Female
TXN-00710,17-03-2025,C-011,Ritu Jain,West,Pune,S-101,OnePlus 12R,Electronics,Smartphones,1,29999,18000,30,0,EMI,2,n,49, 27 ,F
TXN-00424,29/03/2025,C-024,Divya Reddy,South,Hyderabad,S-104,Atomic Habits,Books & Stationery,Non-Fiction,2,$399,180,30,0,EMI,1,N,49,53,F
TXN-00954,12 Apr 2026,C-013,Pooja Das,South,Chennai,S-105,"Samsung 55"" QLED",Electronics,Televisions,5,"$74,999",45000,0.0,0,Net Banking,4,N,199,31.0,FEMALE
TXN-02312,04/04/2025,C-007,Sunita Roy,East,Kolkata,S-109,Cetaphil Moisturiser,Health & Beauty,Skincare,3,$799,₹320,5,2277.15,,8,no,0,33,female
TXN-01005,06/01/2025,C-016,Rajesh Khanna,West,Mumbai,S-125,Zara Floral Dress,Fashion,Women Clothing,5,4999,2200,0.0,24995.0,Debit Card,2,False,£79,48,M
TXN-00853,30-03-2025,C-002,Rahul Kumar,West,Mumbai,S-111,ON Whey Protein 2kg,Health & Beauty,Fitness,4,"£2,499",1200,30,0,Credit Card,4,FALSE,£149,35,Male
TXN-01547,06/15/2025,C-008,Arjun Patel,West,Ahmedabad,S-120,Johnson Baby Oil,Health & Beauty,Baby Care,3,249,100,0,747.0,UPI,8,No,0,24,male
TXN-00666,03/22/2026,C-020,Geeta Iyer,south,Coimbatore, S-113 ,Fitbit Charge 6,none,Wearables,5,14999,9000,0.0,0,Gpay,4,1,£149,34,female
TXN-00537,02/04/2026,C-013,Pooja Das,South,Chennai,S-119,Fastrack Analog Watch,Fashion,Accessories,2,2499,1100,5,0,EMI,1,False,0,31,f
TXN-01218,10/17/2025,C-010,Sanjay Kapoor,NORTH,Delhi,S-104,Atomic Habits,Books & Stationery,Non-Fiction,5,399,180,0.1,1795.5,    Debit Card    ,5,NO,79,40,male
TXN-01591,2026-01-05,C-002,Rahul Kumar,West,Mumbai,S-114,Kurta Set Ethnic,Fashion,Ethnic Wear,2,1599,700,0.2,0,Gpay,4,n,0,35,MALE
TXN-01978,16-02-2026,C-028,Anjali Singh,North,Jaipur,S-111,ON Whey Protein 2kg,Health & Beauty,Fitness,1,2499,1200,0,0,Credit Card,3,N,0,36,F
TXN-01208,2025-06-19,C-002,Rahul Kumar,West,Mumbai,S-101,OnePlus 12R,Electronics,Smartphones,5,29999,"£18,000",25,112496.25,PhonePe,6,true,99,35,M
TXN-00563,03/08/2025,C-003,Ananya Gupta,South,Bangalore,S-111,ON Whey Protein 2kg,Health & Beauty,Fitness,none,2499,"$1,200",0,12495.0,Credit Card,5,no,0,42,f
NA,NA,NA,NA,NA,NA,NA,NA,NA,NA,NA,NA,NA,NA,NA,NA,NA,NA,NA,NA,NA
TXN-00436,06-04-2026,C-021,Aditya Bose,East,Kolkata,S-106,Prestige Mixer,Home & Kitchen,Appliances,2,"₹4,599",2200,20,7358.4,Gpay,8,FALSE,0,,Male
TXN-00941,10/26/2025,C-023,Tarun Sharma,North,Delhi,S-113,Fitbit Charge 6,ELECTRONICS,Wearables,1,"£14,999",9000,5,0,Cash On Delivery,10,n,49,19,male
TXN-00730,23 Jan 2026,C-028,Anjali Singh,North,Jaipur,S-109,Cetaphil Moisturiser,HEALTH & BEAUTY,Skincare,1,£799,320,30,559.3,UPI,9,FALSE,0,36,FEMALE
TXN-02105,06-11-2025,C-030,Shreya Patel,West,Ahmedabad,S-120,Johnson Baby Oil,health & beauty,Baby Care,1,$249,100,0.1,0,Credit Card,6,no,99,30,Female
TXN-00756,16-03-2025,C-025,Nikhil Joshi,West,Pune,S-113,Fitbit Charge 6,Electronics,Wearables,5,14999,9000,0.3,0,Debit Card,1,N,0,32,MALE
TXN-01110,04/22/2025,C-020,Geeta Iyer,South,Coimbatore,S-121,Maggi Noodles 12pk,GROCERIES,Instant Food,2,$168,$80,0.1,302.4,PHONEPE,8,false,0,34,F
TXN-00747,12/14/2025,C-016,Rajesh Khanna,West,Mumbai,s-111,ON Whey Protein 2kg,Health & Beauty,Fitness,1,2499,1200,20,0,Credit Card,3,FALSE,0,48,M
TXN-00103,14 Feb 2026,C-005,Meera Nair,SOUTH,Kochi,S-103,Instant Pot Duo,Home & Kitchen,    Appliances    ,4,9999,5200,15,33996.6,Gpay,2,FALSE,$49,,F
TXN-01659,20 Mar 2026,C-020,Geeta Iyer,South,Coimbatore,S-114,Kurta Set Ethnic,Fashion,Ethnic Wear,1,"£1,599",700,0.0,0,Net Banking,9,false,₹99,,F
TXN-01950,2026-04-10,C-030,Shreya Patel,West,Ahmedabad,S-114,Kurta Set Ethnic,Fashion,Ethnic Wear,5,"£1,599",700,0.05,7595.25,   Cash On Delivery   ,7,  NO  ,79,30,FEMALE
TXN-01420,12-12-2025,C-018,Pallavi Shah,West,Surat,S-108,Yoga Mat Premium,Sports,Fitness,3,"$1,299",580,0.0,3897.0,Credit Card,9,1,149,22,Female
TXN-01989,18-09-2025,C-028,Anjali Singh,North,Jaipur,S-109,Cetaphil Moisturiser,Health & Beauty,Skincare,4,£799,320,10,2876.4,NaN,6,false,0,36,Female
TXN-01482,2025-08-09,C-001,PRIYA SHARMA,North,Delhi,S-123,Pilates Resistance Band,Sports,Fitness,3,$599,$240,30,1257.9,PhonePe,2,false,0,28,FEMALE
TXN-00929,14-03-2026,C-028,Anjali Singh,North,Jaipur,S-105,"Samsung 55"" QLED",Electronics,Televisions,5,"£74,999",45000,10,0,none,--,NO,₹99,36,f
TXN-02335,12/22/2025,C-007,Sunita Roy,East,Kolkata,S-114,Kurta Set Ethnic,Fashion,ethnic wear,1,1599,$700,15,1359.15,Credit Card,n/a,false,99,33,F
TXN-01782,24 Oct 2025,C-003,Ananya Gupta,South,BANGALORE,S-110,Levi's 511 Jeans,Fashion,men clothing,2,3999,1800,0,0,Credit Card,9,false,49,42, female 
TXN-00407,01 Mar 2025,C-021,Aditya Bose,East,Kolkata,S-116,None,Electronics,Laptops,4,114900,78000,0,0,Cash,1,y,£199,,male
TXN-00651,11 Sep 2025,C-029,Rohan Gupta,West,Mumbi,S-106,Prestige Mixer,Home & Kitchen,Appliances,   2   ,4599,"$2,200",15,7818.3,Cash,5,no,0,25,m
TXN-02358,23/06/2025,C-030,Shreya Patel,West,Ahmedabad,S-110,Levi's 511 Jeans,Fashion,Men Clothing,3,3999,"$1,800",0.0,0,Debit Card,7,n,79,30,F
TXN-00611,29-03-2026,C-012,Harish Rao,South,Hyderabad,S-113,Fitbit Charge 6,Electronics,Wearables,1,"£14,999",9000,0.1,0,Debit Card,1,No,0,55,male
TXN-02100,19 Oct 2025,C-008,Arjun Patel,West,Ahmedabad,S-107,boAt Airdopes 141,ELECTRONICS,Headphones,3,"£1,299",600,30,0,Gpay,6,No,99,24,male
TXN-00577,16/03/2026,C-020,Geeta Iyer,South,Coimbatore,S-109,Cetaphil Moisturiser,Health & Beauty,Skincare,3,₹799,320,0,0,Net Banking,9,false,0,34,F
TXN-02316,18/03/2026,C-019,Kishore Naik,West,Nagpur,S-119,fastrack analog watch,Fashion,ACCESSORIES,4,"£2,499","£1,100",10,0,UPI,1,N,199,62,male
TXN-00886,01-07-2025,C-023,Tarun Sharma,North,Delhi,S-114,Kurta Set Ethnic,Fashion,Ethnic Wear,5,"£1,599",₹700,0,0,Credit Card,4,false,$99,19,
TXN-00161,2025-08-21,C-006,Deepak Verma,north,Jaipur,S-113,Fitbit Charge 6,Electronics,Wearables,4,14999,9000,0.05,56996.2,Credit Card,9,no,0,38,    M    
TXN-00384,10/11/2025,C-004,Vikram Singh,Central,Bhopal,    S-112    ,Apple AirPods Pro 2,Electronics,Headphones,3,24900,16000,0.3,0,Cash,7,NO,79,29,M
TXN-01065,2025-09-04,C-014,Mohit Saxena,North,Agra,S-103,Instant Pot Duo,Home & Kitchen,Appliances,2,9999,5200,0.0,19998.0,Credit Card,1,n,79,44,male
TXN-00956,06/26/2025,C-005,MEERA NAIR,south,Kochi,S-106,Prestige Mixer,HOME & KITCHEN,Appliances,5,"$4,599",2200,30,0,Cash,1,No,79, 51 ,Female
TXN-02284,20-04-2026,C-002,Rahul Kumar,West,Mumbai,S-119,Fastrack Analog Watch,Fashion,Accessories,5,"₹2,499","£1,100",25,0,Cash,3,false,0,35,Male
TXN-01223,2025-03-19,C-012,harish rao,SOUTH,Hyderabad,S-112,APPLE AIRPODS PRO 2,Electronics,Headphones,3,24900,"$16,000",0.1,0,Net Banking,7,No,  0  ,55,m
TXN-00403,05 Sep 2025,C-013,Pooja Das,South,Chennai,S-103,INSTANT POT DUO,home & kitchen,Appliances,5,9999,5200,25,37496.25,EMI,1,N,0,31,FEMALE
TXN-01010,2025-03-26,C-016,Rajesh Khanna,West,Mumbai,S-109,Cetaphil Moisturiser,HEALTH & BEAUTY,Skincare,3,799,320,0,0,Cash On Delivery,6,n,0,48,male
TXN-01352,19/03/2025,C-009,Kavita Mehta,North,Lucknow,S-114,Kurta Set Ethnic,Fashion,Ethnic Wear,1,1599,₹700,10,0,UPI,7,Y,NULL,45,FEMALE
TXN-00258,2025-04-28,C-014,mohit saxena,NORTH,Agra,   S-101   ,nan,Electronics,Smartphones,5,29999,"₹18,000",0.1,0,Cash On Delivery,3,N,£79,44,Male
TXN-00086,06/03/2025,C-010,Sanjay Kapoor,North,delhi,S-104,Atomic Habits,Books & Stationery,NON-FICTION,4,$399,180,0.25,0, Cash On Delivery ,5,no,0,40,male
TXN-00211,03-05-2025,C-010,Sanjay Kapoor,North,Delhi,S-109,Cetaphil Moisturiser,    Health & Beauty    ,Skincare,4,799,320,5,3036.2,EMI,4,y,199,40,MALE
TXN-00045,16/08/2025,C-010,Sanjay Kapoor,North,Delhi,S-109,Cetaphil Moisturiser,Health & Beauty,Skincare,2,799,320,0,1598.0,Net Banking,7,NO,79,40,M
TXN-00292,14 Feb 2026,C-005,Meera Nair,South,Kochi,S-120,Johnson Baby Oil,Health & Beauty,Baby Care,3,249,£100,0,747.0,Cash On Delivery,3,False,49,51.0,Female
TXN-00135,26-02-2025,C-012,Harish Rao,South,Hyderabad,S-101,OnePlus 12R,Electronics,smartphones,3,"£29,999",18000,20,0,Gpay,nan,False,199,55,M
TXN-02245,04 May 2025,C-008,arjun patel,West,Ahmedabad,S-121,Maggi Noodles 12pk,Groceries,Instant Food,1,168,80,0.05,0,Debit Card,2,FALSE,£49,24,male
undefined,undefined,undefined,undefined,undefined,undefined,undefined,undefined,undefined,undefined,undefined,undefined,undefined,undefined,undefined,undefined,undefined,undefined,undefined,undefined,undefined
TXN-00221,24-07-2025,C-018,Pallavi Shah,West,Surat,S-124,Dyson V15 Vacuum,Home & Kitchen,    Vacuum Cleaners    ,1,54900,35000,0,0,Cash,2,False,0,22,FEMALE
TXN-00035,02/09/2026,C-027,Arun Menon,South,Kochi,S-113,Fitbit Charge 6,Electronics,Wearables,2,"$14,999",9000,0,0,Cash,5,NO,149,47,MALE
TXN-01662,13-01-2026,C-009,Kavita Mehta,North,Lucknow,S-114,Kurta Set Ethnic,Fashion,Ethnic Wear,3,1599,£700,20,3837.6,Cash,2,n,49,,female
TXN-00054,16/07/2025,C-030,Shreya Patel,West,Ahmedabad,s-102,nike air max 90,#N/A,Footwear,4,8999,4500,5,0,EMI,8,No,149,30,f
TXN-01032,14 Mar 2026,C-023,Tarun Sharma,North,Delhi,S-115, Basmati Rice 5kg ,Groceries,n/a,5,499,$280,0.0,2495.0,Debit Card,2,No,0,19,MALE
TXN-00521,06/05/2025,C-028,anjali singh,North,Jaipur,s-118,La Mer Moisturizer,Health & Beauty,Skincare,1,"₹19,900",11000,5,0,Credit Card,6,Y,49,36,female
TXN-01061,09/10/2025,C-012,Harish Rao,SOUTH,Hyderabad,S-115,BASMATI RICE 5KG,#N/A,Staples,3,$499,280,0.0,1497.0,PhonePe,2,0,£79,55,NaN
TXN-01636,21-12-2025,C-030,Shreya Patel,West,Ahmedabad,S-115,Basmati Rice 5kg,Groceries,Staples,5,499,280,30,1746.5,EMI,7,FALSE,₹149,30,f
TXN-01252,2025-07-08,C-019,Kishore Naik,West,Nagpur,S-116,MacBook Air M3,Electronics,Laptops,2,114900,78000,0.0,229800.0,Debit Card,2,0,79,62,  M  
TXN-00336,13/08/2025,C-022,Swati Mishra,Central,Indore, S-117 ,Kindle Paperwhite,Electronics,E-Readers,4,14999,9500,0.0,0,EMI,10,False,49,41,f
TXN-01358,27/01/2026,C-024,DIVYA REDDY,South,hyderabad,S-111,ON Whey Protein 2kg,Health & Beauty,Fitness,2,"₹2,499",1200,5,4748.1,PhonePe,7,False,199,53,Female
TXN-00057,31 May 2025,C-014,Mohit Saxena,North,Agra,S-107,boAt Airdopes 141,Electronics,Headphones,5,"$1,299",600,0.05,6170.25,UPI,1,no,199,  44  ,m
TXN-00122,05-03-2026,C-026,Preethi Kumar,South,Chennai,S-116,MacBook Air M3,Electronics,Laptops,2,114900,78000,0.1,206820.0,EMI,4,no,99,28.0,Female
TXN-02124,20/02/2026,C-025,Nikhil Joshi,West,Pune,S-101,OnePlus 12R,Electronics,Smartphones,1,29999,18000,0.2,23999.2,UPI,6,1,0,32,M
TXN-00159,06/23/2025,C-023,Tarun Sharma,North,Delhi,S-102,Nike Air Max 90,Fashion,Footwear,3,"£8,999","₹4,500",0.05,0,Net Banking,6,NO,149,19,m
TXN-01939,11-12-2025,C-015,Nisha Pillai,SOUTH,Trivandrum,S-107,boAt Airdopes 141,Electronics,Headphones,2,"$1,299",£600,0.0,0,Cash On Delivery,10,0,79,26,    Female    
TXN-01047,08/02/2026,C-017,sundar kumar,South,Bangalore,S-124,Dyson V15 Vacuum,Home & Kitchen,Vacuum Cleaners,3,54900,35000,25,0,Gpay,2,FALSE,99, 37 ,male
TXN-01952,20 Feb 2025,C-015,Nisha Pillai,South,Trivandrum,S-110,Levi's 511 Jeans,Fashion,Men Clothing,5,3999,1800,0.25,14996.25,--,8,false,79,26,F
TXN-01281,23/12/2025,C-028,Anjali Singh,North,Jaipur,S-114,Kurta Set Ethnic,Fashion,Ethnic Wear,  2  ,1599,700,0.1,0,Credit Card,5,True,£79,36,F
TXN-00742,22 Mar 2025,C-006,Deepak Verma,North,Jaipur,S-125,Zara Floral Dress,Fashion,Women Clothing,3,4999,2200,25,0,Credit Card,4,no,0,38,m
TXN-00420,01/29/2026,C-014,Mohit Saxena,North,Agra,S-101,OnePlus 12R,Electronics,Smartphones,5,"₹29,999","£18,000",0.05,0,UPI,5,n,0,  44  ,m
TXN-01870,2026-01-25,C-022,SWATI MISHRA,Central,Indore,S-125,Zara Floral Dress,Fashion,Women Clothing,5,4999,2200,0.1,0,Debit Card,2,NO,79,41,f
TXN-01343,06/28/2025,C-009,Kavita Mehta,North,Lucknow,S-112,Apple AirPods Pro 2,Electronics,Headphones,4,"£24,900",16000,0,0,CREDIT CARD,4,FALSE,199,45,F
TXN-00156,01/11/2025,C-009,KAVITA MEHTA,North,Lucknow,S-103,Instant Pot Duo,Home & Kitchen,Appliances,1,9999,5200,0.25,0,NA,4,FALSE,49,-,FEMALE
TXN-02036,02/02/2026,C-009,Kavita Mehta,North,Lucknow,S-105,"Samsung 55"" QLED",Electronics,Televisions,4,"$74,999",45000,10,269996.4,UPI,9,no,0,45,Female
TXN-02343,04-01-2026,C-005,MEERA NAIR,South,Kochi,S-118,La Mer Moisturizer,Health & Beauty,SKINCARE,1,19900,"£11,000",0,19900.0,Debit Card,6,N,199,51,female
TXN-02272,03-01-2026,C-030,Shreya Patel,West,Ahmedabad,S-116,MacBook Air M3,Electronics,Laptops,1,"$114,900",78000,10,0,PhonePe,9,yes,49,,f
TXN-00106,03/06/2025,C-007,sunita roy,East,Kolkata,S-120,johnson baby oil,    Health & Beauty    ,Baby Care,1,$249,100,0,249.0,Gpay,2,true,0,33,FEMALE
TXN-01576,21 Apr 2026,C-018,Pallavi Shah,West,Surat,S-114,Kurta Set Ethnic,Fashion,Ethnic Wear,5,1599,₹700,0,0,Gpay,8,n,0,22,Female
TXN-00415,2025-06-10,C-011,Ritu Jain,West,Pune,S-106,Prestige Mixer,Home & Kitchen,Appliances,5,4599,2200,0.05,0,UPI,6,,0,27,female
TXN-00284,29 May 2025,C-007,Sunita Roy,East,Kolkata,S-117,Kindle Paperwhite,Electronics,E-Readers,1,"£14,999",9500,10,0,Credit Card,7,false,49,    33    ,FEMALE
TXN-00990,15-12-2025,C-020,Geeta Iyer, south ,Coimbatore,S-123,Pilates Resistance Band,Sports,Fitness,5,599,240,25,0,NET BANKING,1,NO,$149,34,Female
TXN-01701,15 Feb 2026,C-002,Rahul Kumar,West,Mumbai,S-121,MAGGI NOODLES 12PK,groceries,Instant Food,3,168,80,0.0,0,EMI,1,FALSE,99,35,None
TXN-01599,16-04-2026,C-015,Nisha Pillai,SOUTH,Trivandrum,S-115,Basmati Rice 5kg,Groceries,Staples,1,499,280,5,0,Debit Card,4,FALSE,0,26,F
TXN-01470,2026-02-02,C-024,Divya Reddy,South,Hyderabad,S-125,Zara Floral Dress,Fashion,Women Clothing,1,"₹4,999",2200,0.15,0,EMI,4,0,0,53,FEMALE
TXN-00363,12/12/2025,C-026,Preethi Kumar,South,Chennai,S-114,Kurta Set Ethnic,Fashion,Ethnic Wear,3,1599,700,0.0,0,UPI,10,false,99,28,  F  
TXN-02039,03-11-2025,C-001,Priya Sharma,north,Delhi, S-120 ,Johnson Baby Oil,Health & Beauty,Baby Care,1,£249,100,0,0,Credit Card,NULL,N,49,28,female
TXN-02064,09/10/2025,C-010,Sanjay Kapoor,North,Dellhi,S-117,Kindle Paperwhite,Electronics,E-Readers,4,"£14,999",9500,10,53996.4,UPI,5,False,0,40,M
TXN-00535,14-05-2025,C-007,Sunita Roy,East,Kolkata,S-117,Kindle Paperwhite,Electronics,E-Readers,4,14999,9500,20,47996.8,Debit Card,10,No,49,33,f
TXN-02355,28/11/2025,C-011,Ritu Jain,West,Pune,S-115,Basmati Rice 5kg,Groceries,Staples,2,499,280,10,898.2,UPI,3,NO,49,27,Female
TXN-01337,09 Dec 2025,C-022,Swati Mishra,Central,Indore,S-106,Prestige Mixer,Home & Kitchen,Appliances,4,"$4,599",2200,25,0,Debit Card,10,FALSE,$199,,f
TXN-00793,01-11-2025,C-012,harish rao,South,Hyderabad,S-108,Yoga Mat Premium,Sports,NaN,4,"£1,299",580,0.15,4416.6,PhonePe,1,0,0,55,m
TXN-00461,10/13/2025,C-003,Ananya Gupta,South,Bangalore,S-109,Cetaphil Moisturiser,Health & Beauty,skincare,4,799,320,0.2,0,Gpay,9,0,0,42,female
TXN-00572,05/04/2026,C-007,Sunita Roy,east,Kolkata,S-117,Kindle Paperwhite,Electronics,E-Readers,4,"£14,999",9500,0,0,Cash,1,no,99,33,F
TXN-00859,06/11/2025,C-013,Pooja Das,South,Chennai,S-124, Dyson V15 Vacuum ,home & kitchen,Vacuum Cleaners,4,"£54,900","₹35,000",5,0,Gpay,6,n,0,31,f
TXN-02217,10-05-2025,C-029,Rohan Gupta,West,Mumbai,S-106,Prestige Mixer,Home & Kitchen,appliances,5,4599,2200,0.0,0,PhonePe,2,No,0,25,MALE
TXN-00162,17-07-2025,C-005,Meera Nair,South,Kochi,S-120,Johnson Baby Oil,Health & Beauty,Baby Care,2,249,100,0.25,0,Gpay,1,n,199,51,FEMALE
TXN-00857,2025-07-26,C-006,Deepak Verma,North,Jaipur,s-119,Fastrack Analog Watch,Fashion,accessories,1,2499,"₹1,100",30,1749.3,Credit Card,2,0,0,38,male
TXN-00801,05/03/2025,C-016,Rajesh Khanna,West,Mumbai,S-115,Basmati Rice 5kg,Groceries,Staples,5,499,£280,5,0,EMI,8,null,99,48,Male
TXN-00216,08-04-2025,C-014,Mohit Saxena,North,Agra,S-109,Cetaphil Moisturiser,Health & Beauty,Skincare,2,₹799,$320,5,0,Gpay,n/a,N,79,44,M
TXN-01135,2026-01-06,C-007,SUNITA ROY,East,Kolkata,S-121,Maggi Noodles 12pk,Groceries,INSTANT FOOD,1,168,80,0.1,151.2,Cash,1,FALSE,0,33,FEMALE
TXN-01274,26/10/2025,C-026,Preethi Kumar,-,Chennai,S-101,oneplus 12r,Electronics,Smartphones,3,29999,"$18,000",5,0,Gpay,9,0,0,28,  FEMALE  
TXN-00380,23/12/2025,C-016,rajesh khanna,West,Mumbai,S-104,Atomic Habits,Books & Stationery,Non-Fiction,1,399,£180,0.15,0,CASH ON DELIVERY,9,N,0,48,M
TXN-01884,21 Mar 2025,C-016,Rajesh Khanna,West,Mumbai,S-123,Pilates Resistance Band,Sports,Fitness,3,599,240,0.15,1527.45,Credit Card,8,N,199,48,MALE
TXN-01392,14 Jul 2025,C-004,Vikram Singh,Central,Bhopal,  S-102  ,Nike Air Max 90,Fashion,Footwear,3,"£8,999",4500,0.05,25647.15,UPI,9,n,49,29,m
TXN-00409,08/25/2025,C-022,Swati Mishra,Central,Indore,S-101,OnePlus 12R,Electronics,Smartphones,,29999,18000,0.05,113996.2,CASH ON DELIVERY,1,NO,199,41,FEMALE
TXN-00302,06/01/2026,C-019,KISHORE NAIK,West,Nagpur,S-120,Johnson Baby Oil,HEALTH & BEAUTY,Baby Care,4,249,100,0.0,0,EMI,4,0,149,62,MALE
TXN-00578,26/09/2025,C-026,preethi kumar,South,Chennai,n/a,Wireless Mouse Logitech,Electronics,PERIPHERALS,4,$899,₹400,30,2517.2,Gpay,5,   1   ,99,28,Female
TXN-00871,29-12-2025,C-003,Ananya Gupta,South,Bangalore,S-113,Fitbit Charge 6,Electronics,Wearables,2,14999,"£9,000",0.1,0,EMI,9,false,49,42,f
TXN-00947,2025-09-02,C-010,Sanjay Kapoor,North,Delhi,S-124,Dyson V15 Vacuum,Home & Kitchen,Vacuum Cleaners,3,54900,"₹35,000",0.1,0,UPI,9,no,0,40,MALE
TXN-01503,08 Jun 2025,C-010,Sanjay Kapoor,North,Delhi,  S-112  ,-,Electronics,Headphones,3,"$24,900","$16,000",15,0,Cash On Delivery,3,Yes,0,40,m
TXN-01898,2025-06-27,C-012,Harish Rao,South,Hyderabad,S-111,ON Whey Protein 2kg,Health & Beauty,fitness,3,2499,1200,0.3,0,Debit Card,1,1,0,55,MALE
TXN-01823,25 Sep 2025,C-004,Vikram Singh,Central,Bhopal,S-106,Prestige Mixer,Home & Kitchen, Appliances ,5,4599,2200,30,16096.5,cash on delivery,   3   ,N,49,29,Male
TXN-00024,23/02/2026,C-010,Sanjay Kapoor,North,Delhi,S-111,ON Whey Protein 2kg,Health & Beauty,Fitness,1,2499,1200,15,0,Gpay,2,FALSE,149,40,MALE
TXN-02149,13 Nov 2025,C-007,Sunita Roy,East,Kolkata,S-114,Kurta Set Ethnic,Fashion,Ethnic Wear,2,"$1,599",700,10,0,GPAY,10,False,149,33,Female
TXN-01818,12/01/2026,C-020,Geeta Iyer,SOUTH,Coimbatore,S-109,Cetaphil Moisturiser,Health & Beauty,Skincare,3,799,320,25,0,Cash On Delivery,4,0,199,34,FEMALE
TXN-02161,09/10/2025,C-008,Arjun Patel,West,Ahmedabad,S-108,Yoga Mat Premium,SPORTS,Fitness,5,1299,580,10,0,Credit Card,2,no,199,24,MALE
TXN-01540,2025-12-10,C-018,Pallavi Shah,West,Surat,S-101,    OnePlus 12R    ,Electronics,Smartphones,4,"$29,999",18000,25,89997.0,Credit Card,3,0,79,22,f
TXN-01353,2025-09-11,C-009,Kavita Mehta,North,Lucknow,S-119,FASTRACK ANALOG WATCH,Fashion,Accessories,1,2499,"£1,100",0.15,2124.15,EMI,7,yes,0,45,female
TXN-01171,2025-04-06,C-025,Nikhil Joshi,West,Pune,S-111,-,Health & Beauty,    Fitness    ,3,"$2,499",1200,10,0,Cash On Delivery,1,FALSE,0,32,MALE
TXN-01814,02-03-2025,C-019,Kishore Naik,West,Nagpur,S-109,Cetaphil Moisturiser,Health & Beauty,Skincare,4,799,$320,0.1,2876.4,EMI,3,false,₹149,62,MALE
TXN-02219,05 Jan 2026,C-023,Tarun Sharma,North,Delhi,S-116,MacBook Air M3,Electronics,Laptops,2,114900,"₹78,000",0.0,0,EMI,5,n,149,19,m
TXN-FUTURE-004,31-12-2099,C-005,Meera Nair,south,Kochi,S-102,Nike Air Max 90,Fashion,Footwear,4,8999,4500,0.15,0,Credit Card,10,False,0,51,FEMALE
TXN-00880,18/07/2025,C-025,NIKHIL JOSHI,West,Pune,S-110,Levi's 511 Jeans,Fashion,Men Clothing,3,"£3,999","$1,800",0.15,0,null,1,n,0,32,m
TXN-01386,14/04/2026,C-013,Pooja Das,South,Chennai,S-102,Nike Air Max 90,FASHION,Footwear,4,8999,4500,0.05,0,PhonePe,7,n,199,31,Female
TXN-02302,01-11-2025,C-013,pooja das,South,Chennai,S-120,Johnson Baby Oil,Health & Beauty,Baby Care,2,249,100,0.1,0,Debit Card,6,0,149,31,FEMALE
TXN-01434,12-09-2025,C-008,ARJUN PATEL,West,Ahmedabad,S-111,on whey protein 2kg,   Health & Beauty   ,Fitness,3,2499,1200,0.05,7122.15,EMI,1,no,49,24,male
TXN-00525,2025-12-29,C-004,Vikram Singh,Central,Bhopal,S-116,MacBook Air M3,#N/A,Laptops,3,114900,78000,15,0,Credit Card,2,  FALSE  ,0,29,m
