Transaction ID,Purchase Date,Client ID,Client Name,State,City,SKU,Item,Department,Sub-Category,Qty,Price,Discount,Revenue,Margin,Pay Method,Ship Days,Is Returned,Freight
ORD-10001,19-03-2025,CUST-0375,Varun Das,South,Chennai,PROD-0110,The Psychology of Money,Books & Stationery,Non-Fiction,1,349,0.2,279.2,85.47,Gpay,4,No,292.85
ORD-10002,05-01-2025,CUST-0402,Rahul Sharma,North,Jaipur,PROD-0102,Asus ROG Zephyrus,Electronics,Laptops,2,134999,0.05,256498.1,118087.05,Cash On Delivery,3,No,0.0
ORD-10002,05-01-2025,CUST-0402,Rahul Sharma,North,Jaipur,PROD-0101,Samsung Galaxy Buds3,Electronics,Headphones,1,12999,0.0,12999.0,6643.27,Gpay,8,No,0.0
ORD-10003,23-03-2025,CUST-0343,Pooja Roy,South,Bangalore,PROD-0031,Prestige Mixer,Home & Kitchen,Appliances,2,4599,0.1,8278.2,4261.05,Net-Banking,10,No,0.0
ORD-10004,31-05-2025,CUST-0362,Rohan Iyer,Central,Raipur,PROD-0046,Atomic Habits,Books & Stationery,Non-Fiction,3,399,0.05,1137.15,345.3,UPI,9,No,318.33
ORD-10004,31-05-2025,CUST-0362,Rohan Iyer,Central,Raipur,PROD-0109,Thinking Fast and Slow,Books & Stationery,Non-Fiction,3,499,0.0,1497.0,789.86,Net-Banking,4,No,390.74
ORD-10004,31-05-2025,CUST-0362,Rohan Iyer,Central,Raipur,PROD-0016,Levi's 501 Jeans,Fashion,Men Clothing,1,3499,0.0,3499.0,1301.43,UPI,4,No,0.0
ORD-10005,15-01-2025,CUST-0016,Sneha Singh,North,Lucknow,PROD-0105,Crocs Classic Clog,Fashion,Footwear,2,2999,0.0,5998.0,2540.68,Gpay,3,No,0.0
ORD-10005,15-01-2025,CUST-0016,Sneha Singh,North,Lucknow,PROD-0046,Atomic Habits,Books & Stationery,Non-Fiction,2,399,0.1,718.2,238.41,UPI,5,No,196.44
ORD-10005,15-01-2025,CUST-0016,Sneha Singh,North,Lucknow,PROD-0101,Samsung Galaxy Buds3,Electronics,Headphones,3,12999,0.0,38997.0,16756.87,UPI,6,No,0.0
ORD-10006,24-04-2025,CUST-0343,Pooja Roy,South,Bangalore,PROD-0107,Instant Pot Duo,Home & Kitchen,Appliances,3,8999,0.1,24297.3,10404.17,Net-Banking,10,No,0.0
ORD-10007,29-04-2025,CUST-0377,Vivaan Reddy,East,Bhubaneswar,PROD-0108,Bosch Drill Machine,Home & Kitchen,Appliances,1,5499,0.15,4674.15,2039.66,Visa,2,No,0.0
ORD-10008,22-04-2025,CUST-0317,Priya Mehta,Central,Nagpur,PROD-0103,Kindle Paperwhite,Electronics,Tablets,1,14999,0.15,12749.15,6389.47,Debit,2,No,0.0
ORD-10009,19-05-2025,CUST-0329,Tanvi Kumar,South,Chennai,PROD-0001,iPhone 15 Pro,Electronics,Smartphones,1,89999,0.0,89999.0,36252.93,UPI,4,No,0.0
ORD-10010,06-03-2025,CUST-0417,Raj Verma,Central,Indore,PROD-0003,MacBook Air M3,Electronics,Laptops,1,99999,0.0,99999.0,31511.93,Visa,4,No,0.0
ORD-10010,06-03-2025,CUST-0417,Raj Verma,Central,Indore,PROD-0112,Protein Shaker Bottle,Health & Beauty,Fitness,1,499,0.05,474.05,229.4,Cash On Delivery,6,No,166.88
ORD-10010,06-03-2025,CUST-0417,Raj Verma,Central,Indore,PROD-0046,Atomic Habits,Books & Stationery,Non-Fiction,1,399,0.0,399.0,217.72,Visa,3,No,202.67
ORD-10010,06-03-2025,CUST-0417,Raj Verma,Central,Indore,PROD-0111,Dumbbell Set 20kg,Health & Beauty,Fitness,1,3499,0.2,2799.2,927.35,Cash On Delivery,5,No,0.0
ORD-10011,17-02-2025,CUST-0307,Siddharth Shah,North,Jaipur,PROD-0108,Bosch Drill Machine,Home & Kitchen,Appliances,2,5499,0.15,9348.3,4436.7,Net-Banking,11,No,0.0
ORD-10012,01-05-2025,CUST-0004,Sakshi Reddy,Central,Raipur,PROD-0112,Protein Shaker Bottle,Health & Beauty,Fitness,1,499,0.05,474.05,176.38,Gpay,12,No,372.52
ORD-10012,01-05-2025,CUST-0004,Sakshi Reddy,Central,Raipur,PROD-0007,Sony WH-1000XM5,Electronics,Headphones,1,24990,0.0,24990.0,11416.24,Gpay,6,No,0.0
ORD-10012,01-05-2025,CUST-0004,Sakshi Reddy,Central,Raipur,PROD-0103,Kindle Paperwhite,Electronics,Tablets,2,14999,0.0,29998.0,9616.35,Debit,5,No,0.0
ORD-10012,01-05-2025,CUST-0004,Sakshi Reddy,Central,Raipur,PROD-0016,Levi's 501 Jeans,Fashion,Men Clothing,1,3499,0.15,2974.15,1406.24,Gpay,9,No,0.0
ORD-10013,19-01-2025,CUST-0343,Pooja Roy,South,Bangalore,PROD-0046,Atomic Habits,Books & Stationery,Non-Fiction,1,399,0.0,399.0,180.67,Visa,4,No,155.51
ORD-10014,22-05-2025,CUST-0034,Meera Nair,East,Ranchi,PROD-0105,Crocs Classic Clog,Fashion,Footwear,2,2999,0.0,5998.0,2733.52,UPI,8,No,0.0
ORD-10014,22-05-2025,CUST-0034,Meera Nair,East,Ranchi,PROD-0031,Prestige Mixer,Home & Kitchen,Appliances,1,4599,0.15,3909.15,1583.95,Visa,11,Yes,0.0
ORD-10014,22-05-2025,CUST-0034,Meera Nair,East,Ranchi,PROD-0001,iPhone 15 Pro,Electronics,Smartphones,1,89999,0.0,89999.0,42632.52,Visa,6,No,0.0
ORD-10014,22-05-2025,CUST-0034,Meera Nair,East,Ranchi,PROD-0103,Kindle Paperwhite,Electronics,Tablets,1,14999,0.0,14999.0,5808.64,Cash On Delivery,10,No,0.0
ORD-10015,16-01-2025,CUST-0062,Priyanka Roy,North,Jaipur,PROD-0016,Levi's 501 Jeans,Fashion,Men Clothing,1,3499,0.0,3499.0,1367.15,Net-Banking,11,No,0.0
ORD-10015,16-01-2025,CUST-0062,Priyanka Roy,North,Jaipur,PROD-0007,Sony WH-1000XM5,Electronics,Headphones,2,24990,0.0,49980.0,25743.04,UPI,10,No,0.0
ORD-10015,16-01-2025,CUST-0062,Priyanka Roy,North,Jaipur,PROD-0110,The Psychology of Money,Books & Stationery,Non-Fiction,1,349,0.05,331.55,114.79,UPI,7,No,203.31
ORD-10016,28-02-2025,CUST-0334,Rahul Roy,North,Jaipur,PROD-0102,Asus ROG Zephyrus,Electronics,Laptops,3,134999,0.0,404997.0,150367.32,Gpay,6,No,0.0
ORD-10017,26-01-2025,CUST-0053,Varun Yadav,South,Hyderabad,PROD-0003,MacBook Air M3,Electronics,Laptops,1,99999,0.0,99999.0,30270.15,Net-Banking,5,No,0.0
ORD-10018,19-01-2025,CUST-0004,Sakshi Reddy,Central,Raipur,PROD-0061,Cetaphil Moisturizer,Health & Beauty,Skincare,1,799,0.0,799.0,425.7,Cash On Delivery,5,No,46.84
ORD-10018,19-01-2025,CUST-0004,Sakshi Reddy,Central,Raipur,PROD-0007,Sony WH-1000XM5,Electronics,Headphones,2,24990,0.0,49980.0,21927.48,UPI,10,No,0.0
ORD-10019,20-02-2025,CUST-0340,Neha Shah,West,Ahmedabad,PROD-0103,Kindle Paperwhite,Electronics,Tablets,1,14999,0.0,14999.0,7596.7,Cash On Delivery,5,No,0.0
ORD-10020,11-01-2025,CUST-0373,Aarav Reddy,North,Delhi,PROD-0046,Atomic Habits,Books & Stationery,Non-Fiction,1,399,0.1,359.1,148.0,Visa,4,No,309.57
ORD-10021,22-05-2025,CUST-0070,Amit Singh,East,Kolkata,PROD-0046,Atomic Habits,Books & Stationery,Non-Fiction,1,399,0.0,399.0,203.15,UPI,3,No,329.2
ORD-10022,20-04-2025,CUST-0380,Rahul Gupta,South,Bangalore,PROD-0111,Dumbbell Set 20kg,Health & Beauty,Fitness,2,3499,0.0,6998.0,2478.47,Debit,4,No,0.0
ORD-10023,23-04-2025,CUST-0005,Priyanka Reddy,Central,Indore,PROD-0107,Instant Pot Duo,Home & Kitchen,Appliances,3,8999,0.0,26997.0,9826.35,UPI,5,No,0.0
ORD-10024,29-04-2025,CUST-0363,Krishna Das,West,Surat,PROD-0108,Bosch Drill Machine,Home & Kitchen,Appliances,1,5499,0.2,4399.2,1856.62,Visa,2,No,0.0
ORD-10025,18-01-2025,CUST-0384,Amit Das,Central,Bhopal,PROD-0109,Thinking Fast and Slow,Books & Stationery,Non-Fiction,3,499,0.1,1347.3,599.82,UPI,1,No,277.42
ORD-10025,18-01-2025,CUST-0384,Amit Das,Central,Bhopal,PROD-0017,Nike Air Force 1,Fashion,Footwear,3,7999,0.0,23997.0,7929.63,Debit,10,No,0.0
ORD-10026,11-05-2025,CUST-0051,Kavya Mehta,West,Ahmedabad,PROD-0104,Under Armour Hoodie,Fashion,Men Clothing,1,4299,0.0,4299.0,1687.19,Net-Banking,8,No,0.0
ORD-10027,29-03-2025,CUST-0044,Rahul Shah,West,Mumbai,PROD-0061,Cetaphil Moisturizer,Health & Beauty,Skincare,1,799,0.15,679.15,326.3,Gpay,9,No,119.93
ORD-10028,27-05-2025,CUST-0343,Pooja Roy,South,Bangalore,PROD-0101,Samsung Galaxy Buds3,Electronics,Headphones,1,12999,0.1,11699.1,5544.75,Cash On Delivery,1,No,0.0
ORD-10028,27-05-2025,CUST-0343,Pooja Roy,South,Bangalore,PROD-0107,Instant Pot Duo,Home & Kitchen,Appliances,1,8999,0.2,7199.2,3303.43,Debit,7,No,0.0
ORD-10028,27-05-2025,CUST-0343,Pooja Roy,South,Bangalore,PROD-0031,Prestige Mixer,Home & Kitchen,Appliances,3,4599,0.0,13797.0,5651.61,Debit,3,No,0.0
ORD-10029,16-02-2025,CUST-0366,Siddharth Gupta,West,Pune,PROD-0046,Atomic Habits,Books & Stationery,Non-Fiction,1,399,0.2,319.2,173.62,Net-Banking,8,No,224.25
ORD-10030,10-05-2025,CUST-0079,Dev Yadav,South,Hyderabad,PROD-0105,Crocs Classic Clog,Fashion,Footwear,3,2999,0.1,8097.3,2951.6,Net-Banking,1,No,0.0
ORD-10031,31-05-2025,CUST-0368,Rahul Agarwal,Central,Bhopal,PROD-0061,Cetaphil Moisturizer,Health & Beauty,Skincare,2,799,0.0,1598.0,837.83,UPI,11,No,283.87
ORD-10032,04-03-2025,CUST-0411,Krishna Pillai,South,Kochi,PROD-0111,Dumbbell Set 20kg,Health & Beauty,Fitness,1,3499,0.2,2799.2,1379.44,Cash On Delivery,8,No,0.0
ORD-10033,08-04-2025,CUST-0056,Meera Iyer,East,Ranchi,PROD-0107,Instant Pot Duo,Home & Kitchen,Appliances,2,8999,0.2,14398.4,5325.97,Visa,3,No,0.0
ORD-10034,08-04-2025,CUST-0022,Sara Agarwal,Central,Raipur,PROD-0112,Protein Shaker Bottle,Health & Beauty,Fitness,3,499,0.05,1422.15,465.06,Cash On Delivery,2,No,331.48
ORD-10034,08-04-2025,CUST-0022,Sara Agarwal,Central,Raipur,PROD-0017,Nike Air Force 1,Fashion,Footwear,2,7999,0.0,15998.0,7870.85,Visa,9,No,0.0
ORD-10034,08-04-2025,CUST-0022,Sara Agarwal,Central,Raipur,PROD-0046,Atomic Habits,Books & Stationery,Non-Fiction,2,399,0.0,798.0,336.64,Cash On Delivery,9,No,210.35
ORD-10035,21-04-2025,CUST-0370,Aarav Roy,Central,Raipur,PROD-0112,Protein Shaker Bottle,Health & Beauty,Fitness,2,499,0.15,848.3,430.34,Net-Banking,4,No,88.9
ORD-10036,06-03-2025,CUST-0343,Pooja Roy,South,Bangalore,PROD-0105,Crocs Classic Clog,Fashion,Footwear,2,2999,0.0,5998.0,2367.94,Debit,1,No,0.0
ORD-10037,17-05-2025,CUST-0393,Priyanka Shah,East,Bhubaneswar,PROD-0106,Casio G-Shock,Fashion,Accessories,1,9999,0.05,9499.05,3822.72,Visa,11,No,0.0
ORD-10037,17-05-2025,CUST-0393,Priyanka Shah,East,Bhubaneswar,PROD-0110,The Psychology of Money,Books & Stationery,Non-Fiction,1,349,0.0,349.0,185.35,Gpay,7,No,231.81
ORD-10037,17-05-2025,CUST-0393,Priyanka Shah,East,Bhubaneswar,PROD-0003,MacBook Air M3,Electronics,Laptops,1,99999,0.0,99999.0,45426.53,Gpay,12,No,0.0
ORD-10037,17-05-2025,CUST-0393,Priyanka Shah,East,Bhubaneswar,PROD-0046,Atomic Habits,Books & Stationery,Non-Fiction,1,399,0.1,359.1,128.58,Net-Banking,1,No,267.94
ORD-10038,14-04-2025,CUST-0362,Rohan Iyer,Central,Raipur,PROD-0017,Nike Air Force 1,Fashion,Footwear,1,7999,0.0,7999.0,3326.19,Visa,4,No,0.0
ORD-10039,01-05-2025,CUST-0064,Aditi Patel,West,Ahmedabad,PROD-0112,Protein Shaker Bottle,Health & Beauty,Fitness,1,499,0.0,499.0,171.68,Gpay,9,No,388.41
ORD-10039,01-05-2025,CUST-0064,Aditi Patel,West,Ahmedabad,PROD-0105,Crocs Classic Clog,Fashion,Footwear,2,2999,0.1,5398.2,1862.1,Gpay,8,Yes,0.0
ORD-10039,01-05-2025,CUST-0064,Aditi Patel,West,Ahmedabad,PROD-0031,Prestige Mixer,Home & Kitchen,Appliances,1,4599,0.05,4369.05,2199.67,Net-Banking,5,No,0.0
ORD-10040,10-01-2025,CUST-0304,Dev Agarwal,East,Bhubaneswar,PROD-0111,Dumbbell Set 20kg,Health & Beauty,Fitness,1,3499,0.0,3499.0,1401.42,UPI,2,No,0.0
ORD-10040,10-01-2025,CUST-0304,Dev Agarwal,East,Bhubaneswar,PROD-0108,Bosch Drill Machine,Home & Kitchen,Appliances,1,5499,0.0,5499.0,2040.72,Net-Banking,8,No,0.0
ORD-10040,10-01-2025,CUST-0304,Dev Agarwal,East,Bhubaneswar,PROD-0105,Crocs Classic Clog,Fashion,Footwear,3,2999,0.0,8997.0,3932.06,Gpay,12,No,0.0
ORD-10041,07-02-2025,CUST-0379,Varun Mishra,West,Ahmedabad,PROD-0017,Nike Air Force 1,Fashion,Footwear,2,7999,0.15,13598.3,7015.34,Cash On Delivery,3,Yes,0.0
ORD-10041,07-02-2025,CUST-0379,Varun Mishra,West,Ahmedabad,PROD-0105,Crocs Classic Clog,Fashion,Footwear,2,2999,0.05,5698.1,1982.56,Cash On Delivery,7,No,0.0
ORD-10041,07-02-2025,CUST-0379,Varun Mishra,West,Ahmedabad,PROD-0061,Cetaphil Moisturizer,Health & Beauty,Skincare,1,799,0.1,719.1,305.68,Gpay,12,No,269.41
ORD-10041,07-02-2025,CUST-0379,Varun Mishra,West,Ahmedabad,PROD-0110,The Psychology of Money,Books & Stationery,Non-Fiction,2,349,0.0,698.0,271.22,Gpay,1,Yes,86.06
ORD-10042,21-04-2025,CUST-0034,Meera Nair,East,Ranchi,PROD-0103,Kindle Paperwhite,Electronics,Tablets,3,14999,0.05,42747.15,15147.83,Cash On Delivery,7,No,0.0
ORD-10043,18-01-2025,CUST-0059,Nisha Yadav,Central,Bhopal,PROD-0031,Prestige Mixer,Home & Kitchen,Appliances,3,4599,0.0,13797.0,6205.39,Cash On Delivery,6,No,0.0
ORD-10043,18-01-2025,CUST-0059,Nisha Yadav,Central,Bhopal,PROD-0017,Nike Air Force 1,Fashion,Footwear,2,7999,0.0,15998.0,5895.06,Cash On Delivery,4,No,0.0
ORD-10043,18-01-2025,CUST-0059,Nisha Yadav,Central,Bhopal,PROD-0016,Levi's 501 Jeans,Fashion,Men Clothing,1,3499,0.1,3149.1,1665.74,Cash On Delivery,7,No,0.0
ORD-10043,18-01-2025,CUST-0059,Nisha Yadav,Central,Bhopal,PROD-0003,MacBook Air M3,Electronics,Laptops,3,99999,0.0,299997.0,97241.65,Gpay,8,No,0.0
ORD-10044,03-04-2025,CUST-0035,Deepak Singh,East,Ranchi,PROD-0103,Kindle Paperwhite,Electronics,Tablets,3,14999,0.0,44997.0,14806.79,Debit,7,No,0.0
ORD-10045,06-05-2025,CUST-0415,Siddharth Choudhury,South,Hyderabad,PROD-0104,Under Armour Hoodie,Fashion,Men Clothing,3,4299,0.15,10962.45,4543.15,Net-Banking,5,No,0.0
ORD-10046,01-02-2025,CUST-0381,Neha Nair,East,Patna,PROD-0031,Prestige Mixer,Home & Kitchen,Appliances,3,4599,0.0,13797.0,7356.06,Net-Banking,4,No,0.0
ORD-10047,25-02-2025,CUST-0354,Priyanka Sharma,Central,Bhopal,PROD-0105,Crocs Classic Clog,Fashion,Footwear,3,2999,0.05,8547.15,4325.15,Cash On Delivery,8,No,0.0
ORD-10048,01-02-2025,CUST-0334,Rahul Roy,North,Jaipur,PROD-0003,MacBook Air M3,Electronics,Laptops,1,99999,0.0,99999.0,47391.44,Debit,2,No,0.0
ORD-10048,01-02-2025,CUST-0334,Rahul Roy,North,Jaipur,PROD-0103,Kindle Paperwhite,Electronics,Tablets,1,14999,0.0,14999.0,7024.65,UPI,10,No,0.0
ORD-10048,01-02-2025,CUST-0334,Rahul Roy,North,Jaipur,PROD-0105,Crocs Classic Clog,Fashion,Footwear,1,2999,0.0,2999.0,1115.09,Debit,3,No,0.0
ORD-10048,01-02-2025,CUST-0334,Rahul Roy,North,Jaipur,PROD-0101,Samsung Galaxy Buds3,Electronics,Headphones,1,12999,0.15,11049.15,3854.85,Net-Banking,6,Yes,0.0
ORD-10049,08-03-2025,CUST-0334,Rahul Roy,North,Jaipur,PROD-0046,Atomic Habits,Books & Stationery,Non-Fiction,3,399,0.0,1197.0,425.5,Gpay,10,No,129.25
ORD-10050,28-01-2025,CUST-0060,Shreya Mishra,North,Delhi,PROD-0001,iPhone 15 Pro,Electronics,Smartphones,1,89999,0.1,80999.1,30811.6,Gpay,1,No,0.0
ORD-10050,28-01-2025,CUST-0060,Shreya Mishra,North,Delhi,PROD-0007,Sony WH-1000XM5,Electronics,Headphones,2,24990,0.0,49980.0,24693.92,Debit,10,No,0.0
ORD-10051,05-03-2025,CUST-0402,Rahul Sharma,North,Jaipur,PROD-0106,Casio G-Shock,Fashion,Accessories,1,9999,0.05,9499.05,4492.04,Cash On Delivery,8,No,0.0
ORD-10051,05-03-2025,CUST-0402,Rahul Sharma,North,Jaipur,PROD-0017,Nike Air Force 1,Fashion,Footwear,2,7999,0.05,15198.1,5118.67,UPI,10,No,0.0
ORD-10051,05-03-2025,CUST-0402,Rahul Sharma,North,Jaipur,PROD-0101,Samsung Galaxy Buds3,Electronics,Headphones,3,12999,0.05,37047.15,13906.95,UPI,9,No,0.0
ORD-10051,05-03-2025,CUST-0402,Rahul Sharma,North,Jaipur,PROD-0105,Crocs Classic Clog,Fashion,Footwear,3,2999,0.15,7647.45,2437.5,Cash On Delivery,7,No,0.0
ORD-10052,14-05-2025,CUST-0332,Vivaan Mehta,North,Lucknow,PROD-0104,Under Armour Hoodie,Fashion,Men Clothing,1,4299,0.0,4299.0,2260.6,Net-Banking,1,No,0.0
ORD-10052,14-05-2025,CUST-0332,Vivaan Mehta,North,Lucknow,PROD-0046,Atomic Habits,Books & Stationery,Non-Fiction,3,399,0.1,1077.3,540.39,Net-Banking,2,No,201.53
ORD-10052,14-05-2025,CUST-0332,Vivaan Mehta,North,Lucknow,PROD-0101,Samsung Galaxy Buds3,Electronics,Headphones,1,12999,0.05,12349.05,4957.94,Debit,4,No,0.0
ORD-10053,30-05-2025,CUST-0346,Varun Singh,Central,Raipur,PROD-0112,Protein Shaker Bottle,Health & Beauty,Fitness,1,499,0.0,499.0,261.09,Cash On Delivery,9,No,153.77
ORD-10054,08-03-2025,CUST-0062,Priyanka Roy,North,Jaipur,PROD-0103,Kindle Paperwhite,Electronics,Tablets,3,14999,0.2,35997.6,16257.99,UPI,2,No,0.0
ORD-10055,22-05-2025,CUST-0053,Varun Yadav,South,Hyderabad,PROD-0001,iPhone 15 Pro,Electronics,Smartphones,1,89999,0.15,76499.15,22986.67,Visa,3,No,0.0
ORD-10055,22-05-2025,CUST-0053,Varun Yadav,South,Hyderabad,PROD-0017,Nike Air Force 1,Fashion,Footwear,2,7999,0.0,15998.0,7737.59,Cash On Delivery,2,No,0.0
ORD-10055,22-05-2025,CUST-0053,Varun Yadav,South,Hyderabad,PROD-0110,The Psychology of Money,Books & Stationery,Non-Fiction,3,349,0.0,1047.0,469.71,Cash On Delivery,11,No,356.26
ORD-10055,22-05-2025,CUST-0053,Varun Yadav,South,Hyderabad,PROD-0109,Thinking Fast and Slow,Books & Stationery,Non-Fiction,2,499,0.0,998.0,328.09,Cash On Delivery,7,No,71.13
ORD-10056,01-01-2025,CUST-0377,Vivaan Reddy,East,Bhubaneswar,PROD-0110,The Psychology of Money,Books & Stationery,Non-Fiction,1,349,0.2,279.2,128.8,Visa,7,No,106.48
ORD-10057,17-02-2025,CUST-0322,Nisha Bhat,South,Chennai,PROD-0105,Crocs Classic Clog,Fashion,Footwear,2,2999,0.05,5698.1,2265.74,Net-Banking,7,No,0.0
ORD-10058,31-01-2025,CUST-0067,Raj Kumar,South,Kochi,PROD-0111,Dumbbell Set 20kg,Health & Beauty,Fitness,3,3499,0.0,10497.0,4479.34,Net-Banking,5,No,0.0
ORD-10059,10-04-2025,CUST-0357,Krishna Das,South,Chennai,PROD-0102,Asus ROG Zephyrus,Electronics,Laptops,3,134999,0.0,404997.0,217461.12,Debit,7,No,0.0
ORD-10059,10-04-2025,CUST-0357,Krishna Das,South,Chennai,PROD-0003,MacBook Air M3,Electronics,Laptops,2,99999,0.15,169998.3,77179.71,Net-Banking,9,No,0.0
ORD-10059,10-04-2025,CUST-0357,Krishna Das,South,Chennai,PROD-0001,iPhone 15 Pro,Electronics,Smartphones,1,89999,0.05,85499.05,37357.06,Net-Banking,3,No,0.0
ORD-10059,10-04-2025,CUST-0357,Krishna Das,South,Chennai,PROD-0007,Sony WH-1000XM5,Electronics,Headphones,1,24990,0.0,24990.0,13507.06,UPI,2,No,0.0
ORD-10060,13-04-2025,CUST-0009,Aditi Iyer,West,Mumbai,PROD-0103,Kindle Paperwhite,Electronics,Tablets,1,14999,0.15,12749.15,4145.03,Debit,11,No,0.0
ORD-10061,13-03-2025,CUST-0411,Krishna Pillai,South,Kochi,PROD-0016,Levi's 501 Jeans,Fashion,Men Clothing,3,3499,0.0,10497.0,3909.0,Gpay,1,No,0.0
ORD-10062,02-04-2025,CUST-0036,Varun Singh,West,Ahmedabad,PROD-0001,iPhone 15 Pro,Electronics,Smartphones,2,89999,0.05,170998.1,68935.08,Visa,9,No,0.0
ORD-10063,14-01-2025,CUST-0029,Arun Shah,South,Hyderabad,PROD-0031,Prestige Mixer,Home & Kitchen,Appliances,3,4599,0.0,13797.0,4562.24,Gpay,8,No,0.0
ORD-10064,25-03-2025,CUST-0309,Meera Nair,North,Chandigarh,PROD-0061,Cetaphil Moisturizer,Health & Beauty,Skincare,1,799,0.0,799.0,251.51,Debit,9,No,258.32
ORD-10064,25-03-2025,CUST-0309,Meera Nair,North,Chandigarh,PROD-0111,Dumbbell Set 20kg,Health & Beauty,Fitness,3,3499,0.0,10497.0,4104.83,Visa,10,Yes,0.0
ORD-10064,25-03-2025,CUST-0309,Meera Nair,North,Chandigarh,PROD-0105,Crocs Classic Clog,Fashion,Footwear,1,2999,0.0,2999.0,1423.14,Visa,3,No,0.0
ORD-10065,04-02-2025,CUST-0026,Karan Iyer,West,Mumbai,PROD-0105,Crocs Classic Clog,Fashion,Footwear,3,2999,0.0,8997.0,2817.71,Cash On Delivery,11,No,0.0
ORD-10066,10-05-2025,CUST-0344,Kavya Agarwal,East,Patna,PROD-0017,Nike Air Force 1,Fashion,Footwear,3,7999,0.0,23997.0,10713.83,Net-Banking,12,No,0.0
ORD-10067,14-02-2025,CUST-0362,Rohan Iyer,Central,Raipur,PROD-0105,Crocs Classic Clog,Fashion,Footwear,2,2999,0.0,5998.0,3126.85,Net-Banking,5,No,0.0
ORD-10068,27-05-2025,CUST-0352,Ananya Choudhury,North,Delhi,PROD-0061,Cetaphil Moisturizer,Health & Beauty,Skincare,2,799,0.05,1518.1,516.69,Gpay,4,No,79.25
ORD-10069,11-04-2025,CUST-0062,Priyanka Roy,North,Jaipur,PROD-0108,Bosch Drill Machine,Home & Kitchen,Appliances,3,5499,0.05,15672.15,8545.25,UPI,9,No,0.0
ORD-10070,11-01-2025,CUST-0399,Siddharth Sharma,South,Hyderabad,PROD-0003,MacBook Air M3,Electronics,Laptops,2,99999,0.0,199998.0,94146.73,Net-Banking,12,No,0.0
ORD-10070,11-01-2025,CUST-0399,Siddharth Sharma,South,Hyderabad,PROD-0109,Thinking Fast and Slow,Books & Stationery,Non-Fiction,1,499,0.05,474.05,235.1,Visa,12,No,318.21
ORD-10071,18-02-2025,CUST-0401,Kavya Verma,East,Ranchi,PROD-0061,Cetaphil Moisturizer,Health & Beauty,Skincare,3,799,0.05,2277.15,1044.6,UPI,7,No,0.0
ORD-10072,08-02-2025,CUST-0396,Arun Roy,East,Patna,PROD-0017,Nike Air Force 1,Fashion,Footwear,1,7999,0.15,6799.15,3256.37,Cash On Delivery,11,No,0.0
ORD-10073,30-05-2025,CUST-0025,Meera Pillai,South,Hyderabad,PROD-0001,iPhone 15 Pro,Electronics,Smartphones,2,89999,0.0,179998.0,65655.11,UPI,2,No,0.0
ORD-10073,30-05-2025,CUST-0025,Meera Pillai,South,Hyderabad,PROD-0110,The Psychology of Money,Books & Stationery,Non-Fiction,3,349,0.05,994.65,511.17,Net-Banking,12,No,122.38
ORD-10073,30-05-2025,CUST-0025,Meera Pillai,South,Hyderabad,PROD-0061,Cetaphil Moisturizer,Health & Beauty,Skincare,1,799,0.2,639.2,291.56,Visa,6,No,243.38
ORD-10074,26-03-2025,CUST-0044,Rahul Shah,West,Mumbai,PROD-0107,Instant Pot Duo,Home & Kitchen,Appliances,3,8999,0.15,22947.45,10233.79,Net-Banking,4,No,0.0
ORD-10074,26-03-2025,CUST-0044,Rahul Shah,West,Mumbai,PROD-0112,Protein Shaker Bottle,Health & Beauty,Fitness,1,499,0.0,499.0,169.4,Gpay,2,No,64.92
ORD-10074,26-03-2025,CUST-0044,Rahul Shah,West,Mumbai,PROD-0103,Kindle Paperwhite,Electronics,Tablets,3,14999,0.0,44997.0,21109.34,Gpay,6,No,0.0
ORD-10074,26-03-2025,CUST-0044,Rahul Shah,West,Mumbai,PROD-0061,Cetaphil Moisturizer,Health & Beauty,Skincare,2,799,0.2,1278.4,406.79,UPI,2,No,61.83
ORD-10075,04-01-2025,CUST-0062,Priyanka Roy,North,Jaipur,PROD-0112,Protein Shaker Bottle,Health & Beauty,Fitness,2,499,0.15,848.3,294.99,Gpay,4,No,350.92
ORD-10075,04-01-2025,CUST-0062,Priyanka Roy,North,Jaipur,PROD-0106,Casio G-Shock,Fashion,Accessories,3,9999,0.15,25497.45,12181.13,Visa,2,No,0.0
ORD-10075,04-01-2025,CUST-0062,Priyanka Roy,North,Jaipur,PROD-0031,Prestige Mixer,Home & Kitchen,Appliances,1,4599,0.2,3679.2,1615.15,Debit,8,No,0.0
ORD-10076,31-05-2025,CUST-0406,Krishna Mehta,Central,Bhopal,PROD-0103,Kindle Paperwhite,Electronics,Tablets,1,14999,0.15,12749.15,3875.09,Visa,7,No,0.0
ORD-10077,06-04-2025,CUST-0078,Deepak Agarwal,Central,Bhopal,PROD-0106,Casio G-Shock,Fashion,Accessories,2,9999,0.0,19998.0,9674.1,Cash On Delivery,6,Yes,0.0
ORD-10078,13-04-2025,CUST-0315,Rohan Joshi,West,Pune,PROD-0046,Atomic Habits,Books & Stationery,Non-Fiction,2,399,0.15,678.3,291.39,Net-Banking,11,No,153.22
ORD-10079,18-05-2025,CUST-0044,Rahul Shah,West,Mumbai,PROD-0104,Under Armour Hoodie,Fashion,Men Clothing,2,4299,0.0,8598.0,3178.37,Gpay,3,Yes,0.0
ORD-10080,26-05-2025,CUST-0411,Krishna Pillai,South,Kochi,PROD-0105,Crocs Classic Clog,Fashion,Footwear,2,2999,0.0,5998.0,2771.61,Cash On Delivery,2,Yes,0.0
ORD-10080,26-05-2025,CUST-0411,Krishna Pillai,South,Kochi,PROD-0016,Levi's 501 Jeans,Fashion,Men Clothing,1,3499,0.2,2799.2,1351.72,Visa,10,No,0.0
ORD-10081,29-05-2025,CUST-0334,Rahul Roy,North,Jaipur,PROD-0102,Asus ROG Zephyrus,Electronics,Laptops,1,134999,0.05,128249.05,53142.21,Gpay,3,No,0.0
ORD-10082,30-03-2025,CUST-0013,Deepak Agarwal,South,Chennai,PROD-0016,Levi's 501 Jeans,Fashion,Men Clothing,1,3499,0.0,3499.0,1503.74,Gpay,9,No,0.0
ORD-10083,21-05-2025,CUST-0072,Mohit Shah,North,Lucknow,PROD-0103,Kindle Paperwhite,Electronics,Tablets,3,14999,0.0,44997.0,14737.17,UPI,4,No,0.0
ORD-10083,21-05-2025,CUST-0072,Mohit Shah,North,Lucknow,PROD-0112,Protein Shaker Bottle,Health & Beauty,Fitness,3,499,0.1,1347.3,708.65,Visa,10,No,202.21
ORD-10084,09-05-2025,CUST-0050,Priyanka Patel,North,Delhi,PROD-0109,Thinking Fast and Slow,Books & Stationery,Non-Fiction,1,499,0.0,499.0,229.44,Net-Banking,11,No,287.69
ORD-10085,18-05-2025,CUST-0008,Priya Mishra,Central,Indore,PROD-0001,iPhone 15 Pro,Electronics,Smartphones,2,89999,0.0,179998.0,61948.32,Net-Banking,8,No,0.0
ORD-10085,18-05-2025,CUST-0008,Priya Mishra,Central,Indore,PROD-0108,Bosch Drill Machine,Home & Kitchen,Appliances,1,5499,0.2,4399.2,1676.45,Debit,6,No,0.0
ORD-10085,18-05-2025,CUST-0008,Priya Mishra,Central,Indore,PROD-0007,Sony WH-1000XM5,Electronics,Headphones,1,24990,0.0,24990.0,10493.1,Gpay,3,No,0.0
ORD-10086,01-05-2025,CUST-0343,Pooja Roy,South,Bangalore,PROD-0001,iPhone 15 Pro,Electronics,Smartphones,3,89999,0.2,215997.6,84188.23,Debit,10,No,0.0
ORD-10087,20-02-2025,CUST-0053,Varun Yadav,South,Hyderabad,PROD-0046,Atomic Habits,Books & Stationery,Non-Fiction,3,399,0.0,1197.0,631.27,Cash On Delivery,3,No,337.14
ORD-10087,20-02-2025,CUST-0053,Varun Yadav,South,Hyderabad,PROD-0016,Levi's 501 Jeans,Fashion,Men Clothing,3,3499,0.1,9447.3,4329.37,Debit,5,No,0.0
ORD-10087,20-02-2025,CUST-0053,Varun Yadav,South,Hyderabad,PROD-0001,iPhone 15 Pro,Electronics,Smartphones,3,89999,0.0,269997.0,137930.96,Debit,1,No,0.0
ORD-10088,30-03-2025,CUST-0393,Priyanka Shah,East,Bhubaneswar,PROD-0112,Protein Shaker Bottle,Health & Beauty,Fitness,2,499,0.2,798.4,275.2,Cash On Delivery,6,No,143.87
ORD-10088,30-03-2025,CUST-0393,Priyanka Shah,East,Bhubaneswar,PROD-0110,The Psychology of Money,Books & Stationery,Non-Fiction,2,349,0.05,663.1,274.09,UPI,5,No,283.65
ORD-10088,30-03-2025,CUST-0393,Priyanka Shah,East,Bhubaneswar,PROD-0016,Levi's 501 Jeans,Fashion,Men Clothing,2,3499,0.2,5598.4,2225.32,Cash On Delivery,7,No,0.0
ORD-10088,30-03-2025,CUST-0393,Priyanka Shah,East,Bhubaneswar,PROD-0046,Atomic Habits,Books & Stationery,Non-Fiction,2,399,0.2,638.4,196.78,Net-Banking,3,No,43.11
ORD-10089,01-03-2025,CUST-0361,Pooja Kumar,South,Bangalore,PROD-0109,Thinking Fast and Slow,Books & Stationery,Non-Fiction,2,499,0.0,998.0,326.78,Gpay,5,No,357.7
ORD-10090,05-02-2025,CUST-0311,Suresh Sharma,North,Lucknow,PROD-0110,The Psychology of Money,Books & Stationery,Non-Fiction,3,349,0.05,994.65,392.27,UPI,8,No,288.44
ORD-10090,05-02-2025,CUST-0311,Suresh Sharma,North,Lucknow,PROD-0105,Crocs Classic Clog,Fashion,Footwear,3,2999,0.05,8547.15,4066.58,Debit,10,No,0.0
ORD-10091,22-05-2025,CUST-0323,Riya Bhat,West,Mumbai,PROD-0109,Thinking Fast and Slow,Books & Stationery,Non-Fiction,3,499,0.15,1272.45,382.44,Visa,10,No,82.79
ORD-10092,22-05-2025,CUST-0371,Priya Sharma,Central,Raipur,PROD-0103,Kindle Paperwhite,Electronics,Tablets,2,14999,0.0,29998.0,14714.12,Gpay,11,No,0.0
ORD-10093,16-04-2025,CUST-0038,Sneha Das,East,Ranchi,PROD-0104,Under Armour Hoodie,Fashion,Men Clothing,1,4299,0.1,3869.1,2007.52,Net-Banking,7,No,0.0
ORD-10093,16-04-2025,CUST-0038,Sneha Das,East,Ranchi,PROD-0103,Kindle Paperwhite,Electronics,Tablets,2,14999,0.0,29998.0,15497.81,Visa,7,No,0.0
ORD-10093,16-04-2025,CUST-0038,Sneha Das,East,Ranchi,PROD-0107,Instant Pot Duo,Home & Kitchen,Appliances,2,8999,0.0,17998.0,9006.24,Net-Banking,5,No,0.0
ORD-10093,16-04-2025,CUST-0038,Sneha Das,East,Ranchi,PROD-0109,Thinking Fast and Slow,Books & Stationery,Non-Fiction,3,499,0.0,1497.0,757.43,Visa,3,No,82.65
ORD-10094,14-04-2025,CUST-0318,Suresh Mishra,South,Chennai,PROD-0031,Prestige Mixer,Home & Kitchen,Appliances,3,4599,0.0,13797.0,5882.56,Cash On Delivery,3,No,0.0
ORD-10095,14-03-2025,CUST-0354,Priyanka Sharma,Central,Bhopal,PROD-0109,Thinking Fast and Slow,Books & Stationery,Non-Fiction,3,499,0.2,1197.6,412.44,Net-Banking,7,No,386.93
ORD-10096,27-01-2025,CUST-0052,Arjun Shah,South,Kochi,PROD-0111,Dumbbell Set 20kg,Health & Beauty,Fitness,3,3499,0.0,10497.0,4846.57,Gpay,8,No,0.0
ORD-10096,27-01-2025,CUST-0052,Arjun Shah,South,Kochi,PROD-0016,Levi's 501 Jeans,Fashion,Men Clothing,3,3499,0.0,10497.0,5005.14,Cash On Delivery,9,No,0.0
ORD-10096,27-01-2025,CUST-0052,Arjun Shah,South,Kochi,PROD-0061,Cetaphil Moisturizer,Health & Beauty,Skincare,1,799,0.0,799.0,389.77,Gpay,2,No,184.83
ORD-10096,27-01-2025,CUST-0052,Arjun Shah,South,Kochi,PROD-0109,Thinking Fast and Slow,Books & Stationery,Non-Fiction,3,499,0.15,1272.45,648.76,Gpay,4,No,323.41
ORD-10097,08-03-2025,CUST-0359,Arun Kumar,West,Mumbai,PROD-0003,MacBook Air M3,Electronics,Laptops,3,99999,0.0,299997.0,129674.16,Debit,3,No,0.0
ORD-10098,24-02-2025,CUST-0372,Sneha Yadav,North,Delhi,PROD-0102,Asus ROG Zephyrus,Electronics,Laptops,3,134999,0.0,404997.0,189527.53,Gpay,3,No,0.0
ORD-10098,24-02-2025,CUST-0372,Sneha Yadav,North,Delhi,PROD-0103,Kindle Paperwhite,Electronics,Tablets,1,14999,0.1,13499.1,6818.49,Visa,5,No,0.0
ORD-10098,24-02-2025,CUST-0372,Sneha Yadav,North,Delhi,PROD-0003,MacBook Air M3,Electronics,Laptops,3,99999,0.05,284997.15,111812.89,UPI,2,No,0.0
ORD-10098,24-02-2025,CUST-0372,Sneha Yadav,North,Delhi,PROD-0108,Bosch Drill Machine,Home & Kitchen,Appliances,2,5499,0.0,10998.0,4040.27,Debit,9,No,0.0
ORD-10099,16-04-2025,CUST-0062,Priyanka Roy,North,Jaipur,PROD-0046,Atomic Habits,Books & Stationery,Non-Fiction,1,399,0.2,319.2,174.93,UPI,2,No,48.07
ORD-10099,16-04-2025,CUST-0062,Priyanka Roy,North,Jaipur,PROD-0001,iPhone 15 Pro,Electronics,Smartphones,2,89999,0.2,143998.4,57306.53,Visa,11,No,0.0
ORD-10099,16-04-2025,CUST-0062,Priyanka Roy,North,Jaipur,PROD-0110,The Psychology of Money,Books & Stationery,Non-Fiction,1,349,0.0,349.0,186.41,Cash On Delivery,10,No,254.99
ORD-10099,16-04-2025,CUST-0062,Priyanka Roy,North,Jaipur,PROD-0061,Cetaphil Moisturizer,Health & Beauty,Skincare,2,799,0.2,1278.4,605.24,Gpay,7,No,381.12
ORD-10100,17-04-2025,CUST-0376,Raj Singh,Central,Bhopal,PROD-0003,MacBook Air M3,Electronics,Laptops,1,99999,0.0,99999.0,32494.7,Debit,5,No,0.0
ORD-10101,30-04-2025,CUST-0023,Arjun Kumar,North,Lucknow,PROD-0110,The Psychology of Money,Books & Stationery,Non-Fiction,3,349,0.0,1047.0,522.59,Visa,12,No,43.45
ORD-10102,18-04-2025,CUST-0058,Vikram Joshi,Central,Bhopal,PROD-0111,Dumbbell Set 20kg,Health & Beauty,Fitness,3,3499,0.0,10497.0,3335.97,Gpay,6,No,0.0
ORD-10103,03-01-2025,CUST-0035,Deepak Singh,East,Ranchi,PROD-0104,Under Armour Hoodie,Fashion,Men Clothing,3,4299,0.1,11607.3,5288.34,Debit,6,No,0.0
ORD-10103,03-01-2025,CUST-0035,Deepak Singh,East,Ranchi,PROD-0007,Sony WH-1000XM5,Electronics,Headphones,2,24990,0.0,49980.0,15027.31,Net-Banking,11,No,0.0
ORD-10104,11-01-2025,CUST-0390,Sneha Reddy,East,Patna,PROD-0102,Asus ROG Zephyrus,Electronics,Laptops,1,134999,0.0,134999.0,51037.28,UPI,3,No,0.0
ORD-10105,06-01-2025,CUST-0412,Akash Sharma,East,Kolkata,PROD-0110,The Psychology of Money,Books & Stationery,Non-Fiction,1,349,0.0,349.0,157.25,Gpay,2,No,292.59
ORD-10106,25-01-2025,CUST-0405,Ankita Singh,South,Hyderabad,PROD-0109,Thinking Fast and Slow,Books & Stationery,Non-Fiction,2,499,0.1,898.2,308.95,Visa,6,No,169.34
ORD-10107,01-04-2025,CUST-0350,Meera Singh,West,Ahmedabad,PROD-0102,Asus ROG Zephyrus,Electronics,Laptops,3,134999,0.0,404997.0,142761.02,Debit,7,No,0.0
ORD-10108,05-02-2025,CUST-0413,Ananya Patel,East,Patna,PROD-0110,The Psychology of Money,Books & Stationery,Non-Fiction,3,349,0.2,837.6,450.15,Net-Banking,11,No,296.95
ORD-10109,11-01-2025,CUST-0025,Meera Pillai,South,Hyderabad,PROD-0102,Asus ROG Zephyrus,Electronics,Laptops,1,134999,0.2,107999.2,52568.69,Gpay,1,No,0.0
ORD-10110,12-03-2025,CUST-0337,Shreya Agarwal,South,Hyderabad,PROD-0106,Casio G-Shock,Fashion,Accessories,1,9999,0.0,9999.0,5261.12,Debit,3,No,0.0
ORD-10111,23-04-2025,CUST-0005,Priyanka Reddy,Central,Indore,PROD-0007,Sony WH-1000XM5,Electronics,Headphones,1,24990,0.0,24990.0,8760.65,Net-Banking,10,Yes,0.0
ORD-10112,11-01-2025,CUST-0388,Ishita Pillai,East,Bhubaneswar,PROD-0105,Crocs Classic Clog,Fashion,Footwear,1,2999,0.0,2999.0,1476.43,Cash On Delivery,2,No,0.0
ORD-10113,04-02-2025,CUST-0382,Akash Verma,Central,Raipur,PROD-0108,Bosch Drill Machine,Home & Kitchen,Appliances,2,5499,0.2,8798.4,3362.12,Gpay,4,No,0.0
ORD-10113,04-02-2025,CUST-0382,Akash Verma,Central,Raipur,PROD-0106,Casio G-Shock,Fashion,Accessories,2,9999,0.0,19998.0,10682.83,Gpay,12,No,0.0
ORD-10113,04-02-2025,CUST-0382,Akash Verma,Central,Raipur,PROD-0061,Cetaphil Moisturizer,Health & Beauty,Skincare,1,799,0.15,679.15,366.62,Cash On Delivery,3,No,147.19
ORD-10114,26-02-2025,CUST-0366,Siddharth Gupta,West,Pune,PROD-0101,Samsung Galaxy Buds3,Electronics,Headphones,3,12999,0.05,37047.15,14715.84,Debit,3,No,0.0
ORD-10115,16-03-2025,CUST-0055,Neha Joshi,West,Ahmedabad,PROD-0061,Cetaphil Moisturizer,Health & Beauty,Skincare,3,799,0.1,2157.3,823.77,Visa,8,No,0.0
ORD-10115,16-03-2025,CUST-0055,Neha Joshi,West,Ahmedabad,PROD-0107,Instant Pot Duo,Home & Kitchen,Appliances,1,8999,0.0,8999.0,2838.15,Gpay,10,No,0.0
ORD-10116,28-05-2025,CUST-0335,Amit Gupta,South,Bangalore,PROD-0007,Sony WH-1000XM5,Electronics,Headphones,2,24990,0.1,44982.0,21582.35,Gpay,1,No,0.0
ORD-10117,24-04-2025,CUST-0353,Manish Reddy,South,Kochi,PROD-0017,Nike Air Force 1,Fashion,Footwear,2,7999,0.0,15998.0,7034.11,Cash On Delivery,5,No,0.0
ORD-10118,14-01-2025,CUST-0047,Deepak Reddy,Central,Indore,PROD-0101,Samsung Galaxy Buds3,Electronics,Headphones,3,12999,0.15,33147.45,12296.49,Cash On Delivery,7,No,0.0
ORD-10119,10-02-2025,CUST-0396,Arun Roy,East,Patna,PROD-0007,Sony WH-1000XM5,Electronics,Headphones,2,24990,0.0,49980.0,21416.77,Cash On Delivery,4,No,0.0
ORD-10120,10-04-2025,CUST-0332,Vivaan Mehta,North,Lucknow,PROD-0003,MacBook Air M3,Electronics,Laptops,3,99999,0.2,239997.6,104021.67,Gpay,3,No,0.0
ORD-10121,18-05-2025,CUST-0313,Ishita Choudhury,East,Ranchi,PROD-0061,Cetaphil Moisturizer,Health & Beauty,Skincare,2,799,0.05,1518.1,630.71,UPI,1,No,40.33
ORD-10122,21-05-2025,CUST-0069,Neha Reddy,North,Lucknow,PROD-0007,Sony WH-1000XM5,Electronics,Headphones,2,24990,0.0,49980.0,15885.4,Debit,9,No,0.0
ORD-10122,21-05-2025,CUST-0069,Neha Reddy,North,Lucknow,PROD-0031,Prestige Mixer,Home & Kitchen,Appliances,3,4599,0.0,13797.0,7243.99,Net-Banking,2,No,0.0
ORD-10122,21-05-2025,CUST-0069,Neha Reddy,North,Lucknow,PROD-0105,Crocs Classic Clog,Fashion,Footwear,1,2999,0.1,2699.1,886.26,Gpay,6,No,0.0
ORD-10122,21-05-2025,CUST-0069,Neha Reddy,North,Lucknow,PROD-0109,Thinking Fast and Slow,Books & Stationery,Non-Fiction,1,499,0.0,499.0,195.39,Gpay,11,No,387.49
ORD-10123,17-03-2025,CUST-0406,Krishna Mehta,Central,Bhopal,PROD-0001,iPhone 15 Pro,Electronics,Smartphones,1,89999,0.15,76499.15,26706.1,Visa,10,No,0.0
ORD-10123,17-03-2025,CUST-0406,Krishna Mehta,Central,Bhopal,PROD-0109,Thinking Fast and Slow,Books & Stationery,Non-Fiction,1,499,0.2,399.2,165.64,Net-Banking,1,No,179.0
ORD-10123,17-03-2025,CUST-0406,Krishna Mehta,Central,Bhopal,PROD-0046,Atomic Habits,Books & Stationery,Non-Fiction,1,399,0.0,399.0,154.92,Net-Banking,11,No,152.19
ORD-10124,05-01-2025,CUST-0004,Sakshi Reddy,Central,Raipur,PROD-0102,Asus ROG Zephyrus,Electronics,Laptops,3,134999,0.0,404997.0,198727.28,Cash On Delivery,2,No,0.0
ORD-10125,08-02-2025,CUST-0302,Siddharth Das,Central,Bhopal,PROD-0110,The Psychology of Money,Books & Stationery,Non-Fiction,2,349,0.1,628.2,278.79,UPI,9,No,211.7
ORD-10125,08-02-2025,CUST-0302,Siddharth Das,Central,Bhopal,PROD-0101,Samsung Galaxy Buds3,Electronics,Headphones,3,12999,0.1,35097.3,14823.78,Debit,6,No,0.0
ORD-10125,08-02-2025,CUST-0302,Siddharth Das,Central,Bhopal,PROD-0046,Atomic Habits,Books & Stationery,Non-Fiction,2,399,0.05,758.1,246.21,Net-Banking,9,Yes,158.28
ORD-10125,08-02-2025,CUST-0302,Siddharth Das,Central,Bhopal,PROD-0112,Protein Shaker Bottle,Health & Beauty,Fitness,1,499,0.05,474.05,213.63,Visa,12,No,55.89
ORD-10126,07-05-2025,CUST-0402,Rahul Sharma,North,Jaipur,PROD-0061,Cetaphil Moisturizer,Health & Beauty,Skincare,3,799,0.15,2037.45,915.65,Visa,1,No,0.0
ORD-10127,28-02-2025,CUST-0065,Karan Pillai,Central,Indore,PROD-0031,Prestige Mixer,Home & Kitchen,Appliances,1,4599,0.0,4599.0,2281.16,Debit,6,No,0.0
ORD-10128,21-03-2025,CUST-0076,Sakshi Bhat,South,Bangalore,PROD-0108,Bosch Drill Machine,Home & Kitchen,Appliances,3,5499,0.0,16497.0,5401.49,Net-Banking,1,No,0.0
ORD-10129,13-04-2025,CUST-0347,Vivaan Das,North,Jaipur,PROD-0103,Kindle Paperwhite,Electronics,Tablets,3,14999,0.0,44997.0,15019.8,Net-Banking,2,No,0.0
ORD-10130,31-05-2025,CUST-0072,Mohit Shah,North,Lucknow,PROD-0105,Crocs Classic Clog,Fashion,Footwear,3,2999,0.05,8547.15,4024.55,Gpay,7,No,0.0
ORD-10131,30-05-2025,CUST-0078,Deepak Agarwal,Central,Bhopal,PROD-0061,Cetaphil Moisturizer,Health & Beauty,Skincare,3,799,0.0,2397.0,1245.76,UPI,2,No,0.0
ORD-10132,15-01-2025,CUST-0419,Arun Verma,North,Chandigarh,PROD-0106,Casio G-Shock,Fashion,Accessories,2,9999,0.05,18998.1,8659.22,Debit,5,No,0.0
ORD-10133,03-05-2025,CUST-0345,Deepak Yadav,South,Bangalore,PROD-0001,iPhone 15 Pro,Electronics,Smartphones,3,89999,0.1,242997.3,126851.16,Debit,10,No,0.0
ORD-10133,03-05-2025,CUST-0345,Deepak Yadav,South,Bangalore,PROD-0106,Casio G-Shock,Fashion,Accessories,3,9999,0.1,26997.3,12818.96,Debit,5,No,0.0
ORD-10133,03-05-2025,CUST-0345,Deepak Yadav,South,Bangalore,PROD-0017,Nike Air Force 1,Fashion,Footwear,1,7999,0.2,6399.2,3499.86,Debit,1,No,0.0
ORD-10133,03-05-2025,CUST-0345,Deepak Yadav,South,Bangalore,PROD-0031,Prestige Mixer,Home & Kitchen,Appliances,3,4599,0.1,12417.3,6201.83,Net-Banking,12,No,0.0
ORD-10134,03-03-2025,CUST-0053,Varun Yadav,South,Hyderabad,PROD-0007,Sony WH-1000XM5,Electronics,Headphones,3,24990,0.0,74970.0,29442.55,UPI,7,No,0.0
ORD-10134,03-03-2025,CUST-0053,Varun Yadav,South,Hyderabad,PROD-0109,Thinking Fast and Slow,Books & Stationery,Non-Fiction,3,499,0.2,1197.6,545.57,Visa,5,No,137.43
ORD-10134,03-03-2025,CUST-0053,Varun Yadav,South,Hyderabad,PROD-0112,Protein Shaker Bottle,Health & Beauty,Fitness,3,499,0.0,1497.0,696.52,Gpay,9,No,299.81
ORD-10135,11-02-2025,CUST-0072,Mohit Shah,North,Lucknow,PROD-0106,Casio G-Shock,Fashion,Accessories,3,9999,0.15,25497.45,11470.61,Debit,8,No,0.0
ORD-10136,30-01-2025,CUST-0324,Varun Roy,South,Hyderabad,PROD-0112,Protein Shaker Bottle,Health & Beauty,Fitness,2,499,0.1,898.2,344.17,Visa,8,No,46.71
ORD-10136,30-01-2025,CUST-0324,Varun Roy,South,Hyderabad,PROD-0109,Thinking Fast and Slow,Books & Stationery,Non-Fiction,1,499,0.0,499.0,181.37,Debit,9,No,56.42
ORD-10136,30-01-2025,CUST-0324,Varun Roy,South,Hyderabad,PROD-0108,Bosch Drill Machine,Home & Kitchen,Appliances,3,5499,0.0,16497.0,6792.95,Debit,11,No,0.0
ORD-10136,30-01-2025,CUST-0324,Varun Roy,South,Hyderabad,PROD-0061,Cetaphil Moisturizer,Health & Beauty,Skincare,3,799,0.0,2397.0,1195.68,Visa,2,No,0.0
ORD-10137,01-01-2025,CUST-0061,Aarav Choudhury,East,Bhubaneswar,PROD-0111,Dumbbell Set 20kg,Health & Beauty,Fitness,3,3499,0.0,10497.0,5585.42,Cash On Delivery,9,No,0.0
ORD-10137,01-01-2025,CUST-0061,Aarav Choudhury,East,Bhubaneswar,PROD-0017,Nike Air Force 1,Fashion,Footwear,2,7999,0.15,13598.3,6985.68,Debit,9,No,0.0
ORD-10137,01-01-2025,CUST-0061,Aarav Choudhury,East,Bhubaneswar,PROD-0103,Kindle Paperwhite,Electronics,Tablets,2,14999,0.05,28498.1,14999.6,Visa,11,No,0.0
ORD-10138,10-02-2025,CUST-0350,Meera Singh,West,Ahmedabad,PROD-0102,Asus ROG Zephyrus,Electronics,Laptops,1,134999,0.0,134999.0,73954.56,Visa,8,No,0.0
ORD-10139,17-03-2025,CUST-0072,Mohit Shah,North,Lucknow,PROD-0001,iPhone 15 Pro,Electronics,Smartphones,2,89999,0.2,143998.4,73065.35,Gpay,1,No,0.0
ORD-10139,17-03-2025,CUST-0072,Mohit Shah,North,Lucknow,PROD-0110,The Psychology of Money,Books & Stationery,Non-Fiction,3,349,0.0,1047.0,323.13,UPI,5,No,338.44
ORD-10139,17-03-2025,CUST-0072,Mohit Shah,North,Lucknow,PROD-0112,Protein Shaker Bottle,Health & Beauty,Fitness,1,499,0.0,499.0,166.77,Gpay,3,No,84.86
ORD-10140,10-05-2025,CUST-0384,Amit Das,Central,Bhopal,PROD-0031,Prestige Mixer,Home & Kitchen,Appliances,1,4599,0.15,3909.15,1563.56,Cash On Delivery,10,No,0.0
ORD-10141,24-05-2025,CUST-0028,Priyanka Patel,North,Chandigarh,PROD-0112,Protein Shaker Bottle,Health & Beauty,Fitness,2,499,0.1,898.2,277.75,Debit,12,No,101.2
ORD-10142,26-03-2025,CUST-0075,Kavya Joshi,South,Bangalore,PROD-0046,Atomic Habits,Books & Stationery,Non-Fiction,3,399,0.0,1197.0,421.28,Visa,6,No,248.11
ORD-10143,18-04-2025,CUST-0015,Dev Mishra,North,Jaipur,PROD-0031,Prestige Mixer,Home & Kitchen,Appliances,3,4599,0.0,13797.0,6506.44,Gpay,1,No,0.0
ORD-10144,16-04-2025,CUST-0408,Raj Bhat,West,Surat,PROD-0107,Instant Pot Duo,Home & Kitchen,Appliances,1,8999,0.0,8999.0,3800.63,Gpay,6,No,0.0
ORD-10145,23-04-2025,CUST-0382,Akash Verma,Central,Raipur,PROD-0104,Under Armour Hoodie,Fashion,Men Clothing,2,4299,0.05,8168.1,2683.04,Visa,11,No,0.0
ORD-10146,14-01-2025,CUST-0024,Ishita Joshi,East,Ranchi,PROD-0107,Instant Pot Duo,Home & Kitchen,Appliances,3,8999,0.15,22947.45,9358.79,UPI,11,No,0.0
ORD-10146,14-01-2025,CUST-0024,Ishita Joshi,East,Ranchi,PROD-0017,Nike Air Force 1,Fashion,Footwear,3,7999,0.0,23997.0,11844.33,Cash On Delivery,10,No,0.0
ORD-10146,14-01-2025,CUST-0024,Ishita Joshi,East,Ranchi,PROD-0102,Asus ROG Zephyrus,Electronics,Laptops,2,134999,0.0,269998.0,118666.12,Debit,4,No,0.0
ORD-10147,08-03-2025,CUST-0325,Raj Kumar,West,Mumbai,PROD-0110,The Psychology of Money,Books & Stationery,Non-Fiction,1,349,0.1,314.1,133.87,Net-Banking,3,No,344.61
ORD-10147,08-03-2025,CUST-0325,Raj Kumar,West,Mumbai,PROD-0105,Crocs Classic Clog,Fashion,Footwear,2,2999,0.0,5998.0,2908.33,Cash On Delivery,4,No,0.0
ORD-10148,03-05-2025,CUST-0405,Ankita Singh,South,Hyderabad,PROD-0110,The Psychology of Money,Books & Stationery,Non-Fiction,2,349,0.0,698.0,377.35,Debit,4,No,112.08
ORD-10148,03-05-2025,CUST-0405,Ankita Singh,South,Hyderabad,PROD-0106,Casio G-Shock,Fashion,Accessories,3,9999,0.05,28497.15,12429.93,Cash On Delivery,6,No,0.0
ORD-10148,03-05-2025,CUST-0405,Ankita Singh,South,Hyderabad,PROD-0001,iPhone 15 Pro,Electronics,Smartphones,2,89999,0.0,179998.0,81171.75,Net-Banking,1,No,0.0
ORD-10148,03-05-2025,CUST-0405,Ankita Singh,South,Hyderabad,PROD-0046,Atomic Habits,Books & Stationery,Non-Fiction,1,399,0.15,339.15,175.1,Cash On Delivery,10,No,393.21
ORD-10149,05-03-2025,CUST-0365,Mohit Iyer,East,Patna,PROD-0105,Crocs Classic Clog,Fashion,Footwear,3,2999,0.0,8997.0,3050.53,Gpay,1,No,0.0
ORD-10149,05-03-2025,CUST-0365,Mohit Iyer,East,Patna,PROD-0046,Atomic Habits,Books & Stationery,Non-Fiction,1,399,0.0,399.0,207.88,Debit,12,No,203.56
ORD-10149,05-03-2025,CUST-0365,Mohit Iyer,East,Patna,PROD-0111,Dumbbell Set 20kg,Health & Beauty,Fitness,1,3499,0.0,3499.0,1354.81,Debit,7,No,0.0
ORD-10150,31-01-2025,CUST-0380,Rahul Gupta,South,Bangalore,PROD-0001,iPhone 15 Pro,Electronics,Smartphones,2,89999,0.1,161998.2,81071.74,Net-Banking,2,No,0.0
ORD-10150,31-01-2025,CUST-0380,Rahul Gupta,South,Bangalore,PROD-0102,Asus ROG Zephyrus,Electronics,Laptops,3,134999,0.05,384747.15,150015.65,Visa,2,No,0.0
ORD-10151,24-02-2025,CUST-0071,Krishna Gupta,South,Bangalore,PROD-0007,Sony WH-1000XM5,Electronics,Headphones,2,24990,0.0,49980.0,22368.35,Net-Banking,6,Yes,0.0
ORD-10151,24-02-2025,CUST-0071,Krishna Gupta,South,Bangalore,PROD-0109,Thinking Fast and Slow,Books & Stationery,Non-Fiction,2,499,0.15,848.3,380.61,Visa,10,No,143.36
ORD-10151,24-02-2025,CUST-0071,Krishna Gupta,South,Bangalore,PROD-0110,The Psychology of Money,Books & Stationery,Non-Fiction,1,349,0.1,314.1,120.96,Net-Banking,7,No,137.8
ORD-10151,24-02-2025,CUST-0071,Krishna Gupta,South,Bangalore,PROD-0001,iPhone 15 Pro,Electronics,Smartphones,1,89999,0.0,89999.0,39482.03,Gpay,10,No,0.0
ORD-10152,25-04-2025,CUST-0041,Shreya Reddy,West,Ahmedabad,PROD-0110,The Psychology of Money,Books & Stationery,Non-Fiction,3,349,0.0,1047.0,360.11,Visa,9,No,84.77
ORD-10153,21-04-2025,CUST-0068,Pooja Iyer,South,Hyderabad,PROD-0111,Dumbbell Set 20kg,Health & Beauty,Fitness,3,3499,0.05,9972.15,4559.71,Net-Banking,1,No,0.0
ORD-10154,13-02-2025,CUST-0404,Nisha Bhat,East,Kolkata,PROD-0106,Casio G-Shock,Fashion,Accessories,1,9999,0.05,9499.05,3475.37,UPI,4,No,0.0
ORD-10155,15-01-2025,CUST-0346,Varun Singh,Central,Raipur,PROD-0101,Samsung Galaxy Buds3,Electronics,Headphones,1,12999,0.05,12349.05,5960.84,Visa,12,No,0.0
ORD-10156,12-04-2025,CUST-0056,Meera Iyer,East,Ranchi,PROD-0112,Protein Shaker Bottle,Health & Beauty,Fitness,3,499,0.2,1197.6,624.32,UPI,4,No,242.04
ORD-10157,28-02-2025,CUST-0403,Vikram Singh,South,Kochi,PROD-0104,Under Armour Hoodie,Fashion,Men Clothing,2,4299,0.15,7308.3,2201.51,Debit,5,No,0.0
ORD-10157,28-02-2025,CUST-0403,Vikram Singh,South,Kochi,PROD-0017,Nike Air Force 1,Fashion,Footwear,2,7999,0.1,14398.2,6934.88,Gpay,7,No,0.0
ORD-10158,24-02-2025,CUST-0372,Sneha Yadav,North,Delhi,PROD-0101,Samsung Galaxy Buds3,Electronics,Headphones,1,12999,0.1,11699.1,3581.25,Net-Banking,4,No,0.0
ORD-10159,23-03-2025,CUST-0014,Ishita Patel,Central,Bhopal,PROD-0109,Thinking Fast and Slow,Books & Stationery,Non-Fiction,3,499,0.15,1272.45,580.88,Cash On Delivery,8,No,151.16
ORD-10160,25-02-2025,CUST-0027,Ishita Singh,East,Bhubaneswar,PROD-0101,Samsung Galaxy Buds3,Electronics,Headphones,3,12999,0.1,35097.3,16064.64,Cash On Delivery,10,No,0.0
ORD-10160,25-02-2025,CUST-0027,Ishita Singh,East,Bhubaneswar,PROD-0112,Protein Shaker Bottle,Health & Beauty,Fitness,2,499,0.1,898.2,302.94,Cash On Delivery,6,No,365.07
ORD-10161,27-02-2025,CUST-0344,Kavya Agarwal,East,Patna,PROD-0111,Dumbbell Set 20kg,Health & Beauty,Fitness,2,3499,0.0,6998.0,2701.29,Cash On Delivery,5,No,0.0
ORD-10162,26-02-2025,CUST-0339,Priya Mehta,West,Surat,PROD-0108,Bosch Drill Machine,Home & Kitchen,Appliances,2,5499,0.1,9898.2,4347.18,UPI,7,No,0.0
ORD-10163,09-01-2025,CUST-0343,Pooja Roy,South,Bangalore,PROD-0046,Atomic Habits,Books & Stationery,Non-Fiction,2,399,0.2,638.4,349.67,Debit,1,No,195.2
ORD-10164,05-04-2025,CUST-0036,Varun Singh,West,Ahmedabad,PROD-0105,Crocs Classic Clog,Fashion,Footwear,3,2999,0.05,8547.15,4342.21,Visa,1,No,0.0
ORD-10164,05-04-2025,CUST-0036,Varun Singh,West,Ahmedabad,PROD-0017,Nike Air Force 1,Fashion,Footwear,2,7999,0.15,13598.3,7092.07,Net-Banking,1,No,0.0
ORD-10164,05-04-2025,CUST-0036,Varun Singh,West,Ahmedabad,PROD-0111,Dumbbell Set 20kg,Health & Beauty,Fitness,3,3499,0.15,8922.45,2721.78,Net-Banking,8,No,0.0
ORD-10165,25-02-2025,CUST-0408,Raj Bhat,West,Surat,PROD-0107,Instant Pot Duo,Home & Kitchen,Appliances,3,8999,0.05,25647.15,13353.11,Visa,12,Yes,0.0
ORD-10166,08-03-2025,CUST-0318,Suresh Mishra,South,Chennai,PROD-0111,Dumbbell Set 20kg,Health & Beauty,Fitness,2,3499,0.1,6298.2,2826.29,Net-Banking,8,Yes,0.0
ORD-10167,08-01-2025,CUST-0068,Pooja Iyer,South,Hyderabad,PROD-0104,Under Armour Hoodie,Fashion,Men Clothing,3,4299,0.2,10317.6,3332.32,Debit,7,No,0.0
ORD-10167,08-01-2025,CUST-0068,Pooja Iyer,South,Hyderabad,PROD-0061,Cetaphil Moisturizer,Health & Beauty,Skincare,3,799,0.1,2157.3,675.06,Gpay,8,No,0.0
ORD-10167,08-01-2025,CUST-0068,Pooja Iyer,South,Hyderabad,PROD-0031,Prestige Mixer,Home & Kitchen,Appliances,1,4599,0.1,4139.1,1480.12,Gpay,4,No,0.0
ORD-10168,16-03-2025,CUST-0402,Rahul Sharma,North,Jaipur,PROD-0101,Samsung Galaxy Buds3,Electronics,Headphones,1,12999,0.2,10399.2,4993.69,UPI,6,No,0.0
ORD-10169,04-01-2025,CUST-0409,Aarav Reddy,West,Mumbai,PROD-0110,The Psychology of Money,Books & Stationery,Non-Fiction,2,349,0.0,698.0,293.18,Debit,3,No,67.21
ORD-10169,04-01-2025,CUST-0409,Aarav Reddy,West,Mumbai,PROD-0103,Kindle Paperwhite,Electronics,Tablets,3,14999,0.0,44997.0,24253.52,Debit,12,No,0.0
ORD-10169,04-01-2025,CUST-0409,Aarav Reddy,West,Mumbai,PROD-0106,Casio G-Shock,Fashion,Accessories,3,9999,0.0,29997.0,12470.53,UPI,11,No,0.0
ORD-10169,04-01-2025,CUST-0409,Aarav Reddy,West,Mumbai,PROD-0102,Asus ROG Zephyrus,Electronics,Laptops,1,134999,0.05,128249.05,61720.35,Cash On Delivery,1,No,0.0
ORD-10170,07-03-2025,CUST-0301,Krishna Sharma,South,Hyderabad,PROD-0105,Crocs Classic Clog,Fashion,Footwear,1,2999,0.2,2399.2,1194.82,Cash On Delivery,11,No,0.0
ORD-10170,07-03-2025,CUST-0301,Krishna Sharma,South,Hyderabad,PROD-0061,Cetaphil Moisturizer,Health & Beauty,Skincare,1,799,0.1,719.1,223.03,Net-Banking,9,No,332.51
ORD-10170,07-03-2025,CUST-0301,Krishna Sharma,South,Hyderabad,PROD-0103,Kindle Paperwhite,Electronics,Tablets,3,14999,0.05,42747.15,19634.64,Debit,5,No,0.0
ORD-10171,26-01-2025,CUST-0315,Rohan Joshi,West,Pune,PROD-0111,Dumbbell Set 20kg,Health & Beauty,Fitness,1,3499,0.2,2799.2,850.96,Net-Banking,8,No,0.0
ORD-10172,25-04-2025,CUST-0039,Dev Das,Central,Raipur,PROD-0110,The Psychology of Money,Books & Stationery,Non-Fiction,3,349,0.0,1047.0,432.21,Visa,3,No,292.75
ORD-10173,31-05-2025,CUST-0057,Arun Joshi,Central,Raipur,PROD-0105,Crocs Classic Clog,Fashion,Footwear,2,2999,0.0,5998.0,3021.5,Net-Banking,2,No,0.0
ORD-10174,25-04-2025,CUST-0376,Raj Singh,Central,Bhopal,PROD-0031,Prestige Mixer,Home & Kitchen,Appliances,2,4599,0.0,9198.0,4708.68,UPI,7,No,0.0
ORD-10175,29-05-2025,CUST-0036,Varun Singh,West,Ahmedabad,PROD-0101,Samsung Galaxy Buds3,Electronics,Headphones,3,12999,0.2,31197.6,15985.79,Debit,9,No,0.0
ORD-10175,29-05-2025,CUST-0036,Varun Singh,West,Ahmedabad,PROD-0061,Cetaphil Moisturizer,Health & Beauty,Skincare,2,799,0.2,1278.4,476.91,Gpay,3,No,227.36
ORD-10175,29-05-2025,CUST-0036,Varun Singh,West,Ahmedabad,PROD-0001,iPhone 15 Pro,Electronics,Smartphones,2,89999,0.2,143998.4,51552.37,Gpay,1,No,0.0
ORD-10176,24-03-2025,CUST-0325,Raj Kumar,West,Mumbai,PROD-0061,Cetaphil Moisturizer,Health & Beauty,Skincare,1,799,0.15,679.15,272.75,Visa,8,No,291.17
ORD-10176,24-03-2025,CUST-0325,Raj Kumar,West,Mumbai,PROD-0102,Asus ROG Zephyrus,Electronics,Laptops,2,134999,0.05,256498.1,83394.73,Gpay,6,No,0.0
ORD-10176,24-03-2025,CUST-0325,Raj Kumar,West,Mumbai,PROD-0031,Prestige Mixer,Home & Kitchen,Appliances,1,4599,0.0,4599.0,2445.82,Visa,8,No,0.0
ORD-10177,27-01-2025,CUST-0376,Raj Singh,Central,Bhopal,PROD-0105,Crocs Classic Clog,Fashion,Footwear,1,2999,0.0,2999.0,1482.8,Net-Banking,1,No,0.0
ORD-10178,26-01-2025,CUST-0031,Priya Joshi,Central,Bhopal,PROD-0007,Sony WH-1000XM5,Electronics,Headphones,3,24990,0.15,63724.5,29449.27,Cash On Delivery,2,No,0.0
ORD-10178,26-01-2025,CUST-0031,Priya Joshi,Central,Bhopal,PROD-0046,Atomic Habits,Books & Stationery,Non-Fiction,2,399,0.1,718.2,232.84,Visa,7,No,127.93
ORD-10178,26-01-2025,CUST-0031,Priya Joshi,Central,Bhopal,PROD-0106,Casio G-Shock,Fashion,Accessories,1,9999,0.2,7999.2,2972.55,Visa,11,No,0.0
ORD-10178,26-01-2025,CUST-0031,Priya Joshi,Central,Bhopal,PROD-0104,Under Armour Hoodie,Fashion,Men Clothing,2,4299,0.1,7738.2,3533.62,UPI,9,No,0.0
ORD-10179,01-05-2025,CUST-0398,Manish Gupta,East,Patna,PROD-0003,MacBook Air M3,Electronics,Laptops,1,99999,0.2,79999.2,43192.13,Gpay,5,No,0.0
ORD-10179,01-05-2025,CUST-0398,Manish Gupta,East,Patna,PROD-0105,Crocs Classic Clog,Fashion,Footwear,1,2999,0.15,2549.15,1119.01,Gpay,5,No,0.0
ORD-10179,01-05-2025,CUST-0398,Manish Gupta,East,Patna,PROD-0102,Asus ROG Zephyrus,Electronics,Laptops,3,134999,0.0,404997.0,146522.32,Debit,9,Yes,0.0
ORD-10180,07-03-2025,CUST-0370,Aarav Roy,Central,Raipur,PROD-0001,iPhone 15 Pro,Electronics,Smartphones,1,89999,0.0,89999.0,36217.3,Cash On Delivery,8,No,0.0
ORD-10181,24-02-2025,CUST-0342,Nisha Singh,Central,Bhopal,PROD-0105,Crocs Classic Clog,Fashion,Footwear,3,2999,0.0,8997.0,4580.02,Debit,12,No,0.0
ORD-10182,18-03-2025,CUST-0413,Ananya Patel,East,Patna,PROD-0003,MacBook Air M3,Electronics,Laptops,3,99999,0.2,239997.6,86356.69,UPI,10,No,0.0
ORD-10183,11-04-2025,CUST-0391,Ishita Singh,North,Jaipur,PROD-0107,Instant Pot Duo,Home & Kitchen,Appliances,1,8999,0.0,8999.0,4932.72,Visa,5,No,0.0
ORD-10184,31-01-2025,CUST-0409,Aarav Reddy,West,Mumbai,PROD-0102,Asus ROG Zephyrus,Electronics,Laptops,3,134999,0.2,323997.6,101090.8,Cash On Delivery,6,No,0.0
ORD-10184,31-01-2025,CUST-0409,Aarav Reddy,West,Mumbai,PROD-0105,Crocs Classic Clog,Fashion,Footwear,2,2999,0.0,5998.0,2496.96,UPI,2,No,0.0
ORD-10185,26-05-2025,CUST-0040,Swati Yadav,Central,Nagpur,PROD-0103,Kindle Paperwhite,Electronics,Tablets,3,14999,0.0,44997.0,14776.58,Net-Banking,7,No,0.0
ORD-10185,26-05-2025,CUST-0040,Swati Yadav,Central,Nagpur,PROD-0001,iPhone 15 Pro,Electronics,Smartphones,1,89999,0.0,89999.0,49150.94,Gpay,3,No,0.0
ORD-10185,26-05-2025,CUST-0040,Swati Yadav,Central,Nagpur,PROD-0105,Crocs Classic Clog,Fashion,Footwear,3,2999,0.0,8997.0,2984.36,Gpay,2,No,0.0
ORD-10186,11-02-2025,CUST-0003,Arun Bhat,East,Kolkata,PROD-0104,Under Armour Hoodie,Fashion,Men Clothing,1,4299,0.0,4299.0,1347.55,Cash On Delivery,11,No,0.0
ORD-10187,02-03-2025,CUST-0355,Nikhil Reddy,North,Lucknow,PROD-0107,Instant Pot Duo,Home & Kitchen,Appliances,1,8999,0.1,8099.1,3439.1,Cash On Delivery,5,No,0.0
ORD-10188,25-02-2025,CUST-0359,Arun Kumar,West,Mumbai,PROD-0102,Asus ROG Zephyrus,Electronics,Laptops,2,134999,0.0,269998.0,103320.78,Cash On Delivery,4,No,0.0
ORD-10189,18-03-2025,CUST-0065,Karan Pillai,Central,Indore,PROD-0031,Prestige Mixer,Home & Kitchen,Appliances,2,4599,0.0,9198.0,3478.79,Net-Banking,7,No,0.0
ORD-10190,02-05-2025,CUST-0047,Deepak Reddy,Central,Indore,PROD-0061,Cetaphil Moisturizer,Health & Beauty,Skincare,3,799,0.0,2397.0,1060.97,UPI,3,No,0.0
ORD-10191,11-01-2025,CUST-0326,Sneha Patel,North,Chandigarh,PROD-0016,Levi's 501 Jeans,Fashion,Men Clothing,2,3499,0.2,5598.4,2678.96,Gpay,8,No,0.0
ORD-10192,02-02-2025,CUST-0376,Raj Singh,Central,Bhopal,PROD-0108,Bosch Drill Machine,Home & Kitchen,Appliances,2,5499,0.0,10998.0,3353.69,UPI,2,No,0.0
ORD-10193,16-02-2025,CUST-0076,Sakshi Bhat,South,Bangalore,PROD-0106,Casio G-Shock,Fashion,Accessories,1,9999,0.1,8999.1,3869.7,Net-Banking,12,No,0.0
ORD-10194,07-03-2025,CUST-0356,Aarav Verma,North,Chandigarh,PROD-0104,Under Armour Hoodie,Fashion,Men Clothing,2,4299,0.0,8598.0,3841.2,Debit,3,No,0.0
ORD-10195,15-02-2025,CUST-0325,Raj Kumar,West,Mumbai,PROD-0007,Sony WH-1000XM5,Electronics,Headphones,2,24990,0.05,47481.0,20573.78,Visa,1,No,0.0
ORD-10195,15-02-2025,CUST-0325,Raj Kumar,West,Mumbai,PROD-0102,Asus ROG Zephyrus,Electronics,Laptops,1,134999,0.15,114749.15,57479.04,Cash On Delivery,8,No,0.0
ORD-10196,10-02-2025,CUST-0327,Ananya Das,South,Chennai,PROD-0003,MacBook Air M3,Electronics,Laptops,1,99999,0.0,99999.0,43025.45,Cash On Delivery,12,No,0.0
ORD-10196,10-02-2025,CUST-0327,Ananya Das,South,Chennai,PROD-0104,Under Armour Hoodie,Fashion,Men Clothing,1,4299,0.2,3439.2,1348.07,Cash On Delivery,3,No,0.0
ORD-10197,24-04-2025,CUST-0306,Swati Nair,East,Patna,PROD-0102,Asus ROG Zephyrus,Electronics,Laptops,1,134999,0.05,128249.05,67438.53,Gpay,9,No,0.0
ORD-10198,25-03-2025,CUST-0302,Siddharth Das,Central,Bhopal,PROD-0017,Nike Air Force 1,Fashion,Footwear,2,7999,0.0,15998.0,8557.6,Debit,8,No,0.0
ORD-10199,19-03-2025,CUST-0069,Neha Reddy,North,Lucknow,PROD-0107,Instant Pot Duo,Home & Kitchen,Appliances,2,8999,0.05,17098.1,7954.08,Cash On Delivery,6,No,0.0
ORD-10200,04-03-2025,CUST-0388,Ishita Pillai,East,Bhubaneswar,PROD-0105,Crocs Classic Clog,Fashion,Footwear,1,2999,0.0,2999.0,933.62,UPI,8,No,0.0
ORD-10201,29-05-2025,CUST-0063,Dev Gupta,East,Kolkata,PROD-0105,Crocs Classic Clog,Fashion,Footwear,2,2999,0.0,5998.0,3290.33,Gpay,6,No,0.0
ORD-10202,24-01-2025,CUST-0070,Amit Singh,East,Kolkata,PROD-0107,Instant Pot Duo,Home & Kitchen,Appliances,1,8999,0.0,8999.0,3259.41,Visa,3,No,0.0
ORD-10202,24-01-2025,CUST-0070,Amit Singh,East,Kolkata,PROD-0007,Sony WH-1000XM5,Electronics,Headphones,1,24990,0.05,23740.5,7355.12,Debit,2,No,0.0
ORD-10202,24-01-2025,CUST-0070,Amit Singh,East,Kolkata,PROD-0109,Thinking Fast and Slow,Books & Stationery,Non-Fiction,2,499,0.1,898.2,415.45,Net-Banking,2,No,379.37
ORD-10202,24-01-2025,CUST-0070,Amit Singh,East,Kolkata,PROD-0017,Nike Air Force 1,Fashion,Footwear,2,7999,0.0,15998.0,8110.7,Net-Banking,5,No,0.0
ORD-10203,05-05-2025,CUST-0331,Varun Reddy,Central,Raipur,PROD-0111,Dumbbell Set 20kg,Health & Beauty,Fitness,1,3499,0.05,3324.05,1210.76,Gpay,10,No,0.0
ORD-10204,23-04-2025,CUST-0386,Krishna Verma,South,Bangalore,PROD-0046,Atomic Habits,Books & Stationery,Non-Fiction,2,399,0.0,798.0,384.39,Debit,5,No,356.28
ORD-10205,08-04-2025,CUST-0370,Aarav Roy,Central,Raipur,PROD-0105,Crocs Classic Clog,Fashion,Footwear,3,2999,0.0,8997.0,4748.25,Visa,5,No,0.0
ORD-10206,10-03-2025,CUST-0073,Karan Agarwal,East,Patna,PROD-0061,Cetaphil Moisturizer,Health & Beauty,Skincare,1,799,0.0,799.0,261.1,Cash On Delivery,2,No,295.95
ORD-10206,10-03-2025,CUST-0073,Karan Agarwal,East,Patna,PROD-0109,Thinking Fast and Slow,Books & Stationery,Non-Fiction,3,499,0.0,1497.0,712.87,UPI,4,No,99.18
ORD-10206,10-03-2025,CUST-0073,Karan Agarwal,East,Patna,PROD-0046,Atomic Habits,Books & Stationery,Non-Fiction,3,399,0.15,1017.45,354.45,Cash On Delivery,3,No,159.12
ORD-10207,21-05-2025,CUST-0359,Arun Kumar,West,Mumbai,PROD-0111,Dumbbell Set 20kg,Health & Beauty,Fitness,2,3499,0.05,6648.1,2974.18,Cash On Delivery,7,No,0.0
ORD-10207,21-05-2025,CUST-0359,Arun Kumar,West,Mumbai,PROD-0046,Atomic Habits,Books & Stationery,Non-Fiction,1,399,0.05,379.05,172.56,Gpay,11,No,360.45
ORD-10207,21-05-2025,CUST-0359,Arun Kumar,West,Mumbai,PROD-0103,Kindle Paperwhite,Electronics,Tablets,3,14999,0.0,44997.0,17496.42,Net-Banking,3,No,0.0
ORD-10208,28-01-2025,CUST-0365,Mohit Iyer,East,Patna,PROD-0104,Under Armour Hoodie,Fashion,Men Clothing,2,4299,0.0,8598.0,3673.76,Debit,3,No,0.0
ORD-10208,28-01-2025,CUST-0365,Mohit Iyer,East,Patna,PROD-0101,Samsung Galaxy Buds3,Electronics,Headphones,3,12999,0.0,38997.0,11704.22,Cash On Delivery,8,No,0.0
ORD-10209,14-03-2025,CUST-0059,Nisha Yadav,Central,Bhopal,PROD-0017,Nike Air Force 1,Fashion,Footwear,1,7999,0.1,7199.1,3953.46,Visa,3,No,0.0
ORD-10210,24-05-2025,CUST-0384,Amit Das,Central,Bhopal,PROD-0101,Samsung Galaxy Buds3,Electronics,Headphones,3,12999,0.05,37047.15,11335.32,Gpay,8,No,0.0
ORD-10211,07-04-2025,CUST-0371,Priya Sharma,Central,Raipur,PROD-0101,Samsung Galaxy Buds3,Electronics,Headphones,2,12999,0.0,25998.0,12619.36,Visa,4,No,0.0
ORD-10212,28-05-2025,CUST-0305,Nikhil Patel,East,Ranchi,PROD-0104,Under Armour Hoodie,Fashion,Men Clothing,1,4299,0.0,4299.0,1336.23,Gpay,9,No,0.0
ORD-10213,14-02-2025,CUST-0037,Vikram Pillai,East,Patna,PROD-0016,Levi's 501 Jeans,Fashion,Men Clothing,2,3499,0.0,6998.0,2908.17,Visa,6,No,0.0
ORD-10213,14-02-2025,CUST-0037,Vikram Pillai,East,Patna,PROD-0101,Samsung Galaxy Buds3,Electronics,Headphones,2,12999,0.0,25998.0,9303.42,UPI,3,Yes,0.0
ORD-10214,19-04-2025,CUST-0382,Akash Verma,Central,Raipur,PROD-0104,Under Armour Hoodie,Fashion,Men Clothing,2,4299,0.0,8598.0,3953.54,UPI,6,No,0.0
ORD-10214,19-04-2025,CUST-0382,Akash Verma,Central,Raipur,PROD-0112,Protein Shaker Bottle,Health & Beauty,Fitness,3,499,0.15,1272.45,571.26,Cash On Delivery,4,No,58.31
ORD-10215,04-01-2025,CUST-0346,Varun Singh,Central,Raipur,PROD-0103,Kindle Paperwhite,Electronics,Tablets,1,14999,0.1,13499.1,5304.21,Debit,2,No,0.0
ORD-10215,04-01-2025,CUST-0346,Varun Singh,Central,Raipur,PROD-0061,Cetaphil Moisturizer,Health & Beauty,Skincare,3,799,0.1,2157.3,881.49,UPI,5,No,0.0
ORD-10215,04-01-2025,CUST-0346,Varun Singh,Central,Raipur,PROD-0110,The Psychology of Money,Books & Stationery,Non-Fiction,2,349,0.0,698.0,319.93,Visa,12,No,230.3
ORD-10215,04-01-2025,CUST-0346,Varun Singh,Central,Raipur,PROD-0112,Protein Shaker Bottle,Health & Beauty,Fitness,2,499,0.2,798.4,282.11,Debit,8,No,157.5
ORD-10216,16-01-2025,CUST-0400,Nisha Verma,South,Chennai,PROD-0102,Asus ROG Zephyrus,Electronics,Laptops,1,134999,0.15,114749.15,49086.9,UPI,12,No,0.0
ORD-10217,09-01-2025,CUST-0305,Nikhil Patel,East,Ranchi,PROD-0107,Instant Pot Duo,Home & Kitchen,Appliances,2,8999,0.2,14398.4,5354.68,Cash On Delivery,3,No,0.0
ORD-10217,09-01-2025,CUST-0305,Nikhil Patel,East,Ranchi,PROD-0061,Cetaphil Moisturizer,Health & Beauty,Skincare,3,799,0.1,2157.3,1172.61,Debit,12,No,0.0
ORD-10217,09-01-2025,CUST-0305,Nikhil Patel,East,Ranchi,PROD-0109,Thinking Fast and Slow,Books & Stationery,Non-Fiction,3,499,0.15,1272.45,572.7,Gpay,10,No,277.37
ORD-10218,13-02-2025,CUST-0395,Varun Kumar,North,Delhi,PROD-0111,Dumbbell Set 20kg,Health & Beauty,Fitness,1,3499,0.0,3499.0,1393.78,UPI,5,No,0.0
ORD-10219,22-02-2025,CUST-0014,Ishita Patel,Central,Bhopal,PROD-0109,Thinking Fast and Slow,Books & Stationery,Non-Fiction,3,499,0.0,1497.0,781.03,Debit,12,No,288.68
ORD-10219,22-02-2025,CUST-0014,Ishita Patel,Central,Bhopal,PROD-0107,Instant Pot Duo,Home & Kitchen,Appliances,3,8999,0.2,21597.6,8058.73,Debit,6,No,0.0
ORD-10219,22-02-2025,CUST-0014,Ishita Patel,Central,Bhopal,PROD-0112,Protein Shaker Bottle,Health & Beauty,Fitness,3,499,0.0,1497.0,545.42,UPI,8,No,385.78
ORD-10219,22-02-2025,CUST-0014,Ishita Patel,Central,Bhopal,PROD-0102,Asus ROG Zephyrus,Electronics,Laptops,1,134999,0.05,128249.05,53078.98,Gpay,2,No,0.0
ORD-10220,18-04-2025,CUST-0357,Krishna Das,South,Chennai,PROD-0031,Prestige Mixer,Home & Kitchen,Appliances,1,4599,0.0,4599.0,1610.84,Cash On Delivery,5,No,0.0
ORD-10221,16-04-2025,CUST-0377,Vivaan Reddy,East,Bhubaneswar,PROD-0007,Sony WH-1000XM5,Electronics,Headphones,1,24990,0.05,23740.5,12356.7,Visa,9,No,0.0
ORD-10222,26-04-2025,CUST-0411,Krishna Pillai,South,Kochi,PROD-0031,Prestige Mixer,Home & Kitchen,Appliances,2,4599,0.15,7818.3,2788.08,UPI,10,No,0.0
ORD-10223,26-05-2025,CUST-0039,Dev Das,Central,Raipur,PROD-0104,Under Armour Hoodie,Fashion,Men Clothing,3,4299,0.2,10317.6,4663.09,Cash On Delivery,12,No,0.0
ORD-10224,15-03-2025,CUST-0017,Swati Sharma,East,Ranchi,PROD-0111,Dumbbell Set 20kg,Health & Beauty,Fitness,3,3499,0.0,10497.0,4874.54,Cash On Delivery,4,No,0.0
ORD-10224,15-03-2025,CUST-0017,Swati Sharma,East,Ranchi,PROD-0104,Under Armour Hoodie,Fashion,Men Clothing,1,4299,0.05,4084.05,1324.46,Cash On Delivery,6,Yes,0.0
ORD-10224,15-03-2025,CUST-0017,Swati Sharma,East,Ranchi,PROD-0101,Samsung Galaxy Buds3,Electronics,Headphones,2,12999,0.1,23398.2,10614.24,Gpay,2,No,0.0
ORD-10225,08-01-2025,CUST-0054,Krishna Yadav,South,Kochi,PROD-0102,Asus ROG Zephyrus,Electronics,Laptops,2,134999,0.0,269998.0,118108.59,Net-Banking,6,No,0.0
ORD-10225,08-01-2025,CUST-0054,Krishna Yadav,South,Kochi,PROD-0104,Under Armour Hoodie,Fashion,Men Clothing,2,4299,0.1,7738.2,3211.3,Gpay,12,No,0.0
ORD-10225,08-01-2025,CUST-0054,Krishna Yadav,South,Kochi,PROD-0046,Atomic Habits,Books & Stationery,Non-Fiction,2,399,0.0,798.0,358.69,UPI,3,No,342.87
ORD-10225,08-01-2025,CUST-0054,Krishna Yadav,South,Kochi,PROD-0001,iPhone 15 Pro,Electronics,Smartphones,2,89999,0.2,143998.4,65550.05,Visa,4,No,0.0
ORD-10226,30-03-2025,CUST-0333,Akash Singh,South,Kochi,PROD-0112,Protein Shaker Bottle,Health & Beauty,Fitness,1,499,0.0,499.0,238.12,Net-Banking,9,No,141.77
ORD-10227,27-02-2025,CUST-0360,Divya Das,East,Bhubaneswar,PROD-0108,Bosch Drill Machine,Home & Kitchen,Appliances,1,5499,0.0,5499.0,2678.7,Gpay,10,No,0.0
ORD-10228,26-03-2025,CUST-0383,Akash Mehta,South,Chennai,PROD-0003,MacBook Air M3,Electronics,Laptops,2,99999,0.2,159998.4,65172.65,Cash On Delivery,7,No,0.0
ORD-10228,26-03-2025,CUST-0383,Akash Mehta,South,Chennai,PROD-0016,Levi's 501 Jeans,Fashion,Men Clothing,1,3499,0.2,2799.2,948.89,Gpay,12,No,0.0
ORD-10229,02-02-2025,CUST-0345,Deepak Yadav,South,Bangalore,PROD-0003,MacBook Air M3,Electronics,Laptops,3,99999,0.0,299997.0,112863.0,Cash On Delivery,2,No,0.0
ORD-10230,31-03-2025,CUST-0322,Nisha Bhat,South,Chennai,PROD-0111,Dumbbell Set 20kg,Health & Beauty,Fitness,1,3499,0.0,3499.0,1845.99,UPI,3,No,0.0
ORD-10231,27-04-2025,CUST-0332,Vivaan Mehta,North,Lucknow,PROD-0031,Prestige Mixer,Home & Kitchen,Appliances,1,4599,0.1,4139.1,1364.93,Cash On Delivery,9,No,0.0
ORD-10231,27-04-2025,CUST-0332,Vivaan Mehta,North,Lucknow,PROD-0017,Nike Air Force 1,Fashion,Footwear,2,7999,0.15,13598.3,4888.31,Visa,5,No,0.0
ORD-10231,27-04-2025,CUST-0332,Vivaan Mehta,North,Lucknow,PROD-0107,Instant Pot Duo,Home & Kitchen,Appliances,3,8999,0.0,26997.0,13468.77,UPI,12,No,0.0
ORD-10232,16-04-2025,CUST-0390,Sneha Reddy,East,Patna,PROD-0001,iPhone 15 Pro,Electronics,Smartphones,1,89999,0.0,89999.0,28182.32,Gpay,12,No,0.0
ORD-10233,27-05-2025,CUST-0409,Aarav Reddy,West,Mumbai,PROD-0102,Asus ROG Zephyrus,Electronics,Laptops,1,134999,0.0,134999.0,51576.72,Debit,3,No,0.0
ORD-10234,23-01-2025,CUST-0071,Krishna Gupta,South,Bangalore,PROD-0107,Instant Pot Duo,Home & Kitchen,Appliances,1,8999,0.0,8999.0,2893.11,Debit,11,No,0.0
ORD-10234,23-01-2025,CUST-0071,Krishna Gupta,South,Bangalore,PROD-0017,Nike Air Force 1,Fashion,Footwear,1,7999,0.0,7999.0,2563.18,Net-Banking,2,No,0.0
ORD-10234,23-01-2025,CUST-0071,Krishna Gupta,South,Bangalore,PROD-0102,Asus ROG Zephyrus,Electronics,Laptops,2,134999,0.0,269998.0,142662.86,Visa,9,No,0.0
ORD-10235,09-03-2025,CUST-0043,Varun Verma,South,Chennai,PROD-0003,MacBook Air M3,Electronics,Laptops,1,99999,0.0,99999.0,32368.53,Cash On Delivery,5,No,0.0
ORD-10235,09-03-2025,CUST-0043,Varun Verma,South,Chennai,PROD-0103,Kindle Paperwhite,Electronics,Tablets,3,14999,0.1,40497.3,21263.15,Cash On Delivery,1,No,0.0
ORD-10235,09-03-2025,CUST-0043,Varun Verma,South,Chennai,PROD-0111,Dumbbell Set 20kg,Health & Beauty,Fitness,1,3499,0.0,3499.0,1742.34,Gpay,2,No,0.0
ORD-10235,09-03-2025,CUST-0043,Varun Verma,South,Chennai,PROD-0017,Nike Air Force 1,Fashion,Footwear,2,7999,0.0,15998.0,4883.25,Visa,11,No,0.0
ORD-10236,22-01-2025,CUST-0379,Varun Mishra,West,Ahmedabad,PROD-0061,Cetaphil Moisturizer,Health & Beauty,Skincare,3,799,0.0,2397.0,836.36,UPI,4,No,0.0
ORD-10237,25-02-2025,CUST-0320,Krishna Mishra,South,Chennai,PROD-0031,Prestige Mixer,Home & Kitchen,Appliances,3,4599,0.0,13797.0,4460.78,Visa,2,No,0.0
ORD-10237,25-02-2025,CUST-0320,Krishna Mishra,South,Chennai,PROD-0001,iPhone 15 Pro,Electronics,Smartphones,2,89999,0.0,179998.0,62505.69,UPI,9,No,0.0
ORD-10238,13-05-2025,CUST-0349,Amit Kumar,Central,Indore,PROD-0112,Protein Shaker Bottle,Health & Beauty,Fitness,3,499,0.1,1347.3,550.54,Gpay,5,No,164.31
ORD-10239,31-05-2025,CUST-0368,Rahul Agarwal,Central,Bhopal,PROD-0001,iPhone 15 Pro,Electronics,Smartphones,3,89999,0.15,229497.45,79313.4,Cash On Delivery,12,No,0.0
ORD-10240,04-05-2025,CUST-0377,Vivaan Reddy,East,Bhubaneswar,PROD-0103,Kindle Paperwhite,Electronics,Tablets,2,14999,0.2,23998.4,8858.03,Cash On Delivery,8,No,0.0
ORD-10240,04-05-2025,CUST-0377,Vivaan Reddy,East,Bhubaneswar,PROD-0017,Nike Air Force 1,Fashion,Footwear,2,7999,0.0,15998.0,6636.43,Cash On Delivery,11,No,0.0
ORD-10240,04-05-2025,CUST-0377,Vivaan Reddy,East,Bhubaneswar,PROD-0105,Crocs Classic Clog,Fashion,Footwear,3,2999,0.15,7647.45,3210.39,UPI,4,No,0.0
ORD-10241,13-03-2025,CUST-0005,Priyanka Reddy,Central,Indore,PROD-0061,Cetaphil Moisturizer,Health & Beauty,Skincare,1,799,0.2,639.2,275.66,Debit,4,No,232.09
ORD-10242,30-03-2025,CUST-0339,Priya Mehta,West,Surat,PROD-0111,Dumbbell Set 20kg,Health & Beauty,Fitness,2,3499,0.2,5598.4,2457.55,Cash On Delivery,10,No,0.0
ORD-10242,30-03-2025,CUST-0339,Priya Mehta,West,Surat,PROD-0110,The Psychology of Money,Books & Stationery,Non-Fiction,2,349,0.0,698.0,324.25,Debit,12,No,104.56
ORD-10243,14-05-2025,CUST-0080,Nikhil Choudhury,East,Kolkata,PROD-0017,Nike Air Force 1,Fashion,Footwear,2,7999,0.2,12798.4,4695.73,UPI,3,No,0.0
ORD-10244,03-03-2025,CUST-0318,Suresh Mishra,South,Chennai,PROD-0106,Casio G-Shock,Fashion,Accessories,1,9999,0.0,9999.0,5245.2,UPI,1,No,0.0
ORD-10244,03-03-2025,CUST-0318,Suresh Mishra,South,Chennai,PROD-0104,Under Armour Hoodie,Fashion,Men Clothing,2,4299,0.0,8598.0,4112.99,UPI,5,No,0.0
ORD-10244,03-03-2025,CUST-0318,Suresh Mishra,South,Chennai,PROD-0107,Instant Pot Duo,Home & Kitchen,Appliances,2,8999,0.0,17998.0,6994.56,Debit,4,No,0.0
ORD-10244,03-03-2025,CUST-0318,Suresh Mishra,South,Chennai,PROD-0031,Prestige Mixer,Home & Kitchen,Appliances,2,4599,0.0,9198.0,4885.03,Cash On Delivery,11,No,0.0
ORD-10245,03-04-2025,CUST-0020,Amit Shah,East,Patna,PROD-0106,Casio G-Shock,Fashion,Accessories,1,9999,0.0,9999.0,3281.67,Cash On Delivery,2,No,0.0
ORD-10246,26-01-2025,CUST-0366,Siddharth Gupta,West,Pune,PROD-0112,Protein Shaker Bottle,Health & Beauty,Fitness,3,499,0.0,1497.0,453.09,Net-Banking,6,No,250.2
ORD-10247,05-03-2025,CUST-0310,Suresh Kumar,South,Kochi,PROD-0112,Protein Shaker Bottle,Health & Beauty,Fitness,3,499,0.05,1422.15,781.7,Visa,8,No,397.37
ORD-10248,22-03-2025,CUST-0333,Akash Singh,South,Kochi,PROD-0110,The Psychology of Money,Books & Stationery,Non-Fiction,1,349,0.0,349.0,155.1,Gpay,9,No,71.26
ORD-10248,22-03-2025,CUST-0333,Akash Singh,South,Kochi,PROD-0108,Bosch Drill Machine,Home & Kitchen,Appliances,3,5499,0.0,16497.0,7875.57,Net-Banking,12,No,0.0
ORD-10249,30-03-2025,CUST-0300,Riya Sharma,Central,Indore,PROD-0103,Kindle Paperwhite,Electronics,Tablets,2,14999,0.0,29998.0,14472.86,UPI,11,No,0.0
ORD-10250,06-04-2025,CUST-0341,Rahul Kumar,East,Bhubaneswar,PROD-0109,Thinking Fast and Slow,Books & Stationery,Non-Fiction,2,499,0.0,998.0,321.13,UPI,2,No,47.45
ORD-10251,23-03-2025,CUST-0387,Amit Roy,North,Chandigarh,PROD-0102,Asus ROG Zephyrus,Electronics,Laptops,3,134999,0.1,364497.3,144141.02,Debit,4,No,0.0
ORD-10252,26-04-2025,CUST-0026,Karan Iyer,West,Mumbai,PROD-0112,Protein Shaker Bottle,Health & Beauty,Fitness,1,499,0.0,499.0,229.17,Cash On Delivery,7,No,224.83
ORD-10252,26-04-2025,CUST-0026,Karan Iyer,West,Mumbai,PROD-0107,Instant Pot Duo,Home & Kitchen,Appliances,1,8999,0.0,8999.0,4324.67,Debit,6,No,0.0
ORD-10252,26-04-2025,CUST-0026,Karan Iyer,West,Mumbai,PROD-0016,Levi's 501 Jeans,Fashion,Men Clothing,2,3499,0.0,6998.0,2800.19,Gpay,11,No,0.0
ORD-10252,26-04-2025,CUST-0026,Karan Iyer,West,Mumbai,PROD-0109,Thinking Fast and Slow,Books & Stationery,Non-Fiction,1,499,0.0,499.0,229.77,Gpay,4,No,360.94
ORD-10253,04-05-2025,CUST-0400,Nisha Verma,South,Chennai,PROD-0017,Nike Air Force 1,Fashion,Footwear,1,7999,0.1,7199.1,2317.55,Cash On Delivery,4,No,0.0
ORD-10254,12-05-2025,CUST-0061,Aarav Choudhury,East,Bhubaneswar,PROD-0103,Kindle Paperwhite,Electronics,Tablets,1,14999,0.0,14999.0,7003.03,Cash On Delivery,1,No,0.0
ORD-10255,11-05-2025,CUST-0311,Suresh Sharma,North,Lucknow,PROD-0016,Levi's 501 Jeans,Fashion,Men Clothing,3,3499,0.0,10497.0,4880.33,Gpay,11,No,0.0
ORD-10255,11-05-2025,CUST-0311,Suresh Sharma,North,Lucknow,PROD-0102,Asus ROG Zephyrus,Electronics,Laptops,3,134999,0.2,323997.6,126061.06,Gpay,2,No,0.0
ORD-10255,11-05-2025,CUST-0311,Suresh Sharma,North,Lucknow,PROD-0104,Under Armour Hoodie,Fashion,Men Clothing,2,4299,0.0,8598.0,2955.41,Cash On Delivery,11,No,0.0
ORD-10255,11-05-2025,CUST-0311,Suresh Sharma,North,Lucknow,PROD-0017,Nike Air Force 1,Fashion,Footwear,2,7999,0.05,15198.1,6566.56,Net-Banking,6,No,0.0
ORD-10256,20-05-2025,CUST-0069,Neha Reddy,North,Lucknow,PROD-0110,The Psychology of Money,Books & Stationery,Non-Fiction,2,349,0.2,558.4,169.5,Cash On Delivery,10,No,175.85
ORD-10257,11-01-2025,CUST-0006,Meera Gupta,West,Surat,PROD-0016,Levi's 501 Jeans,Fashion,Men Clothing,3,3499,0.05,9972.15,3163.81,Cash On Delivery,1,No,0.0
ORD-10258,05-03-2025,CUST-0019,Ananya Reddy,South,Kochi,PROD-0031,Prestige Mixer,Home & Kitchen,Appliances,2,4599,0.0,9198.0,4181.3,Gpay,11,No,0.0
ORD-10258,05-03-2025,CUST-0019,Ananya Reddy,South,Kochi,PROD-0108,Bosch Drill Machine,Home & Kitchen,Appliances,2,5499,0.05,10448.1,3705.21,Net-Banking,6,No,0.0
ORD-10258,05-03-2025,CUST-0019,Ananya Reddy,South,Kochi,PROD-0106,Casio G-Shock,Fashion,Accessories,2,9999,0.15,16998.3,8335.25,Gpay,9,No,0.0
ORD-10258,05-03-2025,CUST-0019,Ananya Reddy,South,Kochi,PROD-0104,Under Armour Hoodie,Fashion,Men Clothing,1,4299,0.2,3439.2,1150.86,Gpay,5,No,0.0
ORD-10259,30-05-2025,CUST-0027,Ishita Singh,East,Bhubaneswar,PROD-0102,Asus ROG Zephyrus,Electronics,Laptops,3,134999,0.1,364497.3,170976.62,Cash On Delivery,7,No,0.0
ORD-10259,30-05-2025,CUST-0027,Ishita Singh,East,Bhubaneswar,PROD-0003,MacBook Air M3,Electronics,Laptops,2,99999,0.0,199998.0,66794.06,Debit,4,No,0.0
ORD-10259,30-05-2025,CUST-0027,Ishita Singh,East,Bhubaneswar,PROD-0001,iPhone 15 Pro,Electronics,Smartphones,1,89999,0.05,85499.05,33536.35,Debit,3,No,0.0
ORD-10259,30-05-2025,CUST-0027,Ishita Singh,East,Bhubaneswar,PROD-0031,Prestige Mixer,Home & Kitchen,Appliances,2,4599,0.05,8738.1,4262.66,UPI,4,No,0.0
ORD-10260,01-02-2025,CUST-0300,Riya Sharma,Central,Indore,PROD-0103,Kindle Paperwhite,Electronics,Tablets,1,14999,0.0,14999.0,7705.55,Cash On Delivery,1,No,0.0
ORD-10261,11-03-2025,CUST-0010,Meera Mehta,West,Mumbai,PROD-0106,Casio G-Shock,Fashion,Accessories,1,9999,0.0,9999.0,4259.22,Debit,11,No,0.0
ORD-10262,25-03-2025,CUST-0011,Divya Reddy,West,Surat,PROD-0103,Kindle Paperwhite,Electronics,Tablets,2,14999,0.1,26998.2,8294.02,UPI,1,No,0.0
ORD-10263,20-01-2025,CUST-0392,Sneha Pillai,West,Surat,PROD-0112,Protein Shaker Bottle,Health & Beauty,Fitness,3,499,0.1,1347.3,423.15,Debit,11,No,59.65
ORD-10263,20-01-2025,CUST-0392,Sneha Pillai,West,Surat,PROD-0104,Under Armour Hoodie,Fashion,Men Clothing,1,4299,0.0,4299.0,2121.86,Gpay,10,No,0.0
ORD-10263,20-01-2025,CUST-0392,Sneha Pillai,West,Surat,PROD-0001,iPhone 15 Pro,Electronics,Smartphones,1,89999,0.2,71999.2,25449.79,UPI,7,No,0.0
ORD-10264,31-01-2025,CUST-0375,Varun Das,South,Chennai,PROD-0104,Under Armour Hoodie,Fashion,Men Clothing,2,4299,0.15,7308.3,3156.88,Net-Banking,3,No,0.0
ORD-10265,17-02-2025,CUST-0040,Swati Yadav,Central,Nagpur,PROD-0112,Protein Shaker Bottle,Health & Beauty,Fitness,1,499,0.0,499.0,232.97,Visa,7,No,171.89
ORD-10266,10-01-2025,CUST-0407,Aarav Reddy,North,Delhi,PROD-0017,Nike Air Force 1,Fashion,Footwear,1,7999,0.0,7999.0,3381.1,Net-Banking,6,No,0.0
ORD-10266,10-01-2025,CUST-0407,Aarav Reddy,North,Delhi,PROD-0101,Samsung Galaxy Buds3,Electronics,Headphones,2,12999,0.0,25998.0,13711.71,Debit,6,No,0.0
ORD-10266,10-01-2025,CUST-0407,Aarav Reddy,North,Delhi,PROD-0105,Crocs Classic Clog,Fashion,Footwear,1,2999,0.0,2999.0,1181.31,Visa,7,No,0.0
ORD-10266,10-01-2025,CUST-0407,Aarav Reddy,North,Delhi,PROD-0061,Cetaphil Moisturizer,Health & Beauty,Skincare,1,799,0.0,799.0,409.92,Gpay,9,No,389.78
ORD-10267,26-04-2025,CUST-0313,Ishita Choudhury,East,Ranchi,PROD-0101,Samsung Galaxy Buds3,Electronics,Headphones,3,12999,0.05,37047.15,16049.46,Net-Banking,12,No,0.0
ORD-10268,14-05-2025,CUST-0384,Amit Das,Central,Bhopal,PROD-0061,Cetaphil Moisturizer,Health & Beauty,Skincare,2,799,0.1,1438.2,693.96,Cash On Delivery,4,No,149.77
ORD-10268,14-05-2025,CUST-0384,Amit Das,Central,Bhopal,PROD-0101,Samsung Galaxy Buds3,Electronics,Headphones,1,12999,0.0,12999.0,6624.54,Cash On Delivery,3,No,0.0
ORD-10268,14-05-2025,CUST-0384,Amit Das,Central,Bhopal,PROD-0108,Bosch Drill Machine,Home & Kitchen,Appliances,3,5499,0.0,16497.0,8201.38,Gpay,10,No,0.0
ORD-10268,14-05-2025,CUST-0384,Amit Das,Central,Bhopal,PROD-0016,Levi's 501 Jeans,Fashion,Men Clothing,1,3499,0.15,2974.15,1003.91,Net-Banking,7,No,0.0
ORD-10269,06-01-2025,CUST-0069,Neha Reddy,North,Lucknow,PROD-0112,Protein Shaker Bottle,Health & Beauty,Fitness,2,499,0.15,848.3,279.87,Gpay,6,No,58.74
ORD-10270,23-01-2025,CUST-0378,Shreya Bhat,West,Mumbai,PROD-0111,Dumbbell Set 20kg,Health & Beauty,Fitness,1,3499,0.1,3149.1,1211.23,Net-Banking,3,Yes,0.0
ORD-10271,17-03-2025,CUST-0063,Dev Gupta,East,Kolkata,PROD-0061,Cetaphil Moisturizer,Health & Beauty,Skincare,2,799,0.0,1598.0,686.11,Visa,9,No,395.83
ORD-10272,03-01-2025,CUST-0026,Karan Iyer,West,Mumbai,PROD-0001,iPhone 15 Pro,Electronics,Smartphones,2,89999,0.0,179998.0,87139.0,Gpay,10,No,0.0
ORD-10272,03-01-2025,CUST-0026,Karan Iyer,West,Mumbai,PROD-0108,Bosch Drill Machine,Home & Kitchen,Appliances,3,5499,0.05,15672.15,7299.72,Visa,4,No,0.0
ORD-10272,03-01-2025,CUST-0026,Karan Iyer,West,Mumbai,PROD-0109,Thinking Fast and Slow,Books & Stationery,Non-Fiction,3,499,0.0,1497.0,696.76,Gpay,5,No,270.93
ORD-10272,03-01-2025,CUST-0026,Karan Iyer,West,Mumbai,PROD-0110,The Psychology of Money,Books & Stationery,Non-Fiction,2,349,0.0,698.0,261.37,Cash On Delivery,2,No,248.21
ORD-10273,22-01-2025,CUST-0319,Sneha Agarwal,North,Lucknow,PROD-0031,Prestige Mixer,Home & Kitchen,Appliances,3,4599,0.05,13107.15,5607.2,Net-Banking,3,No,0.0
ORD-10273,22-01-2025,CUST-0319,Sneha Agarwal,North,Lucknow,PROD-0102,Asus ROG Zephyrus,Electronics,Laptops,1,134999,0.0,134999.0,43290.02,Debit,8,No,0.0
ORD-10273,22-01-2025,CUST-0319,Sneha Agarwal,North,Lucknow,PROD-0103,Kindle Paperwhite,Electronics,Tablets,3,14999,0.2,35997.6,18431.91,Net-Banking,9,No,0.0
ORD-10274,18-04-2025,CUST-0060,Shreya Mishra,North,Delhi,PROD-0003,MacBook Air M3,Electronics,Laptops,3,99999,0.15,254997.45,114472.45,Net-Banking,2,No,0.0
ORD-10274,18-04-2025,CUST-0060,Shreya Mishra,North,Delhi,PROD-0110,The Psychology of Money,Books & Stationery,Non-Fiction,3,349,0.0,1047.0,426.07,Gpay,10,No,351.45
ORD-10274,18-04-2025,CUST-0060,Shreya Mishra,North,Delhi,PROD-0101,Samsung Galaxy Buds3,Electronics,Headphones,3,12999,0.0,38997.0,20223.18,Debit,8,No,0.0
ORD-10275,22-02-2025,CUST-0376,Raj Singh,Central,Bhopal,PROD-0061,Cetaphil Moisturizer,Health & Beauty,Skincare,2,799,0.0,1598.0,588.83,Net-Banking,5,No,43.8
ORD-10276,14-05-2025,CUST-0393,Priyanka Shah,East,Bhubaneswar,PROD-0102,Asus ROG Zephyrus,Electronics,Laptops,1,134999,0.05,128249.05,49581.6,Gpay,1,No,0.0
ORD-10277,12-03-2025,CUST-0028,Priyanka Patel,North,Chandigarh,PROD-0110,The Psychology of Money,Books & Stationery,Non-Fiction,3,349,0.0,1047.0,422.0,Gpay,4,Yes,319.02
ORD-10278,27-05-2025,CUST-0395,Varun Kumar,North,Delhi,PROD-0061,Cetaphil Moisturizer,Health & Beauty,Skincare,2,799,0.15,1358.3,549.37,UPI,7,No,244.66
ORD-10279,30-01-2025,CUST-0034,Meera Nair,East,Ranchi,PROD-0001,iPhone 15 Pro,Electronics,Smartphones,2,89999,0.0,179998.0,71596.05,Cash On Delivery,3,No,0.0
ORD-10280,02-05-2025,CUST-0016,Sneha Singh,North,Lucknow,PROD-0112,Protein Shaker Bottle,Health & Beauty,Fitness,2,499,0.0,998.0,326.31,Gpay,9,No,335.95
ORD-10280,02-05-2025,CUST-0016,Sneha Singh,North,Lucknow,PROD-0001,iPhone 15 Pro,Electronics,Smartphones,2,89999,0.0,179998.0,60997.36,Gpay,8,No,0.0
ORD-10280,02-05-2025,CUST-0016,Sneha Singh,North,Lucknow,PROD-0016,Levi's 501 Jeans,Fashion,Men Clothing,1,3499,0.0,3499.0,1867.59,Cash On Delivery,4,No,0.0
ORD-10280,02-05-2025,CUST-0016,Sneha Singh,North,Lucknow,PROD-0003,MacBook Air M3,Electronics,Laptops,3,99999,0.1,269997.3,103433.38,Cash On Delivery,10,No,0.0
ORD-10281,29-01-2025,CUST-0054,Krishna Yadav,South,Kochi,PROD-0110,The Psychology of Money,Books & Stationery,Non-Fiction,2,349,0.2,558.4,228.46,Debit,8,No,333.99
ORD-10281,29-01-2025,CUST-0054,Krishna Yadav,South,Kochi,PROD-0108,Bosch Drill Machine,Home & Kitchen,Appliances,2,5499,0.15,9348.3,3555.29,UPI,3,No,0.0
ORD-10281,29-01-2025,CUST-0054,Krishna Yadav,South,Kochi,PROD-0101,Samsung Galaxy Buds3,Electronics,Headphones,2,12999,0.2,20798.4,11180.27,UPI,7,No,0.0
ORD-10281,29-01-2025,CUST-0054,Krishna Yadav,South,Kochi,PROD-0061,Cetaphil Moisturizer,Health & Beauty,Skincare,2,799,0.2,1278.4,611.29,UPI,1,No,194.63
ORD-10282,04-02-2025,CUST-0043,Varun Verma,South,Chennai,PROD-0107,Instant Pot Duo,Home & Kitchen,Appliances,1,8999,0.05,8549.05,2978.37,Visa,9,No,0.0
ORD-10283,04-03-2025,CUST-0057,Arun Joshi,Central,Raipur,PROD-0046,Atomic Habits,Books & Stationery,Non-Fiction,2,399,0.2,638.4,202.59,Cash On Delivery,2,No,395.3
ORD-10284,24-01-2025,CUST-0050,Priyanka Patel,North,Delhi,PROD-0003,MacBook Air M3,Electronics,Laptops,2,99999,0.0,199998.0,101131.93,Gpay,2,No,0.0
ORD-10284,24-01-2025,CUST-0050,Priyanka Patel,North,Delhi,PROD-0101,Samsung Galaxy Buds3,Electronics,Headphones,2,12999,0.15,22098.3,8249.23,Visa,5,No,0.0
ORD-10284,24-01-2025,CUST-0050,Priyanka Patel,North,Delhi,PROD-0104,Under Armour Hoodie,Fashion,Men Clothing,3,4299,0.0,12897.0,4752.28,Cash On Delivery,4,No,0.0
ORD-10285,05-02-2025,CUST-0055,Neha Joshi,West,Ahmedabad,PROD-0016,Levi's 501 Jeans,Fashion,Men Clothing,2,3499,0.05,6648.1,2918.58,Cash On Delivery,2,No,0.0
ORD-10286,11-05-2025,CUST-0371,Priya Sharma,Central,Raipur,PROD-0017,Nike Air Force 1,Fashion,Footwear,1,7999,0.0,7999.0,3407.23,Debit,11,No,0.0
ORD-10286,11-05-2025,CUST-0371,Priya Sharma,Central,Raipur,PROD-0102,Asus ROG Zephyrus,Electronics,Laptops,1,134999,0.2,107999.2,54993.82,Gpay,5,No,0.0
ORD-10287,28-02-2025,CUST-0309,Meera Nair,North,Chandigarh,PROD-0017,Nike Air Force 1,Fashion,Footwear,3,7999,0.15,20397.45,9195.61,Debit,10,No,0.0
ORD-10288,08-05-2025,CUST-0376,Raj Singh,Central,Bhopal,PROD-0104,Under Armour Hoodie,Fashion,Men Clothing,2,4299,0.15,7308.3,2244.09,Cash On Delivery,1,No,0.0
ORD-10289,26-03-2025,CUST-0303,Sneha Singh,West,Mumbai,PROD-0109,Thinking Fast and Slow,Books & Stationery,Non-Fiction,3,499,0.2,1197.6,495.46,UPI,4,No,306.98
ORD-10290,15-04-2025,CUST-0064,Aditi Patel,West,Ahmedabad,PROD-0001,iPhone 15 Pro,Electronics,Smartphones,2,89999,0.05,170998.1,71452.85,Debit,10,No,0.0
ORD-10291,11-03-2025,CUST-0054,Krishna Yadav,South,Kochi,PROD-0061,Cetaphil Moisturizer,Health & Beauty,Skincare,2,799,0.15,1358.3,702.3,Net-Banking,3,No,196.92
ORD-10292,11-05-2025,CUST-0373,Aarav Reddy,North,Delhi,PROD-0061,Cetaphil Moisturizer,Health & Beauty,Skincare,1,799,0.2,639.2,213.99,Cash On Delivery,12,Yes,360.26
ORD-10293,09-04-2025,CUST-0035,Deepak Singh,East,Ranchi,PROD-0107,Instant Pot Duo,Home & Kitchen,Appliances,1,8999,0.1,8099.1,4395.18,Debit,1,No,0.0
ORD-10294,14-04-2025,CUST-0024,Ishita Joshi,East,Ranchi,PROD-0108,Bosch Drill Machine,Home & Kitchen,Appliances,1,5499,0.0,5499.0,1981.5,Net-Banking,6,No,0.0
ORD-10294,14-04-2025,CUST-0024,Ishita Joshi,East,Ranchi,PROD-0112,Protein Shaker Bottle,Health & Beauty,Fitness,2,499,0.05,948.1,343.97,Debit,8,No,311.03
ORD-10294,14-04-2025,CUST-0024,Ishita Joshi,East,Ranchi,PROD-0103,Kindle Paperwhite,Electronics,Tablets,1,14999,0.15,12749.15,4568.22,Net-Banking,11,No,0.0
ORD-10295,16-03-2025,CUST-0037,Vikram Pillai,East,Patna,PROD-0001,iPhone 15 Pro,Electronics,Smartphones,2,89999,0.0,179998.0,94106.88,Cash On Delivery,10,No,0.0
ORD-10295,16-03-2025,CUST-0037,Vikram Pillai,East,Patna,PROD-0102,Asus ROG Zephyrus,Electronics,Laptops,3,134999,0.0,404997.0,208638.01,UPI,1,No,0.0
ORD-10295,16-03-2025,CUST-0037,Vikram Pillai,East,Patna,PROD-0110,The Psychology of Money,Books & Stationery,Non-Fiction,1,349,0.1,314.1,138.54,Gpay,5,No,182.6
ORD-10296,05-05-2025,CUST-0378,Shreya Bhat,West,Mumbai,PROD-0107,Instant Pot Duo,Home & Kitchen,Appliances,3,8999,0.0,26997.0,12096.46,Net-Banking,4,No,0.0
ORD-10297,26-01-2025,CUST-0348,Sneha Roy,West,Pune,PROD-0108,Bosch Drill Machine,Home & Kitchen,Appliances,3,5499,0.0,16497.0,8718.48,UPI,10,No,0.0
ORD-10297,26-01-2025,CUST-0348,Sneha Roy,West,Pune,PROD-0061,Cetaphil Moisturizer,Health & Beauty,Skincare,2,799,0.0,1598.0,808.58,Debit,2,No,335.6
ORD-10298,10-03-2025,CUST-0373,Aarav Reddy,North,Delhi,PROD-0102,Asus ROG Zephyrus,Electronics,Laptops,3,134999,0.0,404997.0,145771.16,Cash On Delivery,8,No,0.0
ORD-10299,29-05-2025,CUST-0371,Priya Sharma,Central,Raipur,PROD-0108,Bosch Drill Machine,Home & Kitchen,Appliances,2,5499,0.15,9348.3,3427.68,Gpay,11,No,0.0
ORD-10300,20-01-2025,CUST-0077,Arun Kumar,South,Chennai,PROD-0106,Casio G-Shock,Fashion,Accessories,3,9999,0.1,26997.3,14827.74,Cash On Delivery,5,Yes,0.0
ORD-10301,28-04-2025,CUST-0066,Deepak Patel,South,Kochi,PROD-0107,Instant Pot Duo,Home & Kitchen,Appliances,2,8999,0.0,17998.0,7122.2,Net-Banking,12,No,0.0
ORD-10301,28-04-2025,CUST-0066,Deepak Patel,South,Kochi,PROD-0111,Dumbbell Set 20kg,Health & Beauty,Fitness,2,3499,0.0,6998.0,3801.56,UPI,9,No,0.0
ORD-10301,28-04-2025,CUST-0066,Deepak Patel,South,Kochi,PROD-0105,Crocs Classic Clog,Fashion,Footwear,1,2999,0.2,2399.2,915.63,Gpay,4,No,0.0
ORD-10302,19-02-2025,CUST-0352,Ananya Choudhury,North,Delhi,PROD-0107,Instant Pot Duo,Home & Kitchen,Appliances,3,8999,0.05,25647.15,11785.62,Debit,7,No,0.0
ORD-10303,02-05-2025,CUST-0048,Ankita Pillai,West,Ahmedabad,PROD-0101,Samsung Galaxy Buds3,Electronics,Headphones,3,12999,0.15,33147.45,13519.35,UPI,10,No,0.0
ORD-10303,02-05-2025,CUST-0048,Ankita Pillai,West,Ahmedabad,PROD-0112,Protein Shaker Bottle,Health & Beauty,Fitness,1,499,0.15,424.15,187.06,UPI,11,No,285.78
ORD-10303,02-05-2025,CUST-0048,Ankita Pillai,West,Ahmedabad,PROD-0111,Dumbbell Set 20kg,Health & Beauty,Fitness,1,3499,0.1,3149.1,1392.94,UPI,9,No,0.0
ORD-10303,02-05-2025,CUST-0048,Ankita Pillai,West,Ahmedabad,PROD-0003,MacBook Air M3,Electronics,Laptops,3,99999,0.05,284997.15,110670.02,Gpay,10,No,0.0
ORD-10304,12-03-2025,CUST-0371,Priya Sharma,Central,Raipur,PROD-0007,Sony WH-1000XM5,Electronics,Headphones,2,24990,0.0,49980.0,16688.52,Debit,10,No,0.0
ORD-10305,07-03-2025,CUST-0309,Meera Nair,North,Chandigarh,PROD-0016,Levi's 501 Jeans,Fashion,Men Clothing,2,3499,0.1,6298.2,2680.7,Cash On Delivery,9,No,0.0
ORD-10305,07-03-2025,CUST-0309,Meera Nair,North,Chandigarh,PROD-0046,Atomic Habits,Books & Stationery,Non-Fiction,2,399,0.0,798.0,303.6,UPI,12,No,43.02
ORD-10305,07-03-2025,CUST-0309,Meera Nair,North,Chandigarh,PROD-0108,Bosch Drill Machine,Home & Kitchen,Appliances,2,5499,0.15,9348.3,3928.4,Net-Banking,8,No,0.0
ORD-10305,07-03-2025,CUST-0309,Meera Nair,North,Chandigarh,PROD-0101,Samsung Galaxy Buds3,Electronics,Headphones,1,12999,0.0,12999.0,6522.31,Gpay,11,No,0.0
ORD-10306,16-02-2025,CUST-0408,Raj Bhat,West,Surat,PROD-0031,Prestige Mixer,Home & Kitchen,Appliances,1,4599,0.2,3679.2,1800.83,Debit,8,No,0.0
ORD-10306,16-02-2025,CUST-0408,Raj Bhat,West,Surat,PROD-0110,The Psychology of Money,Books & Stationery,Non-Fiction,3,349,0.15,889.95,446.35,Gpay,12,No,299.53
ORD-10307,23-01-2025,CUST-0335,Amit Gupta,South,Bangalore,PROD-0016,Levi's 501 Jeans,Fashion,Men Clothing,3,3499,0.05,9972.15,3136.53,Net-Banking,12,No,0.0
ORD-10308,09-04-2025,CUST-0073,Karan Agarwal,East,Patna,PROD-0001,iPhone 15 Pro,Electronics,Smartphones,1,89999,0.2,71999.2,32292.28,UPI,5,No,0.0
ORD-10308,09-04-2025,CUST-0073,Karan Agarwal,East,Patna,PROD-0046,Atomic Habits,Books & Stationery,Non-Fiction,3,399,0.0,1197.0,369.31,Cash On Delivery,12,No,318.8
ORD-10308,09-04-2025,CUST-0073,Karan Agarwal,East,Patna,PROD-0110,The Psychology of Money,Books & Stationery,Non-Fiction,3,349,0.2,837.6,398.7,Debit,2,No,252.78
ORD-10308,09-04-2025,CUST-0073,Karan Agarwal,East,Patna,PROD-0109,Thinking Fast and Slow,Books & Stationery,Non-Fiction,2,499,0.0,998.0,334.17,Debit,3,No,80.45
ORD-10309,13-01-2025,CUST-0028,Priyanka Patel,North,Chandigarh,PROD-0107,Instant Pot Duo,Home & Kitchen,Appliances,1,8999,0.2,7199.2,2951.6,Debit,1,No,0.0
ORD-10310,22-03-2025,CUST-0309,Meera Nair,North,Chandigarh,PROD-0112,Protein Shaker Bottle,Health & Beauty,Fitness,2,499,0.15,848.3,350.11,Gpay,6,No,353.72
ORD-10311,05-03-2025,CUST-0306,Swati Nair,East,Patna,PROD-0110,The Psychology of Money,Books & Stationery,Non-Fiction,1,349,0.0,349.0,134.04,Debit,4,No,122.02
ORD-10312,28-03-2025,CUST-0038,Sneha Das,East,Ranchi,PROD-0107,Instant Pot Duo,Home & Kitchen,Appliances,2,8999,0.0,17998.0,8588.77,UPI,9,No,0.0
ORD-10313,29-05-2025,CUST-0015,Dev Mishra,North,Jaipur,PROD-0111,Dumbbell Set 20kg,Health & Beauty,Fitness,1,3499,0.15,2974.15,933.91,Debit,4,No,0.0
ORD-10314,30-05-2025,CUST-0319,Sneha Agarwal,North,Lucknow,PROD-0104,Under Armour Hoodie,Fashion,Men Clothing,2,4299,0.05,8168.1,3617.0,Net-Banking,5,No,0.0
ORD-10315,17-05-2025,CUST-0367,Mohit Gupta,East,Patna,PROD-0110,The Psychology of Money,Books & Stationery,Non-Fiction,1,349,0.05,331.55,101.49,Net-Banking,9,No,158.08
ORD-10316,19-03-2025,CUST-0053,Varun Yadav,South,Hyderabad,PROD-0007,Sony WH-1000XM5,Electronics,Headphones,3,24990,0.15,63724.5,25933.63,Visa,1,No,0.0
ORD-10316,19-03-2025,CUST-0053,Varun Yadav,South,Hyderabad,PROD-0001,iPhone 15 Pro,Electronics,Smartphones,3,89999,0.0,269997.0,122979.07,Cash On Delivery,8,No,0.0
ORD-10316,19-03-2025,CUST-0053,Varun Yadav,South,Hyderabad,PROD-0106,Casio G-Shock,Fashion,Accessories,3,9999,0.1,26997.3,9454.55,Debit,5,No,0.0
ORD-10316,19-03-2025,CUST-0053,Varun Yadav,South,Hyderabad,PROD-0105,Crocs Classic Clog,Fashion,Footwear,3,2999,0.2,7197.6,3315.29,Debit,3,No,0.0
ORD-10317,13-01-2025,CUST-0036,Varun Singh,West,Ahmedabad,PROD-0046,Atomic Habits,Books & Stationery,Non-Fiction,3,399,0.15,1017.45,475.78,Visa,11,No,127.76
ORD-10318,21-04-2025,CUST-0057,Arun Joshi,Central,Raipur,PROD-0105,Crocs Classic Clog,Fashion,Footwear,2,2999,0.0,5998.0,3010.59,Visa,12,No,0.0
ORD-10319,18-05-2025,CUST-0398,Manish Gupta,East,Patna,PROD-0111,Dumbbell Set 20kg,Health & Beauty,Fitness,1,3499,0.05,3324.05,1128.09,Debit,9,No,0.0
ORD-10320,19-01-2025,CUST-0368,Rahul Agarwal,Central,Bhopal,PROD-0106,Casio G-Shock,Fashion,Accessories,1,9999,0.0,9999.0,3358.23,Debit,5,No,0.0
ORD-10320,19-01-2025,CUST-0368,Rahul Agarwal,Central,Bhopal,PROD-0001,iPhone 15 Pro,Electronics,Smartphones,1,89999,0.0,89999.0,38576.68,Debit,11,No,0.0
ORD-10320,19-01-2025,CUST-0368,Rahul Agarwal,Central,Bhopal,PROD-0105,Crocs Classic Clog,Fashion,Footwear,3,2999,0.15,7647.45,3193.08,Debit,6,No,0.0
ORD-10321,11-04-2025,CUST-0365,Mohit Iyer,East,Patna,PROD-0106,Casio G-Shock,Fashion,Accessories,3,9999,0.15,25497.45,11371.53,Net-Banking,1,No,0.0
ORD-10322,08-02-2025,CUST-0331,Varun Reddy,Central,Raipur,PROD-0031,Prestige Mixer,Home & Kitchen,Appliances,1,4599,0.1,4139.1,2040.98,Net-Banking,8,No,0.0
ORD-10323,22-04-2025,CUST-0053,Varun Yadav,South,Hyderabad,PROD-0007,Sony WH-1000XM5,Electronics,Headphones,2,24990,0.05,47481.0,22763.33,UPI,6,No,0.0
ORD-10323,22-04-2025,CUST-0053,Varun Yadav,South,Hyderabad,PROD-0102,Asus ROG Zephyrus,Electronics,Laptops,2,134999,0.15,229498.3,102971.46,Cash On Delivery,7,No,0.0
ORD-10323,22-04-2025,CUST-0053,Varun Yadav,South,Hyderabad,PROD-0016,Levi's 501 Jeans,Fashion,Men Clothing,1,3499,0.0,3499.0,1797.74,Visa,12,No,0.0
ORD-10324,12-03-2025,CUST-0300,Riya Sharma,Central,Indore,PROD-0103,Kindle Paperwhite,Electronics,Tablets,3,14999,0.1,40497.3,18152.75,Cash On Delivery,2,No,0.0
ORD-10324,12-03-2025,CUST-0300,Riya Sharma,Central,Indore,PROD-0061,Cetaphil Moisturizer,Health & Beauty,Skincare,3,799,0.0,2397.0,939.16,UPI,6,Yes,0.0
ORD-10324,12-03-2025,CUST-0300,Riya Sharma,Central,Indore,PROD-0031,Prestige Mixer,Home & Kitchen,Appliances,2,4599,0.0,9198.0,3954.94,Debit,11,No,0.0
ORD-10325,07-03-2025,CUST-0325,Raj Kumar,West,Mumbai,PROD-0106,Casio G-Shock,Fashion,Accessories,3,9999,0.0,29997.0,15826.52,Cash On Delivery,6,No,0.0
ORD-10326,12-05-2025,CUST-0353,Manish Reddy,South,Kochi,PROD-0031,Prestige Mixer,Home & Kitchen,Appliances,1,4599,0.15,3909.15,1303.73,Gpay,2,No,0.0
ORD-10326,12-05-2025,CUST-0353,Manish Reddy,South,Kochi,PROD-0104,Under Armour Hoodie,Fashion,Men Clothing,3,4299,0.0,12897.0,6074.89,Gpay,9,No,0.0
ORD-10326,12-05-2025,CUST-0353,Manish Reddy,South,Kochi,PROD-0112,Protein Shaker Bottle,Health & Beauty,Fitness,1,499,0.2,399.2,165.35,Net-Banking,3,No,177.02
ORD-10327,26-04-2025,CUST-0002,Nisha Gupta,South,Bangalore,PROD-0109,Thinking Fast and Slow,Books & Stationery,Non-Fiction,3,499,0.0,1497.0,628.51,Gpay,8,No,240.63
ORD-10328,25-01-2025,CUST-0034,Meera Nair,East,Ranchi,PROD-0112,Protein Shaker Bottle,Health & Beauty,Fitness,3,499,0.15,1272.45,483.71,Debit,6,No,168.59
ORD-10328,25-01-2025,CUST-0034,Meera Nair,East,Ranchi,PROD-0001,iPhone 15 Pro,Electronics,Smartphones,2,89999,0.0,179998.0,75687.99,UPI,6,Yes,0.0
ORD-10329,31-01-2025,CUST-0397,Diya Agarwal,Central,Indore,PROD-0031,Prestige Mixer,Home & Kitchen,Appliances,3,4599,0.1,12417.3,4753.38,Cash On Delivery,2,No,0.0
ORD-10330,04-04-2025,CUST-0018,Krishna Bhat,East,Ranchi,PROD-0108,Bosch Drill Machine,Home & Kitchen,Appliances,2,5499,0.0,10998.0,5121.66,Gpay,4,No,0.0
ORD-10331,03-01-2025,CUST-0370,Aarav Roy,Central,Raipur,PROD-0001,iPhone 15 Pro,Electronics,Smartphones,2,89999,0.1,161998.2,77748.85,Visa,9,No,0.0
ORD-10332,20-03-2025,CUST-0355,Nikhil Reddy,North,Lucknow,PROD-0102,Asus ROG Zephyrus,Electronics,Laptops,1,134999,0.1,121499.1,62805.24,UPI,7,No,0.0
ORD-10333,21-05-2025,CUST-0370,Aarav Roy,Central,Raipur,PROD-0003,MacBook Air M3,Electronics,Laptops,2,99999,0.0,199998.0,66437.51,Net-Banking,9,No,0.0
ORD-10333,21-05-2025,CUST-0370,Aarav Roy,Central,Raipur,PROD-0031,Prestige Mixer,Home & Kitchen,Appliances,2,4599,0.15,7818.3,3828.43,Cash On Delivery,11,No,0.0
ORD-10333,21-05-2025,CUST-0370,Aarav Roy,Central,Raipur,PROD-0101,Samsung Galaxy Buds3,Electronics,Headphones,3,12999,0.0,38997.0,12710.3,UPI,12,No,0.0
ORD-10333,21-05-2025,CUST-0370,Aarav Roy,Central,Raipur,PROD-0109,Thinking Fast and Slow,Books & Stationery,Non-Fiction,2,499,0.15,848.3,311.87,Debit,9,No,137.07
ORD-10334,05-01-2025,CUST-0396,Arun Roy,East,Patna,PROD-0110,The Psychology of Money,Books & Stationery,Non-Fiction,1,349,0.1,314.1,159.35,Visa,11,No,61.13
ORD-10334,05-01-2025,CUST-0396,Arun Roy,East,Patna,PROD-0106,Casio G-Shock,Fashion,Accessories,1,9999,0.0,9999.0,4218.76,Visa,11,Yes,0.0
ORD-10335,05-04-2025,CUST-0372,Sneha Yadav,North,Delhi,PROD-0061,Cetaphil Moisturizer,Health & Beauty,Skincare,3,799,0.05,2277.15,1194.65,Net-Banking,12,No,0.0
ORD-10336,11-03-2025,CUST-0055,Neha Joshi,West,Ahmedabad,PROD-0106,Casio G-Shock,Fashion,Accessories,2,9999,0.2,15998.4,8191.92,Debit,5,No,0.0
ORD-10337,18-04-2025,CUST-0341,Rahul Kumar,East,Bhubaneswar,PROD-0109,Thinking Fast and Slow,Books & Stationery,Non-Fiction,1,499,0.0,499.0,187.74,Debit,8,No,61.67
ORD-10338,17-03-2025,CUST-0035,Deepak Singh,East,Ranchi,PROD-0105,Crocs Classic Clog,Fashion,Footwear,2,2999,0.05,5698.1,1736.8,Gpay,12,No,0.0
ORD-10339,21-01-2025,CUST-0057,Arun Joshi,Central,Raipur,PROD-0061,Cetaphil Moisturizer,Health & Beauty,Skincare,3,799,0.15,2037.45,763.26,Net-Banking,1,No,0.0
ORD-10340,18-03-2025,CUST-0370,Aarav Roy,Central,Raipur,PROD-0110,The Psychology of Money,Books & Stationery,Non-Fiction,3,349,0.2,837.6,410.11,Debit,6,No,386.38
ORD-10341,11-01-2025,CUST-0409,Aarav Reddy,West,Mumbai,PROD-0104,Under Armour Hoodie,Fashion,Men Clothing,2,4299,0.0,8598.0,3822.44,Net-Banking,5,No,0.0
ORD-10342,11-01-2025,CUST-0367,Mohit Gupta,East,Patna,PROD-0001,iPhone 15 Pro,Electronics,Smartphones,1,89999,0.15,76499.15,29163.29,Net-Banking,7,No,0.0
ORD-10342,11-01-2025,CUST-0367,Mohit Gupta,East,Patna,PROD-0107,Instant Pot Duo,Home & Kitchen,Appliances,2,8999,0.0,17998.0,7193.03,Debit,6,Yes,0.0
ORD-10342,11-01-2025,CUST-0367,Mohit Gupta,East,Patna,PROD-0101,Samsung Galaxy Buds3,Electronics,Headphones,2,12999,0.0,25998.0,7946.76,Gpay,2,No,0.0
ORD-10343,05-04-2025,CUST-0377,Vivaan Reddy,East,Bhubaneswar,PROD-0109,Thinking Fast and Slow,Books & Stationery,Non-Fiction,3,499,0.1,1347.3,637.02,Debit,5,No,173.47
ORD-10343,05-04-2025,CUST-0377,Vivaan Reddy,East,Bhubaneswar,PROD-0016,Levi's 501 Jeans,Fashion,Men Clothing,3,3499,0.0,10497.0,4790.94,UPI,7,No,0.0
ORD-10343,05-04-2025,CUST-0377,Vivaan Reddy,East,Bhubaneswar,PROD-0103,Kindle Paperwhite,Electronics,Tablets,3,14999,0.0,44997.0,19966.72,Gpay,6,No,0.0
ORD-10343,05-04-2025,CUST-0377,Vivaan Reddy,East,Bhubaneswar,PROD-0107,Instant Pot Duo,Home & Kitchen,Appliances,1,8999,0.2,7199.2,3868.79,UPI,5,No,0.0
ORD-10344,07-05-2025,CUST-0028,Priyanka Patel,North,Chandigarh,PROD-0061,Cetaphil Moisturizer,Health & Beauty,Skincare,3,799,0.1,2157.3,703.67,Cash On Delivery,4,No,0.0
ORD-10345,24-02-2025,CUST-0400,Nisha Verma,South,Chennai,PROD-0001,iPhone 15 Pro,Electronics,Smartphones,2,89999,0.0,179998.0,58881.07,Net-Banking,5,No,0.0
ORD-10346,21-01-2025,CUST-0391,Ishita Singh,North,Jaipur,PROD-0105,Crocs Classic Clog,Fashion,Footwear,2,2999,0.0,5998.0,2897.48,Cash On Delivery,9,No,0.0
ORD-10347,21-04-2025,CUST-0342,Nisha Singh,Central,Bhopal,PROD-0031,Prestige Mixer,Home & Kitchen,Appliances,3,4599,0.0,13797.0,5033.19,Visa,1,No,0.0
ORD-10348,13-02-2025,CUST-0057,Arun Joshi,Central,Raipur,PROD-0031,Prestige Mixer,Home & Kitchen,Appliances,3,4599,0.15,11727.45,3748.8,Net-Banking,5,No,0.0
ORD-10348,13-02-2025,CUST-0057,Arun Joshi,Central,Raipur,PROD-0110,The Psychology of Money,Books & Stationery,Non-Fiction,3,349,0.2,837.6,299.87,Net-Banking,12,No,99.99
ORD-10349,29-03-2025,CUST-0054,Krishna Yadav,South,Kochi,PROD-0017,Nike Air Force 1,Fashion,Footwear,3,7999,0.05,22797.15,9584.54,Net-Banking,10,No,0.0
ORD-10349,29-03-2025,CUST-0054,Krishna Yadav,South,Kochi,PROD-0103,Kindle Paperwhite,Electronics,Tablets,3,14999,0.2,35997.6,16661.17,Net-Banking,10,No,0.0
ORD-10349,29-03-2025,CUST-0054,Krishna Yadav,South,Kochi,PROD-0104,Under Armour Hoodie,Fashion,Men Clothing,2,4299,0.0,8598.0,3484.72,UPI,9,No,0.0
ORD-10350,27-05-2025,CUST-0404,Nisha Bhat,East,Kolkata,PROD-0110,The Psychology of Money,Books & Stationery,Non-Fiction,2,349,0.2,558.4,217.08,Gpay,11,No,58.26
ORD-10351,12-03-2025,CUST-0358,Arjun Das,West,Pune,PROD-0106,Casio G-Shock,Fashion,Accessories,1,9999,0.0,9999.0,4585.32,UPI,6,No,0.0
ORD-10351,12-03-2025,CUST-0358,Arjun Das,West,Pune,PROD-0102,Asus ROG Zephyrus,Electronics,Laptops,3,134999,0.15,344247.45,177218.85,Visa,12,No,0.0
ORD-10352,23-01-2025,CUST-0388,Ishita Pillai,East,Bhubaneswar,PROD-0101,Samsung Galaxy Buds3,Electronics,Headphones,1,12999,0.15,11049.15,5989.03,Debit,2,No,0.0
ORD-10352,23-01-2025,CUST-0388,Ishita Pillai,East,Bhubaneswar,PROD-0112,Protein Shaker Bottle,Health & Beauty,Fitness,1,499,0.0,499.0,210.64,Net-Banking,11,No,323.32
ORD-10352,23-01-2025,CUST-0388,Ishita Pillai,East,Bhubaneswar,PROD-0109,Thinking Fast and Slow,Books & Stationery,Non-Fiction,2,499,0.0,998.0,439.6,Net-Banking,10,No,302.2
ORD-10352,23-01-2025,CUST-0388,Ishita Pillai,East,Bhubaneswar,PROD-0001,iPhone 15 Pro,Electronics,Smartphones,1,89999,0.05,85499.05,42895.18,Net-Banking,7,No,0.0
ORD-10353,28-03-2025,CUST-0393,Priyanka Shah,East,Bhubaneswar,PROD-0007,Sony WH-1000XM5,Electronics,Headphones,3,24990,0.05,71221.5,31706.03,Debit,7,No,0.0
ORD-10353,28-03-2025,CUST-0393,Priyanka Shah,East,Bhubaneswar,PROD-0105,Crocs Classic Clog,Fashion,Footwear,3,2999,0.2,7197.6,2910.37,Debit,4,No,0.0
ORD-10354,21-01-2025,CUST-0011,Divya Reddy,West,Surat,PROD-0103,Kindle Paperwhite,Electronics,Tablets,3,14999,0.0,44997.0,14130.67,Net-Banking,12,No,0.0
ORD-10354,21-01-2025,CUST-0011,Divya Reddy,West,Surat,PROD-0016,Levi's 501 Jeans,Fashion,Men Clothing,3,3499,0.0,10497.0,5330.7,Net-Banking,4,No,0.0
ORD-10355,27-04-2025,CUST-0396,Arun Roy,East,Patna,PROD-0061,Cetaphil Moisturizer,Health & Beauty,Skincare,2,799,0.0,1598.0,521.95,Visa,9,No,349.82
ORD-10356,09-05-2025,CUST-0078,Deepak Agarwal,Central,Bhopal,PROD-0112,Protein Shaker Bottle,Health & Beauty,Fitness,3,499,0.15,1272.45,508.45,Net-Banking,6,No,150.3
ORD-10357,18-02-2025,CUST-0066,Deepak Patel,South,Kochi,PROD-0007,Sony WH-1000XM5,Electronics,Headphones,3,24990,0.2,59976.0,18407.12,Visa,1,No,0.0
ORD-10357,18-02-2025,CUST-0066,Deepak Patel,South,Kochi,PROD-0104,Under Armour Hoodie,Fashion,Men Clothing,2,4299,0.0,8598.0,4344.57,UPI,6,No,0.0
ORD-10357,18-02-2025,CUST-0066,Deepak Patel,South,Kochi,PROD-0102,Asus ROG Zephyrus,Electronics,Laptops,2,134999,0.2,215998.4,109608.13,Debit,3,No,0.0
ORD-10358,20-04-2025,CUST-0400,Nisha Verma,South,Chennai,PROD-0017,Nike Air Force 1,Fashion,Footwear,1,7999,0.0,7999.0,2806.0,Cash On Delivery,11,No,0.0
ORD-10359,01-03-2025,CUST-0408,Raj Bhat,West,Surat,PROD-0007,Sony WH-1000XM5,Electronics,Headphones,3,24990,0.0,74970.0,39925.28,UPI,4,No,0.0
ORD-10359,01-03-2025,CUST-0408,Raj Bhat,West,Surat,PROD-0104,Under Armour Hoodie,Fashion,Men Clothing,3,4299,0.2,10317.6,5311.01,Cash On Delivery,1,No,0.0
ORD-10360,29-05-2025,CUST-0389,Neha Das,North,Delhi,PROD-0031,Prestige Mixer,Home & Kitchen,Appliances,3,4599,0.2,11037.6,5456.69,UPI,5,No,0.0
ORD-10360,29-05-2025,CUST-0389,Neha Das,North,Delhi,PROD-0046,Atomic Habits,Books & Stationery,Non-Fiction,3,399,0.1,1077.3,590.33,Debit,2,No,52.94
ORD-10360,29-05-2025,CUST-0389,Neha Das,North,Delhi,PROD-0101,Samsung Galaxy Buds3,Electronics,Headphones,1,12999,0.0,12999.0,5817.48,UPI,1,No,0.0
ORD-10360,29-05-2025,CUST-0389,Neha Das,North,Delhi,PROD-0111,Dumbbell Set 20kg,Health & Beauty,Fitness,1,3499,0.0,3499.0,1111.16,Cash On Delivery,9,No,0.0
ORD-10361,06-02-2025,CUST-0319,Sneha Agarwal,North,Lucknow,PROD-0017,Nike Air Force 1,Fashion,Footwear,1,7999,0.0,7999.0,3607.77,UPI,10,No,0.0
ORD-10362,01-01-2025,CUST-0044,Rahul Shah,West,Mumbai,PROD-0101,Samsung Galaxy Buds3,Electronics,Headphones,1,12999,0.1,11699.1,5180.79,Visa,3,No,0.0
ORD-10363,13-03-2025,CUST-0055,Neha Joshi,West,Ahmedabad,PROD-0046,Atomic Habits,Books & Stationery,Non-Fiction,2,399,0.05,758.1,413.61,Net-Banking,8,No,243.99
ORD-10364,08-05-2025,CUST-0060,Shreya Mishra,North,Delhi,PROD-0103,Kindle Paperwhite,Electronics,Tablets,2,14999,0.15,25498.3,7713.49,Debit,2,No,0.0
ORD-10365,31-05-2025,CUST-0024,Ishita Joshi,East,Ranchi,PROD-0111,Dumbbell Set 20kg,Health & Beauty,Fitness,2,3499,0.1,6298.2,3446.66,Debit,11,No,0.0
ORD-10365,31-05-2025,CUST-0024,Ishita Joshi,East,Ranchi,PROD-0016,Levi's 501 Jeans,Fashion,Men Clothing,3,3499,0.1,9447.3,4031.4,UPI,1,No,0.0
ORD-10365,31-05-2025,CUST-0024,Ishita Joshi,East,Ranchi,PROD-0046,Atomic Habits,Books & Stationery,Non-Fiction,2,399,0.15,678.3,294.13,Cash On Delivery,5,No,279.2
ORD-10365,31-05-2025,CUST-0024,Ishita Joshi,East,Ranchi,PROD-0112,Protein Shaker Bottle,Health & Beauty,Fitness,1,499,0.0,499.0,240.93,Debit,1,No,48.25
ORD-10366,16-03-2025,CUST-0358,Arjun Das,West,Pune,PROD-0003,MacBook Air M3,Electronics,Laptops,3,99999,0.1,269997.3,123342.06,Cash On Delivery,4,No,0.0
ORD-10367,02-01-2025,CUST-0074,Ananya Roy,East,Ranchi,PROD-0111,Dumbbell Set 20kg,Health & Beauty,Fitness,1,3499,0.0,3499.0,1573.65,Net-Banking,1,No,0.0
ORD-10367,02-01-2025,CUST-0074,Ananya Roy,East,Ranchi,PROD-0108,Bosch Drill Machine,Home & Kitchen,Appliances,2,5499,0.2,8798.4,3712.06,Visa,6,No,0.0
ORD-10368,07-01-2025,CUST-0390,Sneha Reddy,East,Patna,PROD-0016,Levi's 501 Jeans,Fashion,Men Clothing,1,3499,0.0,3499.0,1709.17,Debit,4,No,0.0
ORD-10369,17-04-2025,CUST-0049,Vivaan Kumar,South,Hyderabad,PROD-0107,Instant Pot Duo,Home & Kitchen,Appliances,2,8999,0.0,17998.0,5869.43,UPI,6,No,0.0
ORD-10370,18-04-2025,CUST-0054,Krishna Yadav,South,Kochi,PROD-0107,Instant Pot Duo,Home & Kitchen,Appliances,3,8999,0.0,26997.0,12697.3,Gpay,6,No,0.0
ORD-10371,06-05-2025,CUST-0408,Raj Bhat,West,Surat,PROD-0104,Under Armour Hoodie,Fashion,Men Clothing,3,4299,0.1,11607.3,5109.83,Gpay,1,No,0.0
ORD-10371,06-05-2025,CUST-0408,Raj Bhat,West,Surat,PROD-0106,Casio G-Shock,Fashion,Accessories,3,9999,0.0,29997.0,10257.27,UPI,9,No,0.0
ORD-10371,06-05-2025,CUST-0408,Raj Bhat,West,Surat,PROD-0031,Prestige Mixer,Home & Kitchen,Appliances,3,4599,0.0,13797.0,5421.25,Net-Banking,3,No,0.0
ORD-10371,06-05-2025,CUST-0408,Raj Bhat,West,Surat,PROD-0108,Bosch Drill Machine,Home & Kitchen,Appliances,1,5499,0.0,5499.0,2487.83,Visa,6,No,0.0
ORD-10372,21-04-2025,CUST-0023,Arjun Kumar,North,Lucknow,PROD-0031,Prestige Mixer,Home & Kitchen,Appliances,1,4599,0.1,4139.1,1641.92,Net-Banking,12,No,0.0
ORD-10373,02-03-2025,CUST-0016,Sneha Singh,North,Lucknow,PROD-0104,Under Armour Hoodie,Fashion,Men Clothing,1,4299,0.05,4084.05,1895.1,Net-Banking,4,No,0.0
ORD-10374,25-02-2025,CUST-0363,Krishna Das,West,Surat,PROD-0017,Nike Air Force 1,Fashion,Footwear,1,7999,0.05,7599.05,2299.54,Debit,7,No,0.0
ORD-10375,30-01-2025,CUST-0023,Arjun Kumar,North,Lucknow,PROD-0106,Casio G-Shock,Fashion,Accessories,1,9999,0.0,9999.0,5064.68,UPI,6,No,0.0
ORD-10376,13-03-2025,CUST-0416,Aditi Roy,South,Hyderabad,PROD-0016,Levi's 501 Jeans,Fashion,Men Clothing,3,3499,0.0,10497.0,3705.43,Visa,9,No,0.0
ORD-10376,13-03-2025,CUST-0416,Aditi Roy,South,Hyderabad,PROD-0001,iPhone 15 Pro,Electronics,Smartphones,3,89999,0.0,269997.0,91281.57,UPI,4,No,0.0
ORD-10376,13-03-2025,CUST-0416,Aditi Roy,South,Hyderabad,PROD-0111,Dumbbell Set 20kg,Health & Beauty,Fitness,2,3499,0.0,6998.0,3474.73,Gpay,5,No,0.0
ORD-10377,21-01-2025,CUST-0036,Varun Singh,West,Ahmedabad,PROD-0031,Prestige Mixer,Home & Kitchen,Appliances,3,4599,0.0,13797.0,6303.73,UPI,8,No,0.0
ORD-10377,21-01-2025,CUST-0036,Varun Singh,West,Ahmedabad,PROD-0110,The Psychology of Money,Books & Stationery,Non-Fiction,1,349,0.0,349.0,185.57,Net-Banking,1,No,369.32
ORD-10378,24-01-2025,CUST-0354,Priyanka Sharma,Central,Bhopal,PROD-0016,Levi's 501 Jeans,Fashion,Men Clothing,3,3499,0.1,9447.3,4960.48,Debit,5,No,0.0
ORD-10379,30-05-2025,CUST-0312,Ishita Das,South,Bangalore,PROD-0105,Crocs Classic Clog,Fashion,Footwear,3,2999,0.0,8997.0,4479.89,Visa,3,No,0.0
ORD-10380,03-01-2025,CUST-0300,Riya Sharma,Central,Indore,PROD-0017,Nike Air Force 1,Fashion,Footwear,3,7999,0.0,23997.0,11759.0,Visa,9,No,0.0
ORD-10381,05-03-2025,CUST-0053,Varun Yadav,South,Hyderabad,PROD-0110,The Psychology of Money,Books & Stationery,Non-Fiction,1,349,0.0,349.0,151.25,Net-Banking,11,No,254.31
ORD-10382,16-02-2025,CUST-0017,Swati Sharma,East,Ranchi,PROD-0016,Levi's 501 Jeans,Fashion,Men Clothing,2,3499,0.15,5948.3,2111.97,Gpay,2,No,0.0
ORD-10382,16-02-2025,CUST-0017,Swati Sharma,East,Ranchi,PROD-0104,Under Armour Hoodie,Fashion,Men Clothing,1,4299,0.0,4299.0,1707.98,Visa,1,No,0.0
ORD-10382,16-02-2025,CUST-0017,Swati Sharma,East,Ranchi,PROD-0003,MacBook Air M3,Electronics,Laptops,3,99999,0.0,299997.0,111365.68,Cash On Delivery,1,No,0.0
ORD-10382,16-02-2025,CUST-0017,Swati Sharma,East,Ranchi,PROD-0061,Cetaphil Moisturizer,Health & Beauty,Skincare,1,799,0.05,759.05,235.86,Debit,4,No,290.91
ORD-10383,20-04-2025,CUST-0330,Arun Gupta,East,Bhubaneswar,PROD-0017,Nike Air Force 1,Fashion,Footwear,2,7999,0.2,12798.4,5517.4,Debit,3,No,0.0
ORD-10384,27-02-2025,CUST-0336,Vivaan Joshi,North,Lucknow,PROD-0104,Under Armour Hoodie,Fashion,Men Clothing,2,4299,0.0,8598.0,2743.33,Net-Banking,10,No,0.0
ORD-10385,29-05-2025,CUST-0365,Mohit Iyer,East,Patna,PROD-0104,Under Armour Hoodie,Fashion,Men Clothing,2,4299,0.0,8598.0,3328.25,Debit,11,No,0.0
ORD-10386,27-03-2025,CUST-0072,Mohit Shah,North,Lucknow,PROD-0046,Atomic Habits,Books & Stationery,Non-Fiction,1,399,0.05,379.05,156.49,Visa,7,No,395.95
ORD-10386,27-03-2025,CUST-0072,Mohit Shah,North,Lucknow,PROD-0031,Prestige Mixer,Home & Kitchen,Appliances,1,4599,0.2,3679.2,1764.27,Debit,6,No,0.0
ORD-10387,07-02-2025,CUST-0389,Neha Das,North,Delhi,PROD-0106,Casio G-Shock,Fashion,Accessories,2,9999,0.15,16998.3,8701.22,Visa,10,No,0.0
ORD-10388,17-01-2025,CUST-0403,Vikram Singh,South,Kochi,PROD-0061,Cetaphil Moisturizer,Health & Beauty,Skincare,1,799,0.0,799.0,391.37,Gpay,11,Yes,169.67
ORD-10389,26-01-2025,CUST-0309,Meera Nair,North,Chandigarh,PROD-0111,Dumbbell Set 20kg,Health & Beauty,Fitness,1,3499,0.1,3149.1,1627.73,Debit,10,No,0.0
ORD-10389,26-01-2025,CUST-0309,Meera Nair,North,Chandigarh,PROD-0107,Instant Pot Duo,Home & Kitchen,Appliances,3,8999,0.2,21597.6,9802.96,Cash On Delivery,3,No,0.0
ORD-10390,03-03-2025,CUST-0370,Aarav Roy,Central,Raipur,PROD-0102,Asus ROG Zephyrus,Electronics,Laptops,1,134999,0.0,134999.0,67195.23,Visa,11,No,0.0
ORD-10391,31-01-2025,CUST-0017,Swati Sharma,East,Ranchi,PROD-0103,Kindle Paperwhite,Electronics,Tablets,1,14999,0.0,14999.0,4761.21,Debit,10,No,0.0
ORD-10391,31-01-2025,CUST-0017,Swati Sharma,East,Ranchi,PROD-0061,Cetaphil Moisturizer,Health & Beauty,Skincare,2,799,0.0,1598.0,596.54,Debit,10,No,150.24
ORD-10391,31-01-2025,CUST-0017,Swati Sharma,East,Ranchi,PROD-0007,Sony WH-1000XM5,Electronics,Headphones,1,24990,0.15,21241.5,8334.15,Net-Banking,4,No,0.0
ORD-10391,31-01-2025,CUST-0017,Swati Sharma,East,Ranchi,PROD-0110,The Psychology of Money,Books & Stationery,Non-Fiction,1,349,0.0,349.0,178.19,Debit,10,No,170.35
ORD-10392,06-05-2025,CUST-0381,Neha Nair,East,Patna,PROD-0017,Nike Air Force 1,Fashion,Footwear,2,7999,0.1,14398.2,4921.8,UPI,5,No,0.0
ORD-10393,31-03-2025,CUST-0052,Arjun Shah,South,Kochi,PROD-0102,Asus ROG Zephyrus,Electronics,Laptops,2,134999,0.0,269998.0,139707.82,Debit,2,No,0.0
ORD-10393,31-03-2025,CUST-0052,Arjun Shah,South,Kochi,PROD-0107,Instant Pot Duo,Home & Kitchen,Appliances,2,8999,0.05,17098.1,6873.62,Debit,5,No,0.0
ORD-10393,31-03-2025,CUST-0052,Arjun Shah,South,Kochi,PROD-0106,Casio G-Shock,Fashion,Accessories,3,9999,0.05,28497.15,9964.91,Cash On Delivery,3,No,0.0
ORD-10393,31-03-2025,CUST-0052,Arjun Shah,South,Kochi,PROD-0001,iPhone 15 Pro,Electronics,Smartphones,2,89999,0.0,179998.0,93111.68,Cash On Delivery,11,No,0.0
ORD-10394,18-04-2025,CUST-0348,Sneha Roy,West,Pune,PROD-0112,Protein Shaker Bottle,Health & Beauty,Fitness,1,499,0.0,499.0,219.2,Debit,1,No,192.3
ORD-10394,18-04-2025,CUST-0348,Sneha Roy,West,Pune,PROD-0104,Under Armour Hoodie,Fashion,Men Clothing,2,4299,0.1,7738.2,2361.08,Debit,2,No,0.0
ORD-10395,04-01-2025,CUST-0021,Vikram Patel,East,Patna,PROD-0104,Under Armour Hoodie,Fashion,Men Clothing,3,4299,0.0,12897.0,4893.94,Visa,9,No,0.0
ORD-10396,19-02-2025,CUST-0329,Tanvi Kumar,South,Chennai,PROD-0110,The Psychology of Money,Books & Stationery,Non-Fiction,1,349,0.0,349.0,179.43,UPI,9,No,339.42
ORD-10397,09-05-2025,CUST-0336,Vivaan Joshi,North,Lucknow,PROD-0003,MacBook Air M3,Electronics,Laptops,2,99999,0.0,199998.0,92417.25,Net-Banking,11,No,0.0
ORD-10397,09-05-2025,CUST-0336,Vivaan Joshi,North,Lucknow,PROD-0111,Dumbbell Set 20kg,Health & Beauty,Fitness,1,3499,0.0,3499.0,1226.66,Net-Banking,10,No,0.0
ORD-10398,05-03-2025,CUST-0361,Pooja Kumar,South,Bangalore,PROD-0107,Instant Pot Duo,Home & Kitchen,Appliances,1,8999,0.15,7649.15,3637.51,UPI,2,No,0.0
ORD-10398,05-03-2025,CUST-0361,Pooja Kumar,South,Bangalore,PROD-0110,The Psychology of Money,Books & Stationery,Non-Fiction,3,349,0.1,942.3,382.82,Gpay,3,No,117.53
ORD-10398,05-03-2025,CUST-0361,Pooja Kumar,South,Bangalore,PROD-0031,Prestige Mixer,Home & Kitchen,Appliances,3,4599,0.2,11037.6,4537.35,Debit,10,No,0.0
ORD-10398,05-03-2025,CUST-0361,Pooja Kumar,South,Bangalore,PROD-0007,Sony WH-1000XM5,Electronics,Headphones,1,24990,0.05,23740.5,11900.07,UPI,11,No,0.0
ORD-10399,06-04-2025,CUST-0400,Nisha Verma,South,Chennai,PROD-0106,Casio G-Shock,Fashion,Accessories,1,9999,0.0,9999.0,4275.76,Net-Banking,1,No,0.0
ORD-10400,13-05-2025,CUST-0077,Arun Kumar,South,Chennai,PROD-0103,Kindle Paperwhite,Electronics,Tablets,1,14999,0.05,14249.05,7049.57,Cash On Delivery,3,No,0.0
ORD-10400,13-05-2025,CUST-0077,Arun Kumar,South,Chennai,PROD-0031,Prestige Mixer,Home & Kitchen,Appliances,2,4599,0.05,8738.1,4288.67,Debit,1,Yes,0.0
ORD-10401,31-01-2025,CUST-0412,Akash Sharma,East,Kolkata,PROD-0104,Under Armour Hoodie,Fashion,Men Clothing,2,4299,0.15,7308.3,2196.41,Visa,3,No,0.0
ORD-10402,09-02-2025,CUST-0030,Arun Verma,West,Ahmedabad,PROD-0007,Sony WH-1000XM5,Electronics,Headphones,2,24990,0.0,49980.0,21919.43,Debit,3,No,0.0
ORD-10403,23-03-2025,CUST-0305,Nikhil Patel,East,Ranchi,PROD-0112,Protein Shaker Bottle,Health & Beauty,Fitness,2,499,0.05,948.1,400.89,Debit,1,No,285.23
ORD-10404,10-04-2025,CUST-0057,Arun Joshi,Central,Raipur,PROD-0016,Levi's 501 Jeans,Fashion,Men Clothing,3,3499,0.1,9447.3,3887.34,Debit,10,No,0.0
ORD-10405,01-05-2025,CUST-0065,Karan Pillai,Central,Indore,PROD-0001,iPhone 15 Pro,Electronics,Smartphones,3,89999,0.0,269997.0,106169.24,Visa,10,No,0.0
ORD-10405,01-05-2025,CUST-0065,Karan Pillai,Central,Indore,PROD-0103,Kindle Paperwhite,Electronics,Tablets,1,14999,0.15,12749.15,5766.04,Debit,6,No,0.0
ORD-10405,01-05-2025,CUST-0065,Karan Pillai,Central,Indore,PROD-0105,Crocs Classic Clog,Fashion,Footwear,3,2999,0.0,8997.0,2783.01,Debit,6,No,0.0
ORD-10405,01-05-2025,CUST-0065,Karan Pillai,Central,Indore,PROD-0107,Instant Pot Duo,Home & Kitchen,Appliances,2,8999,0.0,17998.0,6329.6,UPI,11,No,0.0
ORD-10406,11-05-2025,CUST-0075,Kavya Joshi,South,Bangalore,PROD-0110,The Psychology of Money,Books & Stationery,Non-Fiction,2,349,0.0,698.0,327.12,UPI,4,No,281.09
ORD-10406,11-05-2025,CUST-0075,Kavya Joshi,South,Bangalore,PROD-0031,Prestige Mixer,Home & Kitchen,Appliances,3,4599,0.0,13797.0,5770.5,Cash On Delivery,10,No,0.0
ORD-10406,11-05-2025,CUST-0075,Kavya Joshi,South,Bangalore,PROD-0016,Levi's 501 Jeans,Fashion,Men Clothing,3,3499,0.2,8397.6,3408.73,Net-Banking,4,No,0.0
ORD-10406,11-05-2025,CUST-0075,Kavya Joshi,South,Bangalore,PROD-0001,iPhone 15 Pro,Electronics,Smartphones,1,89999,0.2,71999.2,28395.76,UPI,4,No,0.0
ORD-10407,11-05-2025,CUST-0052,Arjun Shah,South,Kochi,PROD-0110,The Psychology of Money,Books & Stationery,Non-Fiction,1,349,0.05,331.55,165.62,Gpay,9,No,219.35
ORD-10407,11-05-2025,CUST-0052,Arjun Shah,South,Kochi,PROD-0101,Samsung Galaxy Buds3,Electronics,Headphones,2,12999,0.05,24698.1,11339.52,UPI,5,No,0.0
ORD-10407,11-05-2025,CUST-0052,Arjun Shah,South,Kochi,PROD-0107,Instant Pot Duo,Home & Kitchen,Appliances,2,8999,0.1,16198.2,5162.61,Debit,9,No,0.0
ORD-10407,11-05-2025,CUST-0052,Arjun Shah,South,Kochi,PROD-0112,Protein Shaker Bottle,Health & Beauty,Fitness,1,499,0.05,474.05,148.14,Gpay,12,No,138.09
ORD-10408,25-02-2025,CUST-0334,Rahul Roy,North,Jaipur,PROD-0106,Casio G-Shock,Fashion,Accessories,3,9999,0.05,28497.15,12959.8,Gpay,6,No,0.0
ORD-10409,16-04-2025,CUST-0308,Karan Joshi,Central,Raipur,PROD-0016,Levi's 501 Jeans,Fashion,Men Clothing,1,3499,0.1,3149.1,1637.15,Gpay,5,No,0.0
ORD-10410,21-03-2025,CUST-0368,Rahul Agarwal,Central,Bhopal,PROD-0003,MacBook Air M3,Electronics,Laptops,3,99999,0.0,299997.0,128939.07,Debit,4,No,0.0
ORD-10411,18-02-2025,CUST-0080,Nikhil Choudhury,East,Kolkata,PROD-0103,Kindle Paperwhite,Electronics,Tablets,3,14999,0.15,38247.45,19882.23,Debit,11,No,0.0
ORD-10412,01-01-2025,CUST-0335,Amit Gupta,South,Bangalore,PROD-0109,Thinking Fast and Slow,Books & Stationery,Non-Fiction,2,499,0.2,798.4,275.97,UPI,6,No,51.23
ORD-10412,01-01-2025,CUST-0335,Amit Gupta,South,Bangalore,PROD-0001,iPhone 15 Pro,Electronics,Smartphones,1,89999,0.0,89999.0,36182.97,Net-Banking,10,No,0.0
ORD-10412,01-01-2025,CUST-0335,Amit Gupta,South,Bangalore,PROD-0003,MacBook Air M3,Electronics,Laptops,1,99999,0.0,99999.0,43058.23,Visa,4,No,0.0
ORD-10413,07-05-2025,CUST-0346,Varun Singh,Central,Raipur,PROD-0110,The Psychology of Money,Books & Stationery,Non-Fiction,1,349,0.05,331.55,171.04,UPI,10,No,143.07
ORD-10414,05-03-2025,CUST-0403,Vikram Singh,South,Kochi,PROD-0046,Atomic Habits,Books & Stationery,Non-Fiction,1,399,0.15,339.15,168.95,Net-Banking,10,No,392.5
ORD-10414,05-03-2025,CUST-0403,Vikram Singh,South,Kochi,PROD-0111,Dumbbell Set 20kg,Health & Beauty,Fitness,2,3499,0.1,6298.2,2509.17,Debit,12,Yes,0.0
ORD-10414,05-03-2025,CUST-0403,Vikram Singh,South,Kochi,PROD-0106,Casio G-Shock,Fashion,Accessories,3,9999,0.0,29997.0,10695.8,Gpay,12,No,0.0
ORD-10414,05-03-2025,CUST-0403,Vikram Singh,South,Kochi,PROD-0007,Sony WH-1000XM5,Electronics,Headphones,2,24990,0.0,49980.0,22987.7,Debit,9,No,0.0
ORD-10415,03-04-2025,CUST-0071,Krishna Gupta,South,Bangalore,PROD-0031,Prestige Mixer,Home & Kitchen,Appliances,1,4599,0.1,4139.1,1507.99,UPI,10,No,0.0
ORD-10416,13-05-2025,CUST-0417,Raj Verma,Central,Indore,PROD-0111,Dumbbell Set 20kg,Health & Beauty,Fitness,1,3499,0.2,2799.2,1447.81,Net-Banking,8,No,0.0
ORD-10416,13-05-2025,CUST-0417,Raj Verma,Central,Indore,PROD-0106,Casio G-Shock,Fashion,Accessories,2,9999,0.1,17998.2,9739.7,UPI,3,No,0.0
ORD-10416,13-05-2025,CUST-0417,Raj Verma,Central,Indore,PROD-0110,The Psychology of Money,Books & Stationery,Non-Fiction,3,349,0.05,994.65,452.3,Gpay,4,No,282.95
ORD-10416,13-05-2025,CUST-0417,Raj Verma,Central,Indore,PROD-0061,Cetaphil Moisturizer,Health & Beauty,Skincare,2,799,0.1,1438.2,659.59,Cash On Delivery,4,No,128.29
ORD-10417,14-02-2025,CUST-0070,Amit Singh,East,Kolkata,PROD-0105,Crocs Classic Clog,Fashion,Footwear,2,2999,0.15,5098.3,1712.25,Net-Banking,1,No,0.0
ORD-10417,14-02-2025,CUST-0070,Amit Singh,East,Kolkata,PROD-0101,Samsung Galaxy Buds3,Electronics,Headphones,3,12999,0.1,35097.3,16703.89,Cash On Delivery,5,No,0.0
ORD-10418,08-02-2025,CUST-0064,Aditi Patel,West,Ahmedabad,PROD-0108,Bosch Drill Machine,Home & Kitchen,Appliances,2,5499,0.1,9898.2,4926.26,UPI,3,No,0.0
ORD-10419,04-04-2025,CUST-0044,Rahul Shah,West,Mumbai,PROD-0106,Casio G-Shock,Fashion,Accessories,3,9999,0.0,29997.0,11956.2,Gpay,10,No,0.0
ORD-10420,03-02-2025,CUST-0027,Ishita Singh,East,Bhubaneswar,PROD-0105,Crocs Classic Clog,Fashion,Footwear,1,2999,0.15,2549.15,1238.5,Visa,10,No,0.0
ORD-10420,03-02-2025,CUST-0027,Ishita Singh,East,Bhubaneswar,PROD-0108,Bosch Drill Machine,Home & Kitchen,Appliances,3,5499,0.0,16497.0,8096.53,UPI,2,No,0.0
ORD-10420,03-02-2025,CUST-0027,Ishita Singh,East,Bhubaneswar,PROD-0007,Sony WH-1000XM5,Electronics,Headphones,3,24990,0.1,67473.0,29817.65,Visa,5,No,0.0
ORD-10421,13-03-2025,CUST-0058,Vikram Joshi,Central,Bhopal,PROD-0016,Levi's 501 Jeans,Fashion,Men Clothing,2,3499,0.0,6998.0,2328.54,Debit,4,No,0.0
ORD-10422,30-01-2025,CUST-0037,Vikram Pillai,East,Patna,PROD-0017,Nike Air Force 1,Fashion,Footwear,3,7999,0.2,19197.6,8059.6,Visa,5,No,0.0
ORD-10423,04-03-2025,CUST-0375,Varun Das,South,Chennai,PROD-0108,Bosch Drill Machine,Home & Kitchen,Appliances,1,5499,0.0,5499.0,1970.56,Cash On Delivery,5,No,0.0
ORD-10424,24-03-2025,CUST-0303,Sneha Singh,West,Mumbai,PROD-0104,Under Armour Hoodie,Fashion,Men Clothing,2,4299,0.1,7738.2,2823.81,Net-Banking,11,No,0.0
ORD-10425,10-05-2025,CUST-0069,Neha Reddy,North,Lucknow,PROD-0108,Bosch Drill Machine,Home & Kitchen,Appliances,1,5499,0.15,4674.15,1533.97,UPI,2,No,0.0
ORD-10425,10-05-2025,CUST-0069,Neha Reddy,North,Lucknow,PROD-0046,Atomic Habits,Books & Stationery,Non-Fiction,3,399,0.15,1017.45,532.31,Cash On Delivery,11,No,221.43
ORD-10425,10-05-2025,CUST-0069,Neha Reddy,North,Lucknow,PROD-0061,Cetaphil Moisturizer,Health & Beauty,Skincare,1,799,0.1,719.1,346.52,Debit,6,No,199.52
ORD-10426,01-03-2025,CUST-0005,Priyanka Reddy,Central,Indore,PROD-0017,Nike Air Force 1,Fashion,Footwear,2,7999,0.0,15998.0,8206.81,Net-Banking,9,No,0.0
ORD-10427,05-03-2025,CUST-0040,Swati Yadav,Central,Nagpur,PROD-0105,Crocs Classic Clog,Fashion,Footwear,3,2999,0.05,8547.15,3298.56,Debit,8,No,0.0
ORD-10428,20-04-2025,CUST-0034,Meera Nair,East,Ranchi,PROD-0105,Crocs Classic Clog,Fashion,Footwear,1,2999,0.05,2849.05,855.1,Net-Banking,6,No,0.0
ORD-10429,18-03-2025,CUST-0323,Riya Bhat,West,Mumbai,PROD-0007,Sony WH-1000XM5,Electronics,Headphones,2,24990,0.0,49980.0,15105.07,Gpay,5,No,0.0
ORD-10429,18-03-2025,CUST-0323,Riya Bhat,West,Mumbai,PROD-0001,iPhone 15 Pro,Electronics,Smartphones,1,89999,0.15,76499.15,26130.85,Cash On Delivery,5,No,0.0
ORD-10429,18-03-2025,CUST-0323,Riya Bhat,West,Mumbai,PROD-0016,Levi's 501 Jeans,Fashion,Men Clothing,1,3499,0.2,2799.2,1245.89,UPI,4,No,0.0
ORD-10429,18-03-2025,CUST-0323,Riya Bhat,West,Mumbai,PROD-0031,Prestige Mixer,Home & Kitchen,Appliances,3,4599,0.0,13797.0,4935.78,Net-Banking,10,No,0.0
ORD-10430,27-02-2025,CUST-0043,Varun Verma,South,Chennai,PROD-0106,Casio G-Shock,Fashion,Accessories,1,9999,0.2,7999.2,4341.54,Gpay,8,No,0.0
ORD-10430,27-02-2025,CUST-0043,Varun Verma,South,Chennai,PROD-0109,Thinking Fast and Slow,Books & Stationery,Non-Fiction,3,499,0.0,1497.0,538.26,Net-Banking,8,No,272.28
ORD-10430,27-02-2025,CUST-0043,Varun Verma,South,Chennai,PROD-0046,Atomic Habits,Books & Stationery,Non-Fiction,3,399,0.2,957.6,511.05,Net-Banking,11,No,320.9
ORD-10431,16-03-2025,CUST-0362,Rohan Iyer,Central,Raipur,PROD-0103,Kindle Paperwhite,Electronics,Tablets,2,14999,0.1,26998.2,8426.09,UPI,1,No,0.0
ORD-10432,31-03-2025,CUST-0331,Varun Reddy,Central,Raipur,PROD-0112,Protein Shaker Bottle,Health & Beauty,Fitness,3,499,0.1,1347.3,532.4,Visa,12,No,242.5
ORD-10433,01-03-2025,CUST-0324,Varun Roy,South,Hyderabad,PROD-0007,Sony WH-1000XM5,Electronics,Headphones,1,24990,0.0,24990.0,8585.09,Debit,4,No,0.0
ORD-10433,01-03-2025,CUST-0324,Varun Roy,South,Hyderabad,PROD-0046,Atomic Habits,Books & Stationery,Non-Fiction,3,399,0.0,1197.0,577.36,Gpay,4,No,240.15
ORD-10433,01-03-2025,CUST-0324,Varun Roy,South,Hyderabad,PROD-0104,Under Armour Hoodie,Fashion,Men Clothing,3,4299,0.1,11607.3,5025.57,Net-Banking,3,No,0.0
ORD-10434,18-01-2025,CUST-0008,Priya Mishra,Central,Indore,PROD-0046,Atomic Habits,Books & Stationery,Non-Fiction,1,399,0.2,319.2,113.38,UPI,8,No,211.36
ORD-10434,18-01-2025,CUST-0008,Priya Mishra,Central,Indore,PROD-0001,iPhone 15 Pro,Electronics,Smartphones,1,89999,0.0,89999.0,42148.47,Cash On Delivery,2,No,0.0
ORD-10434,18-01-2025,CUST-0008,Priya Mishra,Central,Indore,PROD-0017,Nike Air Force 1,Fashion,Footwear,2,7999,0.0,15998.0,6282.16,Cash On Delivery,12,No,0.0
ORD-10435,11-02-2025,CUST-0008,Priya Mishra,Central,Indore,PROD-0016,Levi's 501 Jeans,Fashion,Men Clothing,3,3499,0.2,8397.6,2972.66,Gpay,7,No,0.0
ORD-10436,20-03-2025,CUST-0382,Akash Verma,Central,Raipur,PROD-0106,Casio G-Shock,Fashion,Accessories,1,9999,0.0,9999.0,4893.04,Visa,8,No,0.0
ORD-10437,12-01-2025,CUST-0310,Suresh Kumar,South,Kochi,PROD-0101,Samsung Galaxy Buds3,Electronics,Headphones,1,12999,0.0,12999.0,4753.92,Visa,6,No,0.0
ORD-10438,19-04-2025,CUST-0376,Raj Singh,Central,Bhopal,PROD-0016,Levi's 501 Jeans,Fashion,Men Clothing,1,3499,0.1,3149.1,1678.96,UPI,12,No,0.0
ORD-10439,01-05-2025,CUST-0314,Aarav Patel,South,Kochi,PROD-0003,MacBook Air M3,Electronics,Laptops,1,99999,0.15,84999.15,42011.05,Debit,11,No,0.0
ORD-10439,01-05-2025,CUST-0314,Aarav Patel,South,Kochi,PROD-0105,Crocs Classic Clog,Fashion,Footwear,2,2999,0.1,5398.2,1656.01,Cash On Delivery,9,No,0.0
ORD-10439,01-05-2025,CUST-0314,Aarav Patel,South,Kochi,PROD-0046,Atomic Habits,Books & Stationery,Non-Fiction,1,399,0.1,359.1,195.4,UPI,2,No,280.14
ORD-10439,01-05-2025,CUST-0314,Aarav Patel,South,Kochi,PROD-0112,Protein Shaker Bottle,Health & Beauty,Fitness,3,499,0.15,1272.45,604.82,UPI,3,No,383.43
ORD-10440,18-03-2025,CUST-0302,Siddharth Das,Central,Bhopal,PROD-0104,Under Armour Hoodie,Fashion,Men Clothing,1,4299,0.1,3869.1,2029.89,Gpay,11,No,0.0
ORD-10441,08-03-2025,CUST-0364,Mohit Das,South,Kochi,PROD-0102,Asus ROG Zephyrus,Electronics,Laptops,3,134999,0.0,404997.0,199678.25,Gpay,12,No,0.0
ORD-10442,20-03-2025,CUST-0392,Sneha Pillai,West,Surat,PROD-0110,The Psychology of Money,Books & Stationery,Non-Fiction,3,349,0.1,942.3,462.53,Debit,5,No,239.06
ORD-10443,11-02-2025,CUST-0038,Sneha Das,East,Ranchi,PROD-0104,Under Armour Hoodie,Fashion,Men Clothing,1,4299,0.05,4084.05,1515.8,UPI,2,No,0.0
ORD-10443,11-02-2025,CUST-0038,Sneha Das,East,Ranchi,PROD-0031,Prestige Mixer,Home & Kitchen,Appliances,3,4599,0.2,11037.6,6037.47,Cash On Delivery,12,No,0.0
ORD-10443,11-02-2025,CUST-0038,Sneha Das,East,Ranchi,PROD-0001,iPhone 15 Pro,Electronics,Smartphones,2,89999,0.1,161998.2,82970.4,Visa,7,No,0.0
ORD-10443,11-02-2025,CUST-0038,Sneha Das,East,Ranchi,PROD-0106,Casio G-Shock,Fashion,Accessories,3,9999,0.15,25497.45,13714.59,Net-Banking,7,No,0.0
ORD-10444,23-03-2025,CUST-0406,Krishna Mehta,Central,Bhopal,PROD-0104,Under Armour Hoodie,Fashion,Men Clothing,2,4299,0.2,6878.4,2121.5,UPI,12,No,0.0
ORD-10445,12-03-2025,CUST-0350,Meera Singh,West,Ahmedabad,PROD-0109,Thinking Fast and Slow,Books & Stationery,Non-Fiction,2,499,0.05,948.1,297.53,Visa,5,No,231.44
ORD-10446,26-03-2025,CUST-0398,Manish Gupta,East,Patna,PROD-0003,MacBook Air M3,Electronics,Laptops,3,99999,0.0,299997.0,139765.06,Net-Banking,2,No,0.0
ORD-10447,21-02-2025,CUST-0413,Ananya Patel,East,Patna,PROD-0109,Thinking Fast and Slow,Books & Stationery,Non-Fiction,3,499,0.05,1422.15,493.92,UPI,7,No,85.47
ORD-10447,21-02-2025,CUST-0413,Ananya Patel,East,Patna,PROD-0107,Instant Pot Duo,Home & Kitchen,Appliances,3,8999,0.05,25647.15,7773.9,Visa,4,No,0.0
ORD-10447,21-02-2025,CUST-0413,Ananya Patel,East,Patna,PROD-0104,Under Armour Hoodie,Fashion,Men Clothing,3,4299,0.0,12897.0,6325.85,Gpay,8,No,0.0
ORD-10447,21-02-2025,CUST-0413,Ananya Patel,East,Patna,PROD-0111,Dumbbell Set 20kg,Health & Beauty,Fitness,1,3499,0.05,3324.05,1205.58,Debit,10,No,0.0
ORD-10448,10-02-2025,CUST-0047,Deepak Reddy,Central,Indore,PROD-0016,Levi's 501 Jeans,Fashion,Men Clothing,2,3499,0.0,6998.0,2815.68,Gpay,9,No,0.0
ORD-10449,10-03-2025,CUST-0077,Arun Kumar,South,Chennai,PROD-0016,Levi's 501 Jeans,Fashion,Men Clothing,1,3499,0.0,3499.0,1850.05,Cash On Delivery,12,No,0.0
ORD-10450,20-04-2025,CUST-0393,Priyanka Shah,East,Bhubaneswar,PROD-0102,Asus ROG Zephyrus,Electronics,Laptops,1,134999,0.1,121499.1,46839.81,Debit,11,No,0.0
ORD-10451,03-03-2025,CUST-0317,Priya Mehta,Central,Nagpur,PROD-0061,Cetaphil Moisturizer,Health & Beauty,Skincare,1,799,0.2,639.2,232.69,UPI,4,No,122.61
ORD-10452,13-01-2025,CUST-0398,Manish Gupta,East,Patna,PROD-0103,Kindle Paperwhite,Electronics,Tablets,1,14999,0.0,14999.0,6791.77,Debit,10,No,0.0
ORD-10453,15-02-2025,CUST-0409,Aarav Reddy,West,Mumbai,PROD-0107,Instant Pot Duo,Home & Kitchen,Appliances,2,8999,0.15,15298.3,5199.21,Cash On Delivery,10,Yes,0.0
ORD-10454,13-02-2025,CUST-0375,Varun Das,South,Chennai,PROD-0111,Dumbbell Set 20kg,Health & Beauty,Fitness,1,3499,0.2,2799.2,1494.51,Gpay,8,No,0.0
ORD-10455,01-03-2025,CUST-0080,Nikhil Choudhury,East,Kolkata,PROD-0104,Under Armour Hoodie,Fashion,Men Clothing,1,4299,0.2,3439.2,1322.37,Visa,3,No,0.0
ORD-10456,12-04-2025,CUST-0367,Mohit Gupta,East,Patna,PROD-0111,Dumbbell Set 20kg,Health & Beauty,Fitness,2,3499,0.0,6998.0,2354.02,Cash On Delivery,2,No,0.0
ORD-10457,07-04-2025,CUST-0308,Karan Joshi,Central,Raipur,PROD-0003,MacBook Air M3,Electronics,Laptops,2,99999,0.15,169998.3,77084.35,UPI,7,No,0.0
ORD-10457,07-04-2025,CUST-0308,Karan Joshi,Central,Raipur,PROD-0031,Prestige Mixer,Home & Kitchen,Appliances,1,4599,0.1,4139.1,1334.38,Net-Banking,6,No,0.0
ORD-10457,07-04-2025,CUST-0308,Karan Joshi,Central,Raipur,PROD-0001,iPhone 15 Pro,Electronics,Smartphones,3,89999,0.0,269997.0,85531.11,Gpay,12,No,0.0
ORD-10458,05-04-2025,CUST-0415,Siddharth Choudhury,South,Hyderabad,PROD-0016,Levi's 501 Jeans,Fashion,Men Clothing,1,3499,0.05,3324.05,1822.08,UPI,8,No,0.0
ORD-10459,01-03-2025,CUST-0075,Kavya Joshi,South,Bangalore,PROD-0109,Thinking Fast and Slow,Books & Stationery,Non-Fiction,3,499,0.0,1497.0,780.61,Cash On Delivery,6,No,255.96
ORD-10460,08-01-2025,CUST-0395,Varun Kumar,North,Delhi,PROD-0112,Protein Shaker Bottle,Health & Beauty,Fitness,1,499,0.0,499.0,178.03,UPI,7,No,159.05
ORD-10460,08-01-2025,CUST-0395,Varun Kumar,North,Delhi,PROD-0106,Casio G-Shock,Fashion,Accessories,3,9999,0.0,29997.0,10215.93,Net-Banking,7,No,0.0
ORD-10461,15-03-2025,CUST-0379,Varun Mishra,West,Ahmedabad,PROD-0107,Instant Pot Duo,Home & Kitchen,Appliances,1,8999,0.15,7649.15,3589.87,Net-Banking,1,No,0.0
ORD-10461,15-03-2025,CUST-0379,Varun Mishra,West,Ahmedabad,PROD-0110,The Psychology of Money,Books & Stationery,Non-Fiction,3,349,0.05,994.65,521.83,Visa,9,No,81.24
ORD-10462,04-05-2025,CUST-0400,Nisha Verma,South,Chennai,PROD-0110,The Psychology of Money,Books & Stationery,Non-Fiction,2,349,0.05,663.1,233.77,Cash On Delivery,11,No,181.21
ORD-10462,04-05-2025,CUST-0400,Nisha Verma,South,Chennai,PROD-0106,Casio G-Shock,Fashion,Accessories,1,9999,0.15,8499.15,3250.15,UPI,1,No,0.0
ORD-10462,04-05-2025,CUST-0400,Nisha Verma,South,Chennai,PROD-0017,Nike Air Force 1,Fashion,Footwear,3,7999,0.15,20397.45,8426.72,UPI,2,No,0.0
ORD-10463,18-04-2025,CUST-0386,Krishna Verma,South,Bangalore,PROD-0107,Instant Pot Duo,Home & Kitchen,Appliances,3,8999,0.2,21597.6,6777.23,Debit,8,No,0.0
ORD-10464,17-02-2025,CUST-0012,Rahul Gupta,North,Lucknow,PROD-0112,Protein Shaker Bottle,Health & Beauty,Fitness,2,499,0.15,848.3,442.11,Cash On Delivery,11,No,175.99
ORD-10465,28-02-2025,CUST-0025,Meera Pillai,South,Hyderabad,PROD-0001,iPhone 15 Pro,Electronics,Smartphones,1,89999,0.05,85499.05,36362.47,UPI,9,No,0.0
ORD-10466,29-05-2025,CUST-0359,Arun Kumar,West,Mumbai,PROD-0109,Thinking Fast and Slow,Books & Stationery,Non-Fiction,3,499,0.0,1497.0,803.57,Cash On Delivery,3,No,71.81
ORD-10467,28-01-2025,CUST-0374,Kavya Reddy,South,Bangalore,PROD-0017,Nike Air Force 1,Fashion,Footwear,2,7999,0.0,15998.0,4965.11,Debit,8,No,0.0
ORD-10468,22-05-2025,CUST-0371,Priya Sharma,Central,Raipur,PROD-0102,Asus ROG Zephyrus,Electronics,Laptops,2,134999,0.2,215998.4,80487.29,UPI,9,No,0.0
ORD-10469,13-01-2025,CUST-0375,Varun Das,South,Chennai,PROD-0031,Prestige Mixer,Home & Kitchen,Appliances,2,4599,0.1,8278.2,4072.74,Debit,9,No,0.0
ORD-10469,13-01-2025,CUST-0375,Varun Das,South,Chennai,PROD-0107,Instant Pot Duo,Home & Kitchen,Appliances,3,8999,0.1,24297.3,11886.35,Net-Banking,5,No,0.0
ORD-10470,25-02-2025,CUST-0337,Shreya Agarwal,South,Hyderabad,PROD-0046,Atomic Habits,Books & Stationery,Non-Fiction,3,399,0.0,1197.0,649.0,Visa,7,Yes,277.44
ORD-10470,25-02-2025,CUST-0337,Shreya Agarwal,South,Hyderabad,PROD-0003,MacBook Air M3,Electronics,Laptops,1,99999,0.15,84999.15,27130.87,Visa,9,No,0.0
ORD-10471,12-02-2025,CUST-0008,Priya Mishra,Central,Indore,PROD-0107,Instant Pot Duo,Home & Kitchen,Appliances,2,8999,0.1,16198.2,8486.93,Gpay,12,No,0.0
ORD-10472,13-05-2025,CUST-0073,Karan Agarwal,East,Patna,PROD-0016,Levi's 501 Jeans,Fashion,Men Clothing,2,3499,0.0,6998.0,3433.53,UPI,8,No,0.0
ORD-10472,13-05-2025,CUST-0073,Karan Agarwal,East,Patna,PROD-0017,Nike Air Force 1,Fashion,Footwear,2,7999,0.1,14398.2,7566.62,Gpay,10,No,0.0
ORD-10472,13-05-2025,CUST-0073,Karan Agarwal,East,Patna,PROD-0046,Atomic Habits,Books & Stationery,Non-Fiction,2,399,0.1,718.2,347.69,Cash On Delivery,1,No,286.8
ORD-10473,30-01-2025,CUST-0078,Deepak Agarwal,Central,Bhopal,PROD-0104,Under Armour Hoodie,Fashion,Men Clothing,3,4299,0.0,12897.0,5780.34,Net-Banking,9,No,0.0
ORD-10473,30-01-2025,CUST-0078,Deepak Agarwal,Central,Bhopal,PROD-0061,Cetaphil Moisturizer,Health & Beauty,Skincare,2,799,0.2,1278.4,638.89,Net-Banking,5,No,351.2
ORD-10474,22-01-2025,CUST-0062,Priyanka Roy,North,Jaipur,PROD-0017,Nike Air Force 1,Fashion,Footwear,2,7999,0.1,14398.2,5169.99,UPI,11,No,0.0
ORD-10475,15-03-2025,CUST-0376,Raj Singh,Central,Bhopal,PROD-0046,Atomic Habits,Books & Stationery,Non-Fiction,2,399,0.15,678.3,357.87,UPI,8,No,112.59
ORD-10476,24-02-2025,CUST-0304,Dev Agarwal,East,Bhubaneswar,PROD-0101,Samsung Galaxy Buds3,Electronics,Headphones,1,12999,0.15,11049.15,5493.63,Debit,12,No,0.0
ORD-10477,20-01-2025,CUST-0325,Raj Kumar,West,Mumbai,PROD-0001,iPhone 15 Pro,Electronics,Smartphones,2,89999,0.2,143998.4,73967.06,Gpay,3,No,0.0
ORD-10478,01-01-2025,CUST-0373,Aarav Reddy,North,Delhi,PROD-0105,Crocs Classic Clog,Fashion,Footwear,3,2999,0.05,8547.15,3384.83,Visa,10,No,0.0
ORD-10479,18-01-2025,CUST-0014,Ishita Patel,Central,Bhopal,PROD-0017,Nike Air Force 1,Fashion,Footwear,1,7999,0.05,7599.05,3429.13,UPI,9,No,0.0
ORD-10480,21-04-2025,CUST-0320,Krishna Mishra,South,Chennai,PROD-0110,The Psychology of Money,Books & Stationery,Non-Fiction,3,349,0.2,837.6,262.31,Debit,2,No,259.57
ORD-10481,28-02-2025,CUST-0064,Aditi Patel,West,Ahmedabad,PROD-0112,Protein Shaker Bottle,Health & Beauty,Fitness,1,499,0.0,499.0,199.82,Gpay,6,No,49.03
ORD-10481,28-02-2025,CUST-0064,Aditi Patel,West,Ahmedabad,PROD-0061,Cetaphil Moisturizer,Health & Beauty,Skincare,1,799,0.05,759.05,304.36,Gpay,11,No,99.51
ORD-10481,28-02-2025,CUST-0064,Aditi Patel,West,Ahmedabad,PROD-0110,The Psychology of Money,Books & Stationery,Non-Fiction,2,349,0.0,698.0,251.59,Net-Banking,11,No,264.76
ORD-10482,22-04-2025,CUST-0367,Mohit Gupta,East,Patna,PROD-0112,Protein Shaker Bottle,Health & Beauty,Fitness,1,499,0.1,449.1,194.39,UPI,4,No,186.38
ORD-10482,22-04-2025,CUST-0367,Mohit Gupta,East,Patna,PROD-0106,Casio G-Shock,Fashion,Accessories,1,9999,0.0,9999.0,5042.28,Visa,9,No,0.0
ORD-10482,22-04-2025,CUST-0367,Mohit Gupta,East,Patna,PROD-0046,Atomic Habits,Books & Stationery,Non-Fiction,3,399,0.2,957.6,491.51,Visa,12,No,274.49
ORD-10483,21-05-2025,CUST-0407,Aarav Reddy,North,Delhi,PROD-0031,Prestige Mixer,Home & Kitchen,Appliances,2,4599,0.05,8738.1,2756.38,Visa,6,No,0.0
ORD-10484,26-05-2025,CUST-0017,Swati Sharma,East,Ranchi,PROD-0104,Under Armour Hoodie,Fashion,Men Clothing,1,4299,0.1,3869.1,1972.41,Net-Banking,7,No,0.0
ORD-10485,12-05-2025,CUST-0352,Ananya Choudhury,North,Delhi,PROD-0016,Levi's 501 Jeans,Fashion,Men Clothing,1,3499,0.05,3324.05,1250.82,Visa,10,No,0.0
ORD-10485,12-05-2025,CUST-0352,Ananya Choudhury,North,Delhi,PROD-0101,Samsung Galaxy Buds3,Electronics,Headphones,3,12999,0.2,31197.6,10330.93,Debit,6,No,0.0
ORD-10486,15-05-2025,CUST-0006,Meera Gupta,West,Surat,PROD-0003,MacBook Air M3,Electronics,Laptops,1,99999,0.15,84999.15,39652.85,Gpay,6,No,0.0
ORD-10486,15-05-2025,CUST-0006,Meera Gupta,West,Surat,PROD-0061,Cetaphil Moisturizer,Health & Beauty,Skincare,3,799,0.0,2397.0,988.09,Cash On Delivery,11,No,0.0
ORD-10486,15-05-2025,CUST-0006,Meera Gupta,West,Surat,PROD-0109,Thinking Fast and Slow,Books & Stationery,Non-Fiction,1,499,0.05,474.05,170.34,Net-Banking,6,No,44.31
ORD-10487,17-03-2025,CUST-0359,Arun Kumar,West,Mumbai,PROD-0046,Atomic Habits,Books & Stationery,Non-Fiction,2,399,0.15,678.3,256.62,Debit,12,No,70.02
ORD-10488,24-03-2025,CUST-0078,Deepak Agarwal,Central,Bhopal,PROD-0016,Levi's 501 Jeans,Fashion,Men Clothing,1,3499,0.1,3149.1,1475.43,Gpay,1,No,0.0
ORD-10489,17-03-2025,CUST-0333,Akash Singh,South,Kochi,PROD-0017,Nike Air Force 1,Fashion,Footwear,3,7999,0.05,22797.15,8042.6,Gpay,7,No,0.0
ORD-10490,08-04-2025,CUST-0414,Riya Mehta,Central,Raipur,PROD-0104,Under Armour Hoodie,Fashion,Men Clothing,1,4299,0.0,4299.0,1388.97,UPI,11,No,0.0
ORD-10490,08-04-2025,CUST-0414,Riya Mehta,Central,Raipur,PROD-0007,Sony WH-1000XM5,Electronics,Headphones,1,24990,0.0,24990.0,10679.75,UPI,12,No,0.0
ORD-10490,08-04-2025,CUST-0414,Riya Mehta,Central,Raipur,PROD-0101,Samsung Galaxy Buds3,Electronics,Headphones,3,12999,0.2,31197.6,12815.99,Net-Banking,5,No,0.0
ORD-10491,07-04-2025,CUST-0374,Kavya Reddy,South,Bangalore,PROD-0105,Crocs Classic Clog,Fashion,Footwear,3,2999,0.15,7647.45,3334.25,Visa,6,No,0.0
ORD-10492,21-04-2025,CUST-0033,Karan Das,East,Kolkata,PROD-0105,Crocs Classic Clog,Fashion,Footwear,2,2999,0.2,4798.4,2221.12,UPI,1,No,0.0
ORD-10493,05-02-2025,CUST-0367,Mohit Gupta,East,Patna,PROD-0106,Casio G-Shock,Fashion,Accessories,1,9999,0.15,8499.15,2922.3,Gpay,10,No,0.0
ORD-10494,11-01-2025,CUST-0061,Aarav Choudhury,East,Bhubaneswar,PROD-0007,Sony WH-1000XM5,Electronics,Headphones,3,24990,0.0,74970.0,35157.76,UPI,6,No,0.0
ORD-10495,31-05-2025,CUST-0326,Sneha Patel,North,Chandigarh,PROD-0031,Prestige Mixer,Home & Kitchen,Appliances,1,4599,0.05,4369.05,1344.83,Gpay,1,No,0.0
ORD-10495,31-05-2025,CUST-0326,Sneha Patel,North,Chandigarh,PROD-0110,The Psychology of Money,Books & Stationery,Non-Fiction,1,349,0.2,279.2,135.25,Gpay,8,No,342.37
ORD-10496,15-02-2025,CUST-0391,Ishita Singh,North,Jaipur,PROD-0003,MacBook Air M3,Electronics,Laptops,2,99999,0.0,199998.0,101506.09,Debit,8,No,0.0
ORD-10496,15-02-2025,CUST-0391,Ishita Singh,North,Jaipur,PROD-0061,Cetaphil Moisturizer,Health & Beauty,Skincare,3,799,0.2,1917.6,673.31,UPI,2,No,378.87
ORD-10497,27-05-2025,CUST-0057,Arun Joshi,Central,Raipur,PROD-0046,Atomic Habits,Books & Stationery,Non-Fiction,3,399,0.05,1137.15,427.91,Visa,4,No,276.98
ORD-10498,10-05-2025,CUST-0059,Nisha Yadav,Central,Bhopal,PROD-0007,Sony WH-1000XM5,Electronics,Headphones,1,24990,0.2,19992.0,8626.42,Net-Banking,6,No,0.0
ORD-10499,22-01-2025,CUST-0070,Amit Singh,East,Kolkata,PROD-0031,Prestige Mixer,Home & Kitchen,Appliances,1,4599,0.0,4599.0,1436.02,Debit,4,No,0.0
ORD-10499,22-01-2025,CUST-0070,Amit Singh,East,Kolkata,PROD-0108,Bosch Drill Machine,Home & Kitchen,Appliances,3,5499,0.2,13197.6,6566.82,Cash On Delivery,7,No,0.0
ORD-10499,22-01-2025,CUST-0070,Amit Singh,East,Kolkata,PROD-0102,Asus ROG Zephyrus,Electronics,Laptops,2,134999,0.0,269998.0,95585.08,Visa,3,No,0.0
ORD-10499,22-01-2025,CUST-0070,Amit Singh,East,Kolkata,PROD-0103,Kindle Paperwhite,Electronics,Tablets,1,14999,0.0,14999.0,7362.04,Debit,5,No,0.0
ORD-10500,01-01-2025,CUST-0384,Amit Das,Central,Bhopal,PROD-0061,Cetaphil Moisturizer,Health & Beauty,Skincare,2,799,0.15,1358.3,640.04,Net-Banking,8,No,197.82
ORD-10500,01-01-2025,CUST-0384,Amit Das,Central,Bhopal,PROD-0112,Protein Shaker Bottle,Health & Beauty,Fitness,2,499,0.2,798.4,376.1,Debit,5,No,49.57
ORD-10500,01-01-2025,CUST-0384,Amit Das,Central,Bhopal,PROD-0102,Asus ROG Zephyrus,Electronics,Laptops,1,134999,0.15,114749.15,41129.23,Gpay,6,No,0.0
ORD-10500,01-01-2025,CUST-0384,Amit Das,Central,Bhopal,PROD-0108,Bosch Drill Machine,Home & Kitchen,Appliances,3,5499,0.2,13197.6,6106.69,Debit,6,No,0.0
ORD-10501,21-01-2025,CUST-0077,Arun Kumar,South,Chennai,PROD-0104,Under Armour Hoodie,Fashion,Men Clothing,2,4299,0.15,7308.3,2804.88,Net-Banking,11,No,0.0
ORD-10502,25-03-2025,CUST-0063,Dev Gupta,East,Kolkata,PROD-0112,Protein Shaker Bottle,Health & Beauty,Fitness,1,499,0.0,499.0,187.89,UPI,10,No,349.42
ORD-10503,19-02-2025,CUST-0395,Varun Kumar,North,Delhi,PROD-0108,Bosch Drill Machine,Home & Kitchen,Appliances,3,5499,0.0,16497.0,8529.15,Cash On Delivery,10,No,0.0
ORD-10504,08-04-2025,CUST-0009,Aditi Iyer,West,Mumbai,PROD-0016,Levi's 501 Jeans,Fashion,Men Clothing,3,3499,0.2,8397.6,3015.98,Gpay,3,No,0.0
ORD-10505,14-05-2025,CUST-0373,Aarav Reddy,North,Delhi,PROD-0111,Dumbbell Set 20kg,Health & Beauty,Fitness,3,3499,0.1,9447.3,3610.05,UPI,4,No,0.0
ORD-10506,23-05-2025,CUST-0363,Krishna Das,West,Surat,PROD-0046,Atomic Habits,Books & Stationery,Non-Fiction,2,399,0.0,798.0,405.16,Gpay,5,No,221.9
ORD-10507,07-02-2025,CUST-0331,Varun Reddy,Central,Raipur,PROD-0017,Nike Air Force 1,Fashion,Footwear,2,7999,0.0,15998.0,6960.8,UPI,7,No,0.0
ORD-10508,27-04-2025,CUST-0023,Arjun Kumar,North,Lucknow,PROD-0016,Levi's 501 Jeans,Fashion,Men Clothing,2,3499,0.2,5598.4,1969.78,Net-Banking,9,No,0.0
ORD-10509,10-03-2025,CUST-0072,Mohit Shah,North,Lucknow,PROD-0061,Cetaphil Moisturizer,Health & Beauty,Skincare,2,799,0.1,1438.2,514.82,Visa,1,No,224.03
ORD-10510,25-02-2025,CUST-0375,Varun Das,South,Chennai,PROD-0102,Asus ROG Zephyrus,Electronics,Laptops,2,134999,0.05,256498.1,118488.86,Net-Banking,11,No,0.0
ORD-10511,27-02-2025,CUST-0361,Pooja Kumar,South,Bangalore,PROD-0110,The Psychology of Money,Books & Stationery,Non-Fiction,2,349,0.15,593.3,287.38,UPI,4,No,191.4
ORD-10512,06-04-2025,CUST-0395,Varun Kumar,North,Delhi,PROD-0017,Nike Air Force 1,Fashion,Footwear,1,7999,0.1,7199.1,2388.84,Net-Banking,8,No,0.0
ORD-10513,30-05-2025,CUST-0077,Arun Kumar,South,Chennai,PROD-0017,Nike Air Force 1,Fashion,Footwear,3,7999,0.1,21597.3,6581.83,Gpay,1,No,0.0
ORD-10514,30-03-2025,CUST-0360,Divya Das,East,Bhubaneswar,PROD-0007,Sony WH-1000XM5,Electronics,Headphones,3,24990,0.15,63724.5,33945.36,Debit,2,No,0.0
ORD-10515,29-05-2025,CUST-0050,Priyanka Patel,North,Delhi,PROD-0107,Instant Pot Duo,Home & Kitchen,Appliances,2,8999,0.0,17998.0,7517.15,Debit,11,No,0.0
ORD-10516,07-03-2025,CUST-0334,Rahul Roy,North,Jaipur,PROD-0105,Crocs Classic Clog,Fashion,Footwear,1,2999,0.0,2999.0,1372.8,Debit,1,No,0.0
ORD-10517,23-04-2025,CUST-0048,Ankita Pillai,West,Ahmedabad,PROD-0102,Asus ROG Zephyrus,Electronics,Laptops,3,134999,0.0,404997.0,207623.64,Visa,4,No,0.0
ORD-10518,20-01-2025,CUST-0345,Deepak Yadav,South,Bangalore,PROD-0106,Casio G-Shock,Fashion,Accessories,3,9999,0.0,29997.0,10202.97,Gpay,6,No,0.0
ORD-10518,20-01-2025,CUST-0345,Deepak Yadav,South,Bangalore,PROD-0111,Dumbbell Set 20kg,Health & Beauty,Fitness,1,3499,0.1,3149.1,1300.01,UPI,8,Yes,0.0
ORD-10518,20-01-2025,CUST-0345,Deepak Yadav,South,Bangalore,PROD-0110,The Psychology of Money,Books & Stationery,Non-Fiction,2,349,0.15,593.3,270.05,Gpay,5,No,299.45
ORD-10519,05-03-2025,CUST-0348,Sneha Roy,West,Pune,PROD-0107,Instant Pot Duo,Home & Kitchen,Appliances,2,8999,0.0,17998.0,7572.21,Gpay,8,No,0.0
ORD-10520,31-03-2025,CUST-0416,Aditi Roy,South,Hyderabad,PROD-0110,The Psychology of Money,Books & Stationery,Non-Fiction,2,349,0.1,628.2,317.54,Visa,3,No,151.7
ORD-10520,31-03-2025,CUST-0416,Aditi Roy,South,Hyderabad,PROD-0106,Casio G-Shock,Fashion,Accessories,2,9999,0.05,18998.1,7439.32,Net-Banking,10,Yes,0.0
ORD-10521,21-02-2025,CUST-0374,Kavya Reddy,South,Bangalore,PROD-0001,iPhone 15 Pro,Electronics,Smartphones,1,89999,0.0,89999.0,48135.31,Net-Banking,3,No,0.0
ORD-10522,20-05-2025,CUST-0344,Kavya Agarwal,East,Patna,PROD-0108,Bosch Drill Machine,Home & Kitchen,Appliances,1,5499,0.1,4949.1,1917.16,UPI,3,Yes,0.0
ORD-10522,20-05-2025,CUST-0344,Kavya Agarwal,East,Patna,PROD-0106,Casio G-Shock,Fashion,Accessories,1,9999,0.0,9999.0,3777.5,Visa,1,No,0.0
ORD-10523,10-02-2025,CUST-0031,Priya Joshi,Central,Bhopal,PROD-0007,Sony WH-1000XM5,Electronics,Headphones,1,24990,0.1,22491.0,8430.36,Net-Banking,7,Yes,0.0
ORD-10524,13-03-2025,CUST-0368,Rahul Agarwal,Central,Bhopal,PROD-0046,Atomic Habits,Books & Stationery,Non-Fiction,2,399,0.0,798.0,370.28,Gpay,4,No,99.63
ORD-10525,29-04-2025,CUST-0388,Ishita Pillai,East,Bhubaneswar,PROD-0105,Crocs Classic Clog,Fashion,Footwear,2,2999,0.0,5998.0,2101.53,UPI,11,No,0.0
ORD-10526,16-03-2025,CUST-0376,Raj Singh,Central,Bhopal,PROD-0016,Levi's 501 Jeans,Fashion,Men Clothing,3,3499,0.15,8922.45,2689.0,Gpay,4,No,0.0
ORD-10526,16-03-2025,CUST-0376,Raj Singh,Central,Bhopal,PROD-0001,iPhone 15 Pro,Electronics,Smartphones,2,89999,0.1,161998.2,62924.55,UPI,6,No,0.0
ORD-10526,16-03-2025,CUST-0376,Raj Singh,Central,Bhopal,PROD-0017,Nike Air Force 1,Fashion,Footwear,2,7999,0.0,15998.0,8210.76,Debit,3,No,0.0
ORD-10526,16-03-2025,CUST-0376,Raj Singh,Central,Bhopal,PROD-0101,Samsung Galaxy Buds3,Electronics,Headphones,1,12999,0.15,11049.15,4051.06,Visa,5,No,0.0
ORD-10527,07-05-2025,CUST-0363,Krishna Das,West,Surat,PROD-0110,The Psychology of Money,Books & Stationery,Non-Fiction,2,349,0.0,698.0,298.35,Debit,5,No,50.58
ORD-10528,31-03-2025,CUST-0037,Vikram Pillai,East,Patna,PROD-0112,Protein Shaker Bottle,Health & Beauty,Fitness,2,499,0.1,898.2,360.38,UPI,4,No,280.81
ORD-10529,20-05-2025,CUST-0056,Meera Iyer,East,Ranchi,PROD-0111,Dumbbell Set 20kg,Health & Beauty,Fitness,1,3499,0.05,3324.05,1796.23,Visa,2,No,0.0
ORD-10530,01-05-2025,CUST-0058,Vikram Joshi,Central,Bhopal,PROD-0104,Under Armour Hoodie,Fashion,Men Clothing,3,4299,0.1,11607.3,5442.68,Visa,2,No,0.0
ORD-10531,08-01-2025,CUST-0402,Rahul Sharma,North,Jaipur,PROD-0046,Atomic Habits,Books & Stationery,Non-Fiction,2,399,0.15,678.3,295.05,Debit,6,No,55.09
ORD-10531,08-01-2025,CUST-0402,Rahul Sharma,North,Jaipur,PROD-0110,The Psychology of Money,Books & Stationery,Non-Fiction,1,349,0.15,296.65,136.89,Net-Banking,5,No,327.23
ORD-10531,08-01-2025,CUST-0402,Rahul Sharma,North,Jaipur,PROD-0031,Prestige Mixer,Home & Kitchen,Appliances,1,4599,0.0,4599.0,2022.53,Cash On Delivery,8,No,0.0
ORD-10532,07-05-2025,CUST-0384,Amit Das,Central,Bhopal,PROD-0112,Protein Shaker Bottle,Health & Beauty,Fitness,2,499,0.0,998.0,406.81,Cash On Delivery,5,No,132.42
ORD-10533,19-01-2025,CUST-0033,Karan Das,East,Kolkata,PROD-0107,Instant Pot Duo,Home & Kitchen,Appliances,3,8999,0.0,26997.0,8747.27,Visa,3,Yes,0.0
ORD-10533,19-01-2025,CUST-0033,Karan Das,East,Kolkata,PROD-0061,Cetaphil Moisturizer,Health & Beauty,Skincare,1,799,0.0,799.0,272.41,Debit,6,No,70.82
ORD-10533,19-01-2025,CUST-0033,Karan Das,East,Kolkata,PROD-0001,iPhone 15 Pro,Electronics,Smartphones,1,89999,0.0,89999.0,40286.27,Gpay,8,No,0.0
ORD-10533,19-01-2025,CUST-0033,Karan Das,East,Kolkata,PROD-0017,Nike Air Force 1,Fashion,Footwear,2,7999,0.0,15998.0,6776.39,Gpay,9,No,0.0
ORD-10534,09-04-2025,CUST-0318,Suresh Mishra,South,Chennai,PROD-0101,Samsung Galaxy Buds3,Electronics,Headphones,1,12999,0.15,11049.15,5425.47,Visa,1,No,0.0
ORD-10535,04-05-2025,CUST-0398,Manish Gupta,East,Patna,PROD-0109,Thinking Fast and Slow,Books & Stationery,Non-Fiction,3,499,0.0,1497.0,807.62,UPI,9,No,101.45
ORD-10535,04-05-2025,CUST-0398,Manish Gupta,East,Patna,PROD-0107,Instant Pot Duo,Home & Kitchen,Appliances,1,8999,0.1,8099.1,3977.31,Gpay,6,Yes,0.0
ORD-10535,04-05-2025,CUST-0398,Manish Gupta,East,Patna,PROD-0105,Crocs Classic Clog,Fashion,Footwear,1,2999,0.0,2999.0,1444.72,Gpay,8,No,0.0
ORD-10535,04-05-2025,CUST-0398,Manish Gupta,East,Patna,PROD-0111,Dumbbell Set 20kg,Health & Beauty,Fitness,2,3499,0.15,5948.3,1864.73,UPI,1,No,0.0
ORD-10536,23-04-2025,CUST-0320,Krishna Mishra,South,Chennai,PROD-0016,Levi's 501 Jeans,Fashion,Men Clothing,2,3499,0.05,6648.1,3263.45,Visa,7,No,0.0
ORD-10536,23-04-2025,CUST-0320,Krishna Mishra,South,Chennai,PROD-0104,Under Armour Hoodie,Fashion,Men Clothing,2,4299,0.0,8598.0,4189.7,Cash On Delivery,8,No,0.0
ORD-10536,23-04-2025,CUST-0320,Krishna Mishra,South,Chennai,PROD-0031,Prestige Mixer,Home & Kitchen,Appliances,2,4599,0.0,9198.0,4168.22,Cash On Delivery,2,No,0.0
ORD-10537,19-05-2025,CUST-0042,Rahul Das,North,Lucknow,PROD-0003,MacBook Air M3,Electronics,Laptops,2,99999,0.1,179998.2,59358.2,Net-Banking,2,No,0.0
ORD-10537,19-05-2025,CUST-0042,Rahul Das,North,Lucknow,PROD-0031,Prestige Mixer,Home & Kitchen,Appliances,3,4599,0.2,11037.6,5837.83,Debit,3,No,0.0
ORD-10537,19-05-2025,CUST-0042,Rahul Das,North,Lucknow,PROD-0108,Bosch Drill Machine,Home & Kitchen,Appliances,3,5499,0.15,14022.45,4299.19,Visa,1,No,0.0
ORD-10538,13-04-2025,CUST-0386,Krishna Verma,South,Bangalore,PROD-0031,Prestige Mixer,Home & Kitchen,Appliances,1,4599,0.15,3909.15,1950.0,Net-Banking,12,No,0.0
ORD-10539,03-01-2025,CUST-0047,Deepak Reddy,Central,Indore,PROD-0111,Dumbbell Set 20kg,Health & Beauty,Fitness,2,3499,0.05,6648.1,3573.45,Cash On Delivery,12,No,0.0
ORD-10539,03-01-2025,CUST-0047,Deepak Reddy,Central,Indore,PROD-0061,Cetaphil Moisturizer,Health & Beauty,Skincare,3,799,0.05,2277.15,1076.13,Debit,1,No,0.0
ORD-10540,24-01-2025,CUST-0066,Deepak Patel,South,Kochi,PROD-0103,Kindle Paperwhite,Electronics,Tablets,3,14999,0.0,44997.0,13791.08,Net-Banking,6,Yes,0.0
ORD-10541,31-01-2025,CUST-0073,Karan Agarwal,East,Patna,PROD-0017,Nike Air Force 1,Fashion,Footwear,1,7999,0.05,7599.05,2350.79,Debit,5,No,0.0
ORD-10542,04-03-2025,CUST-0330,Arun Gupta,East,Bhubaneswar,PROD-0108,Bosch Drill Machine,Home & Kitchen,Appliances,2,5499,0.1,9898.2,4688.09,Cash On Delivery,12,No,0.0
ORD-10543,20-03-2025,CUST-0050,Priyanka Patel,North,Delhi,PROD-0007,Sony WH-1000XM5,Electronics,Headphones,1,24990,0.0,24990.0,12542.21,Debit,12,No,0.0
ORD-10543,20-03-2025,CUST-0050,Priyanka Patel,North,Delhi,PROD-0103,Kindle Paperwhite,Electronics,Tablets,1,14999,0.15,12749.15,6041.55,Cash On Delivery,3,No,0.0
ORD-10543,20-03-2025,CUST-0050,Priyanka Patel,North,Delhi,PROD-0031,Prestige Mixer,Home & Kitchen,Appliances,2,4599,0.1,8278.2,2979.61,Gpay,2,No,0.0
ORD-10544,02-02-2025,CUST-0326,Sneha Patel,North,Chandigarh,PROD-0108,Bosch Drill Machine,Home & Kitchen,Appliances,3,5499,0.2,13197.6,5443.27,UPI,12,No,0.0
ORD-10545,26-02-2025,CUST-0004,Sakshi Reddy,Central,Raipur,PROD-0106,Casio G-Shock,Fashion,Accessories,2,9999,0.1,17998.2,7225.85,Cash On Delivery,10,No,0.0
ORD-10546,16-01-2025,CUST-0026,Karan Iyer,West,Mumbai,PROD-0046,Atomic Habits,Books & Stationery,Non-Fiction,1,399,0.05,379.05,203.57,Cash On Delivery,5,No,271.11
ORD-10546,16-01-2025,CUST-0026,Karan Iyer,West,Mumbai,PROD-0101,Samsung Galaxy Buds3,Electronics,Headphones,1,12999,0.0,12999.0,6726.85,Gpay,3,No,0.0
ORD-10546,16-01-2025,CUST-0026,Karan Iyer,West,Mumbai,PROD-0106,Casio G-Shock,Fashion,Accessories,1,9999,0.0,9999.0,4164.38,Gpay,8,Yes,0.0
ORD-10546,16-01-2025,CUST-0026,Karan Iyer,West,Mumbai,PROD-0105,Crocs Classic Clog,Fashion,Footwear,2,2999,0.0,5998.0,3149.11,UPI,3,No,0.0
ORD-10547,02-01-2025,CUST-0350,Meera Singh,West,Ahmedabad,PROD-0105,Crocs Classic Clog,Fashion,Footwear,2,2999,0.15,5098.3,2308.89,Net-Banking,12,No,0.0
ORD-10548,02-02-2025,CUST-0386,Krishna Verma,South,Bangalore,PROD-0016,Levi's 501 Jeans,Fashion,Men Clothing,2,3499,0.0,6998.0,2585.66,Debit,1,No,0.0
ORD-10549,30-03-2025,CUST-0053,Varun Yadav,South,Hyderabad,PROD-0105,Crocs Classic Clog,Fashion,Footwear,2,2999,0.2,4798.4,2239.27,Debit,12,No,0.0
ORD-10549,30-03-2025,CUST-0053,Varun Yadav,South,Hyderabad,PROD-0111,Dumbbell Set 20kg,Health & Beauty,Fitness,3,3499,0.0,10497.0,5771.06,Cash On Delivery,12,No,0.0
ORD-10550,28-03-2025,CUST-0043,Varun Verma,South,Chennai,PROD-0104,Under Armour Hoodie,Fashion,Men Clothing,2,4299,0.0,8598.0,4113.39,UPI,6,No,0.0
ORD-10551,13-01-2025,CUST-0064,Aditi Patel,West,Ahmedabad,PROD-0107,Instant Pot Duo,Home & Kitchen,Appliances,1,8999,0.0,8999.0,4074.19,Visa,9,No,0.0
ORD-10551,13-01-2025,CUST-0064,Aditi Patel,West,Ahmedabad,PROD-0102,Asus ROG Zephyrus,Electronics,Laptops,3,134999,0.1,364497.3,165861.99,Net-Banking,11,No,0.0
ORD-10551,13-01-2025,CUST-0064,Aditi Patel,West,Ahmedabad,PROD-0017,Nike Air Force 1,Fashion,Footwear,3,7999,0.15,20397.45,9307.04,Visa,4,No,0.0
ORD-10552,22-04-2025,CUST-0036,Varun Singh,West,Ahmedabad,PROD-0016,Levi's 501 Jeans,Fashion,Men Clothing,2,3499,0.1,6298.2,2790.2,Debit,6,No,0.0
ORD-10552,22-04-2025,CUST-0036,Varun Singh,West,Ahmedabad,PROD-0108,Bosch Drill Machine,Home & Kitchen,Appliances,1,5499,0.15,4674.15,1894.38,Debit,6,No,0.0
ORD-10552,22-04-2025,CUST-0036,Varun Singh,West,Ahmedabad,PROD-0003,MacBook Air M3,Electronics,Laptops,2,99999,0.0,199998.0,101856.86,Gpay,6,No,0.0
ORD-10552,22-04-2025,CUST-0036,Varun Singh,West,Ahmedabad,PROD-0111,Dumbbell Set 20kg,Health & Beauty,Fitness,3,3499,0.0,10497.0,5478.08,UPI,11,No,0.0
ORD-10553,01-01-2025,CUST-0009,Aditi Iyer,West,Mumbai,PROD-0016,Levi's 501 Jeans,Fashion,Men Clothing,1,3499,0.0,3499.0,1546.75,UPI,8,No,0.0
ORD-10553,01-01-2025,CUST-0009,Aditi Iyer,West,Mumbai,PROD-0111,Dumbbell Set 20kg,Health & Beauty,Fitness,2,3499,0.05,6648.1,2057.37,Gpay,7,No,0.0
ORD-10554,07-01-2025,CUST-0419,Arun Verma,North,Chandigarh,PROD-0102,Asus ROG Zephyrus,Electronics,Laptops,1,134999,0.15,114749.15,55839.45,UPI,1,No,0.0
ORD-10554,07-01-2025,CUST-0419,Arun Verma,North,Chandigarh,PROD-0101,Samsung Galaxy Buds3,Electronics,Headphones,3,12999,0.2,31197.6,12469.1,Gpay,1,No,0.0
ORD-10554,07-01-2025,CUST-0419,Arun Verma,North,Chandigarh,PROD-0105,Crocs Classic Clog,Fashion,Footwear,2,2999,0.2,4798.4,2308.12,Visa,12,No,0.0
ORD-10554,07-01-2025,CUST-0419,Arun Verma,North,Chandigarh,PROD-0109,Thinking Fast and Slow,Books & Stationery,Non-Fiction,2,499,0.0,998.0,346.1,UPI,5,No,126.98
ORD-10555,03-02-2025,CUST-0006,Meera Gupta,West,Surat,PROD-0003,MacBook Air M3,Electronics,Laptops,2,99999,0.05,189998.1,69370.7,Cash On Delivery,4,No,0.0
ORD-10556,13-05-2025,CUST-0059,Nisha Yadav,Central,Bhopal,PROD-0104,Under Armour Hoodie,Fashion,Men Clothing,1,4299,0.0,4299.0,1789.6,Gpay,1,No,0.0
ORD-10557,26-02-2025,CUST-0050,Priyanka Patel,North,Delhi,PROD-0102,Asus ROG Zephyrus,Electronics,Laptops,1,134999,0.0,134999.0,41976.29,Cash On Delivery,8,No,0.0
ORD-10558,24-03-2025,CUST-0017,Swati Sharma,East,Ranchi,PROD-0003,MacBook Air M3,Electronics,Laptops,1,99999,0.15,84999.15,46547.71,Net-Banking,12,No,0.0
ORD-10559,14-02-2025,CUST-0406,Krishna Mehta,Central,Bhopal,PROD-0003,MacBook Air M3,Electronics,Laptops,3,99999,0.1,269997.3,135400.34,Gpay,3,No,0.0
ORD-10559,14-02-2025,CUST-0406,Krishna Mehta,Central,Bhopal,PROD-0106,Casio G-Shock,Fashion,Accessories,3,9999,0.1,26997.3,10133.47,Gpay,6,No,0.0
ORD-10559,14-02-2025,CUST-0406,Krishna Mehta,Central,Bhopal,PROD-0112,Protein Shaker Bottle,Health & Beauty,Fitness,3,499,0.15,1272.45,635.35,Gpay,4,No,178.37
ORD-10559,14-02-2025,CUST-0406,Krishna Mehta,Central,Bhopal,PROD-0104,Under Armour Hoodie,Fashion,Men Clothing,3,4299,0.2,10317.6,4668.21,Debit,10,No,0.0
ORD-10560,25-02-2025,CUST-0013,Deepak Agarwal,South,Chennai,PROD-0031,Prestige Mixer,Home & Kitchen,Appliances,3,4599,0.0,13797.0,4798.07,Debit,2,No,0.0
ORD-10560,25-02-2025,CUST-0013,Deepak Agarwal,South,Chennai,PROD-0101,Samsung Galaxy Buds3,Electronics,Headphones,3,12999,0.0,38997.0,16064.74,Debit,9,No,0.0
ORD-10560,25-02-2025,CUST-0013,Deepak Agarwal,South,Chennai,PROD-0003,MacBook Air M3,Electronics,Laptops,3,99999,0.2,239997.6,94632.0,Debit,8,No,0.0
ORD-10560,25-02-2025,CUST-0013,Deepak Agarwal,South,Chennai,PROD-0106,Casio G-Shock,Fashion,Accessories,1,9999,0.0,9999.0,5455.17,Net-Banking,4,No,0.0
ORD-10561,10-04-2025,CUST-0028,Priyanka Patel,North,Chandigarh,PROD-0001,iPhone 15 Pro,Electronics,Smartphones,3,89999,0.05,256497.15,125981.01,Visa,4,No,0.0
ORD-10562,15-01-2025,CUST-0408,Raj Bhat,West,Surat,PROD-0101,Samsung Galaxy Buds3,Electronics,Headphones,2,12999,0.0,25998.0,13135.44,Visa,1,No,0.0
ORD-10563,22-05-2025,CUST-0053,Varun Yadav,South,Hyderabad,PROD-0109,Thinking Fast and Slow,Books & Stationery,Non-Fiction,3,499,0.0,1497.0,640.66,Debit,7,No,220.95
ORD-10564,31-01-2025,CUST-0004,Sakshi Reddy,Central,Raipur,PROD-0101,Samsung Galaxy Buds3,Electronics,Headphones,2,12999,0.2,20798.4,6800.71,Cash On Delivery,12,No,0.0
ORD-10565,28-02-2025,CUST-0403,Vikram Singh,South,Kochi,PROD-0109,Thinking Fast and Slow,Books & Stationery,Non-Fiction,2,499,0.0,998.0,333.2,Debit,9,No,190.99
ORD-10566,13-01-2025,CUST-0314,Aarav Patel,South,Kochi,PROD-0046,Atomic Habits,Books & Stationery,Non-Fiction,3,399,0.0,1197.0,378.41,Net-Banking,2,No,175.65
ORD-10567,23-01-2025,CUST-0412,Akash Sharma,East,Kolkata,PROD-0103,Kindle Paperwhite,Electronics,Tablets,1,14999,0.0,14999.0,6664.87,UPI,12,No,0.0
ORD-10567,23-01-2025,CUST-0412,Akash Sharma,East,Kolkata,PROD-0017,Nike Air Force 1,Fashion,Footwear,3,7999,0.05,22797.15,10096.46,Gpay,2,No,0.0
ORD-10567,23-01-2025,CUST-0412,Akash Sharma,East,Kolkata,PROD-0003,MacBook Air M3,Electronics,Laptops,1,99999,0.05,94999.05,39815.9,Visa,12,No,0.0
ORD-10567,23-01-2025,CUST-0412,Akash Sharma,East,Kolkata,PROD-0106,Casio G-Shock,Fashion,Accessories,2,9999,0.05,18998.1,8905.56,Visa,7,No,0.0
ORD-10568,13-01-2025,CUST-0307,Siddharth Shah,North,Jaipur,PROD-0017,Nike Air Force 1,Fashion,Footwear,1,7999,0.0,7999.0,3409.18,Debit,11,No,0.0
ORD-10569,03-01-2025,CUST-0311,Suresh Sharma,North,Lucknow,PROD-0108,Bosch Drill Machine,Home & Kitchen,Appliances,2,5499,0.15,9348.3,3858.84,Debit,5,No,0.0
ORD-10569,03-01-2025,CUST-0311,Suresh Sharma,North,Lucknow,PROD-0061,Cetaphil Moisturizer,Health & Beauty,Skincare,2,799,0.05,1518.1,557.0,Debit,1,No,366.72
ORD-10569,03-01-2025,CUST-0311,Suresh Sharma,North,Lucknow,PROD-0003,MacBook Air M3,Electronics,Laptops,1,99999,0.0,99999.0,52401.17,UPI,6,No,0.0
ORD-10569,03-01-2025,CUST-0311,Suresh Sharma,North,Lucknow,PROD-0103,Kindle Paperwhite,Electronics,Tablets,1,14999,0.2,11999.2,5639.03,Debit,4,No,0.0
ORD-10570,03-04-2025,CUST-0336,Vivaan Joshi,North,Lucknow,PROD-0001,iPhone 15 Pro,Electronics,Smartphones,3,89999,0.1,242997.3,127931.32,Cash On Delivery,10,No,0.0
ORD-10570,03-04-2025,CUST-0336,Vivaan Joshi,North,Lucknow,PROD-0101,Samsung Galaxy Buds3,Electronics,Headphones,1,12999,0.1,11699.1,4249.26,Net-Banking,4,Yes,0.0
ORD-10570,03-04-2025,CUST-0336,Vivaan Joshi,North,Lucknow,PROD-0109,Thinking Fast and Slow,Books & Stationery,Non-Fiction,1,499,0.1,449.1,180.58,Debit,10,No,181.79
ORD-10570,03-04-2025,CUST-0336,Vivaan Joshi,North,Lucknow,PROD-0017,Nike Air Force 1,Fashion,Footwear,2,7999,0.1,14398.2,4452.31,Debit,8,No,0.0
ORD-10571,08-05-2025,CUST-0417,Raj Verma,Central,Indore,PROD-0105,Crocs Classic Clog,Fashion,Footwear,3,2999,0.0,8997.0,3799.91,Cash On Delivery,8,No,0.0
ORD-10572,16-04-2025,CUST-0035,Deepak Singh,East,Ranchi,PROD-0104,Under Armour Hoodie,Fashion,Men Clothing,1,4299,0.2,3439.2,1063.57,Debit,4,No,0.0
ORD-10573,05-03-2025,CUST-0006,Meera Gupta,West,Surat,PROD-0101,Samsung Galaxy Buds3,Electronics,Headphones,2,12999,0.0,25998.0,13941.84,Net-Banking,3,Yes,0.0
ORD-10574,12-01-2025,CUST-0355,Nikhil Reddy,North,Lucknow,PROD-0109,Thinking Fast and Slow,Books & Stationery,Non-Fiction,2,499,0.2,798.4,240.18,Gpay,10,No,46.32
ORD-10575,09-05-2025,CUST-0353,Manish Reddy,South,Kochi,PROD-0112,Protein Shaker Bottle,Health & Beauty,Fitness,2,499,0.15,848.3,406.42,UPI,2,No,319.09
ORD-10575,09-05-2025,CUST-0353,Manish Reddy,South,Kochi,PROD-0109,Thinking Fast and Slow,Books & Stationery,Non-Fiction,2,499,0.0,998.0,341.56,Net-Banking,9,No,258.19
ORD-10576,15-01-2025,CUST-0031,Priya Joshi,Central,Bhopal,PROD-0104,Under Armour Hoodie,Fashion,Men Clothing,1,4299,0.0,4299.0,1764.79,UPI,6,No,0.0
ORD-10577,16-02-2025,CUST-0366,Siddharth Gupta,West,Pune,PROD-0061,Cetaphil Moisturizer,Health & Beauty,Skincare,2,799,0.15,1358.3,675.34,Gpay,9,No,290.3
ORD-10578,09-03-2025,CUST-0384,Amit Das,Central,Bhopal,PROD-0031,Prestige Mixer,Home & Kitchen,Appliances,3,4599,0.0,13797.0,4802.85,Gpay,6,No,0.0
ORD-10578,09-03-2025,CUST-0384,Amit Das,Central,Bhopal,PROD-0109,Thinking Fast and Slow,Books & Stationery,Non-Fiction,3,499,0.0,1497.0,635.21,Visa,5,No,280.92
ORD-10578,09-03-2025,CUST-0384,Amit Das,Central,Bhopal,PROD-0112,Protein Shaker Bottle,Health & Beauty,Fitness,3,499,0.05,1422.15,569.68,Cash On Delivery,6,No,244.0
ORD-10578,09-03-2025,CUST-0384,Amit Das,Central,Bhopal,PROD-0106,Casio G-Shock,Fashion,Accessories,1,9999,0.15,8499.15,4040.68,Visa,2,No,0.0
ORD-10579,02-03-2025,CUST-0047,Deepak Reddy,Central,Indore,PROD-0109,Thinking Fast and Slow,Books & Stationery,Non-Fiction,1,499,0.05,474.05,229.37,UPI,11,No,362.6
ORD-10580,06-05-2025,CUST-0347,Vivaan Das,North,Jaipur,PROD-0101,Samsung Galaxy Buds3,Electronics,Headphones,2,12999,0.1,23398.2,8350.15,Gpay,9,No,0.0
ORD-10580,06-05-2025,CUST-0347,Vivaan Das,North,Jaipur,PROD-0104,Under Armour Hoodie,Fashion,Men Clothing,2,4299,0.05,8168.1,3106.41,Cash On Delivery,7,Yes,0.0
ORD-10580,06-05-2025,CUST-0347,Vivaan Das,North,Jaipur,PROD-0112,Protein Shaker Bottle,Health & Beauty,Fitness,2,499,0.0,998.0,299.71,Cash On Delivery,7,No,103.3
ORD-10580,06-05-2025,CUST-0347,Vivaan Das,North,Jaipur,PROD-0109,Thinking Fast and Slow,Books & Stationery,Non-Fiction,1,499,0.0,499.0,207.97,UPI,7,No,55.39
ORD-10581,08-01-2025,CUST-0379,Varun Mishra,West,Ahmedabad,PROD-0103,Kindle Paperwhite,Electronics,Tablets,2,14999,0.0,29998.0,11380.9,Gpay,7,No,0.0
ORD-10581,08-01-2025,CUST-0379,Varun Mishra,West,Ahmedabad,PROD-0111,Dumbbell Set 20kg,Health & Beauty,Fitness,1,3499,0.0,3499.0,1383.21,Gpay,1,Yes,0.0
ORD-10581,08-01-2025,CUST-0379,Varun Mishra,West,Ahmedabad,PROD-0046,Atomic Habits,Books & Stationery,Non-Fiction,1,399,0.05,379.05,160.72,Net-Banking,9,No,333.52
ORD-10582,27-04-2025,CUST-0355,Nikhil Reddy,North,Lucknow,PROD-0110,The Psychology of Money,Books & Stationery,Non-Fiction,1,349,0.1,314.1,116.07,Net-Banking,9,No,90.99
ORD-10583,14-01-2025,CUST-0375,Varun Das,South,Chennai,PROD-0061,Cetaphil Moisturizer,Health & Beauty,Skincare,1,799,0.2,639.2,202.81,Gpay,3,No,357.69
ORD-10583,14-01-2025,CUST-0375,Varun Das,South,Chennai,PROD-0016,Levi's 501 Jeans,Fashion,Men Clothing,2,3499,0.1,6298.2,2305.54,UPI,4,No,0.0
ORD-10583,14-01-2025,CUST-0375,Varun Das,South,Chennai,PROD-0046,Atomic Habits,Books & Stationery,Non-Fiction,3,399,0.0,1197.0,424.69,Debit,12,No,104.88
ORD-10583,14-01-2025,CUST-0375,Varun Das,South,Chennai,PROD-0109,Thinking Fast and Slow,Books & Stationery,Non-Fiction,2,499,0.15,848.3,284.52,Net-Banking,10,No,370.15
ORD-10584,27-01-2025,CUST-0328,Varun Sharma,East,Bhubaneswar,PROD-0046,Atomic Habits,Books & Stationery,Non-Fiction,3,399,0.15,1017.45,480.79,Visa,4,No,347.66
ORD-10585,08-04-2025,CUST-0067,Raj Kumar,South,Kochi,PROD-0016,Levi's 501 Jeans,Fashion,Men Clothing,2,3499,0.0,6998.0,2985.94,Debit,4,No,0.0
ORD-10585,08-04-2025,CUST-0067,Raj Kumar,South,Kochi,PROD-0105,Crocs Classic Clog,Fashion,Footwear,2,2999,0.1,5398.2,2471.3,Net-Banking,3,No,0.0
ORD-10585,08-04-2025,CUST-0067,Raj Kumar,South,Kochi,PROD-0110,The Psychology of Money,Books & Stationery,Non-Fiction,2,349,0.15,593.3,241.33,UPI,4,No,287.12
ORD-10586,07-05-2025,CUST-0383,Akash Mehta,South,Chennai,PROD-0007,Sony WH-1000XM5,Electronics,Headphones,1,24990,0.1,22491.0,11680.82,Cash On Delivery,5,No,0.0
ORD-10587,27-05-2025,CUST-0380,Rahul Gupta,South,Bangalore,PROD-0108,Bosch Drill Machine,Home & Kitchen,Appliances,2,5499,0.1,9898.2,3934.35,UPI,1,No,0.0
ORD-10588,18-02-2025,CUST-0340,Neha Shah,West,Ahmedabad,PROD-0107,Instant Pot Duo,Home & Kitchen,Appliances,1,8999,0.0,8999.0,2792.93,Visa,7,No,0.0
ORD-10589,28-04-2025,CUST-0383,Akash Mehta,South,Chennai,PROD-0106,Casio G-Shock,Fashion,Accessories,2,9999,0.0,19998.0,10331.09,Gpay,6,No,0.0
ORD-10590,19-05-2025,CUST-0406,Krishna Mehta,Central,Bhopal,PROD-0105,Crocs Classic Clog,Fashion,Footwear,1,2999,0.0,2999.0,1175.61,UPI,6,No,0.0
ORD-10591,07-02-2025,CUST-0055,Neha Joshi,West,Ahmedabad,PROD-0031,Prestige Mixer,Home & Kitchen,Appliances,1,4599,0.1,4139.1,1925.32,Gpay,12,No,0.0
ORD-10592,28-01-2025,CUST-0409,Aarav Reddy,West,Mumbai,PROD-0108,Bosch Drill Machine,Home & Kitchen,Appliances,3,5499,0.0,16497.0,7311.5,Debit,11,No,0.0
ORD-10592,28-01-2025,CUST-0409,Aarav Reddy,West,Mumbai,PROD-0110,The Psychology of Money,Books & Stationery,Non-Fiction,2,349,0.15,593.3,242.88,Cash On Delivery,6,No,111.81
ORD-10592,28-01-2025,CUST-0409,Aarav Reddy,West,Mumbai,PROD-0105,Crocs Classic Clog,Fashion,Footwear,2,2999,0.1,5398.2,2772.17,Gpay,8,No,0.0
ORD-10593,21-02-2025,CUST-0332,Vivaan Mehta,North,Lucknow,PROD-0001,iPhone 15 Pro,Electronics,Smartphones,1,89999,0.15,76499.15,33794.34,Gpay,6,No,0.0
ORD-10594,22-04-2025,CUST-0047,Deepak Reddy,Central,Indore,PROD-0103,Kindle Paperwhite,Electronics,Tablets,2,14999,0.1,26998.2,11312.2,Visa,4,No,0.0
ORD-10594,22-04-2025,CUST-0047,Deepak Reddy,Central,Indore,PROD-0046,Atomic Habits,Books & Stationery,Non-Fiction,2,399,0.0,798.0,317.9,Cash On Delivery,4,No,62.36
ORD-10595,17-01-2025,CUST-0065,Karan Pillai,Central,Indore,PROD-0046,Atomic Habits,Books & Stationery,Non-Fiction,1,399,0.15,339.15,163.16,Net-Banking,2,No,217.31
ORD-10596,20-05-2025,CUST-0025,Meera Pillai,South,Hyderabad,PROD-0107,Instant Pot Duo,Home & Kitchen,Appliances,1,8999,0.05,8549.05,3182.1,Cash On Delivery,10,No,0.0
ORD-10596,20-05-2025,CUST-0025,Meera Pillai,South,Hyderabad,PROD-0102,Asus ROG Zephyrus,Electronics,Laptops,2,134999,0.15,229498.3,119247.76,Debit,3,No,0.0
ORD-10596,20-05-2025,CUST-0025,Meera Pillai,South,Hyderabad,PROD-0016,Levi's 501 Jeans,Fashion,Men Clothing,3,3499,0.15,8922.45,4598.36,Gpay,8,No,0.0
ORD-10596,20-05-2025,CUST-0025,Meera Pillai,South,Hyderabad,PROD-0111,Dumbbell Set 20kg,Health & Beauty,Fitness,3,3499,0.0,10497.0,4683.21,UPI,12,Yes,0.0
ORD-10597,25-04-2025,CUST-0362,Rohan Iyer,Central,Raipur,PROD-0111,Dumbbell Set 20kg,Health & Beauty,Fitness,2,3499,0.05,6648.1,3462.51,Cash On Delivery,11,No,0.0
ORD-10598,09-05-2025,CUST-0407,Aarav Reddy,North,Delhi,PROD-0003,MacBook Air M3,Electronics,Laptops,1,99999,0.1,89999.1,34889.21,UPI,8,No,0.0
ORD-10599,30-04-2025,CUST-0365,Mohit Iyer,East,Patna,PROD-0046,Atomic Habits,Books & Stationery,Non-Fiction,1,399,0.0,399.0,128.08,Net-Banking,5,No,270.04
ORD-10600,27-01-2025,CUST-0404,Nisha Bhat,East,Kolkata,PROD-0109,Thinking Fast and Slow,Books & Stationery,Non-Fiction,2,499,0.05,948.1,375.28,Debit,8,No,168.13
ORD-10600,27-01-2025,CUST-0404,Nisha Bhat,East,Kolkata,PROD-0001,iPhone 15 Pro,Electronics,Smartphones,1,89999,0.0,89999.0,36158.51,Visa,4,No,0.0
ORD-10600,27-01-2025,CUST-0404,Nisha Bhat,East,Kolkata,PROD-0106,Casio G-Shock,Fashion,Accessories,3,9999,0.0,29997.0,14075.29,Gpay,3,No,0.0
ORD-10601,23-04-2025,CUST-0022,Sara Agarwal,Central,Raipur,PROD-0101,Samsung Galaxy Buds3,Electronics,Headphones,3,12999,0.15,33147.45,16323.53,Gpay,10,No,0.0
ORD-10601,23-04-2025,CUST-0022,Sara Agarwal,Central,Raipur,PROD-0046,Atomic Habits,Books & Stationery,Non-Fiction,3,399,0.0,1197.0,599.13,UPI,8,No,351.98
ORD-10601,23-04-2025,CUST-0022,Sara Agarwal,Central,Raipur,PROD-0112,Protein Shaker Bottle,Health & Beauty,Fitness,3,499,0.15,1272.45,698.72,Net-Banking,11,No,365.14
ORD-10601,23-04-2025,CUST-0022,Sara Agarwal,Central,Raipur,PROD-0001,iPhone 15 Pro,Electronics,Smartphones,3,89999,0.0,269997.0,146355.19,Net-Banking,9,No,0.0
ORD-10602,20-01-2025,CUST-0054,Krishna Yadav,South,Kochi,PROD-0016,Levi's 501 Jeans,Fashion,Men Clothing,3,3499,0.05,9972.15,3882.24,UPI,3,No,0.0
ORD-10603,02-05-2025,CUST-0043,Varun Verma,South,Chennai,PROD-0107,Instant Pot Duo,Home & Kitchen,Appliances,2,8999,0.15,15298.3,6248.04,Net-Banking,9,No,0.0
ORD-10603,02-05-2025,CUST-0043,Varun Verma,South,Chennai,PROD-0110,The Psychology of Money,Books & Stationery,Non-Fiction,2,349,0.15,593.3,224.81,Cash On Delivery,3,No,200.4
ORD-10604,16-04-2025,CUST-0322,Nisha Bhat,South,Chennai,PROD-0103,Kindle Paperwhite,Electronics,Tablets,2,14999,0.05,28498.1,15147.53,UPI,9,No,0.0
ORD-10604,16-04-2025,CUST-0322,Nisha Bhat,South,Chennai,PROD-0101,Samsung Galaxy Buds3,Electronics,Headphones,2,12999,0.1,23398.2,8437.38,Cash On Delivery,2,No,0.0
ORD-10604,16-04-2025,CUST-0322,Nisha Bhat,South,Chennai,PROD-0016,Levi's 501 Jeans,Fashion,Men Clothing,3,3499,0.2,8397.6,3764.98,Net-Banking,2,No,0.0
ORD-10604,16-04-2025,CUST-0322,Nisha Bhat,South,Chennai,PROD-0031,Prestige Mixer,Home & Kitchen,Appliances,1,4599,0.1,4139.1,1768.19,Cash On Delivery,1,No,0.0
ORD-10605,07-05-2025,CUST-0366,Siddharth Gupta,West,Pune,PROD-0111,Dumbbell Set 20kg,Health & Beauty,Fitness,3,3499,0.05,9972.15,4159.19,Visa,5,No,0.0
ORD-10606,28-01-2025,CUST-0057,Arun Joshi,Central,Raipur,PROD-0106,Casio G-Shock,Fashion,Accessories,3,9999,0.0,29997.0,11650.47,Visa,12,No,0.0
ORD-10606,28-01-2025,CUST-0057,Arun Joshi,Central,Raipur,PROD-0102,Asus ROG Zephyrus,Electronics,Laptops,1,134999,0.2,107999.2,48069.99,Gpay,5,No,0.0
ORD-10606,28-01-2025,CUST-0057,Arun Joshi,Central,Raipur,PROD-0031,Prestige Mixer,Home & Kitchen,Appliances,1,4599,0.15,3909.15,2064.71,Visa,6,No,0.0
ORD-10606,28-01-2025,CUST-0057,Arun Joshi,Central,Raipur,PROD-0016,Levi's 501 Jeans,Fashion,Men Clothing,3,3499,0.0,10497.0,4557.37,Debit,7,No,0.0
ORD-10607,12-05-2025,CUST-0046,Divya Das,North,Lucknow,PROD-0101,Samsung Galaxy Buds3,Electronics,Headphones,3,12999,0.15,33147.45,10701.44,UPI,4,No,0.0
ORD-10607,12-05-2025,CUST-0046,Divya Das,North,Lucknow,PROD-0107,Instant Pot Duo,Home & Kitchen,Appliances,1,8999,0.05,8549.05,4141.09,Net-Banking,9,No,0.0
ORD-10608,05-05-2025,CUST-0362,Rohan Iyer,Central,Raipur,PROD-0104,Under Armour Hoodie,Fashion,Men Clothing,1,4299,0.05,4084.05,1898.26,Gpay,10,No,0.0
ORD-10608,05-05-2025,CUST-0362,Rohan Iyer,Central,Raipur,PROD-0107,Instant Pot Duo,Home & Kitchen,Appliances,2,8999,0.2,14398.4,7820.33,Gpay,1,No,0.0
ORD-10608,05-05-2025,CUST-0362,Rohan Iyer,Central,Raipur,PROD-0109,Thinking Fast and Slow,Books & Stationery,Non-Fiction,3,499,0.0,1497.0,667.72,Net-Banking,10,Yes,157.25
ORD-10608,05-05-2025,CUST-0362,Rohan Iyer,Central,Raipur,PROD-0003,MacBook Air M3,Electronics,Laptops,3,99999,0.15,254997.45,124212.58,Visa,8,No,0.0
ORD-10609,23-03-2025,CUST-0386,Krishna Verma,South,Bangalore,PROD-0111,Dumbbell Set 20kg,Health & Beauty,Fitness,2,3499,0.2,5598.4,2844.59,UPI,10,No,0.0
ORD-10609,23-03-2025,CUST-0386,Krishna Verma,South,Bangalore,PROD-0046,Atomic Habits,Books & Stationery,Non-Fiction,2,399,0.2,638.4,329.71,Debit,3,No,131.49
ORD-10610,15-01-2025,CUST-0072,Mohit Shah,North,Lucknow,PROD-0109,Thinking Fast and Slow,Books & Stationery,Non-Fiction,3,499,0.0,1497.0,560.06,UPI,8,No,126.38
ORD-10611,10-01-2025,CUST-0377,Vivaan Reddy,East,Bhubaneswar,PROD-0046,Atomic Habits,Books & Stationery,Non-Fiction,3,399,0.0,1197.0,382.25,Cash On Delivery,7,No,351.37
ORD-10612,22-04-2025,CUST-0025,Meera Pillai,South,Hyderabad,PROD-0003,MacBook Air M3,Electronics,Laptops,3,99999,0.15,254997.45,133786.61,Cash On Delivery,5,No,0.0
ORD-10613,24-01-2025,CUST-0343,Pooja Roy,South,Bangalore,PROD-0108,Bosch Drill Machine,Home & Kitchen,Appliances,2,5499,0.1,9898.2,4552.88,Cash On Delivery,3,No,0.0
ORD-10614,31-01-2025,CUST-0016,Sneha Singh,North,Lucknow,PROD-0101,Samsung Galaxy Buds3,Electronics,Headphones,3,12999,0.0,38997.0,17855.82,Gpay,8,No,0.0
ORD-10614,31-01-2025,CUST-0016,Sneha Singh,North,Lucknow,PROD-0061,Cetaphil Moisturizer,Health & Beauty,Skincare,3,799,0.1,2157.3,1150.09,Net-Banking,3,No,0.0
ORD-10615,11-04-2025,CUST-0389,Neha Das,North,Delhi,PROD-0061,Cetaphil Moisturizer,Health & Beauty,Skincare,1,799,0.0,799.0,385.57,Cash On Delivery,5,No,116.74
ORD-10615,11-04-2025,CUST-0389,Neha Das,North,Delhi,PROD-0101,Samsung Galaxy Buds3,Electronics,Headphones,2,12999,0.05,24698.1,11004.57,Cash On Delivery,3,No,0.0
ORD-10615,11-04-2025,CUST-0389,Neha Das,North,Delhi,PROD-0016,Levi's 501 Jeans,Fashion,Men Clothing,3,3499,0.0,10497.0,4882.89,Net-Banking,3,No,0.0
ORD-10615,11-04-2025,CUST-0389,Neha Das,North,Delhi,PROD-0031,Prestige Mixer,Home & Kitchen,Appliances,3,4599,0.0,13797.0,5954.62,UPI,7,No,0.0
ORD-10616,25-01-2025,CUST-0036,Varun Singh,West,Ahmedabad,PROD-0103,Kindle Paperwhite,Electronics,Tablets,1,14999,0.0,14999.0,5473.02,Cash On Delivery,10,No,0.0
ORD-10617,19-02-2025,CUST-0406,Krishna Mehta,Central,Bhopal,PROD-0105,Crocs Classic Clog,Fashion,Footwear,3,2999,0.1,8097.3,2859.38,UPI,6,No,0.0
ORD-10618,24-01-2025,CUST-0354,Priyanka Sharma,Central,Bhopal,PROD-0111,Dumbbell Set 20kg,Health & Beauty,Fitness,3,3499,0.0,10497.0,4388.31,Cash On Delivery,9,No,0.0
ORD-10618,24-01-2025,CUST-0354,Priyanka Sharma,Central,Bhopal,PROD-0016,Levi's 501 Jeans,Fashion,Men Clothing,1,3499,0.15,2974.15,1622.83,Net-Banking,5,No,0.0
ORD-10618,24-01-2025,CUST-0354,Priyanka Sharma,Central,Bhopal,PROD-0103,Kindle Paperwhite,Electronics,Tablets,1,14999,0.0,14999.0,6454.83,UPI,6,No,0.0
ORD-10619,15-01-2025,CUST-0050,Priyanka Patel,North,Delhi,PROD-0104,Under Armour Hoodie,Fashion,Men Clothing,2,4299,0.15,7308.3,3449.5,Cash On Delivery,10,Yes,0.0
ORD-10620,23-02-2025,CUST-0367,Mohit Gupta,East,Patna,PROD-0101,Samsung Galaxy Buds3,Electronics,Headphones,3,12999,0.2,31197.6,9450.24,Debit,6,No,0.0
ORD-10620,23-02-2025,CUST-0367,Mohit Gupta,East,Patna,PROD-0003,MacBook Air M3,Electronics,Laptops,1,99999,0.15,84999.15,37378.46,Debit,12,No,0.0
ORD-10620,23-02-2025,CUST-0367,Mohit Gupta,East,Patna,PROD-0017,Nike Air Force 1,Fashion,Footwear,2,7999,0.05,15198.1,8129.16,Visa,7,No,0.0
ORD-10621,21-01-2025,CUST-0074,Ananya Roy,East,Ranchi,PROD-0107,Instant Pot Duo,Home & Kitchen,Appliances,3,8999,0.2,21597.6,7341.06,Net-Banking,6,No,0.0
ORD-10622,22-01-2025,CUST-0363,Krishna Das,West,Surat,PROD-0102,Asus ROG Zephyrus,Electronics,Laptops,3,134999,0.0,404997.0,192076.61,UPI,10,No,0.0
ORD-10623,07-05-2025,CUST-0009,Aditi Iyer,West,Mumbai,PROD-0103,Kindle Paperwhite,Electronics,Tablets,1,14999,0.0,14999.0,7875.58,Cash On Delivery,10,No,0.0
ORD-10624,05-03-2025,CUST-0055,Neha Joshi,West,Ahmedabad,PROD-0061,Cetaphil Moisturizer,Health & Beauty,Skincare,2,799,0.15,1358.3,660.04,Cash On Delivery,5,No,372.05
ORD-10625,06-04-2025,CUST-0355,Nikhil Reddy,North,Lucknow,PROD-0109,Thinking Fast and Slow,Books & Stationery,Non-Fiction,2,499,0.15,848.3,349.73,UPI,11,No,237.23
ORD-10626,08-05-2025,CUST-0024,Ishita Joshi,East,Ranchi,PROD-0104,Under Armour Hoodie,Fashion,Men Clothing,2,4299,0.2,6878.4,2697.88,Net-Banking,5,Yes,0.0
ORD-10626,08-05-2025,CUST-0024,Ishita Joshi,East,Ranchi,PROD-0112,Protein Shaker Bottle,Health & Beauty,Fitness,1,499,0.0,499.0,265.2,Net-Banking,9,No,100.98
ORD-10627,31-03-2025,CUST-0407,Aarav Reddy,North,Delhi,PROD-0106,Casio G-Shock,Fashion,Accessories,1,9999,0.1,8999.1,3198.26,Cash On Delivery,12,No,0.0
ORD-10628,15-03-2025,CUST-0391,Ishita Singh,North,Jaipur,PROD-0111,Dumbbell Set 20kg,Health & Beauty,Fitness,1,3499,0.05,3324.05,1046.98,Visa,9,Yes,0.0
ORD-10628,15-03-2025,CUST-0391,Ishita Singh,North,Jaipur,PROD-0016,Levi's 501 Jeans,Fashion,Men Clothing,2,3499,0.2,5598.4,2597.87,UPI,10,No,0.0
ORD-10629,11-03-2025,CUST-0393,Priyanka Shah,East,Bhubaneswar,PROD-0112,Protein Shaker Bottle,Health & Beauty,Fitness,2,499,0.1,898.2,314.05,Cash On Delivery,5,No,391.97
ORD-10629,11-03-2025,CUST-0393,Priyanka Shah,East,Bhubaneswar,PROD-0003,MacBook Air M3,Electronics,Laptops,2,99999,0.1,179998.2,56523.03,Debit,9,No,0.0
ORD-10629,11-03-2025,CUST-0393,Priyanka Shah,East,Bhubaneswar,PROD-0107,Instant Pot Duo,Home & Kitchen,Appliances,3,8999,0.2,21597.6,8921.83,Cash On Delivery,3,No,0.0
ORD-10629,11-03-2025,CUST-0393,Priyanka Shah,East,Bhubaneswar,PROD-0101,Samsung Galaxy Buds3,Electronics,Headphones,3,12999,0.0,38997.0,15065.9,Cash On Delivery,8,No,0.0
ORD-10630,25-02-2025,CUST-0336,Vivaan Joshi,North,Lucknow,PROD-0107,Instant Pot Duo,Home & Kitchen,Appliances,1,8999,0.0,8999.0,4038.87,Net-Banking,9,No,0.0
ORD-10630,25-02-2025,CUST-0336,Vivaan Joshi,North,Lucknow,PROD-0003,MacBook Air M3,Electronics,Laptops,3,99999,0.0,299997.0,134654.92,Net-Banking,2,No,0.0
ORD-10631,06-01-2025,CUST-0011,Divya Reddy,West,Surat,PROD-0101,Samsung Galaxy Buds3,Electronics,Headphones,3,12999,0.0,38997.0,13319.46,Gpay,2,No,0.0
ORD-10631,06-01-2025,CUST-0011,Divya Reddy,West,Surat,PROD-0003,MacBook Air M3,Electronics,Laptops,1,99999,0.0,99999.0,33403.2,Gpay,7,No,0.0
ORD-10631,06-01-2025,CUST-0011,Divya Reddy,West,Surat,PROD-0102,Asus ROG Zephyrus,Electronics,Laptops,3,134999,0.0,404997.0,204534.97,Gpay,2,No,0.0
ORD-10632,10-02-2025,CUST-0332,Vivaan Mehta,North,Lucknow,PROD-0106,Casio G-Shock,Fashion,Accessories,1,9999,0.05,9499.05,4671.46,Visa,10,No,0.0
ORD-10632,10-02-2025,CUST-0332,Vivaan Mehta,North,Lucknow,PROD-0112,Protein Shaker Bottle,Health & Beauty,Fitness,1,499,0.2,399.2,145.2,Cash On Delivery,2,No,184.79
ORD-10633,12-02-2025,CUST-0317,Priya Mehta,Central,Nagpur,PROD-0108,Bosch Drill Machine,Home & Kitchen,Appliances,2,5499,0.0,10998.0,3804.5,Gpay,5,No,0.0
ORD-10634,21-02-2025,CUST-0339,Priya Mehta,West,Surat,PROD-0001,iPhone 15 Pro,Electronics,Smartphones,3,89999,0.05,256497.15,93246.7,UPI,11,No,0.0
ORD-10635,08-04-2025,CUST-0331,Varun Reddy,Central,Raipur,PROD-0102,Asus ROG Zephyrus,Electronics,Laptops,3,134999,0.0,404997.0,205409.81,Net-Banking,1,No,0.0
ORD-10635,08-04-2025,CUST-0331,Varun Reddy,Central,Raipur,PROD-0104,Under Armour Hoodie,Fashion,Men Clothing,3,4299,0.2,10317.6,4297.54,UPI,10,No,0.0
ORD-10635,08-04-2025,CUST-0331,Varun Reddy,Central,Raipur,PROD-0108,Bosch Drill Machine,Home & Kitchen,Appliances,1,5499,0.0,5499.0,1732.59,Gpay,9,No,0.0
ORD-10635,08-04-2025,CUST-0331,Varun Reddy,Central,Raipur,PROD-0003,MacBook Air M3,Electronics,Laptops,1,99999,0.1,89999.1,30765.67,Debit,10,No,0.0
ORD-10636,08-04-2025,CUST-0014,Ishita Patel,Central,Bhopal,PROD-0112,Protein Shaker Bottle,Health & Beauty,Fitness,1,499,0.15,424.15,177.28,Visa,7,No,315.19
ORD-10636,08-04-2025,CUST-0014,Ishita Patel,Central,Bhopal,PROD-0001,iPhone 15 Pro,Electronics,Smartphones,3,89999,0.2,215997.6,80309.9,Cash On Delivery,1,No,0.0
ORD-10636,08-04-2025,CUST-0014,Ishita Patel,Central,Bhopal,PROD-0108,Bosch Drill Machine,Home & Kitchen,Appliances,3,5499,0.15,14022.45,5376.68,Gpay,9,No,0.0
ORD-10637,16-04-2025,CUST-0341,Rahul Kumar,East,Bhubaneswar,PROD-0046,Atomic Habits,Books & Stationery,Non-Fiction,3,399,0.05,1137.15,605.83,UPI,3,No,165.2
ORD-10637,16-04-2025,CUST-0341,Rahul Kumar,East,Bhubaneswar,PROD-0109,Thinking Fast and Slow,Books & Stationery,Non-Fiction,1,499,0.1,449.1,187.32,Gpay,12,No,242.03
ORD-10637,16-04-2025,CUST-0341,Rahul Kumar,East,Bhubaneswar,PROD-0107,Instant Pot Duo,Home & Kitchen,Appliances,1,8999,0.1,8099.1,2471.32,Net-Banking,2,No,0.0
ORD-10638,09-05-2025,CUST-0005,Priyanka Reddy,Central,Indore,PROD-0016,Levi's 501 Jeans,Fashion,Men Clothing,2,3499,0.0,6998.0,3166.33,Cash On Delivery,5,No,0.0
ORD-10639,09-04-2025,CUST-0047,Deepak Reddy,Central,Indore,PROD-0046,Atomic Habits,Books & Stationery,Non-Fiction,3,399,0.05,1137.15,601.49,Net-Banking,9,No,256.82
ORD-10639,09-04-2025,CUST-0047,Deepak Reddy,Central,Indore,PROD-0107,Instant Pot Duo,Home & Kitchen,Appliances,1,8999,0.15,7649.15,2870.23,Visa,9,No,0.0
ORD-10640,13-05-2025,CUST-0323,Riya Bhat,West,Mumbai,PROD-0111,Dumbbell Set 20kg,Health & Beauty,Fitness,3,3499,0.0,10497.0,4387.82,Net-Banking,3,No,0.0
ORD-10641,28-01-2025,CUST-0026,Karan Iyer,West,Mumbai,PROD-0102,Asus ROG Zephyrus,Electronics,Laptops,2,134999,0.1,242998.2,104654.31,Net-Banking,9,No,0.0
ORD-10641,28-01-2025,CUST-0026,Karan Iyer,West,Mumbai,PROD-0110,The Psychology of Money,Books & Stationery,Non-Fiction,2,349,0.0,698.0,374.37,UPI,7,No,216.64
ORD-10641,28-01-2025,CUST-0026,Karan Iyer,West,Mumbai,PROD-0017,Nike Air Force 1,Fashion,Footwear,1,7999,0.15,6799.15,3410.94,Gpay,5,No,0.0
ORD-10641,28-01-2025,CUST-0026,Karan Iyer,West,Mumbai,PROD-0112,Protein Shaker Bottle,Health & Beauty,Fitness,3,499,0.2,1197.6,452.76,Visa,4,No,322.21
ORD-10642,24-03-2025,CUST-0337,Shreya Agarwal,South,Hyderabad,PROD-0031,Prestige Mixer,Home & Kitchen,Appliances,3,4599,0.1,12417.3,5350.16,Net-Banking,1,No,0.0
ORD-10643,10-05-2025,CUST-0360,Divya Das,East,Bhubaneswar,PROD-0109,Thinking Fast and Slow,Books & Stationery,Non-Fiction,1,499,0.2,399.2,200.36,Net-Banking,4,No,168.94
ORD-10643,10-05-2025,CUST-0360,Divya Das,East,Bhubaneswar,PROD-0001,iPhone 15 Pro,Electronics,Smartphones,1,89999,0.15,76499.15,30456.0,Debit,1,No,0.0
ORD-10643,10-05-2025,CUST-0360,Divya Das,East,Bhubaneswar,PROD-0016,Levi's 501 Jeans,Fashion,Men Clothing,3,3499,0.1,9447.3,4111.31,Visa,6,No,0.0
ORD-10643,10-05-2025,CUST-0360,Divya Das,East,Bhubaneswar,PROD-0003,MacBook Air M3,Electronics,Laptops,3,99999,0.05,284997.15,124889.74,Visa,6,No,0.0
ORD-10644,09-03-2025,CUST-0366,Siddharth Gupta,West,Pune,PROD-0106,Casio G-Shock,Fashion,Accessories,2,9999,0.15,16998.3,8823.54,Cash On Delivery,9,No,0.0
ORD-10645,22-04-2025,CUST-0311,Suresh Sharma,North,Lucknow,PROD-0108,Bosch Drill Machine,Home & Kitchen,Appliances,3,5499,0.2,13197.6,4711.15,Gpay,2,No,0.0
ORD-10646,09-03-2025,CUST-0379,Varun Mishra,West,Ahmedabad,PROD-0112,Protein Shaker Bottle,Health & Beauty,Fitness,2,499,0.0,998.0,489.95,Debit,7,No,355.24
ORD-10646,09-03-2025,CUST-0379,Varun Mishra,West,Ahmedabad,PROD-0016,Levi's 501 Jeans,Fashion,Men Clothing,1,3499,0.05,3324.05,1581.73,Debit,9,No,0.0
ORD-10646,09-03-2025,CUST-0379,Varun Mishra,West,Ahmedabad,PROD-0108,Bosch Drill Machine,Home & Kitchen,Appliances,2,5499,0.15,9348.3,4006.4,Visa,8,Yes,0.0
ORD-10646,09-03-2025,CUST-0379,Varun Mishra,West,Ahmedabad,PROD-0110,The Psychology of Money,Books & Stationery,Non-Fiction,2,349,0.2,558.4,300.72,Cash On Delivery,10,No,341.75
ORD-10647,09-02-2025,CUST-0315,Rohan Joshi,West,Pune,PROD-0017,Nike Air Force 1,Fashion,Footwear,1,7999,0.1,7199.1,3649.98,Net-Banking,4,No,0.0
ORD-10647,09-02-2025,CUST-0315,Rohan Joshi,West,Pune,PROD-0046,Atomic Habits,Books & Stationery,Non-Fiction,2,399,0.0,798.0,388.39,Gpay,9,No,203.98
ORD-10647,09-02-2025,CUST-0315,Rohan Joshi,West,Pune,PROD-0108,Bosch Drill Machine,Home & Kitchen,Appliances,2,5499,0.2,8798.4,3585.29,Net-Banking,6,Yes,0.0
ORD-10648,13-05-2025,CUST-0351,Sakshi Roy,West,Mumbai,PROD-0101,Samsung Galaxy Buds3,Electronics,Headphones,3,12999,0.15,33147.45,14237.58,Debit,1,No,0.0
ORD-10649,02-04-2025,CUST-0341,Rahul Kumar,East,Bhubaneswar,PROD-0103,Kindle Paperwhite,Electronics,Tablets,2,14999,0.0,29998.0,9024.71,UPI,6,No,0.0
ORD-10649,02-04-2025,CUST-0341,Rahul Kumar,East,Bhubaneswar,PROD-0105,Crocs Classic Clog,Fashion,Footwear,1,2999,0.0,2999.0,968.88,Gpay,10,No,0.0
ORD-10650,16-02-2025,CUST-0350,Meera Singh,West,Ahmedabad,PROD-0101,Samsung Galaxy Buds3,Electronics,Headphones,3,12999,0.0,38997.0,12787.96,Debit,12,No,0.0
ORD-10650,16-02-2025,CUST-0350,Meera Singh,West,Ahmedabad,PROD-0106,Casio G-Shock,Fashion,Accessories,3,9999,0.0,29997.0,16163.78,Debit,1,No,0.0
ORD-10651,04-05-2025,CUST-0372,Sneha Yadav,North,Delhi,PROD-0017,Nike Air Force 1,Fashion,Footwear,3,7999,0.1,21597.3,10224.04,Gpay,2,No,0.0
ORD-10651,04-05-2025,CUST-0372,Sneha Yadav,North,Delhi,PROD-0106,Casio G-Shock,Fashion,Accessories,2,9999,0.2,15998.4,5361.31,Debit,6,No,0.0
ORD-10651,04-05-2025,CUST-0372,Sneha Yadav,North,Delhi,PROD-0112,Protein Shaker Bottle,Health & Beauty,Fitness,1,499,0.0,499.0,208.65,UPI,10,No,324.28
ORD-10651,04-05-2025,CUST-0372,Sneha Yadav,North,Delhi,PROD-0061,Cetaphil Moisturizer,Health & Beauty,Skincare,3,799,0.0,2397.0,849.05,Visa,2,No,0.0
ORD-10652,29-01-2025,CUST-0058,Vikram Joshi,Central,Bhopal,PROD-0105,Crocs Classic Clog,Fashion,Footwear,2,2999,0.2,4798.4,1864.34,Debit,3,No,0.0
ORD-10652,29-01-2025,CUST-0058,Vikram Joshi,Central,Bhopal,PROD-0016,Levi's 501 Jeans,Fashion,Men Clothing,1,3499,0.2,2799.2,1135.05,UPI,12,No,0.0
ORD-10652,29-01-2025,CUST-0058,Vikram Joshi,Central,Bhopal,PROD-0111,Dumbbell Set 20kg,Health & Beauty,Fitness,1,3499,0.1,3149.1,1054.71,Visa,10,No,0.0
ORD-10653,06-05-2025,CUST-0370,Aarav Roy,Central,Raipur,PROD-0103,Kindle Paperwhite,Electronics,Tablets,3,14999,0.15,38247.45,12460.81,Cash On Delivery,2,No,0.0
ORD-10654,13-03-2025,CUST-0017,Swati Sharma,East,Ranchi,PROD-0007,Sony WH-1000XM5,Electronics,Headphones,3,24990,0.0,74970.0,28416.98,UPI,9,No,0.0
ORD-10654,13-03-2025,CUST-0017,Swati Sharma,East,Ranchi,PROD-0109,Thinking Fast and Slow,Books & Stationery,Non-Fiction,3,499,0.0,1497.0,628.65,Visa,8,No,287.73
ORD-10655,26-04-2025,CUST-0389,Neha Das,North,Delhi,PROD-0111,Dumbbell Set 20kg,Health & Beauty,Fitness,3,3499,0.2,8397.6,4336.18,Gpay,4,No,0.0
ORD-10656,20-01-2025,CUST-0317,Priya Mehta,Central,Nagpur,PROD-0016,Levi's 501 Jeans,Fashion,Men Clothing,2,3499,0.0,6998.0,2510.78,Visa,1,No,0.0
ORD-10656,20-01-2025,CUST-0317,Priya Mehta,Central,Nagpur,PROD-0061,Cetaphil Moisturizer,Health & Beauty,Skincare,2,799,0.15,1358.3,612.51,Debit,6,No,219.96
ORD-10656,20-01-2025,CUST-0317,Priya Mehta,Central,Nagpur,PROD-0106,Casio G-Shock,Fashion,Accessories,2,9999,0.0,19998.0,6656.65,Visa,2,No,0.0
ORD-10657,18-01-2025,CUST-0331,Varun Reddy,Central,Raipur,PROD-0108,Bosch Drill Machine,Home & Kitchen,Appliances,1,5499,0.15,4674.15,2505.61,Debit,1,No,0.0
ORD-10657,18-01-2025,CUST-0331,Varun Reddy,Central,Raipur,PROD-0017,Nike Air Force 1,Fashion,Footwear,3,7999,0.05,22797.15,7899.7,Net-Banking,2,No,0.0
ORD-10657,18-01-2025,CUST-0331,Varun Reddy,Central,Raipur,PROD-0101,Samsung Galaxy Buds3,Electronics,Headphones,1,12999,0.1,11699.1,4568.1,Cash On Delivery,8,No,0.0
ORD-10658,01-02-2025,CUST-0363,Krishna Das,West,Surat,PROD-0017,Nike Air Force 1,Fashion,Footwear,3,7999,0.05,22797.15,8293.65,UPI,8,No,0.0
ORD-10659,03-04-2025,CUST-0016,Sneha Singh,North,Lucknow,PROD-0007,Sony WH-1000XM5,Electronics,Headphones,2,24990,0.0,49980.0,23494.19,Cash On Delivery,7,No,0.0
ORD-10660,27-01-2025,CUST-0387,Amit Roy,North,Chandigarh,PROD-0112,Protein Shaker Bottle,Health & Beauty,Fitness,1,499,0.0,499.0,188.22,Gpay,5,No,343.62
ORD-10661,26-04-2025,CUST-0397,Diya Agarwal,Central,Indore,PROD-0001,iPhone 15 Pro,Electronics,Smartphones,3,89999,0.15,229497.45,110449.68,Debit,10,No,0.0
ORD-10662,14-03-2025,CUST-0063,Dev Gupta,East,Kolkata,PROD-0111,Dumbbell Set 20kg,Health & Beauty,Fitness,1,3499,0.0,3499.0,1392.41,Visa,2,No,0.0
ORD-10663,28-02-2025,CUST-0315,Rohan Joshi,West,Pune,PROD-0111,Dumbbell Set 20kg,Health & Beauty,Fitness,1,3499,0.05,3324.05,1066.54,Cash On Delivery,6,No,0.0
ORD-10663,28-02-2025,CUST-0315,Rohan Joshi,West,Pune,PROD-0103,Kindle Paperwhite,Electronics,Tablets,2,14999,0.15,25498.3,12110.83,Net-Banking,4,No,0.0
ORD-10664,30-05-2025,CUST-0309,Meera Nair,North,Chandigarh,PROD-0111,Dumbbell Set 20kg,Health & Beauty,Fitness,3,3499,0.0,10497.0,4444.09,Debit,2,No,0.0
ORD-10665,08-04-2025,CUST-0365,Mohit Iyer,East,Patna,PROD-0102,Asus ROG Zephyrus,Electronics,Laptops,3,134999,0.2,323997.6,136431.34,Visa,5,No,0.0
ORD-10665,08-04-2025,CUST-0365,Mohit Iyer,East,Patna,PROD-0061,Cetaphil Moisturizer,Health & Beauty,Skincare,1,799,0.0,799.0,263.74,Visa,8,No,48.48
ORD-10665,08-04-2025,CUST-0365,Mohit Iyer,East,Patna,PROD-0101,Samsung Galaxy Buds3,Electronics,Headphones,3,12999,0.2,31197.6,14766.84,Gpay,7,No,0.0
ORD-10665,08-04-2025,CUST-0365,Mohit Iyer,East,Patna,PROD-0111,Dumbbell Set 20kg,Health & Beauty,Fitness,2,3499,0.0,6998.0,2983.35,UPI,10,No,0.0
ORD-10666,03-04-2025,CUST-0011,Divya Reddy,West,Surat,PROD-0106,Casio G-Shock,Fashion,Accessories,2,9999,0.15,16998.3,8811.59,Net-Banking,2,No,0.0
ORD-10666,03-04-2025,CUST-0011,Divya Reddy,West,Surat,PROD-0104,Under Armour Hoodie,Fashion,Men Clothing,3,4299,0.1,11607.3,5948.61,Gpay,10,No,0.0
ORD-10666,03-04-2025,CUST-0011,Divya Reddy,West,Surat,PROD-0112,Protein Shaker Bottle,Health & Beauty,Fitness,2,499,0.0,998.0,486.05,Gpay,12,No,285.36
ORD-10666,03-04-2025,CUST-0011,Divya Reddy,West,Surat,PROD-0101,Samsung Galaxy Buds3,Electronics,Headphones,2,12999,0.0,25998.0,8945.71,Gpay,1,No,0.0
ORD-10667,19-05-2025,CUST-0034,Meera Nair,East,Ranchi,PROD-0017,Nike Air Force 1,Fashion,Footwear,1,7999,0.1,7199.1,2425.77,Cash On Delivery,2,No,0.0
ORD-10668,31-03-2025,CUST-0312,Ishita Das,South,Bangalore,PROD-0106,Casio G-Shock,Fashion,Accessories,3,9999,0.05,28497.15,8737.47,Debit,8,No,0.0
ORD-10669,17-04-2025,CUST-0019,Ananya Reddy,South,Kochi,PROD-0046,Atomic Habits,Books & Stationery,Non-Fiction,2,399,0.0,798.0,247.91,Visa,9,No,237.64
ORD-10670,12-01-2025,CUST-0340,Neha Shah,West,Ahmedabad,PROD-0031,Prestige Mixer,Home & Kitchen,Appliances,3,4599,0.05,13107.15,4910.59,Debit,2,No,0.0
ORD-10671,12-01-2025,CUST-0396,Arun Roy,East,Patna,PROD-0111,Dumbbell Set 20kg,Health & Beauty,Fitness,2,3499,0.0,6998.0,2127.92,Gpay,1,No,0.0
ORD-10672,07-04-2025,CUST-0396,Arun Roy,East,Patna,PROD-0102,Asus ROG Zephyrus,Electronics,Laptops,1,134999,0.0,134999.0,43394.83,Debit,2,No,0.0
ORD-10672,07-04-2025,CUST-0396,Arun Roy,East,Patna,PROD-0105,Crocs Classic Clog,Fashion,Footwear,3,2999,0.05,8547.15,3889.99,Visa,6,No,0.0
ORD-10672,07-04-2025,CUST-0396,Arun Roy,East,Patna,PROD-0001,iPhone 15 Pro,Electronics,Smartphones,1,89999,0.0,89999.0,34056.63,Net-Banking,11,No,0.0
ORD-10672,07-04-2025,CUST-0396,Arun Roy,East,Patna,PROD-0108,Bosch Drill Machine,Home & Kitchen,Appliances,3,5499,0.0,16497.0,5507.51,UPI,9,No,0.0
ORD-10673,02-02-2025,CUST-0418,Mohit Iyer,South,Kochi,PROD-0104,Under Armour Hoodie,Fashion,Men Clothing,3,4299,0.0,12897.0,5211.76,UPI,6,No,0.0
ORD-10674,14-05-2025,CUST-0384,Amit Das,Central,Bhopal,PROD-0007,Sony WH-1000XM5,Electronics,Headphones,3,24990,0.0,74970.0,34823.72,Gpay,7,No,0.0
ORD-10675,15-03-2025,CUST-0027,Ishita Singh,East,Bhubaneswar,PROD-0107,Instant Pot Duo,Home & Kitchen,Appliances,2,8999,0.2,14398.4,4532.02,Debit,11,No,0.0
ORD-10676,18-03-2025,CUST-0052,Arjun Shah,South,Kochi,PROD-0031,Prestige Mixer,Home & Kitchen,Appliances,3,4599,0.15,11727.45,5570.98,Debit,9,No,0.0
ORD-10677,20-05-2025,CUST-0309,Meera Nair,North,Chandigarh,PROD-0111,Dumbbell Set 20kg,Health & Beauty,Fitness,2,3499,0.0,6998.0,2717.7,Net-Banking,8,No,0.0
ORD-10678,30-05-2025,CUST-0367,Mohit Gupta,East,Patna,PROD-0046,Atomic Habits,Books & Stationery,Non-Fiction,1,399,0.1,359.1,112.35,Debit,11,No,203.07
ORD-10678,30-05-2025,CUST-0367,Mohit Gupta,East,Patna,PROD-0109,Thinking Fast and Slow,Books & Stationery,Non-Fiction,3,499,0.05,1422.15,709.51,Cash On Delivery,5,No,298.69
ORD-10678,30-05-2025,CUST-0367,Mohit Gupta,East,Patna,PROD-0111,Dumbbell Set 20kg,Health & Beauty,Fitness,1,3499,0.0,3499.0,1816.46,Debit,4,No,0.0
ORD-10678,30-05-2025,CUST-0367,Mohit Gupta,East,Patna,PROD-0106,Casio G-Shock,Fashion,Accessories,1,9999,0.0,9999.0,3676.48,Debit,6,No,0.0
ORD-10679,11-04-2025,CUST-0051,Kavya Mehta,West,Ahmedabad,PROD-0102,Asus ROG Zephyrus,Electronics,Laptops,2,134999,0.0,269998.0,112376.31,UPI,1,No,0.0
ORD-10680,25-01-2025,CUST-0078,Deepak Agarwal,Central,Bhopal,PROD-0112,Protein Shaker Bottle,Health & Beauty,Fitness,3,499,0.2,1197.6,447.6,Gpay,5,No,148.11
ORD-10680,25-01-2025,CUST-0078,Deepak Agarwal,Central,Bhopal,PROD-0110,The Psychology of Money,Books & Stationery,Non-Fiction,2,349,0.0,698.0,332.92,Gpay,6,No,316.55
ORD-10681,06-01-2025,CUST-0344,Kavya Agarwal,East,Patna,PROD-0031,Prestige Mixer,Home & Kitchen,Appliances,1,4599,0.1,4139.1,1960.38,Gpay,7,No,0.0
ORD-10681,06-01-2025,CUST-0344,Kavya Agarwal,East,Patna,PROD-0111,Dumbbell Set 20kg,Health & Beauty,Fitness,2,3499,0.05,6648.1,3117.39,UPI,2,No,0.0
ORD-10681,06-01-2025,CUST-0344,Kavya Agarwal,East,Patna,PROD-0106,Casio G-Shock,Fashion,Accessories,1,9999,0.2,7999.2,2547.89,Debit,7,No,0.0
ORD-10681,06-01-2025,CUST-0344,Kavya Agarwal,East,Patna,PROD-0101,Samsung Galaxy Buds3,Electronics,Headphones,1,12999,0.0,12999.0,5020.05,Visa,12,No,0.0
ORD-10682,27-05-2025,CUST-0033,Karan Das,East,Kolkata,PROD-0061,Cetaphil Moisturizer,Health & Beauty,Skincare,1,799,0.05,759.05,352.62,Visa,5,No,140.64
ORD-10682,27-05-2025,CUST-0033,Karan Das,East,Kolkata,PROD-0017,Nike Air Force 1,Fashion,Footwear,3,7999,0.0,23997.0,12270.44,UPI,5,No,0.0
ORD-10682,27-05-2025,CUST-0033,Karan Das,East,Kolkata,PROD-0031,Prestige Mixer,Home & Kitchen,Appliances,3,4599,0.15,11727.45,5020.99,Net-Banking,3,No,0.0
ORD-10683,15-03-2025,CUST-0067,Raj Kumar,South,Kochi,PROD-0101,Samsung Galaxy Buds3,Electronics,Headphones,2,12999,0.0,25998.0,12570.3,Visa,2,No,0.0
ORD-10684,17-03-2025,CUST-0332,Vivaan Mehta,North,Lucknow,PROD-0031,Prestige Mixer,Home & Kitchen,Appliances,1,4599,0.1,4139.1,2186.04,UPI,3,No,0.0
ORD-10684,17-03-2025,CUST-0332,Vivaan Mehta,North,Lucknow,PROD-0001,iPhone 15 Pro,Electronics,Smartphones,1,89999,0.0,89999.0,35916.2,UPI,3,No,0.0
ORD-10684,17-03-2025,CUST-0332,Vivaan Mehta,North,Lucknow,PROD-0111,Dumbbell Set 20kg,Health & Beauty,Fitness,2,3499,0.0,6998.0,2143.02,Debit,4,No,0.0
ORD-10684,17-03-2025,CUST-0332,Vivaan Mehta,North,Lucknow,PROD-0007,Sony WH-1000XM5,Electronics,Headphones,2,24990,0.0,49980.0,19344.85,UPI,1,No,0.0
ORD-10685,29-03-2025,CUST-0078,Deepak Agarwal,Central,Bhopal,PROD-0106,Casio G-Shock,Fashion,Accessories,1,9999,0.0,9999.0,4483.67,Visa,7,No,0.0
ORD-10686,12-03-2025,CUST-0336,Vivaan Joshi,North,Lucknow,PROD-0110,The Psychology of Money,Books & Stationery,Non-Fiction,3,349,0.2,837.6,286.99,Gpay,3,No,131.55
ORD-10687,30-01-2025,CUST-0411,Krishna Pillai,South,Kochi,PROD-0105,Crocs Classic Clog,Fashion,Footwear,3,2999,0.0,8997.0,3777.95,Gpay,2,No,0.0
ORD-10688,02-01-2025,CUST-0051,Kavya Mehta,West,Ahmedabad,PROD-0111,Dumbbell Set 20kg,Health & Beauty,Fitness,1,3499,0.0,3499.0,1756.69,Debit,1,No,0.0
ORD-10688,02-01-2025,CUST-0051,Kavya Mehta,West,Ahmedabad,PROD-0107,Instant Pot Duo,Home & Kitchen,Appliances,1,8999,0.05,8549.05,3527.45,Debit,6,No,0.0
ORD-10688,02-01-2025,CUST-0051,Kavya Mehta,West,Ahmedabad,PROD-0106,Casio G-Shock,Fashion,Accessories,2,9999,0.2,15998.4,7653.18,Gpay,3,No,0.0
ORD-10688,02-01-2025,CUST-0051,Kavya Mehta,West,Ahmedabad,PROD-0105,Crocs Classic Clog,Fashion,Footwear,2,2999,0.05,5698.1,2258.32,Cash On Delivery,12,No,0.0
ORD-10689,03-04-2025,CUST-0056,Meera Iyer,East,Ranchi,PROD-0061,Cetaphil Moisturizer,Health & Beauty,Skincare,1,799,0.0,799.0,425.4,UPI,1,No,49.58
ORD-10689,03-04-2025,CUST-0056,Meera Iyer,East,Ranchi,PROD-0110,The Psychology of Money,Books & Stationery,Non-Fiction,2,349,0.0,698.0,340.09,Cash On Delivery,10,No,137.85
ORD-10690,30-04-2025,CUST-0039,Dev Das,Central,Raipur,PROD-0106,Casio G-Shock,Fashion,Accessories,1,9999,0.0,9999.0,3027.33,Visa,12,No,0.0
ORD-10690,30-04-2025,CUST-0039,Dev Das,Central,Raipur,PROD-0107,Instant Pot Duo,Home & Kitchen,Appliances,2,8999,0.1,16198.2,5527.32,Visa,11,No,0.0
ORD-10690,30-04-2025,CUST-0039,Dev Das,Central,Raipur,PROD-0016,Levi's 501 Jeans,Fashion,Men Clothing,3,3499,0.05,9972.15,3416.74,Gpay,3,No,0.0
ORD-10690,30-04-2025,CUST-0039,Dev Das,Central,Raipur,PROD-0007,Sony WH-1000XM5,Electronics,Headphones,2,24990,0.15,42483.0,19948.46,Cash On Delivery,9,No,0.0
ORD-10691,13-04-2025,CUST-0026,Karan Iyer,West,Mumbai,PROD-0007,Sony WH-1000XM5,Electronics,Headphones,2,24990,0.0,49980.0,22184.53,Visa,11,No,0.0
ORD-10692,01-01-2025,CUST-0316,Sneha Gupta,East,Ranchi,PROD-0017,Nike Air Force 1,Fashion,Footwear,1,7999,0.1,7199.1,2236.84,Gpay,10,No,0.0
ORD-10692,01-01-2025,CUST-0316,Sneha Gupta,East,Ranchi,PROD-0109,Thinking Fast and Slow,Books & Stationery,Non-Fiction,2,499,0.0,998.0,518.61,Gpay,4,No,221.6
ORD-10693,17-01-2025,CUST-0301,Krishna Sharma,South,Hyderabad,PROD-0104,Under Armour Hoodie,Fashion,Men Clothing,3,4299,0.0,12897.0,5331.53,Visa,10,No,0.0
ORD-10694,11-02-2025,CUST-0364,Mohit Das,South,Kochi,PROD-0110,The Psychology of Money,Books & Stationery,Non-Fiction,3,349,0.2,837.6,284.71,UPI,9,No,396.4
ORD-10695,04-02-2025,CUST-0031,Priya Joshi,Central,Bhopal,PROD-0110,The Psychology of Money,Books & Stationery,Non-Fiction,1,349,0.05,331.55,150.26,Net-Banking,6,No,334.6
ORD-10695,04-02-2025,CUST-0031,Priya Joshi,Central,Bhopal,PROD-0061,Cetaphil Moisturizer,Health & Beauty,Skincare,3,799,0.05,2277.15,1009.11,Visa,4,No,0.0
ORD-10696,19-01-2025,CUST-0005,Priyanka Reddy,Central,Indore,PROD-0106,Casio G-Shock,Fashion,Accessories,1,9999,0.15,8499.15,2919.36,Net-Banking,10,No,0.0
ORD-10697,26-01-2025,CUST-0074,Ananya Roy,East,Ranchi,PROD-0007,Sony WH-1000XM5,Electronics,Headphones,2,24990,0.1,44982.0,20842.3,Cash On Delivery,2,No,0.0
ORD-10698,07-03-2025,CUST-0359,Arun Kumar,West,Mumbai,PROD-0109,Thinking Fast and Slow,Books & Stationery,Non-Fiction,1,499,0.0,499.0,271.96,Gpay,1,No,191.37
ORD-10699,06-04-2025,CUST-0037,Vikram Pillai,East,Patna,PROD-0104,Under Armour Hoodie,Fashion,Men Clothing,3,4299,0.2,10317.6,5488.42,Visa,4,No,0.0
ORD-10700,02-02-2025,CUST-0369,Neha Verma,South,Chennai,PROD-0105,Crocs Classic Clog,Fashion,Footwear,2,2999,0.05,5698.1,3056.81,Cash On Delivery,2,No,0.0
ORD-10701,03-03-2025,CUST-0065,Karan Pillai,Central,Indore,PROD-0112,Protein Shaker Bottle,Health & Beauty,Fitness,3,499,0.15,1272.45,695.76,UPI,1,Yes,147.34
ORD-10701,03-03-2025,CUST-0065,Karan Pillai,Central,Indore,PROD-0101,Samsung Galaxy Buds3,Electronics,Headphones,2,12999,0.0,25998.0,7971.78,Cash On Delivery,12,No,0.0
ORD-10701,03-03-2025,CUST-0065,Karan Pillai,Central,Indore,PROD-0102,Asus ROG Zephyrus,Electronics,Laptops,2,134999,0.0,269998.0,87995.89,Gpay,12,No,0.0
ORD-10701,03-03-2025,CUST-0065,Karan Pillai,Central,Indore,PROD-0108,Bosch Drill Machine,Home & Kitchen,Appliances,2,5499,0.2,8798.4,3980.38,Visa,4,No,0.0
ORD-10702,24-05-2025,CUST-0365,Mohit Iyer,East,Patna,PROD-0108,Bosch Drill Machine,Home & Kitchen,Appliances,3,5499,0.05,15672.15,4914.01,Cash On Delivery,12,No,0.0
ORD-10703,30-01-2025,CUST-0046,Divya Das,North,Lucknow,PROD-0031,Prestige Mixer,Home & Kitchen,Appliances,2,4599,0.15,7818.3,2476.77,Net-Banking,12,No,0.0
ORD-10704,26-01-2025,CUST-0325,Raj Kumar,West,Mumbai,PROD-0110,The Psychology of Money,Books & Stationery,Non-Fiction,1,349,0.0,349.0,163.55,Debit,8,No,171.45
ORD-10705,30-01-2025,CUST-0014,Ishita Patel,Central,Bhopal,PROD-0111,Dumbbell Set 20kg,Health & Beauty,Fitness,1,3499,0.2,2799.2,1076.62,Visa,1,No,0.0
ORD-10706,11-05-2025,CUST-0307,Siddharth Shah,North,Jaipur,PROD-0106,Casio G-Shock,Fashion,Accessories,2,9999,0.05,18998.1,8002.82,Visa,9,Yes,0.0
ORD-10707,07-05-2025,CUST-0317,Priya Mehta,Central,Nagpur,PROD-0016,Levi's 501 Jeans,Fashion,Men Clothing,3,3499,0.15,8922.45,3233.9,UPI,9,No,0.0
ORD-10708,03-05-2025,CUST-0374,Kavya Reddy,South,Bangalore,PROD-0046,Atomic Habits,Books & Stationery,Non-Fiction,3,399,0.1,1077.3,467.42,Visa,5,No,143.48
ORD-10708,03-05-2025,CUST-0374,Kavya Reddy,South,Bangalore,PROD-0016,Levi's 501 Jeans,Fashion,Men Clothing,3,3499,0.2,8397.6,2820.06,Visa,11,No,0.0
ORD-10708,03-05-2025,CUST-0374,Kavya Reddy,South,Bangalore,PROD-0017,Nike Air Force 1,Fashion,Footwear,1,7999,0.1,7199.1,2283.49,Cash On Delivery,5,No,0.0
ORD-10708,03-05-2025,CUST-0374,Kavya Reddy,South,Bangalore,PROD-0111,Dumbbell Set 20kg,Health & Beauty,Fitness,3,3499,0.1,9447.3,3382.7,Gpay,10,No,0.0
ORD-10709,15-01-2025,CUST-0034,Meera Nair,East,Ranchi,PROD-0112,Protein Shaker Bottle,Health & Beauty,Fitness,1,499,0.0,499.0,197.75,Gpay,5,No,274.36
ORD-10709,15-01-2025,CUST-0034,Meera Nair,East,Ranchi,PROD-0016,Levi's 501 Jeans,Fashion,Men Clothing,2,3499,0.05,6648.1,2005.26,Cash On Delivery,7,No,0.0
ORD-10710,04-03-2025,CUST-0008,Priya Mishra,Central,Indore,PROD-0112,Protein Shaker Bottle,Health & Beauty,Fitness,3,499,0.0,1497.0,733.39,Cash On Delivery,2,No,154.8
ORD-10710,04-03-2025,CUST-0008,Priya Mishra,Central,Indore,PROD-0105,Crocs Classic Clog,Fashion,Footwear,2,2999,0.0,5998.0,2439.32,Visa,8,No,0.0
ORD-10710,04-03-2025,CUST-0008,Priya Mishra,Central,Indore,PROD-0007,Sony WH-1000XM5,Electronics,Headphones,2,24990,0.0,49980.0,22585.78,Net-Banking,7,No,0.0
ORD-10711,21-04-2025,CUST-0328,Varun Sharma,East,Bhubaneswar,PROD-0112,Protein Shaker Bottle,Health & Beauty,Fitness,1,499,0.1,449.1,156.08,Debit,10,No,142.58
ORD-10711,21-04-2025,CUST-0328,Varun Sharma,East,Bhubaneswar,PROD-0102,Asus ROG Zephyrus,Electronics,Laptops,2,134999,0.05,256498.1,132685.46,Visa,5,No,0.0
ORD-10711,21-04-2025,CUST-0328,Varun Sharma,East,Bhubaneswar,PROD-0107,Instant Pot Duo,Home & Kitchen,Appliances,3,8999,0.0,26997.0,12334.17,Gpay,1,No,0.0
ORD-10712,01-04-2025,CUST-0025,Meera Pillai,South,Hyderabad,PROD-0104,Under Armour Hoodie,Fashion,Men Clothing,1,4299,0.0,4299.0,1758.96,Gpay,4,No,0.0
ORD-10712,01-04-2025,CUST-0025,Meera Pillai,South,Hyderabad,PROD-0108,Bosch Drill Machine,Home & Kitchen,Appliances,2,5499,0.0,10998.0,3327.64,UPI,10,No,0.0
ORD-10713,09-04-2025,CUST-0065,Karan Pillai,Central,Indore,PROD-0108,Bosch Drill Machine,Home & Kitchen,Appliances,2,5499,0.05,10448.1,5303.73,Debit,3,No,0.0
ORD-10713,09-04-2025,CUST-0065,Karan Pillai,Central,Indore,PROD-0046,Atomic Habits,Books & Stationery,Non-Fiction,2,399,0.05,758.1,295.39,Visa,1,Yes,370.43
ORD-10713,09-04-2025,CUST-0065,Karan Pillai,Central,Indore,PROD-0110,The Psychology of Money,Books & Stationery,Non-Fiction,2,349,0.0,698.0,337.02,Visa,11,No,392.12
ORD-10713,09-04-2025,CUST-0065,Karan Pillai,Central,Indore,PROD-0001,iPhone 15 Pro,Electronics,Smartphones,1,89999,0.0,89999.0,28102.67,Debit,9,No,0.0
ORD-10714,16-05-2025,CUST-0413,Ananya Patel,East,Patna,PROD-0001,iPhone 15 Pro,Electronics,Smartphones,3,89999,0.0,269997.0,136276.85,Gpay,1,No,0.0
ORD-10715,12-05-2025,CUST-0321,Varun Joshi,South,Bangalore,PROD-0101,Samsung Galaxy Buds3,Electronics,Headphones,2,12999,0.0,25998.0,13767.52,Cash On Delivery,4,No,0.0
ORD-10716,29-03-2025,CUST-0419,Arun Verma,North,Chandigarh,PROD-0106,Casio G-Shock,Fashion,Accessories,3,9999,0.0,29997.0,16431.44,Visa,3,No,0.0
ORD-10717,29-03-2025,CUST-0351,Sakshi Roy,West,Mumbai,PROD-0061,Cetaphil Moisturizer,Health & Beauty,Skincare,3,799,0.15,2037.45,677.08,Cash On Delivery,5,No,0.0
ORD-10717,29-03-2025,CUST-0351,Sakshi Roy,West,Mumbai,PROD-0105,Crocs Classic Clog,Fashion,Footwear,1,2999,0.0,2999.0,1045.46,Cash On Delivery,7,No,0.0
ORD-10718,12-01-2025,CUST-0417,Raj Verma,Central,Indore,PROD-0104,Under Armour Hoodie,Fashion,Men Clothing,2,4299,0.0,8598.0,3386.65,Gpay,7,No,0.0
ORD-10719,05-01-2025,CUST-0316,Sneha Gupta,East,Ranchi,PROD-0001,iPhone 15 Pro,Electronics,Smartphones,3,89999,0.05,256497.15,110023.04,Debit,7,No,0.0
ORD-10720,11-01-2025,CUST-0384,Amit Das,Central,Bhopal,PROD-0110,The Psychology of Money,Books & Stationery,Non-Fiction,1,349,0.15,296.65,97.36,UPI,3,No,57.76
ORD-10721,24-05-2025,CUST-0037,Vikram Pillai,East,Patna,PROD-0109,Thinking Fast and Slow,Books & Stationery,Non-Fiction,3,499,0.05,1422.15,621.97,UPI,10,No,79.57
ORD-10722,09-05-2025,CUST-0342,Nisha Singh,Central,Bhopal,PROD-0106,Casio G-Shock,Fashion,Accessories,3,9999,0.0,29997.0,12925.15,Gpay,1,No,0.0
ORD-10723,28-05-2025,CUST-0305,Nikhil Patel,East,Ranchi,PROD-0111,Dumbbell Set 20kg,Health & Beauty,Fitness,2,3499,0.0,6998.0,2491.74,Net-Banking,12,No,0.0
ORD-10724,07-02-2025,CUST-0035,Deepak Singh,East,Ranchi,PROD-0105,Crocs Classic Clog,Fashion,Footwear,1,2999,0.0,2999.0,1095.62,Visa,8,No,0.0
ORD-10724,07-02-2025,CUST-0035,Deepak Singh,East,Ranchi,PROD-0031,Prestige Mixer,Home & Kitchen,Appliances,3,4599,0.0,13797.0,6877.59,Visa,3,No,0.0
ORD-10724,07-02-2025,CUST-0035,Deepak Singh,East,Ranchi,PROD-0103,Kindle Paperwhite,Electronics,Tablets,3,14999,0.0,44997.0,20599.84,Visa,1,No,0.0
ORD-10725,24-04-2025,CUST-0335,Amit Gupta,South,Bangalore,PROD-0031,Prestige Mixer,Home & Kitchen,Appliances,2,4599,0.15,7818.3,3905.69,Gpay,7,No,0.0
ORD-10725,24-04-2025,CUST-0335,Amit Gupta,South,Bangalore,PROD-0108,Bosch Drill Machine,Home & Kitchen,Appliances,1,5499,0.15,4674.15,1571.43,Debit,8,No,0.0
ORD-10725,24-04-2025,CUST-0335,Amit Gupta,South,Bangalore,PROD-0110,The Psychology of Money,Books & Stationery,Non-Fiction,3,349,0.05,994.65,307.33,Visa,3,No,222.65
ORD-10725,24-04-2025,CUST-0335,Amit Gupta,South,Bangalore,PROD-0061,Cetaphil Moisturizer,Health & Beauty,Skincare,1,799,0.2,639.2,318.68,UPI,3,No,371.53
ORD-10726,27-04-2025,CUST-0052,Arjun Shah,South,Kochi,PROD-0105,Crocs Classic Clog,Fashion,Footwear,3,2999,0.0,8997.0,4106.36,Debit,10,No,0.0
ORD-10727,03-01-2025,CUST-0410,Karan Gupta,Central,Raipur,PROD-0107,Instant Pot Duo,Home & Kitchen,Appliances,2,8999,0.0,17998.0,7289.98,Cash On Delivery,10,No,0.0
ORD-10728,11-02-2025,CUST-0076,Sakshi Bhat,South,Bangalore,PROD-0007,Sony WH-1000XM5,Electronics,Headphones,3,24990,0.2,59976.0,24839.63,Cash On Delivery,4,No,0.0
ORD-10728,11-02-2025,CUST-0076,Sakshi Bhat,South,Bangalore,PROD-0112,Protein Shaker Bottle,Health & Beauty,Fitness,3,499,0.2,1197.6,449.63,Net-Banking,12,No,124.46
ORD-10729,14-05-2025,CUST-0397,Diya Agarwal,Central,Indore,PROD-0104,Under Armour Hoodie,Fashion,Men Clothing,2,4299,0.05,8168.1,4424.31,Debit,11,No,0.0
ORD-10730,04-02-2025,CUST-0408,Raj Bhat,West,Surat,PROD-0105,Crocs Classic Clog,Fashion,Footwear,2,2999,0.1,5398.2,2922.07,Net-Banking,6,Yes,0.0
ORD-10731,15-04-2025,CUST-0066,Deepak Patel,South,Kochi,PROD-0112,Protein Shaker Bottle,Health & Beauty,Fitness,3,499,0.1,1347.3,417.57,UPI,9,No,305.89
ORD-10731,15-04-2025,CUST-0066,Deepak Patel,South,Kochi,PROD-0107,Instant Pot Duo,Home & Kitchen,Appliances,2,8999,0.0,17998.0,9425.57,Net-Banking,6,No,0.0
ORD-10731,15-04-2025,CUST-0066,Deepak Patel,South,Kochi,PROD-0017,Nike Air Force 1,Fashion,Footwear,3,7999,0.0,23997.0,12709.05,Gpay,4,No,0.0
ORD-10731,15-04-2025,CUST-0066,Deepak Patel,South,Kochi,PROD-0061,Cetaphil Moisturizer,Health & Beauty,Skincare,2,799,0.0,1598.0,520.34,Debit,10,No,44.59
ORD-10732,16-03-2025,CUST-0380,Rahul Gupta,South,Bangalore,PROD-0105,Crocs Classic Clog,Fashion,Footwear,3,2999,0.2,7197.6,3256.03,Cash On Delivery,7,No,0.0
ORD-10732,16-03-2025,CUST-0380,Rahul Gupta,South,Bangalore,PROD-0101,Samsung Galaxy Buds3,Electronics,Headphones,1,12999,0.1,11699.1,3900.74,Debit,5,No,0.0
ORD-10732,16-03-2025,CUST-0380,Rahul Gupta,South,Bangalore,PROD-0102,Asus ROG Zephyrus,Electronics,Laptops,3,134999,0.15,344247.45,166027.38,Gpay,10,No,0.0
ORD-10733,29-01-2025,CUST-0068,Pooja Iyer,South,Hyderabad,PROD-0103,Kindle Paperwhite,Electronics,Tablets,1,14999,0.15,12749.15,4519.95,UPI,5,No,0.0
ORD-10734,03-02-2025,CUST-0043,Varun Verma,South,Chennai,PROD-0103,Kindle Paperwhite,Electronics,Tablets,1,14999,0.0,14999.0,6015.59,Visa,12,No,0.0
ORD-10735,12-03-2025,CUST-0331,Varun Reddy,Central,Raipur,PROD-0105,Crocs Classic Clog,Fashion,Footwear,1,2999,0.2,2399.2,919.44,Gpay,10,No,0.0
ORD-10735,12-03-2025,CUST-0331,Varun Reddy,Central,Raipur,PROD-0106,Casio G-Shock,Fashion,Accessories,3,9999,0.0,29997.0,11340.34,UPI,11,No,0.0
ORD-10735,12-03-2025,CUST-0331,Varun Reddy,Central,Raipur,PROD-0107,Instant Pot Duo,Home & Kitchen,Appliances,1,8999,0.1,8099.1,2514.71,Cash On Delivery,6,No,0.0
ORD-10736,16-04-2025,CUST-0342,Nisha Singh,Central,Bhopal,PROD-0109,Thinking Fast and Slow,Books & Stationery,Non-Fiction,3,499,0.0,1497.0,565.86,UPI,3,No,63.02
ORD-10736,16-04-2025,CUST-0342,Nisha Singh,Central,Bhopal,PROD-0106,Casio G-Shock,Fashion,Accessories,1,9999,0.15,8499.15,4587.58,Debit,10,No,0.0
ORD-10736,16-04-2025,CUST-0342,Nisha Singh,Central,Bhopal,PROD-0016,Levi's 501 Jeans,Fashion,Men Clothing,1,3499,0.15,2974.15,915.22,Visa,8,No,0.0
ORD-10736,16-04-2025,CUST-0342,Nisha Singh,Central,Bhopal,PROD-0046,Atomic Habits,Books & Stationery,Non-Fiction,3,399,0.15,1017.45,515.78,UPI,5,No,245.96
ORD-10737,31-01-2025,CUST-0323,Riya Bhat,West,Mumbai,PROD-0112,Protein Shaker Bottle,Health & Beauty,Fitness,3,499,0.0,1497.0,599.14,Gpay,2,No,142.97
ORD-10738,11-04-2025,CUST-0046,Divya Das,North,Lucknow,PROD-0001,iPhone 15 Pro,Electronics,Smartphones,1,89999,0.15,76499.15,38456.29,UPI,11,No,0.0
ORD-10739,09-04-2025,CUST-0361,Pooja Kumar,South,Bangalore,PROD-0103,Kindle Paperwhite,Electronics,Tablets,1,14999,0.1,13499.1,6093.72,Gpay,3,No,0.0
ORD-10740,22-03-2025,CUST-0022,Sara Agarwal,Central,Raipur,PROD-0101,Samsung Galaxy Buds3,Electronics,Headphones,1,12999,0.0,12999.0,4503.75,Gpay,1,No,0.0
ORD-10741,15-04-2025,CUST-0309,Meera Nair,North,Chandigarh,PROD-0112,Protein Shaker Bottle,Health & Beauty,Fitness,2,499,0.1,898.2,474.51,Visa,2,No,391.26
ORD-10742,18-02-2025,CUST-0066,Deepak Patel,South,Kochi,PROD-0107,Instant Pot Duo,Home & Kitchen,Appliances,2,8999,0.0,17998.0,9411.58,UPI,12,No,0.0
ORD-10743,27-04-2025,CUST-0324,Varun Roy,South,Hyderabad,PROD-0046,Atomic Habits,Books & Stationery,Non-Fiction,1,399,0.05,379.05,169.71,Net-Banking,9,No,47.55
ORD-10744,03-01-2025,CUST-0410,Karan Gupta,Central,Raipur,PROD-0003,MacBook Air M3,Electronics,Laptops,1,99999,0.0,99999.0,41127.81,Visa,10,No,0.0
ORD-10745,29-04-2025,CUST-0061,Aarav Choudhury,East,Bhubaneswar,PROD-0017,Nike Air Force 1,Fashion,Footwear,3,7999,0.0,23997.0,12822.09,Gpay,11,No,0.0
ORD-10746,03-01-2025,CUST-0007,Suresh Roy,South,Bangalore,PROD-0007,Sony WH-1000XM5,Electronics,Headphones,3,24990,0.0,74970.0,31953.05,Net-Banking,12,No,0.0
ORD-10747,19-04-2025,CUST-0359,Arun Kumar,West,Mumbai,PROD-0105,Crocs Classic Clog,Fashion,Footwear,2,2999,0.0,5998.0,2447.23,Net-Banking,11,Yes,0.0
ORD-10748,14-05-2025,CUST-0015,Dev Mishra,North,Jaipur,PROD-0007,Sony WH-1000XM5,Electronics,Headphones,2,24990,0.0,49980.0,15839.26,Gpay,10,No,0.0
ORD-10749,04-02-2025,CUST-0073,Karan Agarwal,East,Patna,PROD-0102,Asus ROG Zephyrus,Electronics,Laptops,1,134999,0.0,134999.0,50977.08,Cash On Delivery,5,No,0.0
ORD-10750,22-01-2025,CUST-0401,Kavya Verma,East,Ranchi,PROD-0106,Casio G-Shock,Fashion,Accessories,3,9999,0.1,26997.3,11688.35,Visa,2,No,0.0
ORD-10750,22-01-2025,CUST-0401,Kavya Verma,East,Ranchi,PROD-0111,Dumbbell Set 20kg,Health & Beauty,Fitness,1,3499,0.0,3499.0,1466.85,Visa,12,No,0.0
ORD-10751,15-03-2025,CUST-0021,Vikram Patel,East,Patna,PROD-0107,Instant Pot Duo,Home & Kitchen,Appliances,1,8999,0.0,8999.0,3685.2,Net-Banking,11,No,0.0
ORD-10751,15-03-2025,CUST-0021,Vikram Patel,East,Patna,PROD-0001,iPhone 15 Pro,Electronics,Smartphones,2,89999,0.15,152998.3,74826.0,Gpay,3,No,0.0
ORD-10752,26-04-2025,CUST-0410,Karan Gupta,Central,Raipur,PROD-0016,Levi's 501 Jeans,Fashion,Men Clothing,3,3499,0.1,9447.3,4728.95,Visa,12,No,0.0
ORD-10753,04-01-2025,CUST-0016,Sneha Singh,North,Lucknow,PROD-0112,Protein Shaker Bottle,Health & Beauty,Fitness,2,499,0.1,898.2,397.4,Visa,11,Yes,365.21
ORD-10754,06-01-2025,CUST-0415,Siddharth Choudhury,South,Hyderabad,PROD-0105,Crocs Classic Clog,Fashion,Footwear,1,2999,0.0,2999.0,965.77,Debit,10,No,0.0
ORD-10755,18-04-2025,CUST-0301,Krishna Sharma,South,Hyderabad,PROD-0003,MacBook Air M3,Electronics,Laptops,2,99999,0.0,199998.0,78602.83,Cash On Delivery,8,No,0.0
ORD-10756,24-03-2025,CUST-0349,Amit Kumar,Central,Indore,PROD-0112,Protein Shaker Bottle,Health & Beauty,Fitness,3,499,0.0,1497.0,452.04,Gpay,10,No,289.11
ORD-10757,04-03-2025,CUST-0353,Manish Reddy,South,Kochi,PROD-0102,Asus ROG Zephyrus,Electronics,Laptops,3,134999,0.1,364497.3,149154.37,UPI,1,No,0.0
ORD-10758,20-05-2025,CUST-0398,Manish Gupta,East,Patna,PROD-0001,iPhone 15 Pro,Electronics,Smartphones,1,89999,0.0,89999.0,34063.28,Cash On Delivery,4,No,0.0
ORD-10759,24-01-2025,CUST-0386,Krishna Verma,South,Bangalore,PROD-0110,The Psychology of Money,Books & Stationery,Non-Fiction,3,349,0.05,994.65,469.3,Debit,3,No,65.97
ORD-10760,26-02-2025,CUST-0350,Meera Singh,West,Ahmedabad,PROD-0016,Levi's 501 Jeans,Fashion,Men Clothing,3,3499,0.0,10497.0,3730.58,Net-Banking,8,No,0.0
ORD-10761,13-03-2025,CUST-0047,Deepak Reddy,Central,Indore,PROD-0104,Under Armour Hoodie,Fashion,Men Clothing,3,4299,0.2,10317.6,4918.66,Visa,12,Yes,0.0
ORD-10762,01-02-2025,CUST-0336,Vivaan Joshi,North,Lucknow,PROD-0105,Crocs Classic Clog,Fashion,Footwear,3,2999,0.0,8997.0,4752.38,UPI,10,No,0.0
ORD-10763,29-04-2025,CUST-0356,Aarav Verma,North,Chandigarh,PROD-0111,Dumbbell Set 20kg,Health & Beauty,Fitness,2,3499,0.1,6298.2,3257.56,Gpay,8,No,0.0
ORD-10764,11-04-2025,CUST-0403,Vikram Singh,South,Kochi,PROD-0104,Under Armour Hoodie,Fashion,Men Clothing,2,4299,0.15,7308.3,3711.1,Gpay,11,No,0.0
ORD-10764,11-04-2025,CUST-0403,Vikram Singh,South,Kochi,PROD-0106,Casio G-Shock,Fashion,Accessories,1,9999,0.05,9499.05,3670.75,Debit,9,No,0.0
ORD-10765,01-05-2025,CUST-0327,Ananya Das,South,Chennai,PROD-0106,Casio G-Shock,Fashion,Accessories,3,9999,0.0,29997.0,14671.59,Visa,12,No,0.0
ORD-10766,22-04-2025,CUST-0316,Sneha Gupta,East,Ranchi,PROD-0102,Asus ROG Zephyrus,Electronics,Laptops,2,134999,0.2,215998.4,79558.47,Visa,7,No,0.0
ORD-10767,11-04-2025,CUST-0041,Shreya Reddy,West,Ahmedabad,PROD-0102,Asus ROG Zephyrus,Electronics,Laptops,2,134999,0.15,229498.3,110025.22,Debit,1,No,0.0
ORD-10767,11-04-2025,CUST-0041,Shreya Reddy,West,Ahmedabad,PROD-0109,Thinking Fast and Slow,Books & Stationery,Non-Fiction,2,499,0.15,848.3,449.24,Gpay,9,No,74.36
ORD-10767,11-04-2025,CUST-0041,Shreya Reddy,West,Ahmedabad,PROD-0107,Instant Pot Duo,Home & Kitchen,Appliances,2,8999,0.1,16198.2,6205.75,Net-Banking,4,No,0.0
ORD-10767,11-04-2025,CUST-0041,Shreya Reddy,West,Ahmedabad,PROD-0104,Under Armour Hoodie,Fashion,Men Clothing,1,4299,0.2,3439.2,1416.92,Debit,1,No,0.0
ORD-10768,21-02-2025,CUST-0410,Karan Gupta,Central,Raipur,PROD-0031,Prestige Mixer,Home & Kitchen,Appliances,3,4599,0.0,13797.0,5718.6,Cash On Delivery,2,No,0.0
ORD-10769,22-05-2025,CUST-0414,Riya Mehta,Central,Raipur,PROD-0102,Asus ROG Zephyrus,Electronics,Laptops,3,134999,0.0,404997.0,190796.67,Net-Banking,2,No,0.0
ORD-10770,20-04-2025,CUST-0031,Priya Joshi,Central,Bhopal,PROD-0016,Levi's 501 Jeans,Fashion,Men Clothing,1,3499,0.0,3499.0,1700.63,Cash On Delivery,12,No,0.0
ORD-10770,20-04-2025,CUST-0031,Priya Joshi,Central,Bhopal,PROD-0107,Instant Pot Duo,Home & Kitchen,Appliances,2,8999,0.1,16198.2,8037.13,Debit,3,No,0.0
ORD-10771,07-02-2025,CUST-0345,Deepak Yadav,South,Bangalore,PROD-0104,Under Armour Hoodie,Fashion,Men Clothing,3,4299,0.2,10317.6,3476.54,Cash On Delivery,8,No,0.0
ORD-10772,20-02-2025,CUST-0306,Swati Nair,East,Patna,PROD-0110,The Psychology of Money,Books & Stationery,Non-Fiction,2,349,0.05,663.1,345.45,Debit,10,No,376.92
ORD-10772,20-02-2025,CUST-0306,Swati Nair,East,Patna,PROD-0107,Instant Pot Duo,Home & Kitchen,Appliances,1,8999,0.15,7649.15,4174.53,Visa,3,No,0.0
ORD-10772,20-02-2025,CUST-0306,Swati Nair,East,Patna,PROD-0106,Casio G-Shock,Fashion,Accessories,3,9999,0.0,29997.0,10948.13,Debit,1,No,0.0
ORD-10772,20-02-2025,CUST-0306,Swati Nair,East,Patna,PROD-0101,Samsung Galaxy Buds3,Electronics,Headphones,3,12999,0.2,31197.6,12023.74,Cash On Delivery,4,No,0.0
ORD-10773,02-03-2025,CUST-0415,Siddharth Choudhury,South,Hyderabad,PROD-0110,The Psychology of Money,Books & Stationery,Non-Fiction,3,349,0.0,1047.0,336.62,Gpay,9,No,209.77
ORD-10773,02-03-2025,CUST-0415,Siddharth Choudhury,South,Hyderabad,PROD-0104,Under Armour Hoodie,Fashion,Men Clothing,2,4299,0.2,6878.4,2633.14,Cash On Delivery,10,No,0.0
ORD-10773,02-03-2025,CUST-0415,Siddharth Choudhury,South,Hyderabad,PROD-0017,Nike Air Force 1,Fashion,Footwear,1,7999,0.0,7999.0,3454.2,Cash On Delivery,6,No,0.0
ORD-10773,02-03-2025,CUST-0415,Siddharth Choudhury,South,Hyderabad,PROD-0111,Dumbbell Set 20kg,Health & Beauty,Fitness,3,3499,0.1,9447.3,4159.95,Cash On Delivery,2,No,0.0
ORD-10774,03-05-2025,CUST-0024,Ishita Joshi,East,Ranchi,PROD-0112,Protein Shaker Bottle,Health & Beauty,Fitness,3,499,0.1,1347.3,454.88,Visa,2,No,210.41
ORD-10775,09-04-2025,CUST-0074,Ananya Roy,East,Ranchi,PROD-0046,Atomic Habits,Books & Stationery,Non-Fiction,3,399,0.05,1137.15,419.55,Debit,3,No,290.64
ORD-10776,02-05-2025,CUST-0033,Karan Das,East,Kolkata,PROD-0103,Kindle Paperwhite,Electronics,Tablets,2,14999,0.0,29998.0,11752.87,Cash On Delivery,4,No,0.0
ORD-10777,28-04-2025,CUST-0017,Swati Sharma,East,Ranchi,PROD-0031,Prestige Mixer,Home & Kitchen,Appliances,2,4599,0.0,9198.0,3745.51,Cash On Delivery,5,No,0.0
ORD-10777,28-04-2025,CUST-0017,Swati Sharma,East,Ranchi,PROD-0003,MacBook Air M3,Electronics,Laptops,2,99999,0.15,169998.3,90307.26,Cash On Delivery,5,No,0.0
ORD-10777,28-04-2025,CUST-0017,Swati Sharma,East,Ranchi,PROD-0110,The Psychology of Money,Books & Stationery,Non-Fiction,3,349,0.0,1047.0,388.47,Visa,6,No,113.17
ORD-10777,28-04-2025,CUST-0017,Swati Sharma,East,Ranchi,PROD-0017,Nike Air Force 1,Fashion,Footwear,3,7999,0.2,19197.6,7620.18,Visa,1,No,0.0
ORD-10778,16-04-2025,CUST-0354,Priyanka Sharma,Central,Bhopal,PROD-0061,Cetaphil Moisturizer,Health & Beauty,Skincare,1,799,0.15,679.15,354.0,UPI,1,No,342.5
ORD-10778,16-04-2025,CUST-0354,Priyanka Sharma,Central,Bhopal,PROD-0110,The Psychology of Money,Books & Stationery,Non-Fiction,3,349,0.0,1047.0,320.37,Cash On Delivery,4,No,153.56
ORD-10779,12-01-2025,CUST-0010,Meera Mehta,West,Mumbai,PROD-0061,Cetaphil Moisturizer,Health & Beauty,Skincare,1,799,0.2,639.2,250.17,UPI,6,No,359.19
ORD-10779,12-01-2025,CUST-0010,Meera Mehta,West,Mumbai,PROD-0106,Casio G-Shock,Fashion,Accessories,3,9999,0.0,29997.0,12364.42,Gpay,9,No,0.0
ORD-10779,12-01-2025,CUST-0010,Meera Mehta,West,Mumbai,PROD-0046,Atomic Habits,Books & Stationery,Non-Fiction,1,399,0.2,319.2,105.64,Gpay,12,No,47.65
ORD-10780,11-02-2025,CUST-0305,Nikhil Patel,East,Ranchi,PROD-0101,Samsung Galaxy Buds3,Electronics,Headphones,3,12999,0.0,38997.0,15208.62,Net-Banking,5,No,0.0
ORD-10781,26-04-2025,CUST-0371,Priya Sharma,Central,Raipur,PROD-0109,Thinking Fast and Slow,Books & Stationery,Non-Fiction,3,499,0.05,1422.15,508.25,Visa,1,No,354.14
ORD-10782,09-01-2025,CUST-0366,Siddharth Gupta,West,Pune,PROD-0103,Kindle Paperwhite,Electronics,Tablets,1,14999,0.15,12749.15,5428.32,UPI,4,No,0.0
ORD-10783,16-05-2025,CUST-0394,Meera Mehta,North,Lucknow,PROD-0003,MacBook Air M3,Electronics,Laptops,3,99999,0.0,299997.0,124318.12,Net-Banking,10,No,0.0
ORD-10784,06-05-2025,CUST-0354,Priyanka Sharma,Central,Bhopal,PROD-0101,Samsung Galaxy Buds3,Electronics,Headphones,1,12999,0.0,12999.0,4407.82,Cash On Delivery,12,No,0.0
ORD-10785,16-04-2025,CUST-0333,Akash Singh,South,Kochi,PROD-0003,MacBook Air M3,Electronics,Laptops,2,99999,0.05,189998.1,98368.66,Visa,8,Yes,0.0
ORD-10786,01-05-2025,CUST-0362,Rohan Iyer,Central,Raipur,PROD-0001,iPhone 15 Pro,Electronics,Smartphones,3,89999,0.2,215997.6,102854.79,Net-Banking,4,No,0.0
ORD-10787,16-01-2025,CUST-0365,Mohit Iyer,East,Patna,PROD-0001,iPhone 15 Pro,Electronics,Smartphones,1,89999,0.0,89999.0,33314.85,UPI,1,No,0.0
ORD-10788,03-03-2025,CUST-0403,Vikram Singh,South,Kochi,PROD-0108,Bosch Drill Machine,Home & Kitchen,Appliances,3,5499,0.1,14847.3,7402.43,Cash On Delivery,5,No,0.0
ORD-10788,03-03-2025,CUST-0403,Vikram Singh,South,Kochi,PROD-0110,The Psychology of Money,Books & Stationery,Non-Fiction,3,349,0.0,1047.0,316.8,Debit,7,No,256.52
ORD-10788,03-03-2025,CUST-0403,Vikram Singh,South,Kochi,PROD-0104,Under Armour Hoodie,Fashion,Men Clothing,3,4299,0.0,12897.0,6334.08,UPI,7,No,0.0
ORD-10788,03-03-2025,CUST-0403,Vikram Singh,South,Kochi,PROD-0103,Kindle Paperwhite,Electronics,Tablets,3,14999,0.05,42747.15,14687.32,Debit,7,No,0.0
ORD-10789,24-02-2025,CUST-0011,Divya Reddy,West,Surat,PROD-0103,Kindle Paperwhite,Electronics,Tablets,2,14999,0.0,29998.0,11430.41,Debit,7,No,0.0
ORD-10790,07-05-2025,CUST-0056,Meera Iyer,East,Ranchi,PROD-0017,Nike Air Force 1,Fashion,Footwear,2,7999,0.0,15998.0,8495.75,Visa,2,No,0.0
ORD-10791,13-05-2025,CUST-0052,Arjun Shah,South,Kochi,PROD-0016,Levi's 501 Jeans,Fashion,Men Clothing,1,3499,0.0,3499.0,1371.1,Visa,3,No,0.0
ORD-10791,13-05-2025,CUST-0052,Arjun Shah,South,Kochi,PROD-0046,Atomic Habits,Books & Stationery,Non-Fiction,1,399,0.2,319.2,125.75,UPI,6,No,180.37
ORD-10791,13-05-2025,CUST-0052,Arjun Shah,South,Kochi,PROD-0105,Crocs Classic Clog,Fashion,Footwear,1,2999,0.15,2549.15,1115.13,Visa,4,No,0.0
ORD-10792,17-04-2025,CUST-0041,Shreya Reddy,West,Ahmedabad,PROD-0107,Instant Pot Duo,Home & Kitchen,Appliances,1,8999,0.0,8999.0,3207.06,Gpay,9,No,0.0
ORD-10793,01-02-2025,CUST-0347,Vivaan Das,North,Jaipur,PROD-0102,Asus ROG Zephyrus,Electronics,Laptops,2,134999,0.15,229498.3,92843.13,Gpay,2,No,0.0
ORD-10794,31-01-2025,CUST-0073,Karan Agarwal,East,Patna,PROD-0108,Bosch Drill Machine,Home & Kitchen,Appliances,1,5499,0.0,5499.0,2591.22,Visa,11,No,0.0
ORD-10795,22-03-2025,CUST-0062,Priyanka Roy,North,Jaipur,PROD-0003,MacBook Air M3,Electronics,Laptops,2,99999,0.0,199998.0,103018.57,Net-Banking,2,No,0.0
ORD-10796,01-04-2025,CUST-0071,Krishna Gupta,South,Bangalore,PROD-0003,MacBook Air M3,Electronics,Laptops,2,99999,0.0,199998.0,73329.91,Net-Banking,10,No,0.0
ORD-10797,01-03-2025,CUST-0402,Rahul Sharma,North,Jaipur,PROD-0046,Atomic Habits,Books & Stationery,Non-Fiction,1,399,0.1,359.1,132.84,UPI,8,No,49.53
ORD-10797,01-03-2025,CUST-0402,Rahul Sharma,North,Jaipur,PROD-0003,MacBook Air M3,Electronics,Laptops,1,99999,0.05,94999.05,38858.94,Debit,7,No,0.0
ORD-10797,01-03-2025,CUST-0402,Rahul Sharma,North,Jaipur,PROD-0108,Bosch Drill Machine,Home & Kitchen,Appliances,1,5499,0.15,4674.15,1828.81,Net-Banking,4,No,0.0
ORD-10797,01-03-2025,CUST-0402,Rahul Sharma,North,Jaipur,PROD-0112,Protein Shaker Bottle,Health & Beauty,Fitness,2,499,0.0,998.0,366.52,Net-Banking,9,No,216.79
ORD-10798,18-01-2025,CUST-0379,Varun Mishra,West,Ahmedabad,PROD-0112,Protein Shaker Bottle,Health & Beauty,Fitness,3,499,0.15,1272.45,663.35,Debit,8,No,209.15
ORD-10799,23-03-2025,CUST-0031,Priya Joshi,Central,Bhopal,PROD-0105,Crocs Classic Clog,Fashion,Footwear,3,2999,0.0,8997.0,2795.03,Debit,1,No,0.0
ORD-10799,23-03-2025,CUST-0031,Priya Joshi,Central,Bhopal,PROD-0016,Levi's 501 Jeans,Fashion,Men Clothing,1,3499,0.0,3499.0,1433.05,Cash On Delivery,1,No,0.0
ORD-10799,23-03-2025,CUST-0031,Priya Joshi,Central,Bhopal,PROD-0017,Nike Air Force 1,Fashion,Footwear,2,7999,0.0,15998.0,8369.97,Debit,3,No,0.0
ORD-10799,23-03-2025,CUST-0031,Priya Joshi,Central,Bhopal,PROD-0101,Samsung Galaxy Buds3,Electronics,Headphones,1,12999,0.2,10399.2,5051.79,UPI,5,No,0.0
ORD-10800,29-04-2025,CUST-0031,Priya Joshi,Central,Bhopal,PROD-0102,Asus ROG Zephyrus,Electronics,Laptops,2,134999,0.0,269998.0,133069.35,UPI,5,No,0.0
ORD-10800,29-04-2025,CUST-0031,Priya Joshi,Central,Bhopal,PROD-0112,Protein Shaker Bottle,Health & Beauty,Fitness,3,499,0.0,1497.0,687.3,UPI,3,No,323.3
ORD-10800,29-04-2025,CUST-0031,Priya Joshi,Central,Bhopal,PROD-0108,Bosch Drill Machine,Home & Kitchen,Appliances,1,5499,0.0,5499.0,2235.93,UPI,11,No,0.0
ORD-10800,29-04-2025,CUST-0031,Priya Joshi,Central,Bhopal,PROD-0111,Dumbbell Set 20kg,Health & Beauty,Fitness,2,3499,0.2,5598.4,1827.25,Cash On Delivery,2,No,0.0
ORD-10801,13-02-2025,CUST-0065,Karan Pillai,Central,Indore,PROD-0031,Prestige Mixer,Home & Kitchen,Appliances,1,4599,0.0,4599.0,1825.79,Net-Banking,12,No,0.0
ORD-10802,23-02-2025,CUST-0312,Ishita Das,South,Bangalore,PROD-0017,Nike Air Force 1,Fashion,Footwear,3,7999,0.2,19197.6,8171.44,Gpay,7,No,0.0
ORD-10802,23-02-2025,CUST-0312,Ishita Das,South,Bangalore,PROD-0101,Samsung Galaxy Buds3,Electronics,Headphones,1,12999,0.0,12999.0,5386.67,Debit,8,No,0.0
ORD-10802,23-02-2025,CUST-0312,Ishita Das,South,Bangalore,PROD-0112,Protein Shaker Bottle,Health & Beauty,Fitness,2,499,0.0,998.0,478.47,Gpay,3,No,369.42
ORD-10802,23-02-2025,CUST-0312,Ishita Das,South,Bangalore,PROD-0016,Levi's 501 Jeans,Fashion,Men Clothing,2,3499,0.2,5598.4,2647.79,Debit,2,No,0.0
ORD-10803,20-01-2025,CUST-0327,Ananya Das,South,Chennai,PROD-0017,Nike Air Force 1,Fashion,Footwear,3,7999,0.0,23997.0,12178.09,Debit,8,No,0.0
ORD-10803,20-01-2025,CUST-0327,Ananya Das,South,Chennai,PROD-0101,Samsung Galaxy Buds3,Electronics,Headphones,3,12999,0.0,38997.0,11812.26,Debit,3,No,0.0
ORD-10804,17-02-2025,CUST-0400,Nisha Verma,South,Chennai,PROD-0107,Instant Pot Duo,Home & Kitchen,Appliances,2,8999,0.1,16198.2,5821.5,UPI,5,No,0.0
ORD-10804,17-02-2025,CUST-0400,Nisha Verma,South,Chennai,PROD-0109,Thinking Fast and Slow,Books & Stationery,Non-Fiction,1,499,0.05,474.05,229.89,UPI,6,Yes,342.81
ORD-10804,17-02-2025,CUST-0400,Nisha Verma,South,Chennai,PROD-0061,Cetaphil Moisturizer,Health & Beauty,Skincare,3,799,0.1,2157.3,1000.96,Gpay,12,No,0.0
ORD-10805,08-03-2025,CUST-0380,Rahul Gupta,South,Bangalore,PROD-0017,Nike Air Force 1,Fashion,Footwear,3,7999,0.0,23997.0,8635.84,Gpay,4,Yes,0.0
ORD-10805,08-03-2025,CUST-0380,Rahul Gupta,South,Bangalore,PROD-0108,Bosch Drill Machine,Home & Kitchen,Appliances,2,5499,0.1,9898.2,4207.01,Gpay,10,No,0.0
ORD-10806,10-02-2025,CUST-0368,Rahul Agarwal,Central,Bhopal,PROD-0046,Atomic Habits,Books & Stationery,Non-Fiction,2,399,0.0,798.0,288.58,Cash On Delivery,3,No,124.66
ORD-10806,10-02-2025,CUST-0368,Rahul Agarwal,Central,Bhopal,PROD-0106,Casio G-Shock,Fashion,Accessories,3,9999,0.2,23997.6,9417.3,Gpay,7,No,0.0
ORD-10806,10-02-2025,CUST-0368,Rahul Agarwal,Central,Bhopal,PROD-0101,Samsung Galaxy Buds3,Electronics,Headphones,2,12999,0.05,24698.1,8906.1,Cash On Delivery,8,No,0.0
ORD-10806,10-02-2025,CUST-0368,Rahul Agarwal,Central,Bhopal,PROD-0112,Protein Shaker Bottle,Health & Beauty,Fitness,2,499,0.15,848.3,276.6,Net-Banking,10,No,235.15
ORD-10807,31-01-2025,CUST-0008,Priya Mishra,Central,Indore,PROD-0016,Levi's 501 Jeans,Fashion,Men Clothing,2,3499,0.0,6998.0,2851.91,Visa,12,No,0.0
ORD-10807,31-01-2025,CUST-0008,Priya Mishra,Central,Indore,PROD-0106,Casio G-Shock,Fashion,Accessories,1,9999,0.1,8999.1,3386.62,Visa,11,No,0.0
ORD-10807,31-01-2025,CUST-0008,Priya Mishra,Central,Indore,PROD-0017,Nike Air Force 1,Fashion,Footwear,2,7999,0.05,15198.1,7247.23,Net-Banking,5,No,0.0
ORD-10808,21-05-2025,CUST-0022,Sara Agarwal,Central,Raipur,PROD-0106,Casio G-Shock,Fashion,Accessories,3,9999,0.15,25497.45,12940.6,UPI,6,No,0.0
ORD-10809,02-02-2025,CUST-0315,Rohan Joshi,West,Pune,PROD-0106,Casio G-Shock,Fashion,Accessories,1,9999,0.05,9499.05,4379.58,UPI,11,No,0.0
ORD-10810,14-02-2025,CUST-0348,Sneha Roy,West,Pune,PROD-0046,Atomic Habits,Books & Stationery,Non-Fiction,3,399,0.0,1197.0,485.23,Visa,5,No,375.49
ORD-10811,09-05-2025,CUST-0363,Krishna Das,West,Surat,PROD-0007,Sony WH-1000XM5,Electronics,Headphones,1,24990,0.0,24990.0,7970.55,Cash On Delivery,9,No,0.0
ORD-10812,19-05-2025,CUST-0364,Mohit Das,South,Kochi,PROD-0017,Nike Air Force 1,Fashion,Footwear,3,7999,0.05,22797.15,6939.41,Visa,9,No,0.0
ORD-10812,19-05-2025,CUST-0364,Mohit Das,South,Kochi,PROD-0109,Thinking Fast and Slow,Books & Stationery,Non-Fiction,2,499,0.05,948.1,393.48,Net-Banking,4,No,95.62
ORD-10812,19-05-2025,CUST-0364,Mohit Das,South,Kochi,PROD-0101,Samsung Galaxy Buds3,Electronics,Headphones,2,12999,0.05,24698.1,12519.71,Gpay,11,No,0.0
ORD-10812,19-05-2025,CUST-0364,Mohit Das,South,Kochi,PROD-0106,Casio G-Shock,Fashion,Accessories,1,9999,0.1,8999.1,4900.0,UPI,8,No,0.0
ORD-10813,23-04-2025,CUST-0406,Krishna Mehta,Central,Bhopal,PROD-0111,Dumbbell Set 20kg,Health & Beauty,Fitness,1,3499,0.0,3499.0,1319.78,Debit,1,No,0.0
ORD-10814,14-04-2025,CUST-0402,Rahul Sharma,North,Jaipur,PROD-0016,Levi's 501 Jeans,Fashion,Men Clothing,2,3499,0.05,6648.1,2499.77,Net-Banking,3,No,0.0
ORD-10814,14-04-2025,CUST-0402,Rahul Sharma,North,Jaipur,PROD-0007,Sony WH-1000XM5,Electronics,Headphones,2,24990,0.0,49980.0,25877.91,Cash On Delivery,8,No,0.0
ORD-10814,14-04-2025,CUST-0402,Rahul Sharma,North,Jaipur,PROD-0001,iPhone 15 Pro,Electronics,Smartphones,2,89999,0.15,152998.3,59232.44,Debit,12,No,0.0
ORD-10814,14-04-2025,CUST-0402,Rahul Sharma,North,Jaipur,PROD-0102,Asus ROG Zephyrus,Electronics,Laptops,3,134999,0.0,404997.0,187940.96,Visa,5,No,0.0
ORD-10815,15-05-2025,CUST-0364,Mohit Das,South,Kochi,PROD-0003,MacBook Air M3,Electronics,Laptops,2,99999,0.0,199998.0,98922.91,Net-Banking,8,No,0.0
ORD-10815,15-05-2025,CUST-0364,Mohit Das,South,Kochi,PROD-0001,iPhone 15 Pro,Electronics,Smartphones,3,89999,0.0,269997.0,82571.51,UPI,11,No,0.0
ORD-10815,15-05-2025,CUST-0364,Mohit Das,South,Kochi,PROD-0031,Prestige Mixer,Home & Kitchen,Appliances,1,4599,0.15,3909.15,1507.38,Net-Banking,12,No,0.0
ORD-10815,15-05-2025,CUST-0364,Mohit Das,South,Kochi,PROD-0061,Cetaphil Moisturizer,Health & Beauty,Skincare,1,799,0.05,759.05,256.8,Cash On Delivery,4,No,347.06
ORD-10816,25-03-2025,CUST-0417,Raj Verma,Central,Indore,PROD-0108,Bosch Drill Machine,Home & Kitchen,Appliances,2,5499,0.0,10998.0,5995.88,Cash On Delivery,12,No,0.0
ORD-10817,04-02-2025,CUST-0305,Nikhil Patel,East,Ranchi,PROD-0003,MacBook Air M3,Electronics,Laptops,1,99999,0.0,99999.0,43390.91,Cash On Delivery,5,No,0.0
ORD-10818,03-02-2025,CUST-0370,Aarav Roy,Central,Raipur,PROD-0016,Levi's 501 Jeans,Fashion,Men Clothing,3,3499,0.05,9972.15,5142.03,UPI,8,No,0.0
ORD-10819,09-01-2025,CUST-0057,Arun Joshi,Central,Raipur,PROD-0003,MacBook Air M3,Electronics,Laptops,3,99999,0.05,284997.15,100712.69,Visa,10,No,0.0
ORD-10819,09-01-2025,CUST-0057,Arun Joshi,Central,Raipur,PROD-0007,Sony WH-1000XM5,Electronics,Headphones,3,24990,0.0,74970.0,38472.76,Visa,7,No,0.0
ORD-10819,09-01-2025,CUST-0057,Arun Joshi,Central,Raipur,PROD-0109,Thinking Fast and Slow,Books & Stationery,Non-Fiction,1,499,0.15,424.15,205.36,UPI,8,No,194.67
ORD-10820,27-03-2025,CUST-0310,Suresh Kumar,South,Kochi,PROD-0003,MacBook Air M3,Electronics,Laptops,3,99999,0.15,254997.45,89704.18,Cash On Delivery,1,No,0.0
ORD-10820,27-03-2025,CUST-0310,Suresh Kumar,South,Kochi,PROD-0046,Atomic Habits,Books & Stationery,Non-Fiction,3,399,0.0,1197.0,539.88,UPI,3,No,190.25
ORD-10820,27-03-2025,CUST-0310,Suresh Kumar,South,Kochi,PROD-0104,Under Armour Hoodie,Fashion,Men Clothing,1,4299,0.0,4299.0,2099.04,Gpay,10,No,0.0
ORD-10821,28-02-2025,CUST-0040,Swati Yadav,Central,Nagpur,PROD-0102,Asus ROG Zephyrus,Electronics,Laptops,3,134999,0.15,344247.45,142534.36,Visa,4,No,0.0
ORD-10821,28-02-2025,CUST-0040,Swati Yadav,Central,Nagpur,PROD-0061,Cetaphil Moisturizer,Health & Beauty,Skincare,2,799,0.05,1518.1,492.82,UPI,1,No,61.03
ORD-10821,28-02-2025,CUST-0040,Swati Yadav,Central,Nagpur,PROD-0101,Samsung Galaxy Buds3,Electronics,Headphones,3,12999,0.2,31197.6,16918.94,Gpay,3,No,0.0
ORD-10822,04-01-2025,CUST-0419,Arun Verma,North,Chandigarh,PROD-0105,Crocs Classic Clog,Fashion,Footwear,1,2999,0.05,2849.05,1243.33,Net-Banking,10,No,0.0
ORD-10823,15-01-2025,CUST-0018,Krishna Bhat,East,Ranchi,PROD-0109,Thinking Fast and Slow,Books & Stationery,Non-Fiction,3,499,0.0,1497.0,682.42,Debit,2,No,56.75
ORD-10824,22-02-2025,CUST-0049,Vivaan Kumar,South,Hyderabad,PROD-0101,Samsung Galaxy Buds3,Electronics,Headphones,1,12999,0.0,12999.0,5753.09,UPI,5,No,0.0
ORD-10825,20-05-2025,CUST-0326,Sneha Patel,North,Chandigarh,PROD-0112,Protein Shaker Bottle,Health & Beauty,Fitness,3,499,0.2,1197.6,460.55,Gpay,5,No,217.6
ORD-10825,20-05-2025,CUST-0326,Sneha Patel,North,Chandigarh,PROD-0017,Nike Air Force 1,Fashion,Footwear,2,7999,0.05,15198.1,6027.85,Cash On Delivery,2,No,0.0
ORD-10825,20-05-2025,CUST-0326,Sneha Patel,North,Chandigarh,PROD-0007,Sony WH-1000XM5,Electronics,Headphones,2,24990,0.0,49980.0,17387.9,UPI,8,No,0.0
ORD-10826,29-04-2025,CUST-0316,Sneha Gupta,East,Ranchi,PROD-0112,Protein Shaker Bottle,Health & Beauty,Fitness,1,499,0.15,424.15,208.61,Debit,4,No,234.27
ORD-10827,26-01-2025,CUST-0341,Rahul Kumar,East,Bhubaneswar,PROD-0101,Samsung Galaxy Buds3,Electronics,Headphones,1,12999,0.05,12349.05,4356.35,Cash On Delivery,10,No,0.0
ORD-10828,16-01-2025,CUST-0309,Meera Nair,North,Chandigarh,PROD-0106,Casio G-Shock,Fashion,Accessories,2,9999,0.0,19998.0,7575.85,UPI,4,No,0.0
ORD-10829,04-03-2025,CUST-0315,Rohan Joshi,West,Pune,PROD-0016,Levi's 501 Jeans,Fashion,Men Clothing,2,3499,0.1,6298.2,2569.38,Cash On Delivery,9,No,0.0
ORD-10829,04-03-2025,CUST-0315,Rohan Joshi,West,Pune,PROD-0108,Bosch Drill Machine,Home & Kitchen,Appliances,3,5499,0.2,13197.6,4265.46,Cash On Delivery,3,No,0.0
ORD-10829,04-03-2025,CUST-0315,Rohan Joshi,West,Pune,PROD-0109,Thinking Fast and Slow,Books & Stationery,Non-Fiction,1,499,0.1,449.1,163.51,Visa,7,No,125.44
ORD-10830,29-03-2025,CUST-0398,Manish Gupta,East,Patna,PROD-0102,Asus ROG Zephyrus,Electronics,Laptops,2,134999,0.2,215998.4,111355.62,UPI,1,No,0.0
ORD-10830,29-03-2025,CUST-0398,Manish Gupta,East,Patna,PROD-0105,Crocs Classic Clog,Fashion,Footwear,1,2999,0.2,2399.2,1246.25,Debit,5,No,0.0
ORD-10830,29-03-2025,CUST-0398,Manish Gupta,East,Patna,PROD-0106,Casio G-Shock,Fashion,Accessories,1,9999,0.1,8999.1,3836.98,Cash On Delivery,3,No,0.0
ORD-10830,29-03-2025,CUST-0398,Manish Gupta,East,Patna,PROD-0104,Under Armour Hoodie,Fashion,Men Clothing,3,4299,0.05,12252.15,4067.91,Net-Banking,11,No,0.0
ORD-10831,27-04-2025,CUST-0390,Sneha Reddy,East,Patna,PROD-0104,Under Armour Hoodie,Fashion,Men Clothing,3,4299,0.0,12897.0,7031.9,Gpay,5,No,0.0
ORD-10831,27-04-2025,CUST-0390,Sneha Reddy,East,Patna,PROD-0108,Bosch Drill Machine,Home & Kitchen,Appliances,1,5499,0.2,4399.2,1359.19,UPI,1,No,0.0
ORD-10832,24-03-2025,CUST-0419,Arun Verma,North,Chandigarh,PROD-0102,Asus ROG Zephyrus,Electronics,Laptops,1,134999,0.0,134999.0,50058.37,Net-Banking,2,No,0.0
ORD-10832,24-03-2025,CUST-0419,Arun Verma,North,Chandigarh,PROD-0107,Instant Pot Duo,Home & Kitchen,Appliances,1,8999,0.1,8099.1,3598.97,UPI,7,No,0.0
ORD-10832,24-03-2025,CUST-0419,Arun Verma,North,Chandigarh,PROD-0105,Crocs Classic Clog,Fashion,Footwear,2,2999,0.2,4798.4,1953.12,Cash On Delivery,11,No,0.0
ORD-10832,24-03-2025,CUST-0419,Arun Verma,North,Chandigarh,PROD-0112,Protein Shaker Bottle,Health & Beauty,Fitness,3,499,0.0,1497.0,468.99,Cash On Delivery,5,No,142.95
ORD-10833,20-03-2025,CUST-0346,Varun Singh,Central,Raipur,PROD-0104,Under Armour Hoodie,Fashion,Men Clothing,1,4299,0.2,3439.2,1673.26,Debit,7,No,0.0
ORD-10834,12-03-2025,CUST-0060,Shreya Mishra,North,Delhi,PROD-0107,Instant Pot Duo,Home & Kitchen,Appliances,1,8999,0.1,8099.1,4063.38,UPI,7,No,0.0
ORD-10834,12-03-2025,CUST-0060,Shreya Mishra,North,Delhi,PROD-0110,The Psychology of Money,Books & Stationery,Non-Fiction,2,349,0.0,698.0,239.03,Debit,4,No,393.5
ORD-10835,23-03-2025,CUST-0004,Sakshi Reddy,Central,Raipur,PROD-0112,Protein Shaker Bottle,Health & Beauty,Fitness,3,499,0.0,1497.0,668.65,Net-Banking,8,No,84.56
ORD-10836,11-04-2025,CUST-0040,Swati Yadav,Central,Nagpur,PROD-0046,Atomic Habits,Books & Stationery,Non-Fiction,1,399,0.0,399.0,217.53,Net-Banking,1,No,291.29
ORD-10837,28-02-2025,CUST-0311,Suresh Sharma,North,Lucknow,PROD-0110,The Psychology of Money,Books & Stationery,Non-Fiction,1,349,0.0,349.0,188.15,Cash On Delivery,12,No,196.62
ORD-10838,27-04-2025,CUST-0014,Ishita Patel,Central,Bhopal,PROD-0102,Asus ROG Zephyrus,Electronics,Laptops,2,134999,0.1,242998.2,83352.02,Cash On Delivery,9,No,0.0
ORD-10839,12-04-2025,CUST-0367,Mohit Gupta,East,Patna,PROD-0061,Cetaphil Moisturizer,Health & Beauty,Skincare,3,799,0.0,2397.0,1294.29,Gpay,3,No,0.0
ORD-10840,16-05-2025,CUST-0314,Aarav Patel,South,Kochi,PROD-0016,Levi's 501 Jeans,Fashion,Men Clothing,2,3499,0.0,6998.0,3728.24,Net-Banking,4,No,0.0
ORD-10841,06-01-2025,CUST-0385,Akash Choudhury,North,Chandigarh,PROD-0112,Protein Shaker Bottle,Health & Beauty,Fitness,1,499,0.1,449.1,219.48,UPI,10,No,368.68
ORD-10842,09-01-2025,CUST-0078,Deepak Agarwal,Central,Bhopal,PROD-0110,The Psychology of Money,Books & Stationery,Non-Fiction,3,349,0.0,1047.0,361.56,Visa,12,No,227.94
ORD-10843,05-01-2025,CUST-0060,Shreya Mishra,North,Delhi,PROD-0001,iPhone 15 Pro,Electronics,Smartphones,3,89999,0.15,229497.45,100570.47,UPI,7,No,0.0
ORD-10844,26-01-2025,CUST-0387,Amit Roy,North,Chandigarh,PROD-0111,Dumbbell Set 20kg,Health & Beauty,Fitness,3,3499,0.2,8397.6,4407.3,Debit,2,No,0.0
ORD-10845,27-04-2025,CUST-0316,Sneha Gupta,East,Ranchi,PROD-0104,Under Armour Hoodie,Fashion,Men Clothing,1,4299,0.0,4299.0,2180.86,UPI,4,No,0.0
ORD-10845,27-04-2025,CUST-0316,Sneha Gupta,East,Ranchi,PROD-0103,Kindle Paperwhite,Electronics,Tablets,2,14999,0.15,25498.3,8862.85,Net-Banking,5,No,0.0
ORD-10846,14-01-2025,CUST-0026,Karan Iyer,West,Mumbai,PROD-0110,The Psychology of Money,Books & Stationery,Non-Fiction,2,349,0.0,698.0,244.29,Gpay,4,No,123.23
ORD-10847,03-02-2025,CUST-0052,Arjun Shah,South,Kochi,PROD-0111,Dumbbell Set 20kg,Health & Beauty,Fitness,3,3499,0.15,8922.45,3530.4,Visa,5,No,0.0
ORD-10848,11-03-2025,CUST-0313,Ishita Choudhury,East,Ranchi,PROD-0109,Thinking Fast and Slow,Books & Stationery,Non-Fiction,3,499,0.15,1272.45,423.02,UPI,8,No,135.07
ORD-10849,23-04-2025,CUST-0014,Ishita Patel,Central,Bhopal,PROD-0109,Thinking Fast and Slow,Books & Stationery,Non-Fiction,2,499,0.2,798.4,338.11,Visa,5,No,189.9
ORD-10850,08-03-2025,CUST-0385,Akash Choudhury,North,Chandigarh,PROD-0106,Casio G-Shock,Fashion,Accessories,1,9999,0.2,7999.2,2880.37,UPI,4,No,0.0
ORD-10851,12-05-2025,CUST-0368,Rahul Agarwal,Central,Bhopal,PROD-0106,Casio G-Shock,Fashion,Accessories,3,9999,0.0,29997.0,13990.98,Net-Banking,1,No,0.0
ORD-10852,07-03-2025,CUST-0060,Shreya Mishra,North,Delhi,PROD-0061,Cetaphil Moisturizer,Health & Beauty,Skincare,2,799,0.0,1598.0,540.29,Debit,1,No,113.98
ORD-10853,03-04-2025,CUST-0017,Swati Sharma,East,Ranchi,PROD-0102,Asus ROG Zephyrus,Electronics,Laptops,1,134999,0.0,134999.0,44722.45,Visa,2,No,0.0
ORD-10853,03-04-2025,CUST-0017,Swati Sharma,East,Ranchi,PROD-0112,Protein Shaker Bottle,Health & Beauty,Fitness,3,499,0.15,1272.45,417.56,Net-Banking,8,No,71.45
ORD-10853,03-04-2025,CUST-0017,Swati Sharma,East,Ranchi,PROD-0003,MacBook Air M3,Electronics,Laptops,2,99999,0.1,179998.2,56739.56,Visa,9,No,0.0
ORD-10854,31-03-2025,CUST-0058,Vikram Joshi,Central,Bhopal,PROD-0104,Under Armour Hoodie,Fashion,Men Clothing,1,4299,0.0,4299.0,2119.1,UPI,11,No,0.0
ORD-10855,31-03-2025,CUST-0343,Pooja Roy,South,Bangalore,PROD-0046,Atomic Habits,Books & Stationery,Non-Fiction,2,399,0.2,638.4,212.89,Gpay,7,No,388.96
ORD-10856,01-05-2025,CUST-0335,Amit Gupta,South,Bangalore,PROD-0046,Atomic Habits,Books & Stationery,Non-Fiction,1,399,0.0,399.0,207.24,Cash On Delivery,7,No,349.41
ORD-10857,09-02-2025,CUST-0326,Sneha Patel,North,Chandigarh,PROD-0102,Asus ROG Zephyrus,Electronics,Laptops,1,134999,0.05,128249.05,39290.25,UPI,7,No,0.0
ORD-10858,17-05-2025,CUST-0400,Nisha Verma,South,Chennai,PROD-0105,Crocs Classic Clog,Fashion,Footwear,2,2999,0.0,5998.0,2261.88,UPI,1,No,0.0
ORD-10858,17-05-2025,CUST-0400,Nisha Verma,South,Chennai,PROD-0003,MacBook Air M3,Electronics,Laptops,2,99999,0.0,199998.0,94429.58,Visa,5,Yes,0.0
ORD-10859,23-02-2025,CUST-0396,Arun Roy,East,Patna,PROD-0110,The Psychology of Money,Books & Stationery,Non-Fiction,1,349,0.15,296.65,113.65,Debit,11,No,352.86
ORD-10859,23-02-2025,CUST-0396,Arun Roy,East,Patna,PROD-0106,Casio G-Shock,Fashion,Accessories,2,9999,0.0,19998.0,7498.23,Visa,10,No,0.0
ORD-10859,23-02-2025,CUST-0396,Arun Roy,East,Patna,PROD-0017,Nike Air Force 1,Fashion,Footwear,2,7999,0.1,14398.2,6447.64,UPI,8,No,0.0
ORD-10859,23-02-2025,CUST-0396,Arun Roy,East,Patna,PROD-0105,Crocs Classic Clog,Fashion,Footwear,1,2999,0.05,2849.05,1106.21,Gpay,5,No,0.0
ORD-10860,23-05-2025,CUST-0391,Ishita Singh,North,Jaipur,PROD-0031,Prestige Mixer,Home & Kitchen,Appliances,1,4599,0.05,4369.05,1690.88,Debit,11,No,0.0
ORD-10861,04-05-2025,CUST-0404,Nisha Bhat,East,Kolkata,PROD-0001,iPhone 15 Pro,Electronics,Smartphones,2,89999,0.1,161998.2,74083.55,Debit,4,No,0.0
ORD-10862,06-03-2025,CUST-0341,Rahul Kumar,East,Bhubaneswar,PROD-0104,Under Armour Hoodie,Fashion,Men Clothing,2,4299,0.0,8598.0,3110.9,Debit,5,No,0.0
ORD-10862,06-03-2025,CUST-0341,Rahul Kumar,East,Bhubaneswar,PROD-0061,Cetaphil Moisturizer,Health & Beauty,Skincare,3,799,0.0,2397.0,1089.31,Net-Banking,12,No,0.0
ORD-10863,24-03-2025,CUST-0380,Rahul Gupta,South,Bangalore,PROD-0109,Thinking Fast and Slow,Books & Stationery,Non-Fiction,1,499,0.05,474.05,160.86,Gpay,6,No,366.76
ORD-10864,07-02-2025,CUST-0361,Pooja Kumar,South,Bangalore,PROD-0007,Sony WH-1000XM5,Electronics,Headphones,2,24990,0.0,49980.0,22316.24,Gpay,11,No,0.0
ORD-10865,13-01-2025,CUST-0383,Akash Mehta,South,Chennai,PROD-0110,The Psychology of Money,Books & Stationery,Non-Fiction,2,349,0.2,558.4,263.65,Gpay,4,No,139.41
ORD-10865,13-01-2025,CUST-0383,Akash Mehta,South,Chennai,PROD-0106,Casio G-Shock,Fashion,Accessories,1,9999,0.0,9999.0,3312.55,Gpay,8,No,0.0
ORD-10865,13-01-2025,CUST-0383,Akash Mehta,South,Chennai,PROD-0102,Asus ROG Zephyrus,Electronics,Laptops,2,134999,0.0,269998.0,127899.65,UPI,5,No,0.0
ORD-10866,28-05-2025,CUST-0049,Vivaan Kumar,South,Hyderabad,PROD-0110,The Psychology of Money,Books & Stationery,Non-Fiction,1,349,0.0,349.0,107.1,UPI,4,Yes,173.13
ORD-10866,28-05-2025,CUST-0049,Vivaan Kumar,South,Hyderabad,PROD-0109,Thinking Fast and Slow,Books & Stationery,Non-Fiction,2,499,0.2,798.4,430.5,Gpay,1,No,233.86
ORD-10867,04-03-2025,CUST-0056,Meera Iyer,East,Ranchi,PROD-0016,Levi's 501 Jeans,Fashion,Men Clothing,1,3499,0.2,2799.2,1508.53,Debit,10,No,0.0
ORD-10867,04-03-2025,CUST-0056,Meera Iyer,East,Ranchi,PROD-0111,Dumbbell Set 20kg,Health & Beauty,Fitness,2,3499,0.2,5598.4,1786.49,Cash On Delivery,3,No,0.0
ORD-10867,04-03-2025,CUST-0056,Meera Iyer,East,Ranchi,PROD-0031,Prestige Mixer,Home & Kitchen,Appliances,1,4599,0.05,4369.05,2310.42,UPI,5,No,0.0
ORD-10868,18-04-2025,CUST-0417,Raj Verma,Central,Indore,PROD-0007,Sony WH-1000XM5,Electronics,Headphones,3,24990,0.0,74970.0,32273.4,Debit,4,No,0.0
ORD-10868,18-04-2025,CUST-0417,Raj Verma,Central,Indore,PROD-0017,Nike Air Force 1,Fashion,Footwear,2,7999,0.0,15998.0,5464.47,Debit,3,No,0.0
ORD-10868,18-04-2025,CUST-0417,Raj Verma,Central,Indore,PROD-0046,Atomic Habits,Books & Stationery,Non-Fiction,3,399,0.1,1077.3,566.31,Gpay,9,No,324.07
ORD-10869,19-02-2025,CUST-0078,Deepak Agarwal,Central,Bhopal,PROD-0016,Levi's 501 Jeans,Fashion,Men Clothing,3,3499,0.1,9447.3,4333.88,Debit,3,No,0.0
ORD-10870,06-03-2025,CUST-0351,Sakshi Roy,West,Mumbai,PROD-0046,Atomic Habits,Books & Stationery,Non-Fiction,2,399,0.0,798.0,254.13,Cash On Delivery,5,No,138.69
ORD-10871,31-01-2025,CUST-0375,Varun Das,South,Chennai,PROD-0105,Crocs Classic Clog,Fashion,Footwear,2,2999,0.1,5398.2,2225.05,Visa,7,No,0.0
ORD-10872,01-03-2025,CUST-0069,Neha Reddy,North,Lucknow,PROD-0016,Levi's 501 Jeans,Fashion,Men Clothing,2,3499,0.15,5948.3,2804.72,Cash On Delivery,2,No,0.0
ORD-10873,30-01-2025,CUST-0049,Vivaan Kumar,South,Hyderabad,PROD-0109,Thinking Fast and Slow,Books & Stationery,Non-Fiction,2,499,0.1,898.2,346.34,Visa,2,No,44.33
ORD-10873,30-01-2025,CUST-0049,Vivaan Kumar,South,Hyderabad,PROD-0112,Protein Shaker Bottle,Health & Beauty,Fitness,2,499,0.1,898.2,283.4,Debit,6,No,290.27
ORD-10873,30-01-2025,CUST-0049,Vivaan Kumar,South,Hyderabad,PROD-0103,Kindle Paperwhite,Electronics,Tablets,3,14999,0.2,35997.6,12298.19,Visa,3,No,0.0
ORD-10873,30-01-2025,CUST-0049,Vivaan Kumar,South,Hyderabad,PROD-0102,Asus ROG Zephyrus,Electronics,Laptops,2,134999,0.1,242998.2,107674.4,Visa,9,No,0.0
ORD-10874,13-05-2025,CUST-0005,Priyanka Reddy,Central,Indore,PROD-0109,Thinking Fast and Slow,Books & Stationery,Non-Fiction,1,499,0.1,449.1,196.27,Gpay,10,Yes,295.48
ORD-10874,13-05-2025,CUST-0005,Priyanka Reddy,Central,Indore,PROD-0107,Instant Pot Duo,Home & Kitchen,Appliances,3,8999,0.0,26997.0,11206.72,Cash On Delivery,3,No,0.0
ORD-10874,13-05-2025,CUST-0005,Priyanka Reddy,Central,Indore,PROD-0105,Crocs Classic Clog,Fashion,Footwear,3,2999,0.0,8997.0,4017.88,Cash On Delivery,7,No,0.0
ORD-10874,13-05-2025,CUST-0005,Priyanka Reddy,Central,Indore,PROD-0101,Samsung Galaxy Buds3,Electronics,Headphones,2,12999,0.0,25998.0,12649.45,Net-Banking,7,No,0.0
ORD-10875,05-03-2025,CUST-0329,Tanvi Kumar,South,Chennai,PROD-0101,Samsung Galaxy Buds3,Electronics,Headphones,2,12999,0.15,22098.3,7083.68,Cash On Delivery,2,No,0.0
ORD-10875,05-03-2025,CUST-0329,Tanvi Kumar,South,Chennai,PROD-0007,Sony WH-1000XM5,Electronics,Headphones,1,24990,0.0,24990.0,8658.03,Cash On Delivery,6,No,0.0
ORD-10875,05-03-2025,CUST-0329,Tanvi Kumar,South,Chennai,PROD-0104,Under Armour Hoodie,Fashion,Men Clothing,2,4299,0.15,7308.3,3639.03,Visa,8,No,0.0
ORD-10875,05-03-2025,CUST-0329,Tanvi Kumar,South,Chennai,PROD-0105,Crocs Classic Clog,Fashion,Footwear,3,2999,0.0,8997.0,2892.53,Gpay,3,No,0.0
ORD-10876,15-01-2025,CUST-0072,Mohit Shah,North,Lucknow,PROD-0001,iPhone 15 Pro,Electronics,Smartphones,3,89999,0.0,269997.0,117208.47,UPI,1,No,0.0
ORD-10876,15-01-2025,CUST-0072,Mohit Shah,North,Lucknow,PROD-0107,Instant Pot Duo,Home & Kitchen,Appliances,3,8999,0.1,24297.3,9912.21,Visa,7,No,0.0
ORD-10876,15-01-2025,CUST-0072,Mohit Shah,North,Lucknow,PROD-0110,The Psychology of Money,Books & Stationery,Non-Fiction,2,349,0.15,593.3,269.31,UPI,8,No,393.55
ORD-10877,18-04-2025,CUST-0008,Priya Mishra,Central,Indore,PROD-0031,Prestige Mixer,Home & Kitchen,Appliances,1,4599,0.15,3909.15,1220.33,Gpay,4,No,0.0
ORD-10878,15-02-2025,CUST-0076,Sakshi Bhat,South,Bangalore,PROD-0046,Atomic Habits,Books & Stationery,Non-Fiction,3,399,0.05,1137.15,448.61,Debit,8,No,142.39
ORD-10878,15-02-2025,CUST-0076,Sakshi Bhat,South,Bangalore,PROD-0111,Dumbbell Set 20kg,Health & Beauty,Fitness,3,3499,0.0,10497.0,5225.21,Net-Banking,7,No,0.0
ORD-10878,15-02-2025,CUST-0076,Sakshi Bhat,South,Bangalore,PROD-0112,Protein Shaker Bottle,Health & Beauty,Fitness,2,499,0.0,998.0,542.89,Visa,12,No,265.13
ORD-10878,15-02-2025,CUST-0076,Sakshi Bhat,South,Bangalore,PROD-0110,The Psychology of Money,Books & Stationery,Non-Fiction,1,349,0.1,314.1,114.58,Visa,6,No,124.67
ORD-10879,07-05-2025,CUST-0333,Akash Singh,South,Kochi,PROD-0103,Kindle Paperwhite,Electronics,Tablets,1,14999,0.15,12749.15,5351.77,Visa,11,No,0.0
ORD-10879,07-05-2025,CUST-0333,Akash Singh,South,Kochi,PROD-0107,Instant Pot Duo,Home & Kitchen,Appliances,2,8999,0.15,15298.3,4939.07,Cash On Delivery,7,No,0.0
ORD-10879,07-05-2025,CUST-0333,Akash Singh,South,Kochi,PROD-0031,Prestige Mixer,Home & Kitchen,Appliances,1,4599,0.05,4369.05,2067.09,UPI,9,No,0.0
ORD-10880,13-04-2025,CUST-0343,Pooja Roy,South,Bangalore,PROD-0111,Dumbbell Set 20kg,Health & Beauty,Fitness,2,3499,0.0,6998.0,3772.53,Gpay,3,No,0.0
ORD-10881,28-02-2025,CUST-0016,Sneha Singh,North,Lucknow,PROD-0108,Bosch Drill Machine,Home & Kitchen,Appliances,2,5499,0.2,8798.4,3747.61,UPI,7,No,0.0
ORD-10881,28-02-2025,CUST-0016,Sneha Singh,North,Lucknow,PROD-0104,Under Armour Hoodie,Fashion,Men Clothing,1,4299,0.0,4299.0,2021.93,Gpay,9,Yes,0.0
ORD-10881,28-02-2025,CUST-0016,Sneha Singh,North,Lucknow,PROD-0102,Asus ROG Zephyrus,Electronics,Laptops,2,134999,0.0,269998.0,118274.52,Cash On Delivery,11,No,0.0
ORD-10881,28-02-2025,CUST-0016,Sneha Singh,North,Lucknow,PROD-0007,Sony WH-1000XM5,Electronics,Headphones,1,24990,0.2,19992.0,8889.02,Debit,8,No,0.0
ORD-10882,26-04-2025,CUST-0031,Priya Joshi,Central,Bhopal,PROD-0101,Samsung Galaxy Buds3,Electronics,Headphones,2,12999,0.2,20798.4,8928.13,Visa,11,No,0.0
ORD-10882,26-04-2025,CUST-0031,Priya Joshi,Central,Bhopal,PROD-0003,MacBook Air M3,Electronics,Laptops,3,99999,0.1,269997.3,112458.23,UPI,5,No,0.0
ORD-10882,26-04-2025,CUST-0031,Priya Joshi,Central,Bhopal,PROD-0102,Asus ROG Zephyrus,Electronics,Laptops,2,134999,0.15,229498.3,117382.76,Gpay,12,No,0.0
ORD-10882,26-04-2025,CUST-0031,Priya Joshi,Central,Bhopal,PROD-0001,iPhone 15 Pro,Electronics,Smartphones,2,89999,0.1,161998.2,56753.94,Visa,12,No,0.0
ORD-10883,21-02-2025,CUST-0320,Krishna Mishra,South,Chennai,PROD-0105,Crocs Classic Clog,Fashion,Footwear,2,2999,0.0,5998.0,2363.63,Visa,9,No,0.0
ORD-10884,07-01-2025,CUST-0021,Vikram Patel,East,Patna,PROD-0110,The Psychology of Money,Books & Stationery,Non-Fiction,3,349,0.1,942.3,284.47,Debit,10,No,60.98
ORD-10885,23-04-2025,CUST-0332,Vivaan Mehta,North,Lucknow,PROD-0046,Atomic Habits,Books & Stationery,Non-Fiction,1,399,0.0,399.0,207.86,Gpay,11,No,288.51
ORD-10886,01-02-2025,CUST-0300,Riya Sharma,Central,Indore,PROD-0105,Crocs Classic Clog,Fashion,Footwear,1,2999,0.0,2999.0,1617.55,Debit,3,No,0.0
ORD-10887,22-01-2025,CUST-0323,Riya Bhat,West,Mumbai,PROD-0105,Crocs Classic Clog,Fashion,Footwear,2,2999,0.0,5998.0,3107.7,Net-Banking,12,No,0.0
ORD-10888,02-02-2025,CUST-0019,Ananya Reddy,South,Kochi,PROD-0001,iPhone 15 Pro,Electronics,Smartphones,2,89999,0.0,179998.0,98785.81,Gpay,8,No,0.0
ORD-10889,03-04-2025,CUST-0377,Vivaan Reddy,East,Bhubaneswar,PROD-0046,Atomic Habits,Books & Stationery,Non-Fiction,1,399,0.05,379.05,203.49,Gpay,12,No,305.5
ORD-10890,24-04-2025,CUST-0399,Siddharth Sharma,South,Hyderabad,PROD-0105,Crocs Classic Clog,Fashion,Footwear,1,2999,0.0,2999.0,1341.3,Visa,7,No,0.0
ORD-10891,12-03-2025,CUST-0002,Nisha Gupta,South,Bangalore,PROD-0003,MacBook Air M3,Electronics,Laptops,1,99999,0.1,89999.1,48102.15,Debit,3,No,0.0
ORD-10892,26-01-2025,CUST-0317,Priya Mehta,Central,Nagpur,PROD-0046,Atomic Habits,Books & Stationery,Non-Fiction,2,399,0.0,798.0,279.53,Debit,2,No,384.8
ORD-10893,10-05-2025,CUST-0046,Divya Das,North,Lucknow,PROD-0108,Bosch Drill Machine,Home & Kitchen,Appliances,3,5499,0.05,15672.15,5084.99,UPI,4,No,0.0
ORD-10894,09-04-2025,CUST-0388,Ishita Pillai,East,Bhubaneswar,PROD-0107,Instant Pot Duo,Home & Kitchen,Appliances,1,8999,0.0,8999.0,4412.41,Gpay,1,Yes,0.0
ORD-10895,13-01-2025,CUST-0340,Neha Shah,West,Ahmedabad,PROD-0007,Sony WH-1000XM5,Electronics,Headphones,2,24990,0.15,42483.0,23183.54,Cash On Delivery,11,No,0.0
ORD-10896,14-03-2025,CUST-0318,Suresh Mishra,South,Chennai,PROD-0103,Kindle Paperwhite,Electronics,Tablets,1,14999,0.0,14999.0,4730.15,UPI,7,No,0.0
ORD-10897,26-05-2025,CUST-0062,Priyanka Roy,North,Jaipur,PROD-0046,Atomic Habits,Books & Stationery,Non-Fiction,3,399,0.15,1017.45,497.73,Net-Banking,3,No,329.68
ORD-10897,26-05-2025,CUST-0062,Priyanka Roy,North,Jaipur,PROD-0108,Bosch Drill Machine,Home & Kitchen,Appliances,1,5499,0.15,4674.15,2295.2,Debit,1,No,0.0
ORD-10897,26-05-2025,CUST-0062,Priyanka Roy,North,Jaipur,PROD-0109,Thinking Fast and Slow,Books & Stationery,Non-Fiction,1,499,0.0,499.0,265.62,Gpay,11,No,359.37
ORD-10897,26-05-2025,CUST-0062,Priyanka Roy,North,Jaipur,PROD-0104,Under Armour Hoodie,Fashion,Men Clothing,2,4299,0.05,8168.1,4268.4,UPI,2,No,0.0
ORD-10898,04-01-2025,CUST-0029,Arun Shah,South,Hyderabad,PROD-0101,Samsung Galaxy Buds3,Electronics,Headphones,3,12999,0.1,35097.3,11329.98,UPI,2,No,0.0
ORD-10898,04-01-2025,CUST-0029,Arun Shah,South,Hyderabad,PROD-0111,Dumbbell Set 20kg,Health & Beauty,Fitness,2,3499,0.0,6998.0,3815.46,Debit,7,No,0.0
ORD-10898,04-01-2025,CUST-0029,Arun Shah,South,Hyderabad,PROD-0105,Crocs Classic Clog,Fashion,Footwear,2,2999,0.0,5998.0,2682.85,UPI,8,No,0.0
ORD-10899,14-04-2025,CUST-0012,Rahul Gupta,North,Lucknow,PROD-0108,Bosch Drill Machine,Home & Kitchen,Appliances,2,5499,0.0,10998.0,3715.36,UPI,5,No,0.0
ORD-10899,14-04-2025,CUST-0012,Rahul Gupta,North,Lucknow,PROD-0111,Dumbbell Set 20kg,Health & Beauty,Fitness,1,3499,0.05,3324.05,1220.85,Visa,8,No,0.0
ORD-10899,14-04-2025,CUST-0012,Rahul Gupta,North,Lucknow,PROD-0101,Samsung Galaxy Buds3,Electronics,Headphones,2,12999,0.0,25998.0,12090.49,Cash On Delivery,12,No,0.0
ORD-10900,07-04-2025,CUST-0300,Riya Sharma,Central,Indore,PROD-0107,Instant Pot Duo,Home & Kitchen,Appliances,1,8999,0.2,7199.2,3862.59,Debit,10,No,0.0
ORD-10900,07-04-2025,CUST-0300,Riya Sharma,Central,Indore,PROD-0031,Prestige Mixer,Home & Kitchen,Appliances,3,4599,0.1,12417.3,4542.12,Gpay,9,No,0.0
ORD-10900,07-04-2025,CUST-0300,Riya Sharma,Central,Indore,PROD-0104,Under Armour Hoodie,Fashion,Men Clothing,1,4299,0.15,3654.15,1120.4,Cash On Delivery,12,No,0.0
ORD-10900,07-04-2025,CUST-0300,Riya Sharma,Central,Indore,PROD-0112,Protein Shaker Bottle,Health & Beauty,Fitness,3,499,0.0,1497.0,503.94,Debit,8,No,175.08
ORD-10901,07-01-2025,CUST-0317,Priya Mehta,Central,Nagpur,PROD-0003,MacBook Air M3,Electronics,Laptops,3,99999,0.1,269997.3,102334.5,UPI,12,No,0.0
ORD-10902,08-01-2025,CUST-0386,Krishna Verma,South,Bangalore,PROD-0109,Thinking Fast and Slow,Books & Stationery,Non-Fiction,3,499,0.15,1272.45,612.09,Debit,9,No,105.62
ORD-10902,08-01-2025,CUST-0386,Krishna Verma,South,Bangalore,PROD-0007,Sony WH-1000XM5,Electronics,Headphones,2,24990,0.15,42483.0,22343.11,Net-Banking,11,No,0.0
ORD-10903,04-01-2025,CUST-0347,Vivaan Das,North,Jaipur,PROD-0061,Cetaphil Moisturizer,Health & Beauty,Skincare,2,799,0.0,1598.0,662.89,Debit,10,No,98.43
ORD-10903,04-01-2025,CUST-0347,Vivaan Das,North,Jaipur,PROD-0109,Thinking Fast and Slow,Books & Stationery,Non-Fiction,2,499,0.2,798.4,304.02,Visa,11,No,272.12
ORD-10903,04-01-2025,CUST-0347,Vivaan Das,North,Jaipur,PROD-0104,Under Armour Hoodie,Fashion,Men Clothing,3,4299,0.15,10962.45,5373.78,Visa,7,No,0.0
ORD-10904,07-02-2025,CUST-0371,Priya Sharma,Central,Raipur,PROD-0105,Crocs Classic Clog,Fashion,Footwear,3,2999,0.05,8547.15,4516.67,Net-Banking,3,No,0.0
ORD-10905,26-01-2025,CUST-0389,Neha Das,North,Delhi,PROD-0046,Atomic Habits,Books & Stationery,Non-Fiction,2,399,0.0,798.0,271.0,Gpay,12,No,47.91
ORD-10906,28-01-2025,CUST-0062,Priyanka Roy,North,Jaipur,PROD-0103,Kindle Paperwhite,Electronics,Tablets,3,14999,0.1,40497.3,21403.38,Visa,2,No,0.0
ORD-10906,28-01-2025,CUST-0062,Priyanka Roy,North,Jaipur,PROD-0017,Nike Air Force 1,Fashion,Footwear,2,7999,0.0,15998.0,6254.07,Cash On Delivery,4,No,0.0
ORD-10906,28-01-2025,CUST-0062,Priyanka Roy,North,Jaipur,PROD-0016,Levi's 501 Jeans,Fashion,Men Clothing,1,3499,0.0,3499.0,1565.89,Debit,12,No,0.0
ORD-10906,28-01-2025,CUST-0062,Priyanka Roy,North,Jaipur,PROD-0003,MacBook Air M3,Electronics,Laptops,2,99999,0.05,189998.1,104305.04,Gpay,12,No,0.0
ORD-10907,23-05-2025,CUST-0397,Diya Agarwal,Central,Indore,PROD-0105,Crocs Classic Clog,Fashion,Footwear,3,2999,0.15,7647.45,2835.49,Net-Banking,4,No,0.0
ORD-10908,09-04-2025,CUST-0368,Rahul Agarwal,Central,Bhopal,PROD-0101,Samsung Galaxy Buds3,Electronics,Headphones,1,12999,0.0,12999.0,4211.98,Cash On Delivery,11,No,0.0
ORD-10909,24-02-2025,CUST-0373,Aarav Reddy,North,Delhi,PROD-0007,Sony WH-1000XM5,Electronics,Headphones,2,24990,0.2,39984.0,15110.61,Net-Banking,3,No,0.0
ORD-10910,05-05-2025,CUST-0036,Varun Singh,West,Ahmedabad,PROD-0046,Atomic Habits,Books & Stationery,Non-Fiction,2,399,0.15,678.3,344.06,UPI,1,Yes,114.39
ORD-10910,05-05-2025,CUST-0036,Varun Singh,West,Ahmedabad,PROD-0016,Levi's 501 Jeans,Fashion,Men Clothing,3,3499,0.0,10497.0,3692.85,UPI,12,No,0.0
ORD-10910,05-05-2025,CUST-0036,Varun Singh,West,Ahmedabad,PROD-0103,Kindle Paperwhite,Electronics,Tablets,3,14999,0.0,44997.0,21136.09,Debit,12,No,0.0
ORD-10911,06-02-2025,CUST-0355,Nikhil Reddy,North,Lucknow,PROD-0110,The Psychology of Money,Books & Stationery,Non-Fiction,3,349,0.0,1047.0,319.27,Debit,1,No,297.91
ORD-10912,24-01-2025,CUST-0406,Krishna Mehta,Central,Bhopal,PROD-0017,Nike Air Force 1,Fashion,Footwear,2,7999,0.0,15998.0,7144.37,Debit,5,No,0.0
ORD-10913,30-03-2025,CUST-0335,Amit Gupta,South,Bangalore,PROD-0104,Under Armour Hoodie,Fashion,Men Clothing,3,4299,0.05,12252.15,5474.57,Debit,10,No,0.0
ORD-10913,30-03-2025,CUST-0335,Amit Gupta,South,Bangalore,PROD-0110,The Psychology of Money,Books & Stationery,Non-Fiction,3,349,0.2,837.6,427.28,Cash On Delivery,10,No,44.95
ORD-10914,25-02-2025,CUST-0351,Sakshi Roy,West,Mumbai,PROD-0106,Casio G-Shock,Fashion,Accessories,3,9999,0.0,29997.0,13846.89,Visa,4,No,0.0
ORD-10915,10-02-2025,CUST-0410,Karan Gupta,Central,Raipur,PROD-0108,Bosch Drill Machine,Home & Kitchen,Appliances,2,5499,0.1,9898.2,4609.78,Visa,1,No,0.0
ORD-10916,28-02-2025,CUST-0001,Arun Reddy,West,Pune,PROD-0109,Thinking Fast and Slow,Books & Stationery,Non-Fiction,1,499,0.05,474.05,214.86,Cash On Delivery,10,No,210.54
ORD-10917,04-05-2025,CUST-0046,Divya Das,North,Lucknow,PROD-0003,MacBook Air M3,Electronics,Laptops,3,99999,0.15,254997.45,101492.99,Cash On Delivery,6,No,0.0
ORD-10917,04-05-2025,CUST-0046,Divya Das,North,Lucknow,PROD-0016,Levi's 501 Jeans,Fashion,Men Clothing,2,3499,0.0,6998.0,3787.94,Net-Banking,10,No,0.0
ORD-10917,04-05-2025,CUST-0046,Divya Das,North,Lucknow,PROD-0112,Protein Shaker Bottle,Health & Beauty,Fitness,3,499,0.15,1272.45,498.92,Visa,3,No,260.21
ORD-10917,04-05-2025,CUST-0046,Divya Das,North,Lucknow,PROD-0110,The Psychology of Money,Books & Stationery,Non-Fiction,2,349,0.2,558.4,242.72,Gpay,8,No,236.45
ORD-10918,20-01-2025,CUST-0355,Nikhil Reddy,North,Lucknow,PROD-0107,Instant Pot Duo,Home & Kitchen,Appliances,3,8999,0.0,26997.0,11262.7,Net-Banking,4,No,0.0
ORD-10918,20-01-2025,CUST-0355,Nikhil Reddy,North,Lucknow,PROD-0112,Protein Shaker Bottle,Health & Beauty,Fitness,2,499,0.1,898.2,386.79,Net-Banking,1,No,267.33
ORD-10919,07-01-2025,CUST-0012,Rahul Gupta,North,Lucknow,PROD-0001,iPhone 15 Pro,Electronics,Smartphones,3,89999,0.0,269997.0,105460.38,Visa,6,Yes,0.0
ORD-10919,07-01-2025,CUST-0012,Rahul Gupta,North,Lucknow,PROD-0106,Casio G-Shock,Fashion,Accessories,1,9999,0.0,9999.0,3471.41,Cash On Delivery,12,No,0.0
ORD-10920,24-01-2025,CUST-0330,Arun Gupta,East,Bhubaneswar,PROD-0108,Bosch Drill Machine,Home & Kitchen,Appliances,3,5499,0.15,14022.45,5607.22,Debit,7,No,0.0
ORD-10921,04-02-2025,CUST-0367,Mohit Gupta,East,Patna,PROD-0102,Asus ROG Zephyrus,Electronics,Laptops,3,134999,0.2,323997.6,130565.72,Visa,2,No,0.0
ORD-10922,19-01-2025,CUST-0394,Meera Mehta,North,Lucknow,PROD-0108,Bosch Drill Machine,Home & Kitchen,Appliances,3,5499,0.15,14022.45,6325.38,UPI,7,No,0.0
ORD-10923,26-05-2025,CUST-0064,Aditi Patel,West,Ahmedabad,PROD-0102,Asus ROG Zephyrus,Electronics,Laptops,1,134999,0.0,134999.0,44040.17,Visa,6,Yes,0.0
ORD-10923,26-05-2025,CUST-0064,Aditi Patel,West,Ahmedabad,PROD-0106,Casio G-Shock,Fashion,Accessories,3,9999,0.15,25497.45,7735.86,Net-Banking,3,No,0.0
ORD-10924,12-03-2025,CUST-0311,Suresh Sharma,North,Lucknow,PROD-0046,Atomic Habits,Books & Stationery,Non-Fiction,1,399,0.0,399.0,138.72,Debit,9,No,350.32
ORD-10925,14-05-2025,CUST-0055,Neha Joshi,West,Ahmedabad,PROD-0031,Prestige Mixer,Home & Kitchen,Appliances,3,4599,0.2,11037.6,5201.03,UPI,4,No,0.0
ORD-10926,23-03-2025,CUST-0024,Ishita Joshi,East,Ranchi,PROD-0108,Bosch Drill Machine,Home & Kitchen,Appliances,1,5499,0.15,4674.15,1630.37,UPI,8,No,0.0
ORD-10926,23-03-2025,CUST-0024,Ishita Joshi,East,Ranchi,PROD-0001,iPhone 15 Pro,Electronics,Smartphones,3,89999,0.0,269997.0,142532.06,Net-Banking,12,No,0.0
ORD-10926,23-03-2025,CUST-0024,Ishita Joshi,East,Ranchi,PROD-0016,Levi's 501 Jeans,Fashion,Men Clothing,2,3499,0.15,5948.3,3208.96,Gpay,7,No,0.0
ORD-10927,26-02-2025,CUST-0050,Priyanka Patel,North,Delhi,PROD-0110,The Psychology of Money,Books & Stationery,Non-Fiction,1,349,0.05,331.55,176.28,UPI,3,No,331.31
ORD-10928,22-05-2025,CUST-0363,Krishna Das,West,Surat,PROD-0001,iPhone 15 Pro,Electronics,Smartphones,3,89999,0.0,269997.0,140895.68,Debit,8,No,0.0
ORD-10928,22-05-2025,CUST-0363,Krishna Das,West,Surat,PROD-0103,Kindle Paperwhite,Electronics,Tablets,3,14999,0.05,42747.15,17925.31,Gpay,5,No,0.0
ORD-10929,02-04-2025,CUST-0396,Arun Roy,East,Patna,PROD-0061,Cetaphil Moisturizer,Health & Beauty,Skincare,3,799,0.0,2397.0,1169.18,UPI,6,No,0.0
ORD-10929,02-04-2025,CUST-0396,Arun Roy,East,Patna,PROD-0007,Sony WH-1000XM5,Electronics,Headphones,3,24990,0.15,63724.5,20835.42,Debit,5,No,0.0
ORD-10929,02-04-2025,CUST-0396,Arun Roy,East,Patna,PROD-0003,MacBook Air M3,Electronics,Laptops,3,99999,0.0,299997.0,99317.39,UPI,12,No,0.0
ORD-10929,02-04-2025,CUST-0396,Arun Roy,East,Patna,PROD-0106,Casio G-Shock,Fashion,Accessories,2,9999,0.05,18998.1,9801.7,Gpay,12,No,0.0
ORD-10930,31-05-2025,CUST-0066,Deepak Patel,South,Kochi,PROD-0107,Instant Pot Duo,Home & Kitchen,Appliances,2,8999,0.2,14398.4,7606.13,Gpay,12,No,0.0
ORD-10931,22-03-2025,CUST-0024,Ishita Joshi,East,Ranchi,PROD-0111,Dumbbell Set 20kg,Health & Beauty,Fitness,3,3499,0.1,9447.3,5057.02,Cash On Delivery,7,No,0.0
ORD-10931,22-03-2025,CUST-0024,Ishita Joshi,East,Ranchi,PROD-0016,Levi's 501 Jeans,Fashion,Men Clothing,3,3499,0.1,9447.3,3404.03,Gpay,9,No,0.0
ORD-10931,22-03-2025,CUST-0024,Ishita Joshi,East,Ranchi,PROD-0061,Cetaphil Moisturizer,Health & Beauty,Skincare,3,799,0.0,2397.0,1291.68,Gpay,6,No,0.0
ORD-10932,29-05-2025,CUST-0042,Rahul Das,North,Lucknow,PROD-0101,Samsung Galaxy Buds3,Electronics,Headphones,1,12999,0.0,12999.0,5463.9,Gpay,6,No,0.0
ORD-10933,29-01-2025,CUST-0004,Sakshi Reddy,Central,Raipur,PROD-0101,Samsung Galaxy Buds3,Electronics,Headphones,2,12999,0.1,23398.2,10128.37,UPI,5,No,0.0
ORD-10933,29-01-2025,CUST-0004,Sakshi Reddy,Central,Raipur,PROD-0031,Prestige Mixer,Home & Kitchen,Appliances,2,4599,0.05,8738.1,4127.72,Visa,1,No,0.0
ORD-10933,29-01-2025,CUST-0004,Sakshi Reddy,Central,Raipur,PROD-0003,MacBook Air M3,Electronics,Laptops,3,99999,0.0,299997.0,117946.19,Debit,11,No,0.0
ORD-10934,07-04-2025,CUST-0001,Arun Reddy,West,Pune,PROD-0107,Instant Pot Duo,Home & Kitchen,Appliances,3,8999,0.1,24297.3,13141.86,Visa,6,No,0.0
ORD-10935,08-04-2025,CUST-0315,Rohan Joshi,West,Pune,PROD-0031,Prestige Mixer,Home & Kitchen,Appliances,2,4599,0.15,7818.3,3951.62,Visa,8,No,0.0
ORD-10935,08-04-2025,CUST-0315,Rohan Joshi,West,Pune,PROD-0107,Instant Pot Duo,Home & Kitchen,Appliances,2,8999,0.0,17998.0,7226.61,UPI,3,No,0.0
ORD-10935,08-04-2025,CUST-0315,Rohan Joshi,West,Pune,PROD-0003,MacBook Air M3,Electronics,Laptops,2,99999,0.15,169998.3,74268.79,Cash On Delivery,6,No,0.0
ORD-10935,08-04-2025,CUST-0315,Rohan Joshi,West,Pune,PROD-0112,Protein Shaker Bottle,Health & Beauty,Fitness,2,499,0.2,798.4,317.27,Net-Banking,6,No,320.03
ORD-10936,16-01-2025,CUST-0401,Kavya Verma,East,Ranchi,PROD-0101,Samsung Galaxy Buds3,Electronics,Headphones,3,12999,0.2,31197.6,13314.62,Visa,12,No,0.0
ORD-10936,16-01-2025,CUST-0401,Kavya Verma,East,Ranchi,PROD-0104,Under Armour Hoodie,Fashion,Men Clothing,1,4299,0.0,4299.0,2084.3,Visa,4,No,0.0
ORD-10936,16-01-2025,CUST-0401,Kavya Verma,East,Ranchi,PROD-0102,Asus ROG Zephyrus,Electronics,Laptops,2,134999,0.05,256498.1,120899.22,Cash On Delivery,10,No,0.0
ORD-10937,13-01-2025,CUST-0035,Deepak Singh,East,Ranchi,PROD-0007,Sony WH-1000XM5,Electronics,Headphones,3,24990,0.05,71221.5,35907.62,Debit,8,Yes,0.0
ORD-10938,14-02-2025,CUST-0411,Krishna Pillai,South,Kochi,PROD-0108,Bosch Drill Machine,Home & Kitchen,Appliances,2,5499,0.05,10448.1,4076.69,Visa,8,No,0.0
ORD-10939,01-03-2025,CUST-0398,Manish Gupta,East,Patna,PROD-0061,Cetaphil Moisturizer,Health & Beauty,Skincare,2,799,0.0,1598.0,768.75,Cash On Delivery,5,No,106.76
ORD-10940,15-01-2025,CUST-0042,Rahul Das,North,Lucknow,PROD-0046,Atomic Habits,Books & Stationery,Non-Fiction,1,399,0.2,319.2,152.22,UPI,1,No,184.92
ORD-10940,15-01-2025,CUST-0042,Rahul Das,North,Lucknow,PROD-0109,Thinking Fast and Slow,Books & Stationery,Non-Fiction,1,499,0.2,399.2,178.75,Net-Banking,7,No,375.68
ORD-10940,15-01-2025,CUST-0042,Rahul Das,North,Lucknow,PROD-0003,MacBook Air M3,Electronics,Laptops,3,99999,0.15,254997.45,98623.38,Debit,9,No,0.0
ORD-10941,29-01-2025,CUST-0045,Mohit Pillai,North,Lucknow,PROD-0017,Nike Air Force 1,Fashion,Footwear,3,7999,0.0,23997.0,11773.91,Net-Banking,1,No,0.0
ORD-10942,27-01-2025,CUST-0387,Amit Roy,North,Chandigarh,PROD-0106,Casio G-Shock,Fashion,Accessories,2,9999,0.0,19998.0,8243.84,Cash On Delivery,11,No,0.0
ORD-10943,26-04-2025,CUST-0325,Raj Kumar,West,Mumbai,PROD-0003,MacBook Air M3,Electronics,Laptops,3,99999,0.2,239997.6,109152.01,Cash On Delivery,3,No,0.0
ORD-10944,17-03-2025,CUST-0003,Arun Bhat,East,Kolkata,PROD-0017,Nike Air Force 1,Fashion,Footwear,2,7999,0.0,15998.0,7503.28,Gpay,4,No,0.0
ORD-10944,17-03-2025,CUST-0003,Arun Bhat,East,Kolkata,PROD-0104,Under Armour Hoodie,Fashion,Men Clothing,2,4299,0.0,8598.0,4023.01,Net-Banking,1,No,0.0
ORD-10945,11-04-2025,CUST-0025,Meera Pillai,South,Hyderabad,PROD-0111,Dumbbell Set 20kg,Health & Beauty,Fitness,1,3499,0.0,3499.0,1870.5,Net-Banking,12,No,0.0
ORD-10946,08-02-2025,CUST-0404,Nisha Bhat,East,Kolkata,PROD-0101,Samsung Galaxy Buds3,Electronics,Headphones,3,12999,0.0,38997.0,13677.67,Visa,9,No,0.0
ORD-10947,31-03-2025,CUST-0326,Sneha Patel,North,Chandigarh,PROD-0101,Samsung Galaxy Buds3,Electronics,Headphones,3,12999,0.05,37047.15,18323.8,Net-Banking,4,No,0.0
ORD-10948,02-05-2025,CUST-0402,Rahul Sharma,North,Jaipur,PROD-0109,Thinking Fast and Slow,Books & Stationery,Non-Fiction,3,499,0.0,1497.0,706.16,Net-Banking,8,No,189.75
ORD-10949,06-01-2025,CUST-0409,Aarav Reddy,West,Mumbai,PROD-0103,Kindle Paperwhite,Electronics,Tablets,3,14999,0.15,38247.45,15465.26,Cash On Delivery,6,No,0.0
ORD-10950,15-02-2025,CUST-0306,Swati Nair,East,Patna,PROD-0003,MacBook Air M3,Electronics,Laptops,2,99999,0.2,159998.4,83985.01,Debit,10,Yes,0.0
ORD-10950,15-02-2025,CUST-0306,Swati Nair,East,Patna,PROD-0046,Atomic Habits,Books & Stationery,Non-Fiction,1,399,0.0,399.0,195.81,Net-Banking,12,No,69.36
ORD-10950,15-02-2025,CUST-0306,Swati Nair,East,Patna,PROD-0102,Asus ROG Zephyrus,Electronics,Laptops,2,134999,0.0,269998.0,134936.85,Visa,6,No,0.0
ORD-10950,15-02-2025,CUST-0306,Swati Nair,East,Patna,PROD-0105,Crocs Classic Clog,Fashion,Footwear,3,2999,0.1,8097.3,2749.89,Debit,4,No,0.0
ORD-10951,03-01-2025,CUST-0048,Ankita Pillai,West,Ahmedabad,PROD-0102,Asus ROG Zephyrus,Electronics,Laptops,3,134999,0.0,404997.0,150995.68,UPI,7,No,0.0
ORD-10951,03-01-2025,CUST-0048,Ankita Pillai,West,Ahmedabad,PROD-0110,The Psychology of Money,Books & Stationery,Non-Fiction,1,349,0.0,349.0,143.78,Cash On Delivery,1,No,210.68
ORD-10951,03-01-2025,CUST-0048,Ankita Pillai,West,Ahmedabad,PROD-0016,Levi's 501 Jeans,Fashion,Men Clothing,2,3499,0.15,5948.3,2005.87,Cash On Delivery,8,No,0.0
ORD-10952,06-05-2025,CUST-0329,Tanvi Kumar,South,Chennai,PROD-0112,Protein Shaker Bottle,Health & Beauty,Fitness,1,499,0.05,474.05,242.75,Net-Banking,9,No,79.19
ORD-10953,27-04-2025,CUST-0010,Meera Mehta,West,Mumbai,PROD-0112,Protein Shaker Bottle,Health & Beauty,Fitness,3,499,0.1,1347.3,406.58,Visa,4,No,360.8
ORD-10954,19-01-2025,CUST-0045,Mohit Pillai,North,Lucknow,PROD-0110,The Psychology of Money,Books & Stationery,Non-Fiction,2,349,0.0,698.0,342.4,Debit,5,No,80.21
ORD-10954,19-01-2025,CUST-0045,Mohit Pillai,North,Lucknow,PROD-0105,Crocs Classic Clog,Fashion,Footwear,2,2999,0.2,4798.4,1559.82,Gpay,8,No,0.0
ORD-10955,03-05-2025,CUST-0335,Amit Gupta,South,Bangalore,PROD-0016,Levi's 501 Jeans,Fashion,Men Clothing,3,3499,0.15,8922.45,2890.71,Net-Banking,5,Yes,0.0
ORD-10956,14-03-2025,CUST-0038,Sneha Das,East,Ranchi,PROD-0007,Sony WH-1000XM5,Electronics,Headphones,2,24990,0.1,44982.0,20958.84,UPI,7,No,0.0
ORD-10957,03-04-2025,CUST-0059,Nisha Yadav,Central,Bhopal,PROD-0102,Asus ROG Zephyrus,Electronics,Laptops,3,134999,0.05,384747.15,202715.09,UPI,2,No,0.0
ORD-10958,10-01-2025,CUST-0031,Priya Joshi,Central,Bhopal,PROD-0111,Dumbbell Set 20kg,Health & Beauty,Fitness,3,3499,0.0,10497.0,4338.12,Cash On Delivery,9,No,0.0
ORD-10959,18-03-2025,CUST-0024,Ishita Joshi,East,Ranchi,PROD-0102,Asus ROG Zephyrus,Electronics,Laptops,3,134999,0.0,404997.0,191254.66,Net-Banking,12,No,0.0
ORD-10960,14-02-2025,CUST-0043,Varun Verma,South,Chennai,PROD-0106,Casio G-Shock,Fashion,Accessories,3,9999,0.1,26997.3,13160.62,UPI,6,No,0.0
ORD-10961,04-04-2025,CUST-0011,Divya Reddy,West,Surat,PROD-0112,Protein Shaker Bottle,Health & Beauty,Fitness,2,499,0.0,998.0,311.29,Visa,9,No,325.72
ORD-10962,10-02-2025,CUST-0398,Manish Gupta,East,Patna,PROD-0103,Kindle Paperwhite,Electronics,Tablets,2,14999,0.0,29998.0,13727.72,UPI,5,No,0.0
ORD-10963,13-03-2025,CUST-0013,Deepak Agarwal,South,Chennai,PROD-0109,Thinking Fast and Slow,Books & Stationery,Non-Fiction,1,499,0.0,499.0,178.85,UPI,8,No,215.26
ORD-10964,28-01-2025,CUST-0039,Dev Das,Central,Raipur,PROD-0102,Asus ROG Zephyrus,Electronics,Laptops,2,134999,0.2,215998.4,116414.56,Net-Banking,12,No,0.0
ORD-10965,20-01-2025,CUST-0010,Meera Mehta,West,Mumbai,PROD-0016,Levi's 501 Jeans,Fashion,Men Clothing,2,3499,0.0,6998.0,3601.83,Gpay,3,No,0.0
ORD-10965,20-01-2025,CUST-0010,Meera Mehta,West,Mumbai,PROD-0112,Protein Shaker Bottle,Health & Beauty,Fitness,3,499,0.1,1347.3,493.32,Net-Banking,5,No,76.57
ORD-10965,20-01-2025,CUST-0010,Meera Mehta,West,Mumbai,PROD-0103,Kindle Paperwhite,Electronics,Tablets,1,14999,0.2,11999.2,6003.31,Cash On Delivery,6,No,0.0
ORD-10965,20-01-2025,CUST-0010,Meera Mehta,West,Mumbai,PROD-0102,Asus ROG Zephyrus,Electronics,Laptops,2,134999,0.1,242998.2,101805.44,Cash On Delivery,4,No,0.0
ORD-10966,05-01-2025,CUST-0387,Amit Roy,North,Chandigarh,PROD-0102,Asus ROG Zephyrus,Electronics,Laptops,1,134999,0.0,134999.0,50760.14,Gpay,11,No,0.0
ORD-10967,20-04-2025,CUST-0338,Aarav Verma,North,Delhi,PROD-0105,Crocs Classic Clog,Fashion,Footwear,3,2999,0.15,7647.45,3845.95,UPI,3,No,0.0
ORD-10968,04-04-2025,CUST-0367,Mohit Gupta,East,Patna,PROD-0106,Casio G-Shock,Fashion,Accessories,2,9999,0.05,18998.1,9933.74,Cash On Delivery,9,No,0.0
ORD-10968,04-04-2025,CUST-0367,Mohit Gupta,East,Patna,PROD-0104,Under Armour Hoodie,Fashion,Men Clothing,3,4299,0.0,12897.0,4609.14,Visa,10,No,0.0
ORD-10968,04-04-2025,CUST-0367,Mohit Gupta,East,Patna,PROD-0107,Instant Pot Duo,Home & Kitchen,Appliances,1,8999,0.15,7649.15,2811.86,Debit,12,No,0.0
ORD-10969,28-01-2025,CUST-0076,Sakshi Bhat,South,Bangalore,PROD-0104,Under Armour Hoodie,Fashion,Men Clothing,2,4299,0.1,7738.2,2839.23,Gpay,10,No,0.0
ORD-10969,28-01-2025,CUST-0076,Sakshi Bhat,South,Bangalore,PROD-0107,Instant Pot Duo,Home & Kitchen,Appliances,3,8999,0.0,26997.0,14730.15,Visa,10,No,0.0
ORD-10969,28-01-2025,CUST-0076,Sakshi Bhat,South,Bangalore,PROD-0105,Crocs Classic Clog,Fashion,Footwear,2,2999,0.15,5098.3,1997.08,Net-Banking,3,No,0.0
ORD-10969,28-01-2025,CUST-0076,Sakshi Bhat,South,Bangalore,PROD-0007,Sony WH-1000XM5,Electronics,Headphones,3,24990,0.0,74970.0,35257.87,Debit,11,No,0.0
ORD-10970,09-01-2025,CUST-0062,Priyanka Roy,North,Jaipur,PROD-0111,Dumbbell Set 20kg,Health & Beauty,Fitness,1,3499,0.15,2974.15,1430.4,Net-Banking,6,No,0.0
ORD-10970,09-01-2025,CUST-0062,Priyanka Roy,North,Jaipur,PROD-0105,Crocs Classic Clog,Fashion,Footwear,1,2999,0.0,2999.0,1196.98,Debit,5,No,0.0
ORD-10970,09-01-2025,CUST-0062,Priyanka Roy,North,Jaipur,PROD-0106,Casio G-Shock,Fashion,Accessories,1,9999,0.15,8499.15,3198.38,Debit,7,No,0.0
ORD-10970,09-01-2025,CUST-0062,Priyanka Roy,North,Jaipur,PROD-0112,Protein Shaker Bottle,Health & Beauty,Fitness,3,499,0.2,1197.6,576.75,Gpay,5,No,355.98
ORD-10971,18-04-2025,CUST-0335,Amit Gupta,South,Bangalore,PROD-0108,Bosch Drill Machine,Home & Kitchen,Appliances,3,5499,0.0,16497.0,5784.42,Visa,10,No,0.0
ORD-10972,15-05-2025,CUST-0379,Varun Mishra,West,Ahmedabad,PROD-0001,iPhone 15 Pro,Electronics,Smartphones,2,89999,0.0,179998.0,56663.38,UPI,8,No,0.0
ORD-10972,15-05-2025,CUST-0379,Varun Mishra,West,Ahmedabad,PROD-0016,Levi's 501 Jeans,Fashion,Men Clothing,1,3499,0.15,2974.15,1371.04,Debit,1,No,0.0
ORD-10972,15-05-2025,CUST-0379,Varun Mishra,West,Ahmedabad,PROD-0110,The Psychology of Money,Books & Stationery,Non-Fiction,3,349,0.1,942.3,360.22,Gpay,10,No,234.57
ORD-10973,12-01-2025,CUST-0066,Deepak Patel,South,Kochi,PROD-0105,Crocs Classic Clog,Fashion,Footwear,2,2999,0.2,4798.4,1810.76,Gpay,5,No,0.0
ORD-10974,08-05-2025,CUST-0305,Nikhil Patel,East,Ranchi,PROD-0031,Prestige Mixer,Home & Kitchen,Appliances,3,4599,0.0,13797.0,6934.75,Debit,10,No,0.0
ORD-10974,08-05-2025,CUST-0305,Nikhil Patel,East,Ranchi,PROD-0110,The Psychology of Money,Books & Stationery,Non-Fiction,3,349,0.05,994.65,381.15,Cash On Delivery,10,No,292.03
ORD-10975,10-04-2025,CUST-0339,Priya Mehta,West,Surat,PROD-0046,Atomic Habits,Books & Stationery,Non-Fiction,1,399,0.05,379.05,189.4,Net-Banking,3,No,131.13
ORD-10976,17-04-2025,CUST-0405,Ankita Singh,South,Hyderabad,PROD-0108,Bosch Drill Machine,Home & Kitchen,Appliances,2,5499,0.15,9348.3,3936.09,Cash On Delivery,9,No,0.0
ORD-10977,26-05-2025,CUST-0392,Sneha Pillai,West,Surat,PROD-0105,Crocs Classic Clog,Fashion,Footwear,3,2999,0.15,7647.45,3226.14,Visa,4,No,0.0
ORD-10978,31-05-2025,CUST-0379,Varun Mishra,West,Ahmedabad,PROD-0111,Dumbbell Set 20kg,Health & Beauty,Fitness,1,3499,0.1,3149.1,1032.26,Cash On Delivery,6,No,0.0
ORD-10979,24-02-2025,CUST-0044,Rahul Shah,West,Mumbai,PROD-0017,Nike Air Force 1,Fashion,Footwear,1,7999,0.2,6399.2,3301.65,Net-Banking,12,No,0.0
ORD-10980,03-03-2025,CUST-0369,Neha Verma,South,Chennai,PROD-0106,Casio G-Shock,Fashion,Accessories,3,9999,0.05,28497.15,15052.13,Visa,10,No,0.0
ORD-10981,28-04-2025,CUST-0302,Siddharth Das,Central,Bhopal,PROD-0105,Crocs Classic Clog,Fashion,Footwear,1,2999,0.1,2699.1,1039.89,Visa,6,No,0.0
ORD-10981,28-04-2025,CUST-0302,Siddharth Das,Central,Bhopal,PROD-0109,Thinking Fast and Slow,Books & Stationery,Non-Fiction,1,499,0.1,449.1,145.5,Debit,5,No,332.78
ORD-10982,05-02-2025,CUST-0328,Varun Sharma,East,Bhubaneswar,PROD-0105,Crocs Classic Clog,Fashion,Footwear,3,2999,0.15,7647.45,3225.37,Debit,8,No,0.0
ORD-10982,05-02-2025,CUST-0328,Varun Sharma,East,Bhubaneswar,PROD-0007,Sony WH-1000XM5,Electronics,Headphones,1,24990,0.0,24990.0,7682.59,Debit,5,No,0.0
ORD-10983,07-01-2025,CUST-0052,Arjun Shah,South,Kochi,PROD-0107,Instant Pot Duo,Home & Kitchen,Appliances,2,8999,0.15,15298.3,7069.9,Visa,8,No,0.0
ORD-10984,03-03-2025,CUST-0341,Rahul Kumar,East,Bhubaneswar,PROD-0003,MacBook Air M3,Electronics,Laptops,2,99999,0.2,159998.4,72291.01,Visa,5,No,0.0
ORD-10985,04-01-2025,CUST-0417,Raj Verma,Central,Indore,PROD-0102,Asus ROG Zephyrus,Electronics,Laptops,3,134999,0.15,344247.45,152287.88,UPI,8,No,0.0
ORD-10986,28-04-2025,CUST-0390,Sneha Reddy,East,Patna,PROD-0105,Crocs Classic Clog,Fashion,Footwear,3,2999,0.2,7197.6,2309.18,Net-Banking,11,No,0.0
ORD-10986,28-04-2025,CUST-0390,Sneha Reddy,East,Patna,PROD-0003,MacBook Air M3,Electronics,Laptops,3,99999,0.0,299997.0,129749.86,Net-Banking,5,No,0.0
ORD-10986,28-04-2025,CUST-0390,Sneha Reddy,East,Patna,PROD-0007,Sony WH-1000XM5,Electronics,Headphones,1,24990,0.2,19992.0,6534.92,Cash On Delivery,2,No,0.0
ORD-10987,01-03-2025,CUST-0005,Priyanka Reddy,Central,Indore,PROD-0109,Thinking Fast and Slow,Books & Stationery,Non-Fiction,1,499,0.0,499.0,201.42,Gpay,7,No,206.73
ORD-10988,17-04-2025,CUST-0332,Vivaan Mehta,North,Lucknow,PROD-0003,MacBook Air M3,Electronics,Laptops,3,99999,0.0,299997.0,133299.87,Cash On Delivery,6,No,0.0
ORD-10989,31-05-2025,CUST-0344,Kavya Agarwal,East,Patna,PROD-0061,Cetaphil Moisturizer,Health & Beauty,Skincare,3,799,0.0,2397.0,1011.99,Net-Banking,3,No,0.0
ORD-10989,31-05-2025,CUST-0344,Kavya Agarwal,East,Patna,PROD-0046,Atomic Habits,Books & Stationery,Non-Fiction,3,399,0.0,1197.0,486.81,Cash On Delivery,9,No,286.23
ORD-10990,17-03-2025,CUST-0318,Suresh Mishra,South,Chennai,PROD-0061,Cetaphil Moisturizer,Health & Beauty,Skincare,2,799,0.0,1598.0,551.38,Gpay,9,No,391.58
ORD-10991,26-03-2025,CUST-0368,Rahul Agarwal,Central,Bhopal,PROD-0106,Casio G-Shock,Fashion,Accessories,2,9999,0.05,18998.1,6077.21,Gpay,5,No,0.0
ORD-10992,05-05-2025,CUST-0025,Meera Pillai,South,Hyderabad,PROD-0106,Casio G-Shock,Fashion,Accessories,2,9999,0.0,19998.0,8038.39,Cash On Delivery,3,No,0.0
ORD-10993,01-03-2025,CUST-0042,Rahul Das,North,Lucknow,PROD-0106,Casio G-Shock,Fashion,Accessories,1,9999,0.0,9999.0,3186.14,Gpay,1,No,0.0
ORD-10993,01-03-2025,CUST-0042,Rahul Das,North,Lucknow,PROD-0102,Asus ROG Zephyrus,Electronics,Laptops,1,134999,0.0,134999.0,46671.63,Cash On Delivery,8,No,0.0
ORD-10994,10-01-2025,CUST-0325,Raj Kumar,West,Mumbai,PROD-0104,Under Armour Hoodie,Fashion,Men Clothing,3,4299,0.1,11607.3,4786.4,UPI,11,Yes,0.0
ORD-10994,10-01-2025,CUST-0325,Raj Kumar,West,Mumbai,PROD-0110,The Psychology of Money,Books & Stationery,Non-Fiction,2,349,0.0,698.0,345.8,Net-Banking,2,No,196.1
ORD-10994,10-01-2025,CUST-0325,Raj Kumar,West,Mumbai,PROD-0105,Crocs Classic Clog,Fashion,Footwear,2,2999,0.05,5698.1,3001.48,Net-Banking,10,No,0.0
ORD-10995,24-01-2025,CUST-0008,Priya Mishra,Central,Indore,PROD-0046,Atomic Habits,Books & Stationery,Non-Fiction,1,399,0.0,399.0,163.42,Cash On Delivery,6,No,283.56
ORD-10995,24-01-2025,CUST-0008,Priya Mishra,Central,Indore,PROD-0110,The Psychology of Money,Books & Stationery,Non-Fiction,3,349,0.0,1047.0,556.16,Net-Banking,6,Yes,363.51
ORD-10996,03-02-2025,CUST-0379,Varun Mishra,West,Ahmedabad,PROD-0102,Asus ROG Zephyrus,Electronics,Laptops,2,134999,0.0,269998.0,134406.15,Debit,1,No,0.0
ORD-10996,03-02-2025,CUST-0379,Varun Mishra,West,Ahmedabad,PROD-0105,Crocs Classic Clog,Fashion,Footwear,2,2999,0.0,5998.0,3235.84,Gpay,11,No,0.0
ORD-10996,03-02-2025,CUST-0379,Varun Mishra,West,Ahmedabad,PROD-0001,iPhone 15 Pro,Electronics,Smartphones,1,89999,0.0,89999.0,27371.79,Cash On Delivery,9,No,0.0
ORD-10997,28-04-2025,CUST-0358,Arjun Das,West,Pune,PROD-0101,Samsung Galaxy Buds3,Electronics,Headphones,2,12999,0.15,22098.3,10655.54,UPI,11,No,0.0
ORD-10998,26-02-2025,CUST-0076,Sakshi Bhat,South,Bangalore,PROD-0102,Asus ROG Zephyrus,Electronics,Laptops,3,134999,0.0,404997.0,204844.92,Net-Banking,2,No,0.0
ORD-10999,08-05-2025,CUST-0309,Meera Nair,North,Chandigarh,PROD-0106,Casio G-Shock,Fashion,Accessories,2,9999,0.1,17998.2,7472.5,Net-Banking,2,No,0.0
ORD-10999,08-05-2025,CUST-0309,Meera Nair,North,Chandigarh,PROD-0103,Kindle Paperwhite,Electronics,Tablets,2,14999,0.15,25498.3,8047.04,Cash On Delivery,2,No,0.0
ORD-10999,08-05-2025,CUST-0309,Meera Nair,North,Chandigarh,PROD-0104,Under Armour Hoodie,Fashion,Men Clothing,3,4299,0.15,10962.45,5429.49,Net-Banking,10,No,0.0
ORD-10999,08-05-2025,CUST-0309,Meera Nair,North,Chandigarh,PROD-0109,Thinking Fast and Slow,Books & Stationery,Non-Fiction,2,499,0.05,948.1,418.41,UPI,9,No,100.37
ORD-11000,03-04-2025,CUST-0330,Arun Gupta,East,Bhubaneswar,PROD-0111,Dumbbell Set 20kg,Health & Beauty,Fitness,3,3499,0.0,10497.0,3328.87,Visa,9,No,0.0
ORD-11000,03-04-2025,CUST-0330,Arun Gupta,East,Bhubaneswar,PROD-0108,Bosch Drill Machine,Home & Kitchen,Appliances,1,5499,0.1,4949.1,1855.67,Cash On Delivery,10,No,0.0
ORD-11000,03-04-2025,CUST-0330,Arun Gupta,East,Bhubaneswar,PROD-0016,Levi's 501 Jeans,Fashion,Men Clothing,1,3499,0.2,2799.2,1008.42,Gpay,9,No,0.0
ORD-11000,03-04-2025,CUST-0330,Arun Gupta,East,Bhubaneswar,PROD-0109,Thinking Fast and Slow,Books & Stationery,Non-Fiction,3,499,0.2,1197.6,497.63,UPI,10,No,253.45
ORD-11001,16-02-2025,CUST-0346,Varun Singh,Central,Raipur,PROD-0017,Nike Air Force 1,Fashion,Footwear,2,7999,0.1,14398.2,7284.8,Gpay,3,No,0.0
ORD-11002,13-01-2025,CUST-0357,Krishna Das,South,Chennai,PROD-0104,Under Armour Hoodie,Fashion,Men Clothing,1,4299,0.0,4299.0,1886.52,Gpay,2,No,0.0
ORD-11002,13-01-2025,CUST-0357,Krishna Das,South,Chennai,PROD-0109,Thinking Fast and Slow,Books & Stationery,Non-Fiction,2,499,0.0,998.0,462.72,Net-Banking,1,No,392.71
ORD-11002,13-01-2025,CUST-0357,Krishna Das,South,Chennai,PROD-0112,Protein Shaker Bottle,Health & Beauty,Fitness,2,499,0.0,998.0,471.99,Debit,11,No,282.28
ORD-11002,13-01-2025,CUST-0357,Krishna Das,South,Chennai,PROD-0106,Casio G-Shock,Fashion,Accessories,2,9999,0.0,19998.0,10523.7,Cash On Delivery,3,No,0.0
ORD-11003,03-02-2025,CUST-0390,Sneha Reddy,East,Patna,PROD-0001,iPhone 15 Pro,Electronics,Smartphones,2,89999,0.1,161998.2,65218.58,UPI,7,No,0.0
ORD-11004,15-01-2025,CUST-0314,Aarav Patel,South,Kochi,PROD-0102,Asus ROG Zephyrus,Electronics,Laptops,2,134999,0.05,256498.1,108716.39,UPI,2,No,0.0
ORD-11005,13-04-2025,CUST-0316,Sneha Gupta,East,Ranchi,PROD-0106,Casio G-Shock,Fashion,Accessories,1,9999,0.05,9499.05,4940.65,Debit,9,No,0.0
ORD-11006,16-01-2025,CUST-0065,Karan Pillai,Central,Indore,PROD-0016,Levi's 501 Jeans,Fashion,Men Clothing,2,3499,0.0,6998.0,2318.18,Debit,3,No,0.0
ORD-11006,16-01-2025,CUST-0065,Karan Pillai,Central,Indore,PROD-0001,iPhone 15 Pro,Electronics,Smartphones,1,89999,0.15,76499.15,25746.45,UPI,5,No,0.0
ORD-11006,16-01-2025,CUST-0065,Karan Pillai,Central,Indore,PROD-0105,Crocs Classic Clog,Fashion,Footwear,1,2999,0.15,2549.15,1389.0,Debit,7,No,0.0
ORD-11007,23-05-2025,CUST-0378,Shreya Bhat,West,Mumbai,PROD-0106,Casio G-Shock,Fashion,Accessories,1,9999,0.0,9999.0,3478.86,Cash On Delivery,3,No,0.0
ORD-11008,28-01-2025,CUST-0360,Divya Das,East,Bhubaneswar,PROD-0016,Levi's 501 Jeans,Fashion,Men Clothing,2,3499,0.0,6998.0,2536.83,UPI,7,No,0.0
ORD-11008,28-01-2025,CUST-0360,Divya Das,East,Bhubaneswar,PROD-0031,Prestige Mixer,Home & Kitchen,Appliances,1,4599,0.0,4599.0,2116.31,Visa,6,No,0.0
ORD-11008,28-01-2025,CUST-0360,Divya Das,East,Bhubaneswar,PROD-0105,Crocs Classic Clog,Fashion,Footwear,2,2999,0.05,5698.1,2199.56,Net-Banking,1,No,0.0
ORD-11008,28-01-2025,CUST-0360,Divya Das,East,Bhubaneswar,PROD-0103,Kindle Paperwhite,Electronics,Tablets,3,14999,0.0,44997.0,15934.66,Cash On Delivery,6,No,0.0
ORD-11009,28-05-2025,CUST-0056,Meera Iyer,East,Ranchi,PROD-0106,Casio G-Shock,Fashion,Accessories,3,9999,0.0,29997.0,16440.24,Debit,6,No,0.0
ORD-11009,28-05-2025,CUST-0056,Meera Iyer,East,Ranchi,PROD-0046,Atomic Habits,Books & Stationery,Non-Fiction,3,399,0.2,957.6,503.98,Visa,5,No,307.02
ORD-11010,12-01-2025,CUST-0399,Siddharth Sharma,South,Hyderabad,PROD-0007,Sony WH-1000XM5,Electronics,Headphones,3,24990,0.0,74970.0,34121.7,UPI,11,No,0.0
ORD-11011,20-04-2025,CUST-0019,Ananya Reddy,South,Kochi,PROD-0103,Kindle Paperwhite,Electronics,Tablets,3,14999,0.2,35997.6,18716.34,Debit,9,No,0.0
ORD-11011,20-04-2025,CUST-0019,Ananya Reddy,South,Kochi,PROD-0106,Casio G-Shock,Fashion,Accessories,3,9999,0.2,23997.6,9660.59,UPI,8,No,0.0
ORD-11011,20-04-2025,CUST-0019,Ananya Reddy,South,Kochi,PROD-0016,Levi's 501 Jeans,Fashion,Men Clothing,3,3499,0.0,10497.0,3414.8,Debit,1,Yes,0.0
ORD-11011,20-04-2025,CUST-0019,Ananya Reddy,South,Kochi,PROD-0111,Dumbbell Set 20kg,Health & Beauty,Fitness,3,3499,0.2,8397.6,3992.35,Gpay,10,No,0.0
ORD-11012,24-03-2025,CUST-0042,Rahul Das,North,Lucknow,PROD-0106,Casio G-Shock,Fashion,Accessories,3,9999,0.05,28497.15,9336.14,Debit,4,No,0.0
ORD-11013,14-05-2025,CUST-0316,Sneha Gupta,East,Ranchi,PROD-0112,Protein Shaker Bottle,Health & Beauty,Fitness,2,499,0.15,848.3,280.43,Gpay,9,No,113.84
ORD-11014,08-01-2025,CUST-0307,Siddharth Shah,North,Jaipur,PROD-0017,Nike Air Force 1,Fashion,Footwear,3,7999,0.1,21597.3,11649.33,Debit,5,No,0.0
ORD-11015,09-03-2025,CUST-0309,Meera Nair,North,Chandigarh,PROD-0110,The Psychology of Money,Books & Stationery,Non-Fiction,2,349,0.0,698.0,377.97,Visa,6,No,399.06
ORD-11015,09-03-2025,CUST-0309,Meera Nair,North,Chandigarh,PROD-0101,Samsung Galaxy Buds3,Electronics,Headphones,3,12999,0.05,37047.15,11164.59,Cash On Delivery,7,No,0.0
ORD-11015,09-03-2025,CUST-0309,Meera Nair,North,Chandigarh,PROD-0001,iPhone 15 Pro,Electronics,Smartphones,3,89999,0.0,269997.0,108310.38,Net-Banking,2,No,0.0
ORD-11016,30-04-2025,CUST-0316,Sneha Gupta,East,Ranchi,PROD-0110,The Psychology of Money,Books & Stationery,Non-Fiction,1,349,0.0,349.0,174.9,UPI,3,No,281.38
ORD-11017,21-02-2025,CUST-0306,Swati Nair,East,Patna,PROD-0017,Nike Air Force 1,Fashion,Footwear,2,7999,0.2,12798.4,5671.65,Visa,11,No,0.0
ORD-11018,24-01-2025,CUST-0344,Kavya Agarwal,East,Patna,PROD-0016,Levi's 501 Jeans,Fashion,Men Clothing,3,3499,0.15,8922.45,4723.36,Debit,11,No,0.0
ORD-11018,24-01-2025,CUST-0344,Kavya Agarwal,East,Patna,PROD-0112,Protein Shaker Bottle,Health & Beauty,Fitness,1,499,0.0,499.0,266.41,Gpay,4,No,129.71
ORD-11019,08-03-2025,CUST-0362,Rohan Iyer,Central,Raipur,PROD-0107,Instant Pot Duo,Home & Kitchen,Appliances,3,8999,0.1,24297.3,9115.97,Debit,1,No,0.0
ORD-11019,08-03-2025,CUST-0362,Rohan Iyer,Central,Raipur,PROD-0001,iPhone 15 Pro,Electronics,Smartphones,3,89999,0.1,242997.3,106829.48,Net-Banking,4,No,0.0
ORD-11019,08-03-2025,CUST-0362,Rohan Iyer,Central,Raipur,PROD-0110,The Psychology of Money,Books & Stationery,Non-Fiction,1,349,0.1,314.1,139.9,UPI,9,No,334.98
ORD-11020,12-02-2025,CUST-0342,Nisha Singh,Central,Bhopal,PROD-0016,Levi's 501 Jeans,Fashion,Men Clothing,2,3499,0.0,6998.0,3304.78,Gpay,9,No,0.0
ORD-11020,12-02-2025,CUST-0342,Nisha Singh,Central,Bhopal,PROD-0111,Dumbbell Set 20kg,Health & Beauty,Fitness,3,3499,0.05,9972.15,4631.5,Visa,10,No,0.0
ORD-11021,17-03-2025,CUST-0070,Amit Singh,East,Kolkata,PROD-0001,iPhone 15 Pro,Electronics,Smartphones,2,89999,0.15,152998.3,79478.73,Gpay,11,No,0.0
ORD-11022,18-03-2025,CUST-0003,Arun Bhat,East,Kolkata,PROD-0110,The Psychology of Money,Books & Stationery,Non-Fiction,3,349,0.2,837.6,307.17,UPI,5,No,58.52
ORD-11023,09-03-2025,CUST-0010,Meera Mehta,West,Mumbai,PROD-0109,Thinking Fast and Slow,Books & Stationery,Non-Fiction,3,499,0.0,1497.0,712.8,Gpay,10,No,182.77
ORD-11024,28-04-2025,CUST-0333,Akash Singh,South,Kochi,PROD-0108,Bosch Drill Machine,Home & Kitchen,Appliances,1,5499,0.15,4674.15,1714.69,Gpay,10,No,0.0
ORD-11025,10-02-2025,CUST-0325,Raj Kumar,West,Mumbai,PROD-0061,Cetaphil Moisturizer,Health & Beauty,Skincare,1,799,0.0,799.0,409.4,Visa,10,Yes,121.16
ORD-11026,22-03-2025,CUST-0026,Karan Iyer,West,Mumbai,PROD-0111,Dumbbell Set 20kg,Health & Beauty,Fitness,2,3499,0.05,6648.1,3093.23,Debit,12,No,0.0
ORD-11027,06-02-2025,CUST-0335,Amit Gupta,South,Bangalore,PROD-0016,Levi's 501 Jeans,Fashion,Men Clothing,2,3499,0.05,6648.1,2291.43,Debit,6,No,0.0
ORD-11027,06-02-2025,CUST-0335,Amit Gupta,South,Bangalore,PROD-0111,Dumbbell Set 20kg,Health & Beauty,Fitness,2,3499,0.0,6998.0,3027.49,Net-Banking,9,No,0.0
ORD-11027,06-02-2025,CUST-0335,Amit Gupta,South,Bangalore,PROD-0106,Casio G-Shock,Fashion,Accessories,3,9999,0.05,28497.15,14939.17,Debit,12,No,0.0
ORD-11028,25-01-2025,CUST-0375,Varun Das,South,Chennai,PROD-0106,Casio G-Shock,Fashion,Accessories,1,9999,0.15,8499.15,4668.17,Gpay,9,No,0.0
ORD-11029,26-03-2025,CUST-0352,Ananya Choudhury,North,Delhi,PROD-0106,Casio G-Shock,Fashion,Accessories,3,9999,0.0,29997.0,11743.1,UPI,10,No,0.0
ORD-11030,31-01-2025,CUST-0310,Suresh Kumar,South,Kochi,PROD-0102,Asus ROG Zephyrus,Electronics,Laptops,1,134999,0.0,134999.0,69972.01,UPI,3,No,0.0
ORD-11031,07-01-2025,CUST-0369,Neha Verma,South,Chennai,PROD-0105,Crocs Classic Clog,Fashion,Footwear,2,2999,0.2,4798.4,1922.69,Gpay,10,No,0.0
ORD-11032,13-02-2025,CUST-0403,Vikram Singh,South,Kochi,PROD-0105,Crocs Classic Clog,Fashion,Footwear,3,2999,0.2,7197.6,3509.23,UPI,6,No,0.0
ORD-11033,27-04-2025,CUST-0022,Sara Agarwal,Central,Raipur,PROD-0003,MacBook Air M3,Electronics,Laptops,1,99999,0.0,99999.0,49390.83,Debit,1,No,0.0
ORD-11033,27-04-2025,CUST-0022,Sara Agarwal,Central,Raipur,PROD-0017,Nike Air Force 1,Fashion,Footwear,2,7999,0.0,15998.0,7215.72,Cash On Delivery,11,No,0.0
ORD-11033,27-04-2025,CUST-0022,Sara Agarwal,Central,Raipur,PROD-0102,Asus ROG Zephyrus,Electronics,Laptops,1,134999,0.0,134999.0,41646.17,Net-Banking,8,No,0.0
ORD-11033,27-04-2025,CUST-0022,Sara Agarwal,Central,Raipur,PROD-0107,Instant Pot Duo,Home & Kitchen,Appliances,1,8999,0.1,8099.1,2680.72,Visa,2,Yes,0.0
ORD-11034,21-03-2025,CUST-0356,Aarav Verma,North,Chandigarh,PROD-0102,Asus ROG Zephyrus,Electronics,Laptops,2,134999,0.0,269998.0,134196.81,Net-Banking,3,No,0.0
ORD-11035,28-01-2025,CUST-0320,Krishna Mishra,South,Chennai,PROD-0061,Cetaphil Moisturizer,Health & Beauty,Skincare,3,799,0.1,2157.3,750.83,Visa,2,No,0.0
ORD-11035,28-01-2025,CUST-0320,Krishna Mishra,South,Chennai,PROD-0103,Kindle Paperwhite,Electronics,Tablets,2,14999,0.0,29998.0,15519.25,Debit,4,No,0.0
ORD-11035,28-01-2025,CUST-0320,Krishna Mishra,South,Chennai,PROD-0001,iPhone 15 Pro,Electronics,Smartphones,1,89999,0.0,89999.0,48802.86,Gpay,6,No,0.0
ORD-11036,14-04-2025,CUST-0031,Priya Joshi,Central,Bhopal,PROD-0007,Sony WH-1000XM5,Electronics,Headphones,1,24990,0.15,21241.5,11013.25,Cash On Delivery,5,No,0.0
ORD-11037,09-01-2025,CUST-0367,Mohit Gupta,East,Patna,PROD-0031,Prestige Mixer,Home & Kitchen,Appliances,3,4599,0.05,13107.15,5622.36,UPI,5,No,0.0
ORD-11038,25-03-2025,CUST-0370,Aarav Roy,Central,Raipur,PROD-0111,Dumbbell Set 20kg,Health & Beauty,Fitness,1,3499,0.0,3499.0,1064.13,Debit,5,No,0.0
ORD-11039,02-01-2025,CUST-0383,Akash Mehta,South,Chennai,PROD-0103,Kindle Paperwhite,Electronics,Tablets,1,14999,0.15,12749.15,5768.19,Gpay,4,No,0.0
ORD-11039,02-01-2025,CUST-0383,Akash Mehta,South,Chennai,PROD-0046,Atomic Habits,Books & Stationery,Non-Fiction,2,399,0.0,798.0,288.25,Visa,6,Yes,307.2
ORD-11039,02-01-2025,CUST-0383,Akash Mehta,South,Chennai,PROD-0102,Asus ROG Zephyrus,Electronics,Laptops,2,134999,0.15,229498.3,83456.24,Net-Banking,9,No,0.0
ORD-11040,19-03-2025,CUST-0366,Siddharth Gupta,West,Pune,PROD-0101,Samsung Galaxy Buds3,Electronics,Headphones,3,12999,0.0,38997.0,14917.6,Debit,7,No,0.0
ORD-11040,19-03-2025,CUST-0366,Siddharth Gupta,West,Pune,PROD-0108,Bosch Drill Machine,Home & Kitchen,Appliances,2,5499,0.05,10448.1,4413.98,Gpay,9,No,0.0
ORD-11040,19-03-2025,CUST-0366,Siddharth Gupta,West,Pune,PROD-0112,Protein Shaker Bottle,Health & Beauty,Fitness,1,499,0.15,424.15,130.34,Gpay,7,No,390.52
ORD-11040,19-03-2025,CUST-0366,Siddharth Gupta,West,Pune,PROD-0103,Kindle Paperwhite,Electronics,Tablets,3,14999,0.0,44997.0,21367.02,Net-Banking,2,No,0.0
ORD-11041,10-05-2025,CUST-0360,Divya Das,East,Bhubaneswar,PROD-0110,The Psychology of Money,Books & Stationery,Non-Fiction,1,349,0.15,296.65,131.82,Cash On Delivery,5,No,171.29
ORD-11042,16-04-2025,CUST-0070,Amit Singh,East,Kolkata,PROD-0109,Thinking Fast and Slow,Books & Stationery,Non-Fiction,3,499,0.0,1497.0,562.16,Gpay,7,No,332.42
ORD-11042,16-04-2025,CUST-0070,Amit Singh,East,Kolkata,PROD-0104,Under Armour Hoodie,Fashion,Men Clothing,1,4299,0.15,3654.15,1145.01,Cash On Delivery,7,No,0.0
ORD-11042,16-04-2025,CUST-0070,Amit Singh,East,Kolkata,PROD-0061,Cetaphil Moisturizer,Health & Beauty,Skincare,1,799,0.2,639.2,342.04,Gpay,7,Yes,218.47
ORD-11042,16-04-2025,CUST-0070,Amit Singh,East,Kolkata,PROD-0003,MacBook Air M3,Electronics,Laptops,2,99999,0.05,189998.1,63050.13,Visa,1,No,0.0
ORD-11043,22-03-2025,CUST-0312,Ishita Das,South,Bangalore,PROD-0106,Casio G-Shock,Fashion,Accessories,3,9999,0.0,29997.0,10148.23,Gpay,6,No,0.0
ORD-11044,26-05-2025,CUST-0397,Diya Agarwal,Central,Indore,PROD-0104,Under Armour Hoodie,Fashion,Men Clothing,3,4299,0.0,12897.0,6622.19,Net-Banking,9,No,0.0
ORD-11045,27-01-2025,CUST-0419,Arun Verma,North,Chandigarh,PROD-0031,Prestige Mixer,Home & Kitchen,Appliances,2,4599,0.0,9198.0,3595.15,Cash On Delivery,6,No,0.0
ORD-11046,26-05-2025,CUST-0366,Siddharth Gupta,West,Pune,PROD-0017,Nike Air Force 1,Fashion,Footwear,2,7999,0.05,15198.1,5967.97,Gpay,6,No,0.0
ORD-11047,20-03-2025,CUST-0408,Raj Bhat,West,Surat,PROD-0031,Prestige Mixer,Home & Kitchen,Appliances,3,4599,0.0,13797.0,4784.94,Visa,4,No,0.0
ORD-11047,20-03-2025,CUST-0408,Raj Bhat,West,Surat,PROD-0061,Cetaphil Moisturizer,Health & Beauty,Skincare,1,799,0.15,679.15,319.85,Gpay,8,No,386.77
ORD-11048,08-05-2025,CUST-0041,Shreya Reddy,West,Ahmedabad,PROD-0102,Asus ROG Zephyrus,Electronics,Laptops,3,134999,0.2,323997.6,101974.25,Net-Banking,7,No,0.0
ORD-11049,04-05-2025,CUST-0345,Deepak Yadav,South,Bangalore,PROD-0101,Samsung Galaxy Buds3,Electronics,Headphones,2,12999,0.05,24698.1,10484.79,Debit,11,No,0.0
ORD-11050,03-02-2025,CUST-0359,Arun Kumar,West,Mumbai,PROD-0103,Kindle Paperwhite,Electronics,Tablets,3,14999,0.15,38247.45,18403.2,UPI,7,Yes,0.0
ORD-11051,17-04-2025,CUST-0049,Vivaan Kumar,South,Hyderabad,PROD-0105,Crocs Classic Clog,Fashion,Footwear,2,2999,0.0,5998.0,2297.0,Debit,2,No,0.0
ORD-11052,13-03-2025,CUST-0005,Priyanka Reddy,Central,Indore,PROD-0105,Crocs Classic Clog,Fashion,Footwear,1,2999,0.2,2399.2,1146.06,Gpay,9,No,0.0
ORD-11053,27-01-2025,CUST-0051,Kavya Mehta,West,Ahmedabad,PROD-0017,Nike Air Force 1,Fashion,Footwear,2,7999,0.0,15998.0,5227.81,Net-Banking,7,No,0.0
ORD-11054,04-03-2025,CUST-0358,Arjun Das,West,Pune,PROD-0111,Dumbbell Set 20kg,Health & Beauty,Fitness,1,3499,0.1,3149.1,1598.41,Gpay,3,No,0.0
ORD-11055,20-01-2025,CUST-0356,Aarav Verma,North,Chandigarh,PROD-0108,Bosch Drill Machine,Home & Kitchen,Appliances,2,5499,0.2,8798.4,4436.03,Debit,7,No,0.0
ORD-11056,17-02-2025,CUST-0358,Arjun Das,West,Pune,PROD-0112,Protein Shaker Bottle,Health & Beauty,Fitness,1,499,0.1,449.1,160.82,Visa,9,No,398.06
ORD-11056,17-02-2025,CUST-0358,Arjun Das,West,Pune,PROD-0007,Sony WH-1000XM5,Electronics,Headphones,1,24990,0.1,22491.0,11134.09,Net-Banking,2,No,0.0
ORD-11057,13-05-2025,CUST-0381,Neha Nair,East,Patna,PROD-0101,Samsung Galaxy Buds3,Electronics,Headphones,2,12999,0.0,25998.0,9541.0,Cash On Delivery,10,No,0.0
ORD-11058,05-01-2025,CUST-0311,Suresh Sharma,North,Lucknow,PROD-0001,iPhone 15 Pro,Electronics,Smartphones,2,89999,0.0,179998.0,60522.05,Visa,3,Yes,0.0
ORD-11059,12-01-2025,CUST-0046,Divya Das,North,Lucknow,PROD-0031,Prestige Mixer,Home & Kitchen,Appliances,2,4599,0.1,8278.2,3948.94,Net-Banking,11,No,0.0
ORD-11060,01-02-2025,CUST-0040,Swati Yadav,Central,Nagpur,PROD-0017,Nike Air Force 1,Fashion,Footwear,1,7999,0.2,6399.2,2752.15,Cash On Delivery,10,No,0.0
ORD-11060,01-02-2025,CUST-0040,Swati Yadav,Central,Nagpur,PROD-0112,Protein Shaker Bottle,Health & Beauty,Fitness,2,499,0.05,948.1,320.33,Debit,9,No,247.12
ORD-11060,01-02-2025,CUST-0040,Swati Yadav,Central,Nagpur,PROD-0101,Samsung Galaxy Buds3,Electronics,Headphones,3,12999,0.1,35097.3,13576.79,Visa,1,No,0.0
ORD-11061,14-05-2025,CUST-0354,Priyanka Sharma,Central,Bhopal,PROD-0016,Levi's 501 Jeans,Fashion,Men Clothing,2,3499,0.2,5598.4,1820.41,Cash On Delivery,2,No,0.0
ORD-11062,13-01-2025,CUST-0070,Amit Singh,East,Kolkata,PROD-0110,The Psychology of Money,Books & Stationery,Non-Fiction,3,349,0.05,994.65,423.67,Gpay,1,No,153.63
ORD-11063,19-05-2025,CUST-0315,Rohan Joshi,West,Pune,PROD-0101,Samsung Galaxy Buds3,Electronics,Headphones,2,12999,0.0,25998.0,12821.3,Visa,8,No,0.0
ORD-11064,30-04-2025,CUST-0018,Krishna Bhat,East,Ranchi,PROD-0031,Prestige Mixer,Home & Kitchen,Appliances,3,4599,0.0,13797.0,6886.01,Gpay,11,No,0.0
ORD-11064,30-04-2025,CUST-0018,Krishna Bhat,East,Ranchi,PROD-0112,Protein Shaker Bottle,Health & Beauty,Fitness,3,499,0.1,1347.3,434.7,Cash On Delivery,4,No,269.46
ORD-11065,23-02-2025,CUST-0006,Meera Gupta,West,Surat,PROD-0110,The Psychology of Money,Books & Stationery,Non-Fiction,2,349,0.1,628.2,303.71,Net-Banking,2,No,123.12
ORD-11066,25-05-2025,CUST-0318,Suresh Mishra,South,Chennai,PROD-0104,Under Armour Hoodie,Fashion,Men Clothing,1,4299,0.0,4299.0,1529.47,UPI,10,Yes,0.0
ORD-11067,17-02-2025,CUST-0038,Sneha Das,East,Ranchi,PROD-0110,The Psychology of Money,Books & Stationery,Non-Fiction,1,349,0.05,331.55,107.04,Gpay,9,No,331.72
ORD-11067,17-02-2025,CUST-0038,Sneha Das,East,Ranchi,PROD-0103,Kindle Paperwhite,Electronics,Tablets,1,14999,0.0,14999.0,5999.17,UPI,5,No,0.0
ORD-11067,17-02-2025,CUST-0038,Sneha Das,East,Ranchi,PROD-0017,Nike Air Force 1,Fashion,Footwear,1,7999,0.2,6399.2,2946.71,Net-Banking,8,No,0.0
ORD-11067,17-02-2025,CUST-0038,Sneha Das,East,Ranchi,PROD-0102,Asus ROG Zephyrus,Electronics,Laptops,3,134999,0.0,404997.0,202180.75,Visa,5,No,0.0
ORD-11068,20-03-2025,CUST-0386,Krishna Verma,South,Bangalore,PROD-0107,Instant Pot Duo,Home & Kitchen,Appliances,2,8999,0.15,15298.3,6467.33,UPI,2,No,0.0
ORD-11069,06-01-2025,CUST-0322,Nisha Bhat,South,Chennai,PROD-0046,Atomic Habits,Books & Stationery,Non-Fiction,3,399,0.0,1197.0,505.85,Net-Banking,11,No,274.2
ORD-11069,06-01-2025,CUST-0322,Nisha Bhat,South,Chennai,PROD-0007,Sony WH-1000XM5,Electronics,Headphones,3,24990,0.2,59976.0,26559.93,UPI,11,No,0.0
ORD-11070,05-01-2025,CUST-0400,Nisha Verma,South,Chennai,PROD-0061,Cetaphil Moisturizer,Health & Beauty,Skincare,1,799,0.15,679.15,264.71,Visa,10,No,369.77
ORD-11071,14-01-2025,CUST-0368,Rahul Agarwal,Central,Bhopal,PROD-0016,Levi's 501 Jeans,Fashion,Men Clothing,3,3499,0.1,9447.3,4912.31,Gpay,12,No,0.0
ORD-11071,14-01-2025,CUST-0368,Rahul Agarwal,Central,Bhopal,PROD-0108,Bosch Drill Machine,Home & Kitchen,Appliances,2,5499,0.0,10998.0,5785.42,Net-Banking,7,Yes,0.0
ORD-11071,14-01-2025,CUST-0368,Rahul Agarwal,Central,Bhopal,PROD-0104,Under Armour Hoodie,Fashion,Men Clothing,2,4299,0.0,8598.0,4433.23,Debit,8,No,0.0
ORD-11072,08-05-2025,CUST-0392,Sneha Pillai,West,Surat,PROD-0110,The Psychology of Money,Books & Stationery,Non-Fiction,2,349,0.0,698.0,338.32,Cash On Delivery,7,No,227.02
ORD-11073,17-01-2025,CUST-0303,Sneha Singh,West,Mumbai,PROD-0108,Bosch Drill Machine,Home & Kitchen,Appliances,1,5499,0.0,5499.0,2352.78,Net-Banking,11,No,0.0
ORD-11073,17-01-2025,CUST-0303,Sneha Singh,West,Mumbai,PROD-0007,Sony WH-1000XM5,Electronics,Headphones,1,24990,0.05,23740.5,12512.2,Debit,6,No,0.0
ORD-11074,03-03-2025,CUST-0395,Varun Kumar,North,Delhi,PROD-0106,Casio G-Shock,Fashion,Accessories,2,9999,0.15,16998.3,7737.02,Debit,2,No,0.0
ORD-11074,03-03-2025,CUST-0395,Varun Kumar,North,Delhi,PROD-0003,MacBook Air M3,Electronics,Laptops,3,99999,0.2,239997.6,131917.17,Visa,9,No,0.0
ORD-11074,03-03-2025,CUST-0395,Varun Kumar,North,Delhi,PROD-0016,Levi's 501 Jeans,Fashion,Men Clothing,2,3499,0.2,5598.4,2223.18,Net-Banking,3,No,0.0
ORD-11074,03-03-2025,CUST-0395,Varun Kumar,North,Delhi,PROD-0111,Dumbbell Set 20kg,Health & Beauty,Fitness,1,3499,0.0,3499.0,1803.06,Cash On Delivery,12,No,0.0
ORD-11075,13-05-2025,CUST-0333,Akash Singh,South,Kochi,PROD-0107,Instant Pot Duo,Home & Kitchen,Appliances,1,8999,0.15,7649.15,3027.97,Visa,9,No,0.0
ORD-11076,14-03-2025,CUST-0040,Swati Yadav,Central,Nagpur,PROD-0110,The Psychology of Money,Books & Stationery,Non-Fiction,3,349,0.05,994.65,437.41,Gpay,2,Yes,85.75
ORD-11076,14-03-2025,CUST-0040,Swati Yadav,Central,Nagpur,PROD-0031,Prestige Mixer,Home & Kitchen,Appliances,2,4599,0.0,9198.0,2871.31,Cash On Delivery,10,No,0.0
ORD-11076,14-03-2025,CUST-0040,Swati Yadav,Central,Nagpur,PROD-0102,Asus ROG Zephyrus,Electronics,Laptops,1,134999,0.0,134999.0,52655.19,Visa,9,No,0.0
ORD-11077,04-02-2025,CUST-0375,Varun Das,South,Chennai,PROD-0101,Samsung Galaxy Buds3,Electronics,Headphones,3,12999,0.0,38997.0,17929.2,Visa,5,Yes,0.0
ORD-11078,09-02-2025,CUST-0357,Krishna Das,South,Chennai,PROD-0107,Instant Pot Duo,Home & Kitchen,Appliances,2,8999,0.0,17998.0,5511.0,UPI,2,No,0.0
ORD-11078,09-02-2025,CUST-0357,Krishna Das,South,Chennai,PROD-0105,Crocs Classic Clog,Fashion,Footwear,1,2999,0.05,2849.05,885.97,Cash On Delivery,1,No,0.0
ORD-11078,09-02-2025,CUST-0357,Krishna Das,South,Chennai,PROD-0108,Bosch Drill Machine,Home & Kitchen,Appliances,3,5499,0.15,14022.45,5610.24,Gpay,10,No,0.0
ORD-11079,03-04-2025,CUST-0005,Priyanka Reddy,Central,Indore,PROD-0003,MacBook Air M3,Electronics,Laptops,1,99999,0.15,84999.15,41983.67,Debit,7,No,0.0
ORD-11079,03-04-2025,CUST-0005,Priyanka Reddy,Central,Indore,PROD-0105,Crocs Classic Clog,Fashion,Footwear,3,2999,0.05,8547.15,4139.45,Gpay,9,No,0.0
ORD-11079,03-04-2025,CUST-0005,Priyanka Reddy,Central,Indore,PROD-0111,Dumbbell Set 20kg,Health & Beauty,Fitness,1,3499,0.05,3324.05,1264.45,Gpay,12,No,0.0
ORD-11080,24-01-2025,CUST-0036,Varun Singh,West,Ahmedabad,PROD-0105,Crocs Classic Clog,Fashion,Footwear,3,2999,0.05,8547.15,3761.38,Net-Banking,9,No,0.0
ORD-11080,24-01-2025,CUST-0036,Varun Singh,West,Ahmedabad,PROD-0003,MacBook Air M3,Electronics,Laptops,3,99999,0.05,284997.15,111770.3,UPI,9,No,0.0
ORD-11081,20-03-2025,CUST-0396,Arun Roy,East,Patna,PROD-0017,Nike Air Force 1,Fashion,Footwear,1,7999,0.1,7199.1,2879.39,Debit,1,No,0.0
ORD-11081,20-03-2025,CUST-0396,Arun Roy,East,Patna,PROD-0109,Thinking Fast and Slow,Books & Stationery,Non-Fiction,1,499,0.0,499.0,273.56,Net-Banking,10,No,97.08
ORD-11081,20-03-2025,CUST-0396,Arun Roy,East,Patna,PROD-0007,Sony WH-1000XM5,Electronics,Headphones,1,24990,0.0,24990.0,13171.68,Gpay,6,No,0.0
ORD-11082,08-02-2025,CUST-0371,Priya Sharma,Central,Raipur,PROD-0017,Nike Air Force 1,Fashion,Footwear,1,7999,0.0,7999.0,4024.03,Gpay,11,No,0.0
ORD-11083,07-03-2025,CUST-0390,Sneha Reddy,East,Patna,PROD-0105,Crocs Classic Clog,Fashion,Footwear,1,2999,0.0,2999.0,1537.44,UPI,1,No,0.0
ORD-11084,21-02-2025,CUST-0400,Nisha Verma,South,Chennai,PROD-0109,Thinking Fast and Slow,Books & Stationery,Non-Fiction,2,499,0.0,998.0,328.33,Visa,4,No,244.66
ORD-11085,11-02-2025,CUST-0393,Priyanka Shah,East,Bhubaneswar,PROD-0108,Bosch Drill Machine,Home & Kitchen,Appliances,2,5499,0.0,10998.0,5499.04,UPI,8,No,0.0
ORD-11085,11-02-2025,CUST-0393,Priyanka Shah,East,Bhubaneswar,PROD-0101,Samsung Galaxy Buds3,Electronics,Headphones,2,12999,0.05,24698.1,13411.32,Net-Banking,7,No,0.0
ORD-11086,08-03-2025,CUST-0045,Mohit Pillai,North,Lucknow,PROD-0107,Instant Pot Duo,Home & Kitchen,Appliances,3,8999,0.15,22947.45,6985.78,UPI,9,No,0.0
ORD-11087,26-04-2025,CUST-0034,Meera Nair,East,Ranchi,PROD-0103,Kindle Paperwhite,Electronics,Tablets,2,14999,0.05,28498.1,10736.09,UPI,8,No,0.0
ORD-11088,22-05-2025,CUST-0416,Aditi Roy,South,Hyderabad,PROD-0046,Atomic Habits,Books & Stationery,Non-Fiction,3,399,0.05,1137.15,607.71,Net-Banking,10,No,55.74
ORD-11089,13-04-2025,CUST-0405,Ankita Singh,South,Hyderabad,PROD-0104,Under Armour Hoodie,Fashion,Men Clothing,2,4299,0.0,8598.0,3337.26,Cash On Delivery,7,No,0.0
ORD-11090,24-05-2025,CUST-0374,Kavya Reddy,South,Bangalore,PROD-0102,Asus ROG Zephyrus,Electronics,Laptops,2,134999,0.0,269998.0,98529.75,Net-Banking,8,No,0.0
ORD-11091,27-01-2025,CUST-0307,Siddharth Shah,North,Jaipur,PROD-0111,Dumbbell Set 20kg,Health & Beauty,Fitness,2,3499,0.2,5598.4,2836.89,Net-Banking,3,No,0.0
ORD-11091,27-01-2025,CUST-0307,Siddharth Shah,North,Jaipur,PROD-0102,Asus ROG Zephyrus,Electronics,Laptops,1,134999,0.0,134999.0,70334.19,Visa,12,No,0.0
ORD-11091,27-01-2025,CUST-0307,Siddharth Shah,North,Jaipur,PROD-0007,Sony WH-1000XM5,Electronics,Headphones,1,24990,0.1,22491.0,6758.15,Cash On Delivery,6,No,0.0
ORD-11091,27-01-2025,CUST-0307,Siddharth Shah,North,Jaipur,PROD-0108,Bosch Drill Machine,Home & Kitchen,Appliances,3,5499,0.0,16497.0,7763.37,Debit,6,No,0.0
ORD-11092,13-03-2025,CUST-0406,Krishna Mehta,Central,Bhopal,PROD-0112,Protein Shaker Bottle,Health & Beauty,Fitness,1,499,0.05,474.05,179.23,Gpay,3,No,313.57
ORD-11092,13-03-2025,CUST-0406,Krishna Mehta,Central,Bhopal,PROD-0109,Thinking Fast and Slow,Books & Stationery,Non-Fiction,2,499,0.0,998.0,482.91,Net-Banking,6,No,345.1
ORD-11093,15-03-2025,CUST-0037,Vikram Pillai,East,Patna,PROD-0108,Bosch Drill Machine,Home & Kitchen,Appliances,1,5499,0.0,5499.0,1780.33,Debit,1,No,0.0
ORD-11094,17-04-2025,CUST-0015,Dev Mishra,North,Jaipur,PROD-0031,Prestige Mixer,Home & Kitchen,Appliances,2,4599,0.0,9198.0,4870.16,Visa,8,No,0.0
ORD-11095,29-01-2025,CUST-0029,Arun Shah,South,Hyderabad,PROD-0111,Dumbbell Set 20kg,Health & Beauty,Fitness,3,3499,0.15,8922.45,4022.47,Net-Banking,4,No,0.0
ORD-11096,11-05-2025,CUST-0410,Karan Gupta,Central,Raipur,PROD-0102,Asus ROG Zephyrus,Electronics,Laptops,3,134999,0.0,404997.0,145263.13,Debit,1,No,0.0
ORD-11097,12-02-2025,CUST-0009,Aditi Iyer,West,Mumbai,PROD-0111,Dumbbell Set 20kg,Health & Beauty,Fitness,2,3499,0.2,5598.4,1856.33,UPI,9,No,0.0
ORD-11097,12-02-2025,CUST-0009,Aditi Iyer,West,Mumbai,PROD-0104,Under Armour Hoodie,Fashion,Men Clothing,1,4299,0.05,4084.05,2191.31,Visa,2,No,0.0
ORD-11098,31-03-2025,CUST-0314,Aarav Patel,South,Kochi,PROD-0108,Bosch Drill Machine,Home & Kitchen,Appliances,2,5499,0.0,10998.0,5633.38,UPI,4,No,0.0
ORD-11099,09-02-2025,CUST-0049,Vivaan Kumar,South,Hyderabad,PROD-0111,Dumbbell Set 20kg,Health & Beauty,Fitness,3,3499,0.2,8397.6,2629.31,Debit,1,No,0.0
ORD-11099,09-02-2025,CUST-0049,Vivaan Kumar,South,Hyderabad,PROD-0007,Sony WH-1000XM5,Electronics,Headphones,2,24990,0.0,49980.0,19497.73,Gpay,8,No,0.0
ORD-11099,09-02-2025,CUST-0049,Vivaan Kumar,South,Hyderabad,PROD-0112,Protein Shaker Bottle,Health & Beauty,Fitness,3,499,0.0,1497.0,620.16,Visa,2,No,384.16
ORD-11100,02-02-2025,CUST-0418,Mohit Iyer,South,Kochi,PROD-0106,Casio G-Shock,Fashion,Accessories,3,9999,0.0,29997.0,11463.4,Net-Banking,11,No,0.0
ORD-11101,23-02-2025,CUST-0070,Amit Singh,East,Kolkata,PROD-0001,iPhone 15 Pro,Electronics,Smartphones,2,89999,0.05,170998.1,92251.81,UPI,1,No,0.0
ORD-11102,01-03-2025,CUST-0357,Krishna Das,South,Chennai,PROD-0103,Kindle Paperwhite,Electronics,Tablets,1,14999,0.2,11999.2,5256.73,Net-Banking,12,No,0.0
ORD-11103,04-02-2025,CUST-0062,Priyanka Roy,North,Jaipur,PROD-0003,MacBook Air M3,Electronics,Laptops,1,99999,0.2,79999.2,32277.7,UPI,4,No,0.0
ORD-11103,04-02-2025,CUST-0062,Priyanka Roy,North,Jaipur,PROD-0061,Cetaphil Moisturizer,Health & Beauty,Skincare,1,799,0.05,759.05,377.19,Net-Banking,6,No,273.81
ORD-11103,04-02-2025,CUST-0062,Priyanka Roy,North,Jaipur,PROD-0046,Atomic Habits,Books & Stationery,Non-Fiction,1,399,0.0,399.0,146.95,Visa,1,No,165.85
ORD-11103,04-02-2025,CUST-0062,Priyanka Roy,North,Jaipur,PROD-0109,Thinking Fast and Slow,Books & Stationery,Non-Fiction,3,499,0.1,1347.3,567.9,Cash On Delivery,12,No,213.07
ORD-11104,27-02-2025,CUST-0040,Swati Yadav,Central,Nagpur,PROD-0106,Casio G-Shock,Fashion,Accessories,1,9999,0.15,8499.15,3951.39,Gpay,6,No,0.0
ORD-11105,31-05-2025,CUST-0028,Priyanka Patel,North,Chandigarh,PROD-0106,Casio G-Shock,Fashion,Accessories,1,9999,0.0,9999.0,5163.05,Cash On Delivery,9,No,0.0
ORD-11105,31-05-2025,CUST-0028,Priyanka Patel,North,Chandigarh,PROD-0061,Cetaphil Moisturizer,Health & Beauty,Skincare,1,799,0.0,799.0,347.96,UPI,3,Yes,127.49
ORD-11106,23-05-2025,CUST-0327,Ananya Das,South,Chennai,PROD-0016,Levi's 501 Jeans,Fashion,Men Clothing,2,3499,0.05,6648.1,2600.83,Gpay,3,No,0.0
ORD-11106,23-05-2025,CUST-0327,Ananya Das,South,Chennai,PROD-0105,Crocs Classic Clog,Fashion,Footwear,2,2999,0.0,5998.0,2370.37,UPI,1,No,0.0
ORD-11106,23-05-2025,CUST-0327,Ananya Das,South,Chennai,PROD-0017,Nike Air Force 1,Fashion,Footwear,1,7999,0.1,7199.1,3796.85,Cash On Delivery,2,No,0.0
ORD-11106,23-05-2025,CUST-0327,Ananya Das,South,Chennai,PROD-0104,Under Armour Hoodie,Fashion,Men Clothing,3,4299,0.2,10317.6,5586.26,Net-Banking,8,No,0.0
ORD-11107,14-04-2025,CUST-0024,Ishita Joshi,East,Ranchi,PROD-0106,Casio G-Shock,Fashion,Accessories,3,9999,0.0,29997.0,12811.55,Gpay,1,Yes,0.0
ORD-11108,12-04-2025,CUST-0001,Arun Reddy,West,Pune,PROD-0001,iPhone 15 Pro,Electronics,Smartphones,2,89999,0.0,179998.0,67665.58,UPI,12,No,0.0
ORD-11108,12-04-2025,CUST-0001,Arun Reddy,West,Pune,PROD-0108,Bosch Drill Machine,Home & Kitchen,Appliances,1,5499,0.0,5499.0,2250.47,Cash On Delivery,4,No,0.0
ORD-11109,11-03-2025,CUST-0322,Nisha Bhat,South,Chennai,PROD-0061,Cetaphil Moisturizer,Health & Beauty,Skincare,1,799,0.0,799.0,324.06,Debit,5,No,363.39
ORD-11110,18-03-2025,CUST-0414,Riya Mehta,Central,Raipur,PROD-0101,Samsung Galaxy Buds3,Electronics,Headphones,1,12999,0.05,12349.05,6461.48,Cash On Delivery,5,No,0.0
ORD-11111,31-01-2025,CUST-0379,Varun Mishra,West,Ahmedabad,PROD-0061,Cetaphil Moisturizer,Health & Beauty,Skincare,2,799,0.0,1598.0,527.92,Visa,9,No,314.14
ORD-11112,27-02-2025,CUST-0376,Raj Singh,Central,Bhopal,PROD-0103,Kindle Paperwhite,Electronics,Tablets,1,14999,0.2,11999.2,3873.96,Net-Banking,10,Yes,0.0
ORD-11112,27-02-2025,CUST-0376,Raj Singh,Central,Bhopal,PROD-0102,Asus ROG Zephyrus,Electronics,Laptops,1,134999,0.15,114749.15,39090.75,Visa,10,No,0.0
ORD-11112,27-02-2025,CUST-0376,Raj Singh,Central,Bhopal,PROD-0105,Crocs Classic Clog,Fashion,Footwear,2,2999,0.2,4798.4,2159.4,Net-Banking,6,No,0.0
ORD-11112,27-02-2025,CUST-0376,Raj Singh,Central,Bhopal,PROD-0106,Casio G-Shock,Fashion,Accessories,3,9999,0.05,28497.15,10112.6,Gpay,4,No,0.0
ORD-11113,14-04-2025,CUST-0038,Sneha Das,East,Ranchi,PROD-0104,Under Armour Hoodie,Fashion,Men Clothing,3,4299,0.2,10317.6,5198.97,Gpay,4,No,0.0
ORD-11114,08-02-2025,CUST-0051,Kavya Mehta,West,Ahmedabad,PROD-0106,Casio G-Shock,Fashion,Accessories,2,9999,0.15,16998.3,6146.55,Debit,4,No,0.0
ORD-11114,08-02-2025,CUST-0051,Kavya Mehta,West,Ahmedabad,PROD-0104,Under Armour Hoodie,Fashion,Men Clothing,2,4299,0.2,6878.4,2872.3,Debit,8,No,0.0
ORD-11115,30-05-2025,CUST-0363,Krishna Das,West,Surat,PROD-0003,MacBook Air M3,Electronics,Laptops,1,99999,0.1,89999.1,35498.44,Cash On Delivery,8,No,0.0
ORD-11116,18-02-2025,CUST-0001,Arun Reddy,West,Pune,PROD-0016,Levi's 501 Jeans,Fashion,Men Clothing,2,3499,0.2,5598.4,2319.6,UPI,8,No,0.0
ORD-11116,18-02-2025,CUST-0001,Arun Reddy,West,Pune,PROD-0031,Prestige Mixer,Home & Kitchen,Appliances,3,4599,0.05,13107.15,7092.03,Cash On Delivery,3,No,0.0
ORD-11117,26-01-2025,CUST-0035,Deepak Singh,East,Ranchi,PROD-0031,Prestige Mixer,Home & Kitchen,Appliances,1,4599,0.0,4599.0,1797.42,Visa,2,No,0.0
ORD-11118,10-01-2025,CUST-0036,Varun Singh,West,Ahmedabad,PROD-0108,Bosch Drill Machine,Home & Kitchen,Appliances,1,5499,0.0,5499.0,1963.82,Visa,6,No,0.0
ORD-11119,11-02-2025,CUST-0347,Vivaan Das,North,Jaipur,PROD-0105,Crocs Classic Clog,Fashion,Footwear,2,2999,0.15,5098.3,2768.18,Gpay,9,No,0.0
ORD-11119,11-02-2025,CUST-0347,Vivaan Das,North,Jaipur,PROD-0103,Kindle Paperwhite,Electronics,Tablets,2,14999,0.05,28498.1,11429.2,UPI,8,No,0.0
ORD-11120,11-05-2025,CUST-0309,Meera Nair,North,Chandigarh,PROD-0001,iPhone 15 Pro,Electronics,Smartphones,3,89999,0.05,256497.15,127745.34,Net-Banking,3,No,0.0
ORD-11121,19-04-2025,CUST-0304,Dev Agarwal,East,Bhubaneswar,PROD-0007,Sony WH-1000XM5,Electronics,Headphones,2,24990,0.15,42483.0,13977.19,Net-Banking,5,No,0.0
ORD-11122,14-04-2025,CUST-0363,Krishna Das,West,Surat,PROD-0103,Kindle Paperwhite,Electronics,Tablets,3,14999,0.15,38247.45,17245.68,Gpay,1,No,0.0
ORD-11122,14-04-2025,CUST-0363,Krishna Das,West,Surat,PROD-0108,Bosch Drill Machine,Home & Kitchen,Appliances,2,5499,0.05,10448.1,3629.55,Gpay,1,No,0.0
ORD-11122,14-04-2025,CUST-0363,Krishna Das,West,Surat,PROD-0046,Atomic Habits,Books & Stationery,Non-Fiction,3,399,0.15,1017.45,401.77,UPI,10,No,171.98
ORD-11122,14-04-2025,CUST-0363,Krishna Das,West,Surat,PROD-0031,Prestige Mixer,Home & Kitchen,Appliances,2,4599,0.0,9198.0,4600.56,Net-Banking,9,No,0.0
ORD-11123,20-01-2025,CUST-0415,Siddharth Choudhury,South,Hyderabad,PROD-0101,Samsung Galaxy Buds3,Electronics,Headphones,3,12999,0.0,38997.0,13559.31,Net-Banking,3,No,0.0
ORD-11124,03-02-2025,CUST-0408,Raj Bhat,West,Surat,PROD-0107,Instant Pot Duo,Home & Kitchen,Appliances,1,8999,0.0,8999.0,2951.53,UPI,9,No,0.0
ORD-11125,19-03-2025,CUST-0010,Meera Mehta,West,Mumbai,PROD-0108,Bosch Drill Machine,Home & Kitchen,Appliances,1,5499,0.15,4674.15,1615.9,UPI,10,No,0.0
ORD-11126,20-02-2025,CUST-0025,Meera Pillai,South,Hyderabad,PROD-0102,Asus ROG Zephyrus,Electronics,Laptops,1,134999,0.2,107999.2,40927.16,Visa,9,No,0.0
ORD-11127,04-04-2025,CUST-0066,Deepak Patel,South,Kochi,PROD-0104,Under Armour Hoodie,Fashion,Men Clothing,2,4299,0.05,8168.1,4057.63,Visa,12,No,0.0
ORD-11128,25-01-2025,CUST-0032,Riya Yadav,East,Patna,PROD-0104,Under Armour Hoodie,Fashion,Men Clothing,1,4299,0.15,3654.15,1810.38,Visa,3,No,0.0
ORD-11128,25-01-2025,CUST-0032,Riya Yadav,East,Patna,PROD-0107,Instant Pot Duo,Home & Kitchen,Appliances,2,8999,0.05,17098.1,7048.29,Net-Banking,1,No,0.0
ORD-11128,25-01-2025,CUST-0032,Riya Yadav,East,Patna,PROD-0111,Dumbbell Set 20kg,Health & Beauty,Fitness,2,3499,0.0,6998.0,3023.14,UPI,2,No,0.0
ORD-11128,25-01-2025,CUST-0032,Riya Yadav,East,Patna,PROD-0003,MacBook Air M3,Electronics,Laptops,1,99999,0.0,99999.0,36191.34,UPI,4,No,0.0
ORD-11129,12-05-2025,CUST-0335,Amit Gupta,South,Bangalore,PROD-0107,Instant Pot Duo,Home & Kitchen,Appliances,1,8999,0.2,7199.2,3903.37,UPI,3,No,0.0
ORD-11129,12-05-2025,CUST-0335,Amit Gupta,South,Bangalore,PROD-0031,Prestige Mixer,Home & Kitchen,Appliances,2,4599,0.0,9198.0,2838.89,Visa,1,No,0.0
ORD-11129,12-05-2025,CUST-0335,Amit Gupta,South,Bangalore,PROD-0102,Asus ROG Zephyrus,Electronics,Laptops,2,134999,0.1,242998.2,108199.01,Gpay,8,No,0.0
ORD-11129,12-05-2025,CUST-0335,Amit Gupta,South,Bangalore,PROD-0104,Under Armour Hoodie,Fashion,Men Clothing,3,4299,0.05,12252.15,4374.67,Visa,8,No,0.0
ORD-11130,05-02-2025,CUST-0052,Arjun Shah,South,Kochi,PROD-0031,Prestige Mixer,Home & Kitchen,Appliances,1,4599,0.0,4599.0,1854.85,Debit,5,No,0.0
ORD-11130,05-02-2025,CUST-0052,Arjun Shah,South,Kochi,PROD-0104,Under Armour Hoodie,Fashion,Men Clothing,2,4299,0.05,8168.1,3533.1,UPI,8,No,0.0
ORD-11130,05-02-2025,CUST-0052,Arjun Shah,South,Kochi,PROD-0102,Asus ROG Zephyrus,Electronics,Laptops,2,134999,0.0,269998.0,104469.82,UPI,11,No,0.0
ORD-11131,01-02-2025,CUST-0079,Dev Yadav,South,Hyderabad,PROD-0103,Kindle Paperwhite,Electronics,Tablets,1,14999,0.0,14999.0,5622.38,Debit,12,No,0.0
ORD-11132,09-04-2025,CUST-0026,Karan Iyer,West,Mumbai,PROD-0109,Thinking Fast and Slow,Books & Stationery,Non-Fiction,1,499,0.0,499.0,212.24,Debit,12,No,90.71
ORD-11133,15-01-2025,CUST-0370,Aarav Roy,Central,Raipur,PROD-0001,iPhone 15 Pro,Electronics,Smartphones,1,89999,0.2,71999.2,37785.85,Gpay,9,No,0.0
ORD-11134,22-03-2025,CUST-0322,Nisha Bhat,South,Chennai,PROD-0003,MacBook Air M3,Electronics,Laptops,1,99999,0.05,94999.05,45202.04,Gpay,1,No,0.0
ORD-11135,10-03-2025,CUST-0335,Amit Gupta,South,Bangalore,PROD-0107,Instant Pot Duo,Home & Kitchen,Appliances,2,8999,0.05,17098.1,7322.15,Debit,6,No,0.0
ORD-11136,22-03-2025,CUST-0378,Shreya Bhat,West,Mumbai,PROD-0111,Dumbbell Set 20kg,Health & Beauty,Fitness,3,3499,0.1,9447.3,4958.93,UPI,5,No,0.0
ORD-11137,08-04-2025,CUST-0029,Arun Shah,South,Hyderabad,PROD-0109,Thinking Fast and Slow,Books & Stationery,Non-Fiction,3,499,0.0,1497.0,731.9,Net-Banking,8,No,386.6
ORD-11137,08-04-2025,CUST-0029,Arun Shah,South,Hyderabad,PROD-0106,Casio G-Shock,Fashion,Accessories,1,9999,0.05,9499.05,4812.63,Gpay,7,No,0.0
ORD-11138,23-03-2025,CUST-0037,Vikram Pillai,East,Patna,PROD-0017,Nike Air Force 1,Fashion,Footwear,2,7999,0.0,15998.0,5984.4,Gpay,9,No,0.0
ORD-11139,24-04-2025,CUST-0043,Varun Verma,South,Chennai,PROD-0031,Prestige Mixer,Home & Kitchen,Appliances,2,4599,0.1,8278.2,3930.64,Visa,12,No,0.0
ORD-11140,04-04-2025,CUST-0351,Sakshi Roy,West,Mumbai,PROD-0007,Sony WH-1000XM5,Electronics,Headphones,2,24990,0.05,47481.0,19062.6,Visa,10,No,0.0
ORD-11141,07-04-2025,CUST-0311,Suresh Sharma,North,Lucknow,PROD-0105,Crocs Classic Clog,Fashion,Footwear,2,2999,0.0,5998.0,3166.52,Visa,2,No,0.0
ORD-11142,07-03-2025,CUST-0331,Varun Reddy,Central,Raipur,PROD-0108,Bosch Drill Machine,Home & Kitchen,Appliances,3,5499,0.0,16497.0,6807.65,Debit,5,No,0.0
ORD-11142,07-03-2025,CUST-0331,Varun Reddy,Central,Raipur,PROD-0101,Samsung Galaxy Buds3,Electronics,Headphones,2,12999,0.05,24698.1,9494.34,Gpay,4,No,0.0
ORD-11143,10-01-2025,CUST-0067,Raj Kumar,South,Kochi,PROD-0101,Samsung Galaxy Buds3,Electronics,Headphones,1,12999,0.15,11049.15,5681.91,Visa,4,No,0.0
ORD-11144,06-01-2025,CUST-0327,Ananya Das,South,Chennai,PROD-0104,Under Armour Hoodie,Fashion,Men Clothing,2,4299,0.05,8168.1,3239.91,Net-Banking,3,No,0.0
ORD-11145,19-03-2025,CUST-0342,Nisha Singh,Central,Bhopal,PROD-0109,Thinking Fast and Slow,Books & Stationery,Non-Fiction,2,499,0.0,998.0,397.37,UPI,1,No,381.42
ORD-11145,19-03-2025,CUST-0342,Nisha Singh,Central,Bhopal,PROD-0112,Protein Shaker Bottle,Health & Beauty,Fitness,2,499,0.0,998.0,339.88,Debit,4,No,217.79
ORD-11146,22-05-2025,CUST-0328,Varun Sharma,East,Bhubaneswar,PROD-0103,Kindle Paperwhite,Electronics,Tablets,2,14999,0.05,28498.1,14781.65,Debit,8,No,0.0
ORD-11147,26-02-2025,CUST-0060,Shreya Mishra,North,Delhi,PROD-0016,Levi's 501 Jeans,Fashion,Men Clothing,3,3499,0.05,9972.15,4963.14,UPI,9,No,0.0
ORD-11148,10-03-2025,CUST-0309,Meera Nair,North,Chandigarh,PROD-0106,Casio G-Shock,Fashion,Accessories,1,9999,0.1,8999.1,3050.78,Gpay,9,No,0.0
ORD-11149,27-04-2025,CUST-0045,Mohit Pillai,North,Lucknow,PROD-0016,Levi's 501 Jeans,Fashion,Men Clothing,2,3499,0.0,6998.0,3042.48,Visa,10,No,0.0
ORD-11149,27-04-2025,CUST-0045,Mohit Pillai,North,Lucknow,PROD-0001,iPhone 15 Pro,Electronics,Smartphones,3,89999,0.15,229497.45,87656.95,Gpay,9,No,0.0
ORD-11149,27-04-2025,CUST-0045,Mohit Pillai,North,Lucknow,PROD-0046,Atomic Habits,Books & Stationery,Non-Fiction,1,399,0.1,359.1,108.82,Debit,11,No,281.83
ORD-11150,15-03-2025,CUST-0393,Priyanka Shah,East,Bhubaneswar,PROD-0003,MacBook Air M3,Electronics,Laptops,2,99999,0.15,169998.3,51318.36,Cash On Delivery,8,No,0.0
ORD-11150,15-03-2025,CUST-0393,Priyanka Shah,East,Bhubaneswar,PROD-0016,Levi's 501 Jeans,Fashion,Men Clothing,3,3499,0.0,10497.0,5380.58,Gpay,8,No,0.0
ORD-11151,05-03-2025,CUST-0364,Mohit Das,South,Kochi,PROD-0111,Dumbbell Set 20kg,Health & Beauty,Fitness,1,3499,0.0,3499.0,1628.21,UPI,4,No,0.0
ORD-11151,05-03-2025,CUST-0364,Mohit Das,South,Kochi,PROD-0106,Casio G-Shock,Fashion,Accessories,3,9999,0.05,28497.15,11275.53,Cash On Delivery,6,No,0.0
ORD-11151,05-03-2025,CUST-0364,Mohit Das,South,Kochi,PROD-0101,Samsung Galaxy Buds3,Electronics,Headphones,1,12999,0.2,10399.2,5166.58,Net-Banking,8,No,0.0
ORD-11151,05-03-2025,CUST-0364,Mohit Das,South,Kochi,PROD-0112,Protein Shaker Bottle,Health & Beauty,Fitness,1,499,0.0,499.0,175.11,Cash On Delivery,4,No,127.08
ORD-11152,07-04-2025,CUST-0359,Arun Kumar,West,Mumbai,PROD-0007,Sony WH-1000XM5,Electronics,Headphones,1,24990,0.0,24990.0,8595.25,UPI,10,No,0.0
ORD-11153,26-01-2025,CUST-0413,Ananya Patel,East,Patna,PROD-0003,MacBook Air M3,Electronics,Laptops,2,99999,0.0,199998.0,92544.74,Gpay,9,No,0.0
ORD-11154,26-04-2025,CUST-0377,Vivaan Reddy,East,Bhubaneswar,PROD-0108,Bosch Drill Machine,Home & Kitchen,Appliances,3,5499,0.0,16497.0,8477.23,Visa,9,No,0.0
ORD-11154,26-04-2025,CUST-0377,Vivaan Reddy,East,Bhubaneswar,PROD-0017,Nike Air Force 1,Fashion,Footwear,2,7999,0.0,15998.0,5547.42,Cash On Delivery,4,No,0.0
ORD-11155,25-04-2025,CUST-0308,Karan Joshi,Central,Raipur,PROD-0108,Bosch Drill Machine,Home & Kitchen,Appliances,3,5499,0.1,14847.3,5255.28,Visa,10,No,0.0
ORD-11155,25-04-2025,CUST-0308,Karan Joshi,Central,Raipur,PROD-0031,Prestige Mixer,Home & Kitchen,Appliances,1,4599,0.1,4139.1,1344.7,Cash On Delivery,10,No,0.0
ORD-11155,25-04-2025,CUST-0308,Karan Joshi,Central,Raipur,PROD-0001,iPhone 15 Pro,Electronics,Smartphones,3,89999,0.0,269997.0,112492.66,Debit,8,No,0.0
ORD-11156,20-03-2025,CUST-0404,Nisha Bhat,East,Kolkata,PROD-0101,Samsung Galaxy Buds3,Electronics,Headphones,3,12999,0.0,38997.0,19688.85,Net-Banking,1,No,0.0
ORD-11157,22-05-2025,CUST-0407,Aarav Reddy,North,Delhi,PROD-0101,Samsung Galaxy Buds3,Electronics,Headphones,1,12999,0.0,12999.0,4508.53,Cash On Delivery,11,No,0.0
ORD-11158,03-02-2025,CUST-0321,Varun Joshi,South,Bangalore,PROD-0112,Protein Shaker Bottle,Health & Beauty,Fitness,1,499,0.2,399.2,177.62,Debit,10,No,275.62
ORD-11159,10-02-2025,CUST-0028,Priyanka Patel,North,Chandigarh,PROD-0103,Kindle Paperwhite,Electronics,Tablets,3,14999,0.05,42747.15,19286.01,Debit,12,No,0.0
ORD-11160,16-02-2025,CUST-0316,Sneha Gupta,East,Ranchi,PROD-0046,Atomic Habits,Books & Stationery,Non-Fiction,3,399,0.0,1197.0,446.97,Cash On Delivery,3,Yes,297.21
ORD-11160,16-02-2025,CUST-0316,Sneha Gupta,East,Ranchi,PROD-0007,Sony WH-1000XM5,Electronics,Headphones,1,24990,0.0,24990.0,9354.32,Net-Banking,1,No,0.0
ORD-11160,16-02-2025,CUST-0316,Sneha Gupta,East,Ranchi,PROD-0061,Cetaphil Moisturizer,Health & Beauty,Skincare,2,799,0.0,1598.0,534.82,UPI,8,No,144.23
ORD-11161,31-05-2025,CUST-0014,Ishita Patel,Central,Bhopal,PROD-0111,Dumbbell Set 20kg,Health & Beauty,Fitness,1,3499,0.0,3499.0,1602.94,Gpay,2,No,0.0
ORD-11161,31-05-2025,CUST-0014,Ishita Patel,Central,Bhopal,PROD-0109,Thinking Fast and Slow,Books & Stationery,Non-Fiction,3,499,0.0,1497.0,777.8,UPI,2,No,81.95
ORD-11161,31-05-2025,CUST-0014,Ishita Patel,Central,Bhopal,PROD-0007,Sony WH-1000XM5,Electronics,Headphones,1,24990,0.15,21241.5,10834.11,UPI,6,No,0.0
ORD-11161,31-05-2025,CUST-0014,Ishita Patel,Central,Bhopal,PROD-0046,Atomic Habits,Books & Stationery,Non-Fiction,1,399,0.0,399.0,120.88,Net-Banking,8,No,224.09
ORD-11162,01-01-2025,CUST-0407,Aarav Reddy,North,Delhi,PROD-0016,Levi's 501 Jeans,Fashion,Men Clothing,2,3499,0.0,6998.0,3087.61,Net-Banking,6,No,0.0
ORD-11163,25-03-2025,CUST-0399,Siddharth Sharma,South,Hyderabad,PROD-0111,Dumbbell Set 20kg,Health & Beauty,Fitness,1,3499,0.2,2799.2,1128.67,Debit,1,No,0.0
ORD-11163,25-03-2025,CUST-0399,Siddharth Sharma,South,Hyderabad,PROD-0007,Sony WH-1000XM5,Electronics,Headphones,1,24990,0.15,21241.5,8639.38,Cash On Delivery,11,No,0.0
ORD-11163,25-03-2025,CUST-0399,Siddharth Sharma,South,Hyderabad,PROD-0016,Levi's 501 Jeans,Fashion,Men Clothing,3,3499,0.1,9447.3,3464.68,Cash On Delivery,2,No,0.0
ORD-11163,25-03-2025,CUST-0399,Siddharth Sharma,South,Hyderabad,PROD-0105,Crocs Classic Clog,Fashion,Footwear,3,2999,0.2,7197.6,2910.17,Cash On Delivery,2,No,0.0
ORD-11164,11-04-2025,CUST-0020,Amit Shah,East,Patna,PROD-0017,Nike Air Force 1,Fashion,Footwear,1,7999,0.0,7999.0,3648.09,Net-Banking,3,No,0.0
ORD-11165,10-04-2025,CUST-0342,Nisha Singh,Central,Bhopal,PROD-0108,Bosch Drill Machine,Home & Kitchen,Appliances,1,5499,0.0,5499.0,2057.73,Cash On Delivery,3,Yes,0.0
ORD-11166,11-05-2025,CUST-0009,Aditi Iyer,West,Mumbai,PROD-0102,Asus ROG Zephyrus,Electronics,Laptops,2,134999,0.0,269998.0,126748.04,Net-Banking,5,No,0.0
ORD-11167,24-04-2025,CUST-0011,Divya Reddy,West,Surat,PROD-0101,Samsung Galaxy Buds3,Electronics,Headphones,3,12999,0.0,38997.0,14205.96,Gpay,5,No,0.0
ORD-11167,24-04-2025,CUST-0011,Divya Reddy,West,Surat,PROD-0110,The Psychology of Money,Books & Stationery,Non-Fiction,3,349,0.0,1047.0,463.07,Debit,8,No,335.71
ORD-11168,03-01-2025,CUST-0398,Manish Gupta,East,Patna,PROD-0111,Dumbbell Set 20kg,Health & Beauty,Fitness,2,3499,0.0,6998.0,2882.54,Visa,11,No,0.0
ORD-11168,03-01-2025,CUST-0398,Manish Gupta,East,Patna,PROD-0106,Casio G-Shock,Fashion,Accessories,2,9999,0.0,19998.0,6104.14,Debit,8,No,0.0
ORD-11168,03-01-2025,CUST-0398,Manish Gupta,East,Patna,PROD-0104,Under Armour Hoodie,Fashion,Men Clothing,2,4299,0.0,8598.0,4570.16,Cash On Delivery,8,No,0.0
ORD-11168,03-01-2025,CUST-0398,Manish Gupta,East,Patna,PROD-0007,Sony WH-1000XM5,Electronics,Headphones,2,24990,0.15,42483.0,17285.27,Gpay,10,No,0.0
ORD-11169,06-04-2025,CUST-0325,Raj Kumar,West,Mumbai,PROD-0007,Sony WH-1000XM5,Electronics,Headphones,2,24990,0.1,44982.0,15761.83,Cash On Delivery,11,No,0.0
ORD-11170,06-05-2025,CUST-0001,Arun Reddy,West,Pune,PROD-0106,Casio G-Shock,Fashion,Accessories,2,9999,0.1,17998.2,8420.75,Visa,9,No,0.0
ORD-11170,06-05-2025,CUST-0001,Arun Reddy,West,Pune,PROD-0017,Nike Air Force 1,Fashion,Footwear,1,7999,0.0,7999.0,3781.37,UPI,4,No,0.0
ORD-11171,23-04-2025,CUST-0048,Ankita Pillai,West,Ahmedabad,PROD-0046,Atomic Habits,Books & Stationery,Non-Fiction,3,399,0.0,1197.0,645.75,Cash On Delivery,3,Yes,132.99
ORD-11172,03-03-2025,CUST-0401,Kavya Verma,East,Ranchi,PROD-0109,Thinking Fast and Slow,Books & Stationery,Non-Fiction,1,499,0.0,499.0,238.06,Gpay,9,No,203.37
ORD-11173,29-04-2025,CUST-0371,Priya Sharma,Central,Raipur,PROD-0105,Crocs Classic Clog,Fashion,Footwear,3,2999,0.0,8997.0,4936.78,Cash On Delivery,12,No,0.0
ORD-11174,16-05-2025,CUST-0304,Dev Agarwal,East,Bhubaneswar,PROD-0105,Crocs Classic Clog,Fashion,Footwear,1,2999,0.0,2999.0,1272.93,Visa,10,No,0.0
ORD-11175,17-03-2025,CUST-0044,Rahul Shah,West,Mumbai,PROD-0046,Atomic Habits,Books & Stationery,Non-Fiction,3,399,0.1,1077.3,556.39,Cash On Delivery,9,No,248.29
ORD-11175,17-03-2025,CUST-0044,Rahul Shah,West,Mumbai,PROD-0103,Kindle Paperwhite,Electronics,Tablets,2,14999,0.1,26998.2,11986.88,Visa,2,No,0.0
ORD-11176,30-01-2025,CUST-0001,Arun Reddy,West,Pune,PROD-0046,Atomic Habits,Books & Stationery,Non-Fiction,3,399,0.0,1197.0,494.37,Debit,5,No,193.45
ORD-11176,30-01-2025,CUST-0001,Arun Reddy,West,Pune,PROD-0108,Bosch Drill Machine,Home & Kitchen,Appliances,1,5499,0.0,5499.0,2516.98,UPI,12,No,0.0
ORD-11177,06-01-2025,CUST-0047,Deepak Reddy,Central,Indore,PROD-0102,Asus ROG Zephyrus,Electronics,Laptops,1,134999,0.15,114749.15,37948.99,Cash On Delivery,9,No,0.0
ORD-11177,06-01-2025,CUST-0047,Deepak Reddy,Central,Indore,PROD-0046,Atomic Habits,Books & Stationery,Non-Fiction,3,399,0.1,1077.3,352.49,UPI,2,No,215.69
ORD-11178,13-03-2025,CUST-0063,Dev Gupta,East,Kolkata,PROD-0109,Thinking Fast and Slow,Books & Stationery,Non-Fiction,1,499,0.0,499.0,162.07,Cash On Delivery,7,Yes,86.97
ORD-11178,13-03-2025,CUST-0063,Dev Gupta,East,Kolkata,PROD-0017,Nike Air Force 1,Fashion,Footwear,2,7999,0.0,15998.0,5607.75,Debit,7,No,0.0
ORD-11178,13-03-2025,CUST-0063,Dev Gupta,East,Kolkata,PROD-0061,Cetaphil Moisturizer,Health & Beauty,Skincare,2,799,0.0,1598.0,736.15,Net-Banking,8,No,140.16
ORD-11179,05-01-2025,CUST-0369,Neha Verma,South,Chennai,PROD-0107,Instant Pot Duo,Home & Kitchen,Appliances,3,8999,0.15,22947.45,11559.59,UPI,6,No,0.0
ORD-11179,05-01-2025,CUST-0369,Neha Verma,South,Chennai,PROD-0109,Thinking Fast and Slow,Books & Stationery,Non-Fiction,2,499,0.05,948.1,466.1,Debit,12,No,375.15
ORD-11179,05-01-2025,CUST-0369,Neha Verma,South,Chennai,PROD-0111,Dumbbell Set 20kg,Health & Beauty,Fitness,2,3499,0.0,6998.0,2734.52,Net-Banking,6,No,0.0
ORD-11179,05-01-2025,CUST-0369,Neha Verma,South,Chennai,PROD-0031,Prestige Mixer,Home & Kitchen,Appliances,3,4599,0.15,11727.45,5511.5,Visa,6,No,0.0
ORD-11180,28-02-2025,CUST-0404,Nisha Bhat,East,Kolkata,PROD-0107,Instant Pot Duo,Home & Kitchen,Appliances,2,8999,0.0,17998.0,9354.37,Visa,10,No,0.0
ORD-11181,19-04-2025,CUST-0376,Raj Singh,Central,Bhopal,PROD-0104,Under Armour Hoodie,Fashion,Men Clothing,3,4299,0.0,12897.0,4174.17,Cash On Delivery,10,No,0.0
ORD-11181,19-04-2025,CUST-0376,Raj Singh,Central,Bhopal,PROD-0110,The Psychology of Money,Books & Stationery,Non-Fiction,3,349,0.2,837.6,337.5,Gpay,3,No,182.46
ORD-11182,13-03-2025,CUST-0405,Ankita Singh,South,Hyderabad,PROD-0003,MacBook Air M3,Electronics,Laptops,2,99999,0.1,179998.2,91786.8,Cash On Delivery,8,Yes,0.0
ORD-11183,09-02-2025,CUST-0020,Amit Shah,East,Patna,PROD-0003,MacBook Air M3,Electronics,Laptops,3,99999,0.0,299997.0,97288.7,Visa,5,No,0.0
ORD-11184,02-02-2025,CUST-0003,Arun Bhat,East,Kolkata,PROD-0109,Thinking Fast and Slow,Books & Stationery,Non-Fiction,3,499,0.1,1347.3,412.86,Debit,11,No,84.2
ORD-11185,26-04-2025,CUST-0064,Aditi Patel,West,Ahmedabad,PROD-0106,Casio G-Shock,Fashion,Accessories,1,9999,0.2,7999.2,3113.39,Net-Banking,1,No,0.0
ORD-11186,02-04-2025,CUST-0334,Rahul Roy,North,Jaipur,PROD-0101,Samsung Galaxy Buds3,Electronics,Headphones,2,12999,0.0,25998.0,9751.11,Cash On Delivery,9,No,0.0
ORD-11186,02-04-2025,CUST-0334,Rahul Roy,North,Jaipur,PROD-0112,Protein Shaker Bottle,Health & Beauty,Fitness,1,499,0.2,399.2,207.18,UPI,2,No,228.59
ORD-11186,02-04-2025,CUST-0334,Rahul Roy,North,Jaipur,PROD-0111,Dumbbell Set 20kg,Health & Beauty,Fitness,3,3499,0.0,10497.0,3481.05,Visa,2,No,0.0
ORD-11187,03-04-2025,CUST-0403,Vikram Singh,South,Kochi,PROD-0106,Casio G-Shock,Fashion,Accessories,1,9999,0.0,9999.0,3148.4,Cash On Delivery,11,No,0.0
ORD-11187,03-04-2025,CUST-0403,Vikram Singh,South,Kochi,PROD-0111,Dumbbell Set 20kg,Health & Beauty,Fitness,2,3499,0.0,6998.0,2575.03,Visa,12,No,0.0
ORD-11188,29-04-2025,CUST-0022,Sara Agarwal,Central,Raipur,PROD-0105,Crocs Classic Clog,Fashion,Footwear,2,2999,0.05,5698.1,2506.9,Debit,2,No,0.0
ORD-11189,20-01-2025,CUST-0019,Ananya Reddy,South,Kochi,PROD-0108,Bosch Drill Machine,Home & Kitchen,Appliances,2,5499,0.0,10998.0,3462.2,Debit,4,No,0.0
ORD-11190,20-02-2025,CUST-0330,Arun Gupta,East,Bhubaneswar,PROD-0003,MacBook Air M3,Electronics,Laptops,1,99999,0.15,84999.15,40619.97,Net-Banking,3,No,0.0
ORD-11190,20-02-2025,CUST-0330,Arun Gupta,East,Bhubaneswar,PROD-0106,Casio G-Shock,Fashion,Accessories,1,9999,0.05,9499.05,3473.62,Cash On Delivery,3,No,0.0
ORD-11190,20-02-2025,CUST-0330,Arun Gupta,East,Bhubaneswar,PROD-0017,Nike Air Force 1,Fashion,Footwear,3,7999,0.2,19197.6,9201.98,Debit,10,Yes,0.0
ORD-11191,30-04-2025,CUST-0378,Shreya Bhat,West,Mumbai,PROD-0109,Thinking Fast and Slow,Books & Stationery,Non-Fiction,2,499,0.0,998.0,417.59,Debit,10,No,371.78
ORD-11191,30-04-2025,CUST-0378,Shreya Bhat,West,Mumbai,PROD-0046,Atomic Habits,Books & Stationery,Non-Fiction,1,399,0.1,359.1,136.17,Cash On Delivery,9,No,310.23
ORD-11191,30-04-2025,CUST-0378,Shreya Bhat,West,Mumbai,PROD-0106,Casio G-Shock,Fashion,Accessories,1,9999,0.2,7999.2,3881.02,Net-Banking,12,No,0.0
ORD-11192,19-02-2025,CUST-0058,Vikram Joshi,Central,Bhopal,PROD-0046,Atomic Habits,Books & Stationery,Non-Fiction,1,399,0.0,399.0,144.34,Debit,10,No,75.65
ORD-11193,30-05-2025,CUST-0395,Varun Kumar,North,Delhi,PROD-0103,Kindle Paperwhite,Electronics,Tablets,1,14999,0.0,14999.0,7561.01,Cash On Delivery,2,No,0.0
ORD-11194,09-03-2025,CUST-0406,Krishna Mehta,Central,Bhopal,PROD-0101,Samsung Galaxy Buds3,Electronics,Headphones,3,12999,0.1,35097.3,16584.84,Gpay,10,No,0.0
ORD-11194,09-03-2025,CUST-0406,Krishna Mehta,Central,Bhopal,PROD-0104,Under Armour Hoodie,Fashion,Men Clothing,3,4299,0.05,12252.15,5175.93,Net-Banking,9,No,0.0
ORD-11194,09-03-2025,CUST-0406,Krishna Mehta,Central,Bhopal,PROD-0107,Instant Pot Duo,Home & Kitchen,Appliances,1,8999,0.05,8549.05,2740.35,Gpay,8,No,0.0
ORD-11195,27-02-2025,CUST-0342,Nisha Singh,Central,Bhopal,PROD-0031,Prestige Mixer,Home & Kitchen,Appliances,3,4599,0.0,13797.0,5411.62,Visa,1,No,0.0
ORD-11195,27-02-2025,CUST-0342,Nisha Singh,Central,Bhopal,PROD-0017,Nike Air Force 1,Fashion,Footwear,3,7999,0.15,20397.45,9812.25,UPI,11,No,0.0
ORD-11195,27-02-2025,CUST-0342,Nisha Singh,Central,Bhopal,PROD-0110,The Psychology of Money,Books & Stationery,Non-Fiction,3,349,0.0,1047.0,494.29,Gpay,6,No,352.58
ORD-11196,20-01-2025,CUST-0413,Ananya Patel,East,Patna,PROD-0016,Levi's 501 Jeans,Fashion,Men Clothing,2,3499,0.2,5598.4,2375.08,Visa,9,No,0.0
ORD-11197,02-03-2025,CUST-0049,Vivaan Kumar,South,Hyderabad,PROD-0108,Bosch Drill Machine,Home & Kitchen,Appliances,3,5499,0.1,14847.3,5515.31,Debit,3,No,0.0
ORD-11198,19-01-2025,CUST-0017,Swati Sharma,East,Ranchi,PROD-0101,Samsung Galaxy Buds3,Electronics,Headphones,2,12999,0.05,24698.1,9549.02,Net-Banking,1,No,0.0
ORD-11199,31-01-2025,CUST-0391,Ishita Singh,North,Jaipur,PROD-0101,Samsung Galaxy Buds3,Electronics,Headphones,2,12999,0.0,25998.0,11231.95,Visa,3,No,0.0
ORD-11200,15-05-2025,CUST-0073,Karan Agarwal,East,Patna,PROD-0106,Casio G-Shock,Fashion,Accessories,3,9999,0.15,25497.45,8853.14,Gpay,1,No,0.0
ORD-11201,05-02-2025,CUST-0040,Swati Yadav,Central,Nagpur,PROD-0001,iPhone 15 Pro,Electronics,Smartphones,2,89999,0.0,179998.0,62605.78,Debit,3,No,0.0
ORD-11202,01-03-2025,CUST-0043,Varun Verma,South,Chennai,PROD-0105,Crocs Classic Clog,Fashion,Footwear,1,2999,0.05,2849.05,1215.92,Visa,10,No,0.0
ORD-11203,07-01-2025,CUST-0006,Meera Gupta,West,Surat,PROD-0001,iPhone 15 Pro,Electronics,Smartphones,3,89999,0.0,269997.0,143847.42,Visa,9,No,0.0
ORD-11204,20-02-2025,CUST-0300,Riya Sharma,Central,Indore,PROD-0108,Bosch Drill Machine,Home & Kitchen,Appliances,2,5499,0.1,9898.2,5252.93,Gpay,9,No,0.0
ORD-11205,21-03-2025,CUST-0335,Amit Gupta,South,Bangalore,PROD-0102,Asus ROG Zephyrus,Electronics,Laptops,3,134999,0.1,364497.3,170920.89,Debit,5,No,0.0
ORD-11205,21-03-2025,CUST-0335,Amit Gupta,South,Bangalore,PROD-0110,The Psychology of Money,Books & Stationery,Non-Fiction,3,349,0.0,1047.0,471.5,Visa,2,No,339.89
ORD-11205,21-03-2025,CUST-0335,Amit Gupta,South,Bangalore,PROD-0104,Under Armour Hoodie,Fashion,Men Clothing,3,4299,0.0,12897.0,5389.92,Net-Banking,4,Yes,0.0
ORD-11206,22-02-2025,CUST-0050,Priyanka Patel,North,Delhi,PROD-0108,Bosch Drill Machine,Home & Kitchen,Appliances,1,5499,0.2,4399.2,1662.05,Gpay,9,No,0.0
ORD-11207,15-04-2025,CUST-0073,Karan Agarwal,East,Patna,PROD-0104,Under Armour Hoodie,Fashion,Men Clothing,3,4299,0.0,12897.0,6583.35,Debit,2,No,0.0
ORD-11208,10-03-2025,CUST-0078,Deepak Agarwal,Central,Bhopal,PROD-0105,Crocs Classic Clog,Fashion,Footwear,2,2999,0.1,5398.2,2857.81,Gpay,4,No,0.0
ORD-11208,10-03-2025,CUST-0078,Deepak Agarwal,Central,Bhopal,PROD-0109,Thinking Fast and Slow,Books & Stationery,Non-Fiction,3,499,0.05,1422.15,458.31,Cash On Delivery,1,No,52.67
ORD-11208,10-03-2025,CUST-0078,Deepak Agarwal,Central,Bhopal,PROD-0046,Atomic Habits,Books & Stationery,Non-Fiction,3,399,0.0,1197.0,396.05,Gpay,11,No,253.72
ORD-11209,16-04-2025,CUST-0336,Vivaan Joshi,North,Lucknow,PROD-0108,Bosch Drill Machine,Home & Kitchen,Appliances,1,5499,0.2,4399.2,2083.82,Visa,12,No,0.0
ORD-11210,27-03-2025,CUST-0391,Ishita Singh,North,Jaipur,PROD-0102,Asus ROG Zephyrus,Electronics,Laptops,3,134999,0.0,404997.0,130279.24,Cash On Delivery,10,No,0.0
ORD-11211,18-04-2025,CUST-0348,Sneha Roy,West,Pune,PROD-0031,Prestige Mixer,Home & Kitchen,Appliances,1,4599,0.2,3679.2,1875.63,Cash On Delivery,11,No,0.0
ORD-11212,05-02-2025,CUST-0014,Ishita Patel,Central,Bhopal,PROD-0108,Bosch Drill Machine,Home & Kitchen,Appliances,2,5499,0.05,10448.1,4300.37,UPI,8,No,0.0
ORD-11213,28-02-2025,CUST-0395,Varun Kumar,North,Delhi,PROD-0103,Kindle Paperwhite,Electronics,Tablets,2,14999,0.1,26998.2,12488.46,Cash On Delivery,2,No,0.0
ORD-11214,24-02-2025,CUST-0058,Vikram Joshi,Central,Bhopal,PROD-0046,Atomic Habits,Books & Stationery,Non-Fiction,3,399,0.0,1197.0,581.9,Visa,6,No,191.32
ORD-11215,18-05-2025,CUST-0013,Deepak Agarwal,South,Chennai,PROD-0007,Sony WH-1000XM5,Electronics,Headphones,2,24990,0.2,39984.0,15228.35,Net-Banking,2,No,0.0
ORD-11215,18-05-2025,CUST-0013,Deepak Agarwal,South,Chennai,PROD-0101,Samsung Galaxy Buds3,Electronics,Headphones,2,12999,0.1,23398.2,11842.33,Net-Banking,2,No,0.0
ORD-11216,08-04-2025,CUST-0051,Kavya Mehta,West,Ahmedabad,PROD-0109,Thinking Fast and Slow,Books & Stationery,Non-Fiction,1,499,0.0,499.0,238.46,Net-Banking,2,No,267.01
ORD-11216,08-04-2025,CUST-0051,Kavya Mehta,West,Ahmedabad,PROD-0046,Atomic Habits,Books & Stationery,Non-Fiction,2,399,0.2,638.4,276.7,UPI,8,No,323.56
ORD-11216,08-04-2025,CUST-0051,Kavya Mehta,West,Ahmedabad,PROD-0017,Nike Air Force 1,Fashion,Footwear,3,7999,0.05,22797.15,7305.32,Visa,8,No,0.0
ORD-11217,25-04-2025,CUST-0336,Vivaan Joshi,North,Lucknow,PROD-0106,Casio G-Shock,Fashion,Accessories,2,9999,0.0,19998.0,6149.89,Cash On Delivery,2,No,0.0
ORD-11218,20-05-2025,CUST-0399,Siddharth Sharma,South,Hyderabad,PROD-0016,Levi's 501 Jeans,Fashion,Men Clothing,2,3499,0.0,6998.0,2983.23,Cash On Delivery,1,No,0.0
ORD-11218,20-05-2025,CUST-0399,Siddharth Sharma,South,Hyderabad,PROD-0102,Asus ROG Zephyrus,Electronics,Laptops,2,134999,0.2,215998.4,68807.58,Debit,5,No,0.0
ORD-11218,20-05-2025,CUST-0399,Siddharth Sharma,South,Hyderabad,PROD-0046,Atomic Habits,Books & Stationery,Non-Fiction,1,399,0.1,359.1,171.25,Gpay,1,No,268.69
ORD-11218,20-05-2025,CUST-0399,Siddharth Sharma,South,Hyderabad,PROD-0108,Bosch Drill Machine,Home & Kitchen,Appliances,3,5499,0.05,15672.15,5897.49,UPI,11,No,0.0
ORD-11219,20-01-2025,CUST-0068,Pooja Iyer,South,Hyderabad,PROD-0111,Dumbbell Set 20kg,Health & Beauty,Fitness,1,3499,0.15,2974.15,1500.25,Cash On Delivery,6,No,0.0
ORD-11220,01-03-2025,CUST-0311,Suresh Sharma,North,Lucknow,PROD-0108,Bosch Drill Machine,Home & Kitchen,Appliances,2,5499,0.1,9898.2,4792.28,Debit,1,No,0.0
ORD-11221,24-02-2025,CUST-0373,Aarav Reddy,North,Delhi,PROD-0106,Casio G-Shock,Fashion,Accessories,2,9999,0.0,19998.0,10960.3,Visa,2,No,0.0
ORD-11222,15-01-2025,CUST-0374,Kavya Reddy,South,Bangalore,PROD-0102,Asus ROG Zephyrus,Electronics,Laptops,3,134999,0.05,384747.15,189260.53,Visa,1,No,0.0
ORD-11222,15-01-2025,CUST-0374,Kavya Reddy,South,Bangalore,PROD-0016,Levi's 501 Jeans,Fashion,Men Clothing,3,3499,0.2,8397.6,4149.06,Debit,2,No,0.0
ORD-11222,15-01-2025,CUST-0374,Kavya Reddy,South,Bangalore,PROD-0017,Nike Air Force 1,Fashion,Footwear,2,7999,0.0,15998.0,5056.69,Gpay,2,No,0.0
ORD-11223,23-03-2025,CUST-0409,Aarav Reddy,West,Mumbai,PROD-0107,Instant Pot Duo,Home & Kitchen,Appliances,3,8999,0.1,24297.3,12374.74,Visa,7,No,0.0
ORD-11223,23-03-2025,CUST-0409,Aarav Reddy,West,Mumbai,PROD-0061,Cetaphil Moisturizer,Health & Beauty,Skincare,3,799,0.05,2277.15,1115.7,Debit,12,No,0.0
ORD-11224,07-04-2025,CUST-0342,Nisha Singh,Central,Bhopal,PROD-0108,Bosch Drill Machine,Home & Kitchen,Appliances,1,5499,0.05,5224.05,2089.29,Cash On Delivery,10,No,0.0
ORD-11225,21-03-2025,CUST-0374,Kavya Reddy,South,Bangalore,PROD-0110,The Psychology of Money,Books & Stationery,Non-Fiction,2,349,0.1,628.2,281.15,Gpay,5,No,78.88
ORD-11226,25-02-2025,CUST-0411,Krishna Pillai,South,Kochi,PROD-0110,The Psychology of Money,Books & Stationery,Non-Fiction,1,349,0.15,296.65,147.54,Visa,11,No,201.09
ORD-11227,23-01-2025,CUST-0066,Deepak Patel,South,Kochi,PROD-0103,Kindle Paperwhite,Electronics,Tablets,3,14999,0.05,42747.15,14742.05,Cash On Delivery,2,No,0.0
ORD-11228,10-01-2025,CUST-0063,Dev Gupta,East,Kolkata,PROD-0106,Casio G-Shock,Fashion,Accessories,1,9999,0.2,7999.2,4391.51,Cash On Delivery,8,No,0.0
ORD-11229,22-04-2025,CUST-0031,Priya Joshi,Central,Bhopal,PROD-0109,Thinking Fast and Slow,Books & Stationery,Non-Fiction,2,499,0.0,998.0,419.45,UPI,8,No,58.66
ORD-11230,25-04-2025,CUST-0068,Pooja Iyer,South,Hyderabad,PROD-0101,Samsung Galaxy Buds3,Electronics,Headphones,2,12999,0.15,22098.3,10575.5,Visa,7,No,0.0
ORD-11230,25-04-2025,CUST-0068,Pooja Iyer,South,Hyderabad,PROD-0107,Instant Pot Duo,Home & Kitchen,Appliances,1,8999,0.2,7199.2,3190.26,Net-Banking,5,No,0.0
ORD-11231,26-05-2025,CUST-0066,Deepak Patel,South,Kochi,PROD-0112,Protein Shaker Bottle,Health & Beauty,Fitness,2,499,0.15,848.3,457.12,Debit,6,No,334.28
ORD-11232,04-03-2025,CUST-0051,Kavya Mehta,West,Ahmedabad,PROD-0016,Levi's 501 Jeans,Fashion,Men Clothing,1,3499,0.15,2974.15,1282.21,Cash On Delivery,12,No,0.0
ORD-11232,04-03-2025,CUST-0051,Kavya Mehta,West,Ahmedabad,PROD-0112,Protein Shaker Bottle,Health & Beauty,Fitness,1,499,0.15,424.15,164.75,Gpay,9,No,198.92
ORD-11233,26-04-2025,CUST-0076,Sakshi Bhat,South,Bangalore,PROD-0106,Casio G-Shock,Fashion,Accessories,2,9999,0.0,19998.0,9742.52,UPI,12,No,0.0
ORD-11233,26-04-2025,CUST-0076,Sakshi Bhat,South,Bangalore,PROD-0016,Levi's 501 Jeans,Fashion,Men Clothing,1,3499,0.05,3324.05,1664.74,Net-Banking,8,No,0.0
ORD-11233,26-04-2025,CUST-0076,Sakshi Bhat,South,Bangalore,PROD-0007,Sony WH-1000XM5,Electronics,Headphones,1,24990,0.0,24990.0,13111.43,Cash On Delivery,12,No,0.0
ORD-11233,26-04-2025,CUST-0076,Sakshi Bhat,South,Bangalore,PROD-0103,Kindle Paperwhite,Electronics,Tablets,1,14999,0.1,13499.1,7366.58,Visa,3,No,0.0
ORD-11234,20-04-2025,CUST-0319,Sneha Agarwal,North,Lucknow,PROD-0003,MacBook Air M3,Electronics,Laptops,2,99999,0.2,159998.4,75804.33,Visa,8,No,0.0
ORD-11235,01-04-2025,CUST-0349,Amit Kumar,Central,Indore,PROD-0111,Dumbbell Set 20kg,Health & Beauty,Fitness,1,3499,0.15,2974.15,1402.96,Visa,6,No,0.0
ORD-11236,27-03-2025,CUST-0312,Ishita Das,South,Bangalore,PROD-0104,Under Armour Hoodie,Fashion,Men Clothing,3,4299,0.15,10962.45,3426.71,UPI,4,No,0.0
ORD-11236,27-03-2025,CUST-0312,Ishita Das,South,Bangalore,PROD-0107,Instant Pot Duo,Home & Kitchen,Appliances,3,8999,0.05,25647.15,10414.3,Gpay,12,No,0.0
ORD-11236,27-03-2025,CUST-0312,Ishita Das,South,Bangalore,PROD-0108,Bosch Drill Machine,Home & Kitchen,Appliances,1,5499,0.1,4949.1,2364.41,Cash On Delivery,11,No,0.0
ORD-11236,27-03-2025,CUST-0312,Ishita Das,South,Bangalore,PROD-0103,Kindle Paperwhite,Electronics,Tablets,3,14999,0.1,40497.3,21749.33,Debit,9,No,0.0
ORD-11237,19-05-2025,CUST-0337,Shreya Agarwal,South,Hyderabad,PROD-0007,Sony WH-1000XM5,Electronics,Headphones,3,24990,0.2,59976.0,22836.12,Debit,8,No,0.0
ORD-11237,19-05-2025,CUST-0337,Shreya Agarwal,South,Hyderabad,PROD-0046,Atomic Habits,Books & Stationery,Non-Fiction,2,399,0.0,798.0,287.48,Debit,5,No,343.57
ORD-11237,19-05-2025,CUST-0337,Shreya Agarwal,South,Hyderabad,PROD-0106,Casio G-Shock,Fashion,Accessories,1,9999,0.05,9499.05,4481.37,Debit,10,No,0.0
ORD-11238,04-02-2025,CUST-0340,Neha Shah,West,Ahmedabad,PROD-0102,Asus ROG Zephyrus,Electronics,Laptops,3,134999,0.15,344247.45,135060.82,Cash On Delivery,11,No,0.0
ORD-11239,14-04-2025,CUST-0387,Amit Roy,North,Chandigarh,PROD-0107,Instant Pot Duo,Home & Kitchen,Appliances,1,8999,0.1,8099.1,3227.41,Visa,8,No,0.0
ORD-11239,14-04-2025,CUST-0387,Amit Roy,North,Chandigarh,PROD-0061,Cetaphil Moisturizer,Health & Beauty,Skincare,2,799,0.2,1278.4,452.2,Visa,5,No,344.49
ORD-11239,14-04-2025,CUST-0387,Amit Roy,North,Chandigarh,PROD-0102,Asus ROG Zephyrus,Electronics,Laptops,1,134999,0.2,107999.2,39923.64,Debit,7,No,0.0
ORD-11239,14-04-2025,CUST-0387,Amit Roy,North,Chandigarh,PROD-0016,Levi's 501 Jeans,Fashion,Men Clothing,2,3499,0.0,6998.0,2238.64,Net-Banking,4,No,0.0
ORD-11240,22-02-2025,CUST-0021,Vikram Patel,East,Patna,PROD-0111,Dumbbell Set 20kg,Health & Beauty,Fitness,1,3499,0.15,2974.15,1498.97,Gpay,3,No,0.0
ORD-11241,19-04-2025,CUST-0380,Rahul Gupta,South,Bangalore,PROD-0003,MacBook Air M3,Electronics,Laptops,2,99999,0.1,179998.2,68242.77,UPI,2,Yes,0.0
ORD-11242,28-02-2025,CUST-0365,Mohit Iyer,East,Patna,PROD-0031,Prestige Mixer,Home & Kitchen,Appliances,2,4599,0.15,7818.3,3376.59,UPI,11,No,0.0
ORD-11243,28-03-2025,CUST-0345,Deepak Yadav,South,Bangalore,PROD-0003,MacBook Air M3,Electronics,Laptops,1,99999,0.1,89999.1,34268.05,Debit,10,No,0.0
ORD-11244,18-02-2025,CUST-0329,Tanvi Kumar,South,Chennai,PROD-0017,Nike Air Force 1,Fashion,Footwear,1,7999,0.15,6799.15,2951.01,Net-Banking,8,No,0.0
ORD-11245,11-05-2025,CUST-0320,Krishna Mishra,South,Chennai,PROD-0106,Casio G-Shock,Fashion,Accessories,1,9999,0.2,7999.2,3018.2,Gpay,7,No,0.0
ORD-11246,20-05-2025,CUST-0388,Ishita Pillai,East,Bhubaneswar,PROD-0031,Prestige Mixer,Home & Kitchen,Appliances,1,4599,0.1,4139.1,1404.75,Gpay,8,No,0.0
ORD-11246,20-05-2025,CUST-0388,Ishita Pillai,East,Bhubaneswar,PROD-0046,Atomic Habits,Books & Stationery,Non-Fiction,3,399,0.0,1197.0,436.98,Cash On Delivery,5,No,364.8
ORD-11247,28-03-2025,CUST-0367,Mohit Gupta,East,Patna,PROD-0111,Dumbbell Set 20kg,Health & Beauty,Fitness,1,3499,0.1,3149.1,976.18,Cash On Delivery,4,No,0.0
ORD-11248,07-03-2025,CUST-0027,Ishita Singh,East,Bhubaneswar,PROD-0106,Casio G-Shock,Fashion,Accessories,1,9999,0.0,9999.0,4334.47,Visa,7,No,0.0
ORD-11248,07-03-2025,CUST-0027,Ishita Singh,East,Bhubaneswar,PROD-0017,Nike Air Force 1,Fashion,Footwear,1,7999,0.0,7999.0,2403.18,Gpay,1,No,0.0
ORD-11248,07-03-2025,CUST-0027,Ishita Singh,East,Bhubaneswar,PROD-0101,Samsung Galaxy Buds3,Electronics,Headphones,3,12999,0.05,37047.15,20353.45,Cash On Delivery,7,No,0.0
ORD-11248,07-03-2025,CUST-0027,Ishita Singh,East,Bhubaneswar,PROD-0046,Atomic Habits,Books & Stationery,Non-Fiction,3,399,0.15,1017.45,370.26,UPI,11,No,106.52
ORD-11249,09-03-2025,CUST-0011,Divya Reddy,West,Surat,PROD-0109,Thinking Fast and Slow,Books & Stationery,Non-Fiction,2,499,0.1,898.2,346.75,Debit,6,No,46.97
ORD-11249,09-03-2025,CUST-0011,Divya Reddy,West,Surat,PROD-0031,Prestige Mixer,Home & Kitchen,Appliances,1,4599,0.0,4599.0,1934.55,Gpay,12,No,0.0
ORD-11249,09-03-2025,CUST-0011,Divya Reddy,West,Surat,PROD-0001,iPhone 15 Pro,Electronics,Smartphones,3,89999,0.0,269997.0,87864.4,Visa,11,No,0.0
ORD-11249,09-03-2025,CUST-0011,Divya Reddy,West,Surat,PROD-0105,Crocs Classic Clog,Fashion,Footwear,2,2999,0.0,5998.0,2339.77,Gpay,7,No,0.0
ORD-11250,14-04-2025,CUST-0394,Meera Mehta,North,Lucknow,PROD-0103,Kindle Paperwhite,Electronics,Tablets,3,14999,0.0,44997.0,20298.51,Visa,6,No,0.0
ORD-11250,14-04-2025,CUST-0394,Meera Mehta,North,Lucknow,PROD-0104,Under Armour Hoodie,Fashion,Men Clothing,1,4299,0.05,4084.05,1829.62,Debit,7,No,0.0
ORD-11250,14-04-2025,CUST-0394,Meera Mehta,North,Lucknow,PROD-0061,Cetaphil Moisturizer,Health & Beauty,Skincare,2,799,0.2,1278.4,512.7,Gpay,3,No,244.38
ORD-11250,14-04-2025,CUST-0394,Meera Mehta,North,Lucknow,PROD-0016,Levi's 501 Jeans,Fashion,Men Clothing,2,3499,0.2,5598.4,2376.81,Debit,5,No,0.0
ORD-11251,14-04-2025,CUST-0315,Rohan Joshi,West,Pune,PROD-0007,Sony WH-1000XM5,Electronics,Headphones,2,24990,0.0,49980.0,15006.29,Visa,2,No,0.0
ORD-11251,14-04-2025,CUST-0315,Rohan Joshi,West,Pune,PROD-0110,The Psychology of Money,Books & Stationery,Non-Fiction,1,349,0.0,349.0,107.13,Debit,8,No,285.89
ORD-11251,14-04-2025,CUST-0315,Rohan Joshi,West,Pune,PROD-0017,Nike Air Force 1,Fashion,Footwear,1,7999,0.0,7999.0,3288.89,Debit,6,No,0.0
ORD-11251,14-04-2025,CUST-0315,Rohan Joshi,West,Pune,PROD-0106,Casio G-Shock,Fashion,Accessories,1,9999,0.2,7999.2,2886.55,Visa,10,No,0.0
ORD-11252,26-01-2025,CUST-0044,Rahul Shah,West,Mumbai,PROD-0107,Instant Pot Duo,Home & Kitchen,Appliances,2,8999,0.2,14398.4,6676.88,Net-Banking,9,No,0.0
ORD-11252,26-01-2025,CUST-0044,Rahul Shah,West,Mumbai,PROD-0003,MacBook Air M3,Electronics,Laptops,3,99999,0.0,299997.0,136701.43,Net-Banking,7,No,0.0
ORD-11253,13-03-2025,CUST-0404,Nisha Bhat,East,Kolkata,PROD-0112,Protein Shaker Bottle,Health & Beauty,Fitness,3,499,0.15,1272.45,476.87,Cash On Delivery,10,No,281.06
ORD-11254,13-05-2025,CUST-0374,Kavya Reddy,South,Bangalore,PROD-0108,Bosch Drill Machine,Home & Kitchen,Appliances,3,5499,0.1,14847.3,6418.7,Visa,5,No,0.0
ORD-11254,13-05-2025,CUST-0374,Kavya Reddy,South,Bangalore,PROD-0101,Samsung Galaxy Buds3,Electronics,Headphones,3,12999,0.05,37047.15,12917.99,Cash On Delivery,5,No,0.0
ORD-11255,15-01-2025,CUST-0304,Dev Agarwal,East,Bhubaneswar,PROD-0109,Thinking Fast and Slow,Books & Stationery,Non-Fiction,2,499,0.0,998.0,402.41,Cash On Delivery,2,No,283.94
ORD-11255,15-01-2025,CUST-0304,Dev Agarwal,East,Bhubaneswar,PROD-0031,Prestige Mixer,Home & Kitchen,Appliances,2,4599,0.05,8738.1,3601.01,Debit,7,No,0.0
ORD-11255,15-01-2025,CUST-0304,Dev Agarwal,East,Bhubaneswar,PROD-0016,Levi's 501 Jeans,Fashion,Men Clothing,1,3499,0.0,3499.0,1371.26,Cash On Delivery,8,No,0.0
ORD-11255,15-01-2025,CUST-0304,Dev Agarwal,East,Bhubaneswar,PROD-0112,Protein Shaker Bottle,Health & Beauty,Fitness,1,499,0.0,499.0,201.14,Visa,10,No,71.19
ORD-11256,11-01-2025,CUST-0363,Krishna Das,West,Surat,PROD-0108,Bosch Drill Machine,Home & Kitchen,Appliances,2,5499,0.15,9348.3,3694.81,Cash On Delivery,6,No,0.0
ORD-11257,24-02-2025,CUST-0026,Karan Iyer,West,Mumbai,PROD-0016,Levi's 501 Jeans,Fashion,Men Clothing,2,3499,0.1,6298.2,2163.6,Gpay,3,No,0.0
ORD-11258,05-05-2025,CUST-0392,Sneha Pillai,West,Surat,PROD-0003,MacBook Air M3,Electronics,Laptops,1,99999,0.05,94999.05,42776.4,Visa,7,No,0.0
ORD-11259,30-03-2025,CUST-0417,Raj Verma,Central,Indore,PROD-0101,Samsung Galaxy Buds3,Electronics,Headphones,1,12999,0.15,11049.15,4911.66,Net-Banking,10,No,0.0
ORD-11260,25-02-2025,CUST-0073,Karan Agarwal,East,Patna,PROD-0112,Protein Shaker Bottle,Health & Beauty,Fitness,1,499,0.15,424.15,170.69,UPI,3,No,70.3
ORD-11260,25-02-2025,CUST-0073,Karan Agarwal,East,Patna,PROD-0046,Atomic Habits,Books & Stationery,Non-Fiction,3,399,0.0,1197.0,370.39,Debit,9,No,138.64
ORD-11261,07-02-2025,CUST-0024,Ishita Joshi,East,Ranchi,PROD-0105,Crocs Classic Clog,Fashion,Footwear,3,2999,0.0,8997.0,4002.86,UPI,7,No,0.0
ORD-11262,04-02-2025,CUST-0026,Karan Iyer,West,Mumbai,PROD-0016,Levi's 501 Jeans,Fashion,Men Clothing,2,3499,0.15,5948.3,3177.34,Cash On Delivery,11,No,0.0
ORD-11262,04-02-2025,CUST-0026,Karan Iyer,West,Mumbai,PROD-0003,MacBook Air M3,Electronics,Laptops,1,99999,0.2,79999.2,30880.03,Cash On Delivery,3,No,0.0
ORD-11263,13-01-2025,CUST-0402,Rahul Sharma,North,Jaipur,PROD-0107,Instant Pot Duo,Home & Kitchen,Appliances,3,8999,0.15,22947.45,9555.01,UPI,11,No,0.0
ORD-11264,25-03-2025,CUST-0362,Rohan Iyer,Central,Raipur,PROD-0110,The Psychology of Money,Books & Stationery,Non-Fiction,2,349,0.0,698.0,330.69,UPI,3,No,378.47
ORD-11265,10-03-2025,CUST-0407,Aarav Reddy,North,Delhi,PROD-0111,Dumbbell Set 20kg,Health & Beauty,Fitness,3,3499,0.1,9447.3,4513.58,Cash On Delivery,4,No,0.0
ORD-11265,10-03-2025,CUST-0407,Aarav Reddy,North,Delhi,PROD-0107,Instant Pot Duo,Home & Kitchen,Appliances,1,8999,0.0,8999.0,4123.58,Cash On Delivery,9,Yes,0.0
ORD-11266,21-04-2025,CUST-0341,Rahul Kumar,East,Bhubaneswar,PROD-0103,Kindle Paperwhite,Electronics,Tablets,3,14999,0.0,44997.0,13867.35,Cash On Delivery,11,No,0.0
ORD-11267,08-05-2025,CUST-0333,Akash Singh,South,Kochi,PROD-0017,Nike Air Force 1,Fashion,Footwear,1,7999,0.1,7199.1,2433.78,UPI,4,No,0.0
ORD-11267,08-05-2025,CUST-0333,Akash Singh,South,Kochi,PROD-0109,Thinking Fast and Slow,Books & Stationery,Non-Fiction,1,499,0.1,449.1,176.89,Gpay,12,No,64.66
ORD-11268,07-03-2025,CUST-0036,Varun Singh,West,Ahmedabad,PROD-0107,Instant Pot Duo,Home & Kitchen,Appliances,2,8999,0.15,15298.3,4623.12,Debit,5,No,0.0
ORD-11268,07-03-2025,CUST-0036,Varun Singh,West,Ahmedabad,PROD-0007,Sony WH-1000XM5,Electronics,Headphones,1,24990,0.0,24990.0,13064.88,Visa,1,No,0.0
ORD-11269,06-01-2025,CUST-0012,Rahul Gupta,North,Lucknow,PROD-0102,Asus ROG Zephyrus,Electronics,Laptops,1,134999,0.1,121499.1,53625.62,Gpay,1,No,0.0
ORD-11269,06-01-2025,CUST-0012,Rahul Gupta,North,Lucknow,PROD-0110,The Psychology of Money,Books & Stationery,Non-Fiction,2,349,0.15,593.3,231.41,Visa,3,No,53.67
ORD-11269,06-01-2025,CUST-0012,Rahul Gupta,North,Lucknow,PROD-0061,Cetaphil Moisturizer,Health & Beauty,Skincare,1,799,0.2,639.2,265.15,Debit,11,No,169.49
ORD-11269,06-01-2025,CUST-0012,Rahul Gupta,North,Lucknow,PROD-0106,Casio G-Shock,Fashion,Accessories,2,9999,0.2,15998.4,5747.47,Visa,9,No,0.0
ORD-11270,24-04-2025,CUST-0004,Sakshi Reddy,Central,Raipur,PROD-0111,Dumbbell Set 20kg,Health & Beauty,Fitness,2,3499,0.15,5948.3,1934.14,Debit,3,No,0.0
ORD-11271,07-01-2025,CUST-0407,Aarav Reddy,North,Delhi,PROD-0105,Crocs Classic Clog,Fashion,Footwear,2,2999,0.2,4798.4,1700.63,Visa,7,No,0.0
ORD-11271,07-01-2025,CUST-0407,Aarav Reddy,North,Delhi,PROD-0107,Instant Pot Duo,Home & Kitchen,Appliances,3,8999,0.0,26997.0,12598.15,Net-Banking,4,No,0.0
ORD-11271,07-01-2025,CUST-0407,Aarav Reddy,North,Delhi,PROD-0003,MacBook Air M3,Electronics,Laptops,1,99999,0.2,79999.2,42798.06,UPI,7,No,0.0
ORD-11272,10-03-2025,CUST-0053,Varun Yadav,South,Hyderabad,PROD-0061,Cetaphil Moisturizer,Health & Beauty,Skincare,2,799,0.05,1518.1,584.31,Net-Banking,7,No,86.26
ORD-11273,07-04-2025,CUST-0358,Arjun Das,West,Pune,PROD-0104,Under Armour Hoodie,Fashion,Men Clothing,3,4299,0.0,12897.0,3996.05,Net-Banking,1,No,0.0
ORD-11274,04-05-2025,CUST-0010,Meera Mehta,West,Mumbai,PROD-0111,Dumbbell Set 20kg,Health & Beauty,Fitness,2,3499,0.1,6298.2,2562.44,Debit,5,No,0.0
ORD-11275,11-02-2025,CUST-0336,Vivaan Joshi,North,Lucknow,PROD-0109,Thinking Fast and Slow,Books & Stationery,Non-Fiction,3,499,0.0,1497.0,480.78,Visa,2,No,286.19
ORD-11276,24-01-2025,CUST-0021,Vikram Patel,East,Patna,PROD-0017,Nike Air Force 1,Fashion,Footwear,3,7999,0.0,23997.0,7597.96,Net-Banking,9,No,0.0
ORD-11277,09-04-2025,CUST-0383,Akash Mehta,South,Chennai,PROD-0104,Under Armour Hoodie,Fashion,Men Clothing,1,4299,0.0,4299.0,1667.52,Net-Banking,8,No,0.0
ORD-11278,10-02-2025,CUST-0312,Ishita Das,South,Bangalore,PROD-0003,MacBook Air M3,Electronics,Laptops,2,99999,0.0,199998.0,104998.24,UPI,8,No,0.0
ORD-11279,19-01-2025,CUST-0375,Varun Das,South,Chennai,PROD-0001,iPhone 15 Pro,Electronics,Smartphones,3,89999,0.15,229497.45,88682.61,Net-Banking,2,No,0.0
ORD-11280,24-01-2025,CUST-0401,Kavya Verma,East,Ranchi,PROD-0101,Samsung Galaxy Buds3,Electronics,Headphones,2,12999,0.15,22098.3,7106.55,Net-Banking,1,No,0.0
ORD-11281,07-02-2025,CUST-0306,Swati Nair,East,Patna,PROD-0105,Crocs Classic Clog,Fashion,Footwear,3,2999,0.0,8997.0,3755.64,Cash On Delivery,7,No,0.0
ORD-11282,26-05-2025,CUST-0351,Sakshi Roy,West,Mumbai,PROD-0007,Sony WH-1000XM5,Electronics,Headphones,2,24990,0.0,49980.0,17682.17,Debit,5,No,0.0
ORD-11283,26-03-2025,CUST-0360,Divya Das,East,Bhubaneswar,PROD-0031,Prestige Mixer,Home & Kitchen,Appliances,3,4599,0.0,13797.0,4993.11,UPI,6,No,0.0
ORD-11284,22-01-2025,CUST-0072,Mohit Shah,North,Lucknow,PROD-0017,Nike Air Force 1,Fashion,Footwear,3,7999,0.2,19197.6,7984.06,Net-Banking,3,No,0.0
ORD-11285,22-03-2025,CUST-0041,Shreya Reddy,West,Ahmedabad,PROD-0017,Nike Air Force 1,Fashion,Footwear,2,7999,0.1,14398.2,4919.2,Cash On Delivery,7,No,0.0
ORD-11285,22-03-2025,CUST-0041,Shreya Reddy,West,Ahmedabad,PROD-0101,Samsung Galaxy Buds3,Electronics,Headphones,1,12999,0.1,11699.1,3873.78,Net-Banking,6,No,0.0
ORD-11286,11-04-2025,CUST-0357,Krishna Das,South,Chennai,PROD-0109,Thinking Fast and Slow,Books & Stationery,Non-Fiction,1,499,0.0,499.0,210.8,Debit,6,No,344.92
ORD-11287,24-04-2025,CUST-0005,Priyanka Reddy,Central,Indore,PROD-0106,Casio G-Shock,Fashion,Accessories,3,9999,0.0,29997.0,9988.37,Visa,2,No,0.0
ORD-11287,24-04-2025,CUST-0005,Priyanka Reddy,Central,Indore,PROD-0111,Dumbbell Set 20kg,Health & Beauty,Fitness,3,3499,0.15,8922.45,3883.14,UPI,9,No,0.0
ORD-11287,24-04-2025,CUST-0005,Priyanka Reddy,Central,Indore,PROD-0061,Cetaphil Moisturizer,Health & Beauty,Skincare,3,799,0.05,2277.15,881.88,Debit,1,No,0.0
ORD-11287,24-04-2025,CUST-0005,Priyanka Reddy,Central,Indore,PROD-0110,The Psychology of Money,Books & Stationery,Non-Fiction,3,349,0.0,1047.0,366.76,Visa,5,No,195.22
ORD-11288,18-02-2025,CUST-0344,Kavya Agarwal,East,Patna,PROD-0110,The Psychology of Money,Books & Stationery,Non-Fiction,3,349,0.05,994.65,349.2,Visa,7,Yes,255.76
ORD-11289,03-02-2025,CUST-0069,Neha Reddy,North,Lucknow,PROD-0001,iPhone 15 Pro,Electronics,Smartphones,2,89999,0.15,152998.3,47732.15,Debit,6,No,0.0
ORD-11290,13-01-2025,CUST-0078,Deepak Agarwal,Central,Bhopal,PROD-0105,Crocs Classic Clog,Fashion,Footwear,3,2999,0.05,8547.15,3819.45,Cash On Delivery,1,No,0.0
ORD-11290,13-01-2025,CUST-0078,Deepak Agarwal,Central,Bhopal,PROD-0111,Dumbbell Set 20kg,Health & Beauty,Fitness,1,3499,0.05,3324.05,1432.73,Debit,12,No,0.0
ORD-11290,13-01-2025,CUST-0078,Deepak Agarwal,Central,Bhopal,PROD-0106,Casio G-Shock,Fashion,Accessories,1,9999,0.0,9999.0,4134.54,UPI,8,Yes,0.0
ORD-11291,06-05-2025,CUST-0073,Karan Agarwal,East,Patna,PROD-0017,Nike Air Force 1,Fashion,Footwear,2,7999,0.0,15998.0,5871.53,Debit,9,No,0.0
ORD-11292,28-01-2025,CUST-0359,Arun Kumar,West,Mumbai,PROD-0102,Asus ROG Zephyrus,Electronics,Laptops,3,134999,0.0,404997.0,121981.12,Gpay,9,No,0.0
ORD-11293,02-03-2025,CUST-0306,Swati Nair,East,Patna,PROD-0046,Atomic Habits,Books & Stationery,Non-Fiction,2,399,0.2,638.4,337.83,Gpay,8,No,165.51
ORD-11293,02-03-2025,CUST-0306,Swati Nair,East,Patna,PROD-0112,Protein Shaker Bottle,Health & Beauty,Fitness,2,499,0.15,848.3,382.06,Gpay,11,No,52.35
ORD-11293,02-03-2025,CUST-0306,Swati Nair,East,Patna,PROD-0007,Sony WH-1000XM5,Electronics,Headphones,2,24990,0.2,39984.0,12701.72,Net-Banking,4,No,0.0
ORD-11294,17-02-2025,CUST-0396,Arun Roy,East,Patna,PROD-0109,Thinking Fast and Slow,Books & Stationery,Non-Fiction,3,499,0.1,1347.3,490.63,Gpay,10,No,148.62
ORD-11294,17-02-2025,CUST-0396,Arun Roy,East,Patna,PROD-0107,Instant Pot Duo,Home & Kitchen,Appliances,2,8999,0.15,15298.3,5248.78,Debit,10,No,0.0
ORD-11294,17-02-2025,CUST-0396,Arun Roy,East,Patna,PROD-0104,Under Armour Hoodie,Fashion,Men Clothing,2,4299,0.2,6878.4,2806.22,Cash On Delivery,1,No,0.0
ORD-11294,17-02-2025,CUST-0396,Arun Roy,East,Patna,PROD-0017,Nike Air Force 1,Fashion,Footwear,3,7999,0.0,23997.0,8858.46,Net-Banking,3,No,0.0
ORD-11295,06-02-2025,CUST-0371,Priya Sharma,Central,Raipur,PROD-0104,Under Armour Hoodie,Fashion,Men Clothing,3,4299,0.1,11607.3,6148.0,UPI,12,No,0.0
ORD-11295,06-02-2025,CUST-0371,Priya Sharma,Central,Raipur,PROD-0007,Sony WH-1000XM5,Electronics,Headphones,3,24990,0.05,71221.5,31848.14,Debit,7,No,0.0
ORD-11295,06-02-2025,CUST-0371,Priya Sharma,Central,Raipur,PROD-0001,iPhone 15 Pro,Electronics,Smartphones,1,89999,0.2,71999.2,32722.6,Debit,12,No,0.0
ORD-11295,06-02-2025,CUST-0371,Priya Sharma,Central,Raipur,PROD-0016,Levi's 501 Jeans,Fashion,Men Clothing,1,3499,0.0,3499.0,1279.58,Debit,7,No,0.0
ORD-11296,21-04-2025,CUST-0337,Shreya Agarwal,South,Hyderabad,PROD-0110,The Psychology of Money,Books & Stationery,Non-Fiction,3,349,0.1,942.3,420.21,Debit,4,No,157.22
ORD-11296,21-04-2025,CUST-0337,Shreya Agarwal,South,Hyderabad,PROD-0017,Nike Air Force 1,Fashion,Footwear,2,7999,0.0,15998.0,6432.97,Cash On Delivery,5,No,0.0
ORD-11296,21-04-2025,CUST-0337,Shreya Agarwal,South,Hyderabad,PROD-0103,Kindle Paperwhite,Electronics,Tablets,1,14999,0.2,11999.2,5428.16,Debit,6,No,0.0
ORD-11296,21-04-2025,CUST-0337,Shreya Agarwal,South,Hyderabad,PROD-0061,Cetaphil Moisturizer,Health & Beauty,Skincare,3,799,0.2,1917.6,933.82,Cash On Delivery,5,No,74.6
ORD-11297,03-04-2025,CUST-0370,Aarav Roy,Central,Raipur,PROD-0110,The Psychology of Money,Books & Stationery,Non-Fiction,3,349,0.1,942.3,318.6,Gpay,1,No,233.78
ORD-11298,16-02-2025,CUST-0323,Riya Bhat,West,Mumbai,PROD-0109,Thinking Fast and Slow,Books & Stationery,Non-Fiction,3,499,0.0,1497.0,757.58,UPI,4,No,52.06
ORD-11298,16-02-2025,CUST-0323,Riya Bhat,West,Mumbai,PROD-0106,Casio G-Shock,Fashion,Accessories,3,9999,0.0,29997.0,13328.09,UPI,3,No,0.0
ORD-11299,24-03-2025,CUST-0334,Rahul Roy,North,Jaipur,PROD-0101,Samsung Galaxy Buds3,Electronics,Headphones,2,12999,0.0,25998.0,11103.85,Cash On Delivery,1,No,0.0
ORD-11300,07-01-2025,CUST-0408,Raj Bhat,West,Surat,PROD-0107,Instant Pot Duo,Home & Kitchen,Appliances,2,8999,0.2,14398.4,5041.49,Net-Banking,6,No,0.0
ORD-11301,11-02-2025,CUST-0014,Ishita Patel,Central,Bhopal,PROD-0106,Casio G-Shock,Fashion,Accessories,1,9999,0.15,8499.15,4594.69,Cash On Delivery,10,No,0.0
ORD-11302,20-02-2025,CUST-0398,Manish Gupta,East,Patna,PROD-0102,Asus ROG Zephyrus,Electronics,Laptops,1,134999,0.1,121499.1,48246.43,Debit,2,No,0.0
ORD-11302,20-02-2025,CUST-0398,Manish Gupta,East,Patna,PROD-0031,Prestige Mixer,Home & Kitchen,Appliances,3,4599,0.0,13797.0,5086.59,UPI,5,No,0.0
ORD-11302,20-02-2025,CUST-0398,Manish Gupta,East,Patna,PROD-0017,Nike Air Force 1,Fashion,Footwear,2,7999,0.0,15998.0,6282.85,Net-Banking,10,No,0.0
ORD-11303,15-04-2025,CUST-0012,Rahul Gupta,North,Lucknow,PROD-0017,Nike Air Force 1,Fashion,Footwear,3,7999,0.0,23997.0,8326.3,Debit,7,No,0.0
ORD-11303,15-04-2025,CUST-0012,Rahul Gupta,North,Lucknow,PROD-0101,Samsung Galaxy Buds3,Electronics,Headphones,1,12999,0.0,12999.0,6266.59,Net-Banking,10,No,0.0
ORD-11303,15-04-2025,CUST-0012,Rahul Gupta,North,Lucknow,PROD-0061,Cetaphil Moisturizer,Health & Beauty,Skincare,2,799,0.15,1358.3,684.06,UPI,10,No,241.83
ORD-11304,10-02-2025,CUST-0414,Riya Mehta,Central,Raipur,PROD-0108,Bosch Drill Machine,Home & Kitchen,Appliances,2,5499,0.1,9898.2,3294.57,Gpay,8,No,0.0
ORD-11305,26-02-2025,CUST-0377,Vivaan Reddy,East,Bhubaneswar,PROD-0106,Casio G-Shock,Fashion,Accessories,3,9999,0.2,23997.6,12935.86,UPI,6,No,0.0
ORD-11305,26-02-2025,CUST-0377,Vivaan Reddy,East,Bhubaneswar,PROD-0007,Sony WH-1000XM5,Electronics,Headphones,3,24990,0.2,59976.0,27638.88,Cash On Delivery,10,No,0.0
ORD-11306,27-01-2025,CUST-0333,Akash Singh,South,Kochi,PROD-0110,The Psychology of Money,Books & Stationery,Non-Fiction,3,349,0.15,889.95,445.58,Debit,2,No,269.85
ORD-11307,26-03-2025,CUST-0395,Varun Kumar,North,Delhi,PROD-0108,Bosch Drill Machine,Home & Kitchen,Appliances,2,5499,0.05,10448.1,5309.94,Visa,6,No,0.0
ORD-11307,26-03-2025,CUST-0395,Varun Kumar,North,Delhi,PROD-0104,Under Armour Hoodie,Fashion,Men Clothing,2,4299,0.2,6878.4,2773.56,Visa,12,No,0.0
ORD-11308,08-01-2025,CUST-0357,Krishna Das,South,Chennai,PROD-0106,Casio G-Shock,Fashion,Accessories,2,9999,0.0,19998.0,10148.75,Cash On Delivery,5,No,0.0
ORD-11309,23-04-2025,CUST-0056,Meera Iyer,East,Ranchi,PROD-0007,Sony WH-1000XM5,Electronics,Headphones,1,24990,0.1,22491.0,9152.31,Visa,6,No,0.0
ORD-11310,17-01-2025,CUST-0045,Mohit Pillai,North,Lucknow,PROD-0016,Levi's 501 Jeans,Fashion,Men Clothing,2,3499,0.15,5948.3,3005.33,Debit,10,No,0.0
ORD-11311,10-02-2025,CUST-0041,Shreya Reddy,West,Ahmedabad,PROD-0003,MacBook Air M3,Electronics,Laptops,3,99999,0.2,239997.6,88264.93,Net-Banking,3,No,0.0
ORD-11311,10-02-2025,CUST-0041,Shreya Reddy,West,Ahmedabad,PROD-0108,Bosch Drill Machine,Home & Kitchen,Appliances,3,5499,0.2,13197.6,5164.55,Gpay,10,No,0.0
ORD-11312,09-04-2025,CUST-0347,Vivaan Das,North,Jaipur,PROD-0103,Kindle Paperwhite,Electronics,Tablets,3,14999,0.0,44997.0,14492.44,Net-Banking,1,No,0.0
ORD-11313,08-04-2025,CUST-0383,Akash Mehta,South,Chennai,PROD-0046,Atomic Habits,Books & Stationery,Non-Fiction,2,399,0.2,638.4,347.37,Gpay,12,No,286.32
ORD-11313,08-04-2025,CUST-0383,Akash Mehta,South,Chennai,PROD-0103,Kindle Paperwhite,Electronics,Tablets,3,14999,0.0,44997.0,23094.78,Visa,2,No,0.0
ORD-11314,25-05-2025,CUST-0019,Ananya Reddy,South,Kochi,PROD-0016,Levi's 501 Jeans,Fashion,Men Clothing,2,3499,0.15,5948.3,2072.87,Gpay,10,No,0.0
ORD-11315,09-01-2025,CUST-0070,Amit Singh,East,Kolkata,PROD-0104,Under Armour Hoodie,Fashion,Men Clothing,3,4299,0.0,12897.0,4389.31,Cash On Delivery,1,No,0.0
ORD-11316,05-03-2025,CUST-0360,Divya Das,East,Bhubaneswar,PROD-0061,Cetaphil Moisturizer,Health & Beauty,Skincare,3,799,0.2,1917.6,694.62,Visa,6,No,222.73
ORD-11316,05-03-2025,CUST-0360,Divya Das,East,Bhubaneswar,PROD-0109,Thinking Fast and Slow,Books & Stationery,Non-Fiction,2,499,0.05,948.1,313.92,Visa,12,No,82.59
ORD-11316,05-03-2025,CUST-0360,Divya Das,East,Bhubaneswar,PROD-0046,Atomic Habits,Books & Stationery,Non-Fiction,2,399,0.0,798.0,360.64,Net-Banking,9,No,289.76
ORD-11316,05-03-2025,CUST-0360,Divya Das,East,Bhubaneswar,PROD-0110,The Psychology of Money,Books & Stationery,Non-Fiction,1,349,0.1,314.1,97.53,Gpay,8,No,94.1
ORD-11317,04-03-2025,CUST-0358,Arjun Das,West,Pune,PROD-0102,Asus ROG Zephyrus,Electronics,Laptops,1,134999,0.0,134999.0,61592.04,Debit,5,No,0.0
ORD-11318,04-04-2025,CUST-0311,Suresh Sharma,North,Lucknow,PROD-0111,Dumbbell Set 20kg,Health & Beauty,Fitness,1,3499,0.15,2974.15,1445.75,UPI,5,No,0.0
ORD-11319,03-05-2025,CUST-0318,Suresh Mishra,South,Chennai,PROD-0101,Samsung Galaxy Buds3,Electronics,Headphones,2,12999,0.0,25998.0,12813.25,Debit,5,No,0.0
ORD-11319,03-05-2025,CUST-0318,Suresh Mishra,South,Chennai,PROD-0007,Sony WH-1000XM5,Electronics,Headphones,2,24990,0.15,42483.0,14886.14,Gpay,3,No,0.0
ORD-11319,03-05-2025,CUST-0318,Suresh Mishra,South,Chennai,PROD-0104,Under Armour Hoodie,Fashion,Men Clothing,2,4299,0.2,6878.4,2925.0,Cash On Delivery,11,No,0.0
ORD-11320,29-01-2025,CUST-0322,Nisha Bhat,South,Chennai,PROD-0107,Instant Pot Duo,Home & Kitchen,Appliances,1,8999,0.0,8999.0,3372.95,Visa,8,No,0.0
ORD-11321,09-02-2025,CUST-0001,Arun Reddy,West,Pune,PROD-0061,Cetaphil Moisturizer,Health & Beauty,Skincare,2,799,0.2,1278.4,674.36,Gpay,7,No,191.28
ORD-11321,09-02-2025,CUST-0001,Arun Reddy,West,Pune,PROD-0001,iPhone 15 Pro,Electronics,Smartphones,3,89999,0.0,269997.0,103311.77,Gpay,6,No,0.0
ORD-11321,09-02-2025,CUST-0001,Arun Reddy,West,Pune,PROD-0112,Protein Shaker Bottle,Health & Beauty,Fitness,2,499,0.2,798.4,437.23,Cash On Delivery,2,No,279.93
ORD-11321,09-02-2025,CUST-0001,Arun Reddy,West,Pune,PROD-0101,Samsung Galaxy Buds3,Electronics,Headphones,1,12999,0.0,12999.0,6137.97,UPI,12,No,0.0
ORD-11322,09-02-2025,CUST-0045,Mohit Pillai,North,Lucknow,PROD-0108,Bosch Drill Machine,Home & Kitchen,Appliances,1,5499,0.15,4674.15,1705.89,Visa,3,No,0.0
ORD-11323,10-05-2025,CUST-0414,Riya Mehta,Central,Raipur,PROD-0104,Under Armour Hoodie,Fashion,Men Clothing,2,4299,0.05,8168.1,3865.18,Debit,3,No,0.0
ORD-11324,29-03-2025,CUST-0075,Kavya Joshi,South,Bangalore,PROD-0007,Sony WH-1000XM5,Electronics,Headphones,1,24990,0.0,24990.0,12653.96,Gpay,3,No,0.0
ORD-11325,14-01-2025,CUST-0069,Neha Reddy,North,Lucknow,PROD-0031,Prestige Mixer,Home & Kitchen,Appliances,3,4599,0.15,11727.45,4323.6,Gpay,7,No,0.0
ORD-11326,27-01-2025,CUST-0382,Akash Verma,Central,Raipur,PROD-0108,Bosch Drill Machine,Home & Kitchen,Appliances,3,5499,0.0,16497.0,5188.99,Visa,8,No,0.0
ORD-11327,21-04-2025,CUST-0010,Meera Mehta,West,Mumbai,PROD-0107,Instant Pot Duo,Home & Kitchen,Appliances,1,8999,0.05,8549.05,3679.37,Cash On Delivery,5,No,0.0
ORD-11328,22-04-2025,CUST-0002,Nisha Gupta,South,Bangalore,PROD-0031,Prestige Mixer,Home & Kitchen,Appliances,1,4599,0.1,4139.1,2147.84,Cash On Delivery,5,No,0.0
ORD-11328,22-04-2025,CUST-0002,Nisha Gupta,South,Bangalore,PROD-0104,Under Armour Hoodie,Fashion,Men Clothing,1,4299,0.0,4299.0,1385.7,Debit,8,No,0.0
ORD-11329,30-04-2025,CUST-0080,Nikhil Choudhury,East,Kolkata,PROD-0109,Thinking Fast and Slow,Books & Stationery,Non-Fiction,1,499,0.0,499.0,222.16,UPI,11,No,283.04
ORD-11329,30-04-2025,CUST-0080,Nikhil Choudhury,East,Kolkata,PROD-0107,Instant Pot Duo,Home & Kitchen,Appliances,3,8999,0.0,26997.0,12483.61,UPI,2,No,0.0
ORD-11329,30-04-2025,CUST-0080,Nikhil Choudhury,East,Kolkata,PROD-0016,Levi's 501 Jeans,Fashion,Men Clothing,1,3499,0.1,3149.1,1566.74,UPI,9,No,0.0
ORD-11329,30-04-2025,CUST-0080,Nikhil Choudhury,East,Kolkata,PROD-0103,Kindle Paperwhite,Electronics,Tablets,2,14999,0.0,29998.0,9873.85,Debit,9,No,0.0
ORD-11330,16-01-2025,CUST-0067,Raj Kumar,South,Kochi,PROD-0031,Prestige Mixer,Home & Kitchen,Appliances,2,4599,0.2,7358.4,2307.66,Gpay,1,No,0.0
ORD-11330,16-01-2025,CUST-0067,Raj Kumar,South,Kochi,PROD-0102,Asus ROG Zephyrus,Electronics,Laptops,2,134999,0.15,229498.3,69581.02,UPI,7,No,0.0
ORD-11331,16-05-2025,CUST-0355,Nikhil Reddy,North,Lucknow,PROD-0104,Under Armour Hoodie,Fashion,Men Clothing,1,4299,0.2,3439.2,1565.5,Visa,9,No,0.0
ORD-11332,06-03-2025,CUST-0362,Rohan Iyer,Central,Raipur,PROD-0107,Instant Pot Duo,Home & Kitchen,Appliances,1,8999,0.2,7199.2,2731.28,UPI,7,No,0.0
ORD-11333,27-03-2025,CUST-0023,Arjun Kumar,North,Lucknow,PROD-0102,Asus ROG Zephyrus,Electronics,Laptops,1,134999,0.1,121499.1,64572.4,Gpay,8,No,0.0
ORD-11334,08-01-2025,CUST-0416,Aditi Roy,South,Hyderabad,PROD-0103,Kindle Paperwhite,Electronics,Tablets,3,14999,0.0,44997.0,22748.66,Cash On Delivery,10,No,0.0
ORD-11335,25-02-2025,CUST-0397,Diya Agarwal,Central,Indore,PROD-0110,The Psychology of Money,Books & Stationery,Non-Fiction,1,349,0.05,331.55,176.21,Net-Banking,7,No,329.45
ORD-11336,11-05-2025,CUST-0069,Neha Reddy,North,Lucknow,PROD-0017,Nike Air Force 1,Fashion,Footwear,1,7999,0.15,6799.15,2343.85,Cash On Delivery,8,No,0.0
ORD-11337,03-02-2025,CUST-0005,Priyanka Reddy,Central,Indore,PROD-0003,MacBook Air M3,Electronics,Laptops,2,99999,0.0,199998.0,85017.75,Visa,11,No,0.0
ORD-11338,02-02-2025,CUST-0380,Rahul Gupta,South,Bangalore,PROD-0109,Thinking Fast and Slow,Books & Stationery,Non-Fiction,3,499,0.0,1497.0,471.51,Visa,8,No,129.46
ORD-11339,29-03-2025,CUST-0412,Akash Sharma,East,Kolkata,PROD-0107,Instant Pot Duo,Home & Kitchen,Appliances,2,8999,0.1,16198.2,5171.37,Gpay,8,No,0.0
ORD-11339,29-03-2025,CUST-0412,Akash Sharma,East,Kolkata,PROD-0108,Bosch Drill Machine,Home & Kitchen,Appliances,2,5499,0.05,10448.1,3493.64,Gpay,1,No,0.0
ORD-11339,29-03-2025,CUST-0412,Akash Sharma,East,Kolkata,PROD-0017,Nike Air Force 1,Fashion,Footwear,3,7999,0.0,23997.0,9456.19,Net-Banking,8,No,0.0
ORD-11340,08-05-2025,CUST-0048,Ankita Pillai,West,Ahmedabad,PROD-0106,Casio G-Shock,Fashion,Accessories,1,9999,0.05,9499.05,5038.05,Gpay,4,No,0.0
ORD-11340,08-05-2025,CUST-0048,Ankita Pillai,West,Ahmedabad,PROD-0001,iPhone 15 Pro,Electronics,Smartphones,3,89999,0.15,229497.45,93793.67,Net-Banking,9,No,0.0
ORD-11341,07-02-2025,CUST-0405,Ankita Singh,South,Hyderabad,PROD-0017,Nike Air Force 1,Fashion,Footwear,1,7999,0.0,7999.0,3398.48,Debit,7,No,0.0
ORD-11342,29-04-2025,CUST-0016,Sneha Singh,North,Lucknow,PROD-0109,Thinking Fast and Slow,Books & Stationery,Non-Fiction,1,499,0.1,449.1,235.73,Debit,11,No,160.65
ORD-11342,29-04-2025,CUST-0016,Sneha Singh,North,Lucknow,PROD-0110,The Psychology of Money,Books & Stationery,Non-Fiction,3,349,0.1,942.3,301.3,Net-Banking,11,No,323.69
ORD-11342,29-04-2025,CUST-0016,Sneha Singh,North,Lucknow,PROD-0104,Under Armour Hoodie,Fashion,Men Clothing,2,4299,0.2,6878.4,3659.15,Debit,10,No,0.0
ORD-11342,29-04-2025,CUST-0016,Sneha Singh,North,Lucknow,PROD-0112,Protein Shaker Bottle,Health & Beauty,Fitness,2,499,0.0,998.0,454.08,Visa,3,No,283.64
ORD-11343,06-03-2025,CUST-0072,Mohit Shah,North,Lucknow,PROD-0112,Protein Shaker Bottle,Health & Beauty,Fitness,3,499,0.05,1422.15,691.98,UPI,2,No,43.85
ORD-11343,06-03-2025,CUST-0072,Mohit Shah,North,Lucknow,PROD-0031,Prestige Mixer,Home & Kitchen,Appliances,1,4599,0.0,4599.0,1748.19,Net-Banking,3,No,0.0
ORD-11344,02-02-2025,CUST-0003,Arun Bhat,East,Kolkata,PROD-0104,Under Armour Hoodie,Fashion,Men Clothing,2,4299,0.0,8598.0,3062.15,Net-Banking,9,Yes,0.0
ORD-11344,02-02-2025,CUST-0003,Arun Bhat,East,Kolkata,PROD-0016,Levi's 501 Jeans,Fashion,Men Clothing,2,3499,0.0,6998.0,2134.44,UPI,7,No,0.0
ORD-11345,27-05-2025,CUST-0358,Arjun Das,West,Pune,PROD-0101,Samsung Galaxy Buds3,Electronics,Headphones,1,12999,0.0,12999.0,5131.62,Debit,5,No,0.0
ORD-11345,27-05-2025,CUST-0358,Arjun Das,West,Pune,PROD-0007,Sony WH-1000XM5,Electronics,Headphones,3,24990,0.05,71221.5,36262.41,Net-Banking,2,No,0.0
ORD-11346,03-02-2025,CUST-0035,Deepak Singh,East,Ranchi,PROD-0016,Levi's 501 Jeans,Fashion,Men Clothing,2,3499,0.0,6998.0,3179.52,Cash On Delivery,12,No,0.0
ORD-11346,03-02-2025,CUST-0035,Deepak Singh,East,Ranchi,PROD-0001,iPhone 15 Pro,Electronics,Smartphones,3,89999,0.15,229497.45,76801.98,Debit,5,No,0.0
ORD-11346,03-02-2025,CUST-0035,Deepak Singh,East,Ranchi,PROD-0103,Kindle Paperwhite,Electronics,Tablets,2,14999,0.0,29998.0,13547.79,Cash On Delivery,1,No,0.0
ORD-11346,03-02-2025,CUST-0035,Deepak Singh,East,Ranchi,PROD-0101,Samsung Galaxy Buds3,Electronics,Headphones,2,12999,0.0,25998.0,10999.77,Cash On Delivery,9,No,0.0
ORD-11347,05-01-2025,CUST-0012,Rahul Gupta,North,Lucknow,PROD-0103,Kindle Paperwhite,Electronics,Tablets,2,14999,0.1,26998.2,13743.28,UPI,1,No,0.0
ORD-11347,05-01-2025,CUST-0012,Rahul Gupta,North,Lucknow,PROD-0109,Thinking Fast and Slow,Books & Stationery,Non-Fiction,1,499,0.2,399.2,173.52,UPI,3,No,177.4
ORD-11347,05-01-2025,CUST-0012,Rahul Gupta,North,Lucknow,PROD-0104,Under Armour Hoodie,Fashion,Men Clothing,2,4299,0.0,8598.0,3066.63,Gpay,8,No,0.0
ORD-11347,05-01-2025,CUST-0012,Rahul Gupta,North,Lucknow,PROD-0101,Samsung Galaxy Buds3,Electronics,Headphones,3,12999,0.1,35097.3,12653.79,Debit,8,No,0.0
ORD-11348,07-04-2025,CUST-0411,Krishna Pillai,South,Kochi,PROD-0061,Cetaphil Moisturizer,Health & Beauty,Skincare,3,799,0.05,2277.15,1137.29,Cash On Delivery,11,No,0.0
ORD-11349,14-05-2025,CUST-0075,Kavya Joshi,South,Bangalore,PROD-0003,MacBook Air M3,Electronics,Laptops,1,99999,0.15,84999.15,34370.35,UPI,5,No,0.0
ORD-11350,02-02-2025,CUST-0048,Ankita Pillai,West,Ahmedabad,PROD-0101,Samsung Galaxy Buds3,Electronics,Headphones,3,12999,0.0,38997.0,19115.39,Gpay,5,No,0.0
ORD-11351,05-02-2025,CUST-0370,Aarav Roy,Central,Raipur,PROD-0108,Bosch Drill Machine,Home & Kitchen,Appliances,2,5499,0.0,10998.0,4404.11,UPI,2,No,0.0
ORD-11351,05-02-2025,CUST-0370,Aarav Roy,Central,Raipur,PROD-0103,Kindle Paperwhite,Electronics,Tablets,3,14999,0.2,35997.6,16549.55,Cash On Delivery,12,No,0.0
ORD-11351,05-02-2025,CUST-0370,Aarav Roy,Central,Raipur,PROD-0031,Prestige Mixer,Home & Kitchen,Appliances,1,4599,0.05,4369.05,1901.88,Gpay,3,No,0.0
ORD-11351,05-02-2025,CUST-0370,Aarav Roy,Central,Raipur,PROD-0102,Asus ROG Zephyrus,Electronics,Laptops,1,134999,0.0,134999.0,61822.33,Visa,7,Yes,0.0
ORD-11352,14-04-2025,CUST-0359,Arun Kumar,West,Mumbai,PROD-0110,The Psychology of Money,Books & Stationery,Non-Fiction,3,349,0.15,889.95,475.99,Cash On Delivery,12,No,206.02
ORD-11352,14-04-2025,CUST-0359,Arun Kumar,West,Mumbai,PROD-0017,Nike Air Force 1,Fashion,Footwear,2,7999,0.05,15198.1,8066.82,Cash On Delivery,4,No,0.0
ORD-11352,14-04-2025,CUST-0359,Arun Kumar,West,Mumbai,PROD-0101,Samsung Galaxy Buds3,Electronics,Headphones,1,12999,0.05,12349.05,3965.33,Debit,4,No,0.0
ORD-11353,12-05-2025,CUST-0396,Arun Roy,East,Patna,PROD-0046,Atomic Habits,Books & Stationery,Non-Fiction,1,399,0.1,359.1,133.41,Visa,8,No,182.6
ORD-11353,12-05-2025,CUST-0396,Arun Roy,East,Patna,PROD-0007,Sony WH-1000XM5,Electronics,Headphones,3,24990,0.05,71221.5,23386.14,Debit,2,No,0.0
ORD-11354,09-05-2025,CUST-0031,Priya Joshi,Central,Bhopal,PROD-0112,Protein Shaker Bottle,Health & Beauty,Fitness,3,499,0.05,1422.15,681.4,Visa,12,No,305.2
ORD-11354,09-05-2025,CUST-0031,Priya Joshi,Central,Bhopal,PROD-0104,Under Armour Hoodie,Fashion,Men Clothing,1,4299,0.05,4084.05,2234.8,Net-Banking,1,No,0.0
ORD-11354,09-05-2025,CUST-0031,Priya Joshi,Central,Bhopal,PROD-0017,Nike Air Force 1,Fashion,Footwear,2,7999,0.0,15998.0,8354.65,Debit,6,No,0.0
ORD-11354,09-05-2025,CUST-0031,Priya Joshi,Central,Bhopal,PROD-0046,Atomic Habits,Books & Stationery,Non-Fiction,1,399,0.2,319.2,171.8,Cash On Delivery,4,No,352.75
ORD-11355,01-01-2025,CUST-0004,Sakshi Reddy,Central,Raipur,PROD-0104,Under Armour Hoodie,Fashion,Men Clothing,3,4299,0.2,10317.6,4008.26,Net-Banking,5,No,0.0
ORD-11356,18-05-2025,CUST-0364,Mohit Das,South,Kochi,PROD-0102,Asus ROG Zephyrus,Electronics,Laptops,2,134999,0.1,242998.2,131069.52,Cash On Delivery,9,No,0.0
ORD-11357,04-04-2025,CUST-0396,Arun Roy,East,Patna,PROD-0109,Thinking Fast and Slow,Books & Stationery,Non-Fiction,2,499,0.05,948.1,316.47,Gpay,5,No,246.9
ORD-11358,28-02-2025,CUST-0318,Suresh Mishra,South,Chennai,PROD-0103,Kindle Paperwhite,Electronics,Tablets,1,14999,0.1,13499.1,7109.42,Gpay,12,No,0.0
ORD-11359,16-04-2025,CUST-0309,Meera Nair,North,Chandigarh,PROD-0031,Prestige Mixer,Home & Kitchen,Appliances,3,4599,0.2,11037.6,4235.77,Cash On Delivery,5,No,0.0
ORD-11359,16-04-2025,CUST-0309,Meera Nair,North,Chandigarh,PROD-0046,Atomic Habits,Books & Stationery,Non-Fiction,1,399,0.2,319.2,162.66,Gpay,7,No,315.23
ORD-11359,16-04-2025,CUST-0309,Meera Nair,North,Chandigarh,PROD-0017,Nike Air Force 1,Fashion,Footwear,1,7999,0.1,7199.1,2229.2,Debit,10,No,0.0
ORD-11360,10-02-2025,CUST-0323,Riya Bhat,West,Mumbai,PROD-0001,iPhone 15 Pro,Electronics,Smartphones,2,89999,0.0,179998.0,72311.41,Gpay,3,No,0.0
ORD-11361,02-02-2025,CUST-0045,Mohit Pillai,North,Lucknow,PROD-0001,iPhone 15 Pro,Electronics,Smartphones,3,89999,0.0,269997.0,103318.88,Net-Banking,2,No,0.0
ORD-11361,02-02-2025,CUST-0045,Mohit Pillai,North,Lucknow,PROD-0061,Cetaphil Moisturizer,Health & Beauty,Skincare,1,799,0.2,639.2,269.67,Debit,10,No,134.97
ORD-11362,01-04-2025,CUST-0022,Sara Agarwal,Central,Raipur,PROD-0110,The Psychology of Money,Books & Stationery,Non-Fiction,1,349,0.0,349.0,134.53,Net-Banking,1,No,92.38
ORD-11363,25-02-2025,CUST-0396,Arun Roy,East,Patna,PROD-0106,Casio G-Shock,Fashion,Accessories,2,9999,0.2,15998.4,6810.02,Cash On Delivery,3,No,0.0
ORD-11364,04-03-2025,CUST-0414,Riya Mehta,Central,Raipur,PROD-0101,Samsung Galaxy Buds3,Electronics,Headphones,2,12999,0.15,22098.3,8511.71,Debit,11,No,0.0
ORD-11364,04-03-2025,CUST-0414,Riya Mehta,Central,Raipur,PROD-0106,Casio G-Shock,Fashion,Accessories,3,9999,0.2,23997.6,8157.74,Cash On Delivery,10,No,0.0
ORD-11364,04-03-2025,CUST-0414,Riya Mehta,Central,Raipur,PROD-0110,The Psychology of Money,Books & Stationery,Non-Fiction,2,349,0.0,698.0,335.16,UPI,4,No,386.45
ORD-11364,04-03-2025,CUST-0414,Riya Mehta,Central,Raipur,PROD-0007,Sony WH-1000XM5,Electronics,Headphones,3,24990,0.0,74970.0,37497.22,Visa,5,No,0.0
ORD-11365,14-02-2025,CUST-0072,Mohit Shah,North,Lucknow,PROD-0007,Sony WH-1000XM5,Electronics,Headphones,2,24990,0.0,49980.0,22370.24,Visa,7,No,0.0
ORD-11366,08-03-2025,CUST-0030,Arun Verma,West,Ahmedabad,PROD-0111,Dumbbell Set 20kg,Health & Beauty,Fitness,3,3499,0.2,8397.6,3534.55,UPI,6,No,0.0
ORD-11367,08-04-2025,CUST-0007,Suresh Roy,South,Bangalore,PROD-0101,Samsung Galaxy Buds3,Electronics,Headphones,1,12999,0.15,11049.15,5386.59,Net-Banking,11,No,0.0
ORD-11368,31-01-2025,CUST-0018,Krishna Bhat,East,Ranchi,PROD-0007,Sony WH-1000XM5,Electronics,Headphones,1,24990,0.0,24990.0,10029.61,UPI,11,No,0.0
ORD-11368,31-01-2025,CUST-0018,Krishna Bhat,East,Ranchi,PROD-0110,The Psychology of Money,Books & Stationery,Non-Fiction,1,349,0.0,349.0,158.39,Cash On Delivery,5,No,346.44
ORD-11368,31-01-2025,CUST-0018,Krishna Bhat,East,Ranchi,PROD-0105,Crocs Classic Clog,Fashion,Footwear,2,2999,0.2,4798.4,1682.4,Cash On Delivery,9,No,0.0
ORD-11368,31-01-2025,CUST-0018,Krishna Bhat,East,Ranchi,PROD-0107,Instant Pot Duo,Home & Kitchen,Appliances,1,8999,0.0,8999.0,4902.15,Gpay,7,No,0.0
ORD-11369,06-04-2025,CUST-0393,Priyanka Shah,East,Bhubaneswar,PROD-0102,Asus ROG Zephyrus,Electronics,Laptops,2,134999,0.2,215998.4,115162.55,Net-Banking,4,No,0.0
ORD-11370,21-03-2025,CUST-0384,Amit Das,Central,Bhopal,PROD-0061,Cetaphil Moisturizer,Health & Beauty,Skincare,1,799,0.2,639.2,205.7,Gpay,5,No,43.84
ORD-11370,21-03-2025,CUST-0384,Amit Das,Central,Bhopal,PROD-0104,Under Armour Hoodie,Fashion,Men Clothing,3,4299,0.2,10317.6,3290.05,Visa,9,No,0.0
ORD-11370,21-03-2025,CUST-0384,Amit Das,Central,Bhopal,PROD-0108,Bosch Drill Machine,Home & Kitchen,Appliances,1,5499,0.0,5499.0,1786.38,Debit,2,No,0.0
ORD-11371,02-03-2025,CUST-0377,Vivaan Reddy,East,Bhubaneswar,PROD-0111,Dumbbell Set 20kg,Health & Beauty,Fitness,2,3499,0.1,6298.2,2170.65,Visa,8,No,0.0
ORD-11372,23-02-2025,CUST-0359,Arun Kumar,West,Mumbai,PROD-0109,Thinking Fast and Slow,Books & Stationery,Non-Fiction,1,499,0.0,499.0,210.58,Debit,8,No,43.78
ORD-11373,14-01-2025,CUST-0409,Aarav Reddy,West,Mumbai,PROD-0102,Asus ROG Zephyrus,Electronics,Laptops,1,134999,0.2,107999.2,58349.25,Net-Banking,9,No,0.0
ORD-11374,23-05-2025,CUST-0021,Vikram Patel,East,Patna,PROD-0003,MacBook Air M3,Electronics,Laptops,2,99999,0.1,179998.2,74342.19,UPI,10,No,0.0
ORD-11374,23-05-2025,CUST-0021,Vikram Patel,East,Patna,PROD-0109,Thinking Fast and Slow,Books & Stationery,Non-Fiction,2,499,0.15,848.3,423.88,Gpay,10,No,337.72
ORD-11374,23-05-2025,CUST-0021,Vikram Patel,East,Patna,PROD-0105,Crocs Classic Clog,Fashion,Footwear,3,2999,0.05,8547.15,4400.05,UPI,11,No,0.0
ORD-11375,25-03-2025,CUST-0310,Suresh Kumar,South,Kochi,PROD-0109,Thinking Fast and Slow,Books & Stationery,Non-Fiction,3,499,0.2,1197.6,609.54,Gpay,6,No,258.42
ORD-11375,25-03-2025,CUST-0310,Suresh Kumar,South,Kochi,PROD-0107,Instant Pot Duo,Home & Kitchen,Appliances,1,8999,0.05,8549.05,4435.41,Net-Banking,2,No,0.0
ORD-11376,19-03-2025,CUST-0048,Ankita Pillai,West,Ahmedabad,PROD-0106,Casio G-Shock,Fashion,Accessories,3,9999,0.05,28497.15,8738.05,Net-Banking,3,No,0.0
ORD-11377,03-05-2025,CUST-0302,Siddharth Das,Central,Bhopal,PROD-0001,iPhone 15 Pro,Electronics,Smartphones,3,89999,0.05,256497.15,117333.68,Net-Banking,4,No,0.0
ORD-11377,03-05-2025,CUST-0302,Siddharth Das,Central,Bhopal,PROD-0105,Crocs Classic Clog,Fashion,Footwear,3,2999,0.0,8997.0,4053.67,Visa,3,No,0.0
ORD-11377,03-05-2025,CUST-0302,Siddharth Das,Central,Bhopal,PROD-0017,Nike Air Force 1,Fashion,Footwear,2,7999,0.0,15998.0,5216.9,Net-Banking,10,No,0.0
ORD-11377,03-05-2025,CUST-0302,Siddharth Das,Central,Bhopal,PROD-0016,Levi's 501 Jeans,Fashion,Men Clothing,3,3499,0.0,10497.0,5384.47,UPI,5,No,0.0
ORD-11378,21-04-2025,CUST-0412,Akash Sharma,East,Kolkata,PROD-0007,Sony WH-1000XM5,Electronics,Headphones,1,24990,0.0,24990.0,11200.42,Cash On Delivery,2,No,0.0
ORD-11379,20-01-2025,CUST-0319,Sneha Agarwal,North,Lucknow,PROD-0109,Thinking Fast and Slow,Books & Stationery,Non-Fiction,1,499,0.2,399.2,201.15,Cash On Delivery,3,No,114.87
ORD-11379,20-01-2025,CUST-0319,Sneha Agarwal,North,Lucknow,PROD-0061,Cetaphil Moisturizer,Health & Beauty,Skincare,1,799,0.15,679.15,307.03,Net-Banking,9,No,306.9
ORD-11379,20-01-2025,CUST-0319,Sneha Agarwal,North,Lucknow,PROD-0110,The Psychology of Money,Books & Stationery,Non-Fiction,3,349,0.2,837.6,415.81,Debit,1,No,84.08
ORD-11380,06-02-2025,CUST-0307,Siddharth Shah,North,Jaipur,PROD-0061,Cetaphil Moisturizer,Health & Beauty,Skincare,1,799,0.0,799.0,277.21,Visa,1,No,360.85
ORD-11381,06-04-2025,CUST-0032,Riya Yadav,East,Patna,PROD-0107,Instant Pot Duo,Home & Kitchen,Appliances,1,8999,0.0,8999.0,4945.64,Debit,4,No,0.0
ORD-11381,06-04-2025,CUST-0032,Riya Yadav,East,Patna,PROD-0111,Dumbbell Set 20kg,Health & Beauty,Fitness,1,3499,0.15,2974.15,1085.94,UPI,9,No,0.0
ORD-11382,21-01-2025,CUST-0300,Riya Sharma,Central,Indore,PROD-0007,Sony WH-1000XM5,Electronics,Headphones,1,24990,0.0,24990.0,11914.77,Gpay,4,No,0.0
ORD-11383,26-03-2025,CUST-0037,Vikram Pillai,East,Patna,PROD-0106,Casio G-Shock,Fashion,Accessories,1,9999,0.1,8999.1,3718.62,Visa,7,No,0.0
ORD-11384,09-04-2025,CUST-0406,Krishna Mehta,Central,Bhopal,PROD-0001,iPhone 15 Pro,Electronics,Smartphones,3,89999,0.0,269997.0,123697.14,Net-Banking,11,No,0.0
ORD-11384,09-04-2025,CUST-0406,Krishna Mehta,Central,Bhopal,PROD-0031,Prestige Mixer,Home & Kitchen,Appliances,3,4599,0.0,13797.0,6239.09,Net-Banking,2,No,0.0
ORD-11384,09-04-2025,CUST-0406,Krishna Mehta,Central,Bhopal,PROD-0112,Protein Shaker Bottle,Health & Beauty,Fitness,1,499,0.15,424.15,154.5,Cash On Delivery,12,No,352.93
ORD-11384,09-04-2025,CUST-0406,Krishna Mehta,Central,Bhopal,PROD-0103,Kindle Paperwhite,Electronics,Tablets,2,14999,0.1,26998.2,8506.23,Net-Banking,8,No,0.0
ORD-11385,28-02-2025,CUST-0064,Aditi Patel,West,Ahmedabad,PROD-0106,Casio G-Shock,Fashion,Accessories,1,9999,0.0,9999.0,5353.68,Debit,6,No,0.0
ORD-11385,28-02-2025,CUST-0064,Aditi Patel,West,Ahmedabad,PROD-0102,Asus ROG Zephyrus,Electronics,Laptops,1,134999,0.1,121499.1,57827.38,Visa,5,No,0.0
ORD-11385,28-02-2025,CUST-0064,Aditi Patel,West,Ahmedabad,PROD-0110,The Psychology of Money,Books & Stationery,Non-Fiction,3,349,0.0,1047.0,434.55,Debit,5,No,299.27
ORD-11385,28-02-2025,CUST-0064,Aditi Patel,West,Ahmedabad,PROD-0103,Kindle Paperwhite,Electronics,Tablets,2,14999,0.0,29998.0,10933.47,Visa,6,No,0.0
ORD-11386,13-01-2025,CUST-0417,Raj Verma,Central,Indore,PROD-0112,Protein Shaker Bottle,Health & Beauty,Fitness,2,499,0.05,948.1,307.22,Net-Banking,8,No,238.22
ORD-11386,13-01-2025,CUST-0417,Raj Verma,Central,Indore,PROD-0107,Instant Pot Duo,Home & Kitchen,Appliances,2,8999,0.15,15298.3,5160.83,Debit,8,No,0.0
ORD-11387,06-04-2025,CUST-0416,Aditi Roy,South,Hyderabad,PROD-0105,Crocs Classic Clog,Fashion,Footwear,3,2999,0.1,8097.3,4039.19,Cash On Delivery,4,No,0.0
ORD-11387,06-04-2025,CUST-0416,Aditi Roy,South,Hyderabad,PROD-0107,Instant Pot Duo,Home & Kitchen,Appliances,3,8999,0.1,24297.3,8334.86,Cash On Delivery,3,No,0.0
ORD-11387,06-04-2025,CUST-0416,Aditi Roy,South,Hyderabad,PROD-0103,Kindle Paperwhite,Electronics,Tablets,2,14999,0.0,29998.0,13221.99,Gpay,9,No,0.0
ORD-11387,06-04-2025,CUST-0416,Aditi Roy,South,Hyderabad,PROD-0061,Cetaphil Moisturizer,Health & Beauty,Skincare,2,799,0.05,1518.1,499.96,Gpay,3,No,323.77
ORD-11388,26-05-2025,CUST-0356,Aarav Verma,North,Chandigarh,PROD-0046,Atomic Habits,Books & Stationery,Non-Fiction,2,399,0.1,718.2,353.1,UPI,12,No,339.45
ORD-11389,19-05-2025,CUST-0415,Siddharth Choudhury,South,Hyderabad,PROD-0031,Prestige Mixer,Home & Kitchen,Appliances,1,4599,0.05,4369.05,1343.58,Debit,3,No,0.0
ORD-11390,22-02-2025,CUST-0363,Krishna Das,West,Surat,PROD-0046,Atomic Habits,Books & Stationery,Non-Fiction,2,399,0.0,798.0,410.04,Visa,11,No,310.56
ORD-11391,13-04-2025,CUST-0326,Sneha Patel,North,Chandigarh,PROD-0016,Levi's 501 Jeans,Fashion,Men Clothing,1,3499,0.0,3499.0,1616.51,Net-Banking,3,No,0.0
ORD-11392,29-05-2025,CUST-0022,Sara Agarwal,Central,Raipur,PROD-0111,Dumbbell Set 20kg,Health & Beauty,Fitness,3,3499,0.1,9447.3,3758.4,Gpay,4,No,0.0
ORD-11392,29-05-2025,CUST-0022,Sara Agarwal,Central,Raipur,PROD-0103,Kindle Paperwhite,Electronics,Tablets,1,14999,0.1,13499.1,7248.62,UPI,4,No,0.0
ORD-11393,18-04-2025,CUST-0391,Ishita Singh,North,Jaipur,PROD-0016,Levi's 501 Jeans,Fashion,Men Clothing,1,3499,0.0,3499.0,1163.0,Net-Banking,1,No,0.0
ORD-11394,30-05-2025,CUST-0382,Akash Verma,Central,Raipur,PROD-0111,Dumbbell Set 20kg,Health & Beauty,Fitness,3,3499,0.0,10497.0,3307.35,Net-Banking,4,No,0.0
ORD-11394,30-05-2025,CUST-0382,Akash Verma,Central,Raipur,PROD-0108,Bosch Drill Machine,Home & Kitchen,Appliances,2,5499,0.0,10998.0,4381.16,Gpay,5,No,0.0
ORD-11394,30-05-2025,CUST-0382,Akash Verma,Central,Raipur,PROD-0031,Prestige Mixer,Home & Kitchen,Appliances,3,4599,0.2,11037.6,4277.53,UPI,1,No,0.0
ORD-11394,30-05-2025,CUST-0382,Akash Verma,Central,Raipur,PROD-0102,Asus ROG Zephyrus,Electronics,Laptops,1,134999,0.0,134999.0,68811.18,UPI,9,No,0.0
ORD-11395,11-03-2025,CUST-0013,Deepak Agarwal,South,Chennai,PROD-0061,Cetaphil Moisturizer,Health & Beauty,Skincare,3,799,0.0,2397.0,882.85,Cash On Delivery,11,No,0.0
ORD-11396,16-03-2025,CUST-0322,Nisha Bhat,South,Chennai,PROD-0061,Cetaphil Moisturizer,Health & Beauty,Skincare,2,799,0.0,1598.0,792.1,Net-Banking,4,Yes,89.01
ORD-11397,27-01-2025,CUST-0061,Aarav Choudhury,East,Bhubaneswar,PROD-0108,Bosch Drill Machine,Home & Kitchen,Appliances,1,5499,0.1,4949.1,2706.6,Cash On Delivery,3,No,0.0
ORD-11398,23-02-2025,CUST-0378,Shreya Bhat,West,Mumbai,PROD-0016,Levi's 501 Jeans,Fashion,Men Clothing,1,3499,0.0,3499.0,1303.35,Cash On Delivery,12,No,0.0
ORD-11399,03-02-2025,CUST-0394,Meera Mehta,North,Lucknow,PROD-0102,Asus ROG Zephyrus,Electronics,Laptops,3,134999,0.2,323997.6,177102.32,UPI,12,No,0.0
ORD-11399,03-02-2025,CUST-0394,Meera Mehta,North,Lucknow,PROD-0031,Prestige Mixer,Home & Kitchen,Appliances,2,4599,0.0,9198.0,3907.4,UPI,12,No,0.0
ORD-11399,03-02-2025,CUST-0394,Meera Mehta,North,Lucknow,PROD-0016,Levi's 501 Jeans,Fashion,Men Clothing,2,3499,0.0,6998.0,3313.6,Debit,2,No,0.0
ORD-11400,17-01-2025,CUST-0351,Sakshi Roy,West,Mumbai,PROD-0110,The Psychology of Money,Books & Stationery,Non-Fiction,2,349,0.05,663.1,234.82,Visa,5,Yes,222.02
ORD-11401,26-05-2025,CUST-0047,Deepak Reddy,Central,Indore,PROD-0102,Asus ROG Zephyrus,Electronics,Laptops,1,134999,0.0,134999.0,67486.97,UPI,11,No,0.0
ORD-11402,13-02-2025,CUST-0308,Karan Joshi,Central,Raipur,PROD-0017,Nike Air Force 1,Fashion,Footwear,1,7999,0.0,7999.0,2530.05,Debit,1,No,0.0
ORD-11403,02-02-2025,CUST-0048,Ankita Pillai,West,Ahmedabad,PROD-0007,Sony WH-1000XM5,Electronics,Headphones,1,24990,0.0,24990.0,10610.14,UPI,7,No,0.0
ORD-11404,06-04-2025,CUST-0314,Aarav Patel,South,Kochi,PROD-0109,Thinking Fast and Slow,Books & Stationery,Non-Fiction,2,499,0.0,998.0,394.2,UPI,7,No,342.49
ORD-11404,06-04-2025,CUST-0314,Aarav Patel,South,Kochi,PROD-0104,Under Armour Hoodie,Fashion,Men Clothing,1,4299,0.1,3869.1,2002.49,Visa,7,No,0.0
ORD-11404,06-04-2025,CUST-0314,Aarav Patel,South,Kochi,PROD-0001,iPhone 15 Pro,Electronics,Smartphones,1,89999,0.0,89999.0,43112.73,UPI,6,No,0.0
ORD-11404,06-04-2025,CUST-0314,Aarav Patel,South,Kochi,PROD-0016,Levi's 501 Jeans,Fashion,Men Clothing,3,3499,0.0,10497.0,5444.43,Gpay,7,No,0.0
ORD-11405,04-03-2025,CUST-0335,Amit Gupta,South,Bangalore,PROD-0111,Dumbbell Set 20kg,Health & Beauty,Fitness,3,3499,0.1,9447.3,3542.82,Visa,4,No,0.0
ORD-11406,10-01-2025,CUST-0024,Ishita Joshi,East,Ranchi,PROD-0112,Protein Shaker Bottle,Health & Beauty,Fitness,2,499,0.15,848.3,326.63,Visa,1,No,146.04
ORD-11407,24-02-2025,CUST-0352,Ananya Choudhury,North,Delhi,PROD-0108,Bosch Drill Machine,Home & Kitchen,Appliances,1,5499,0.2,4399.2,1410.43,Gpay,5,No,0.0
ORD-11408,08-05-2025,CUST-0343,Pooja Roy,South,Bangalore,PROD-0017,Nike Air Force 1,Fashion,Footwear,1,7999,0.0,7999.0,3897.16,Cash On Delivery,4,No,0.0
ORD-11408,08-05-2025,CUST-0343,Pooja Roy,South,Bangalore,PROD-0061,Cetaphil Moisturizer,Health & Beauty,Skincare,1,799,0.1,719.1,358.67,UPI,5,Yes,74.95
ORD-11409,01-03-2025,CUST-0058,Vikram Joshi,Central,Bhopal,PROD-0111,Dumbbell Set 20kg,Health & Beauty,Fitness,2,3499,0.15,5948.3,3163.39,Net-Banking,4,No,0.0
ORD-11409,01-03-2025,CUST-0058,Vikram Joshi,Central,Bhopal,PROD-0106,Casio G-Shock,Fashion,Accessories,3,9999,0.0,29997.0,12409.78,UPI,4,No,0.0
ORD-11409,01-03-2025,CUST-0058,Vikram Joshi,Central,Bhopal,PROD-0108,Bosch Drill Machine,Home & Kitchen,Appliances,3,5499,0.2,13197.6,4046.28,Gpay,4,No,0.0
ORD-11410,20-03-2025,CUST-0340,Neha Shah,West,Ahmedabad,PROD-0109,Thinking Fast and Slow,Books & Stationery,Non-Fiction,1,499,0.0,499.0,252.05,Visa,4,No,331.53
ORD-11411,08-04-2025,CUST-0033,Karan Das,East,Kolkata,PROD-0101,Samsung Galaxy Buds3,Electronics,Headphones,1,12999,0.1,11699.1,3711.69,Net-Banking,7,No,0.0
ORD-11412,18-03-2025,CUST-0024,Ishita Joshi,East,Ranchi,PROD-0107,Instant Pot Duo,Home & Kitchen,Appliances,2,8999,0.2,14398.4,6376.22,Net-Banking,10,No,0.0
ORD-11413,19-05-2025,CUST-0414,Riya Mehta,Central,Raipur,PROD-0110,The Psychology of Money,Books & Stationery,Non-Fiction,1,349,0.15,296.65,118.95,Cash On Delivery,5,No,267.61
ORD-11413,19-05-2025,CUST-0414,Riya Mehta,Central,Raipur,PROD-0101,Samsung Galaxy Buds3,Electronics,Headphones,1,12999,0.1,11699.1,3518.74,UPI,2,No,0.0
ORD-11413,19-05-2025,CUST-0414,Riya Mehta,Central,Raipur,PROD-0017,Nike Air Force 1,Fashion,Footwear,3,7999,0.2,19197.6,8516.09,Gpay,3,No,0.0
ORD-11413,19-05-2025,CUST-0414,Riya Mehta,Central,Raipur,PROD-0105,Crocs Classic Clog,Fashion,Footwear,3,2999,0.15,7647.45,2532.66,Cash On Delivery,8,No,0.0
ORD-11414,19-03-2025,CUST-0079,Dev Yadav,South,Hyderabad,PROD-0016,Levi's 501 Jeans,Fashion,Men Clothing,3,3499,0.0,10497.0,3784.87,UPI,1,No,0.0
ORD-11414,19-03-2025,CUST-0079,Dev Yadav,South,Hyderabad,PROD-0031,Prestige Mixer,Home & Kitchen,Appliances,1,4599,0.15,3909.15,1904.23,Gpay,7,No,0.0
ORD-11414,19-03-2025,CUST-0079,Dev Yadav,South,Hyderabad,PROD-0106,Casio G-Shock,Fashion,Accessories,2,9999,0.05,18998.1,8384.55,Gpay,5,No,0.0
ORD-11414,19-03-2025,CUST-0079,Dev Yadav,South,Hyderabad,PROD-0109,Thinking Fast and Slow,Books & Stationery,Non-Fiction,3,499,0.1,1347.3,713.77,Net-Banking,5,No,246.0
ORD-11415,30-04-2025,CUST-0023,Arjun Kumar,North,Lucknow,PROD-0016,Levi's 501 Jeans,Fashion,Men Clothing,3,3499,0.0,10497.0,5325.95,Visa,3,No,0.0
ORD-11416,04-04-2025,CUST-0065,Karan Pillai,Central,Indore,PROD-0105,Crocs Classic Clog,Fashion,Footwear,3,2999,0.0,8997.0,4611.51,Debit,9,No,0.0
ORD-11417,16-03-2025,CUST-0071,Krishna Gupta,South,Bangalore,PROD-0103,Kindle Paperwhite,Electronics,Tablets,1,14999,0.0,14999.0,5873.18,Debit,4,No,0.0
ORD-11418,26-03-2025,CUST-0392,Sneha Pillai,West,Surat,PROD-0111,Dumbbell Set 20kg,Health & Beauty,Fitness,2,3499,0.05,6648.1,3263.86,Visa,11,No,0.0
ORD-11418,26-03-2025,CUST-0392,Sneha Pillai,West,Surat,PROD-0103,Kindle Paperwhite,Electronics,Tablets,2,14999,0.1,26998.2,11576.75,Visa,7,No,0.0
ORD-11418,26-03-2025,CUST-0392,Sneha Pillai,West,Surat,PROD-0031,Prestige Mixer,Home & Kitchen,Appliances,3,4599,0.05,13107.15,7137.12,Visa,11,No,0.0
ORD-11418,26-03-2025,CUST-0392,Sneha Pillai,West,Surat,PROD-0108,Bosch Drill Machine,Home & Kitchen,Appliances,2,5499,0.0,10998.0,5927.07,Debit,3,No,0.0
ORD-11419,27-05-2025,CUST-0388,Ishita Pillai,East,Bhubaneswar,PROD-0112,Protein Shaker Bottle,Health & Beauty,Fitness,3,499,0.0,1497.0,549.69,UPI,1,No,46.67
ORD-11420,19-05-2025,CUST-0319,Sneha Agarwal,North,Lucknow,PROD-0104,Under Armour Hoodie,Fashion,Men Clothing,1,4299,0.0,4299.0,2082.8,Net-Banking,9,No,0.0
ORD-11421,10-03-2025,CUST-0378,Shreya Bhat,West,Mumbai,PROD-0106,Casio G-Shock,Fashion,Accessories,2,9999,0.0,19998.0,7056.64,Debit,2,No,0.0
ORD-11422,26-02-2025,CUST-0313,Ishita Choudhury,East,Ranchi,PROD-0007,Sony WH-1000XM5,Electronics,Headphones,2,24990,0.05,47481.0,15131.35,Debit,11,No,0.0
ORD-11423,04-05-2025,CUST-0024,Ishita Joshi,East,Ranchi,PROD-0106,Casio G-Shock,Fashion,Accessories,1,9999,0.0,9999.0,3636.19,Debit,12,No,0.0
ORD-11423,04-05-2025,CUST-0024,Ishita Joshi,East,Ranchi,PROD-0031,Prestige Mixer,Home & Kitchen,Appliances,2,4599,0.0,9198.0,2819.24,Cash On Delivery,8,Yes,0.0
ORD-11424,08-05-2025,CUST-0058,Vikram Joshi,Central,Bhopal,PROD-0106,Casio G-Shock,Fashion,Accessories,1,9999,0.2,7999.2,4335.61,Net-Banking,4,No,0.0
ORD-11425,21-05-2025,CUST-0391,Ishita Singh,North,Jaipur,PROD-0003,MacBook Air M3,Electronics,Laptops,3,99999,0.2,239997.6,82798.78,Debit,1,No,0.0
ORD-11425,21-05-2025,CUST-0391,Ishita Singh,North,Jaipur,PROD-0031,Prestige Mixer,Home & Kitchen,Appliances,1,4599,0.05,4369.05,2203.05,Net-Banking,10,Yes,0.0
ORD-11425,21-05-2025,CUST-0391,Ishita Singh,North,Jaipur,PROD-0061,Cetaphil Moisturizer,Health & Beauty,Skincare,3,799,0.1,2157.3,1066.18,Cash On Delivery,4,No,0.0
ORD-11426,18-03-2025,CUST-0310,Suresh Kumar,South,Kochi,PROD-0031,Prestige Mixer,Home & Kitchen,Appliances,2,4599,0.0,9198.0,4506.58,Visa,9,No,0.0
ORD-11427,27-03-2025,CUST-0397,Diya Agarwal,Central,Indore,PROD-0112,Protein Shaker Bottle,Health & Beauty,Fitness,3,499,0.1,1347.3,649.7,Gpay,6,No,193.63
ORD-11428,27-05-2025,CUST-0414,Riya Mehta,Central,Raipur,PROD-0046,Atomic Habits,Books & Stationery,Non-Fiction,2,399,0.05,758.1,233.92,Cash On Delivery,11,No,365.54
ORD-11429,24-05-2025,CUST-0014,Ishita Patel,Central,Bhopal,PROD-0016,Levi's 501 Jeans,Fashion,Men Clothing,2,3499,0.0,6998.0,2958.74,UPI,1,No,0.0
ORD-11430,24-03-2025,CUST-0416,Aditi Roy,South,Hyderabad,PROD-0001,iPhone 15 Pro,Electronics,Smartphones,2,89999,0.05,170998.1,60426.52,Gpay,3,No,0.0
ORD-11431,17-01-2025,CUST-0052,Arjun Shah,South,Kochi,PROD-0110,The Psychology of Money,Books & Stationery,Non-Fiction,3,349,0.0,1047.0,417.53,Gpay,2,No,96.69
ORD-11432,30-01-2025,CUST-0004,Sakshi Reddy,Central,Raipur,PROD-0109,Thinking Fast and Slow,Books & Stationery,Non-Fiction,1,499,0.0,499.0,155.67,Gpay,4,No,61.82
ORD-11433,26-01-2025,CUST-0078,Deepak Agarwal,Central,Bhopal,PROD-0110,The Psychology of Money,Books & Stationery,Non-Fiction,1,349,0.05,331.55,166.22,Gpay,11,No,87.91
ORD-11434,11-02-2025,CUST-0057,Arun Joshi,Central,Raipur,PROD-0016,Levi's 501 Jeans,Fashion,Men Clothing,1,3499,0.05,3324.05,1131.88,Gpay,8,No,0.0
ORD-11434,11-02-2025,CUST-0057,Arun Joshi,Central,Raipur,PROD-0007,Sony WH-1000XM5,Electronics,Headphones,3,24990,0.0,74970.0,33723.21,Debit,2,No,0.0
ORD-11435,13-05-2025,CUST-0351,Sakshi Roy,West,Mumbai,PROD-0104,Under Armour Hoodie,Fashion,Men Clothing,1,4299,0.0,4299.0,1568.05,Gpay,6,No,0.0
ORD-11436,02-02-2025,CUST-0067,Raj Kumar,South,Kochi,PROD-0007,Sony WH-1000XM5,Electronics,Headphones,1,24990,0.15,21241.5,8570.54,Visa,9,No,0.0
ORD-11437,05-01-2025,CUST-0379,Varun Mishra,West,Ahmedabad,PROD-0016,Levi's 501 Jeans,Fashion,Men Clothing,2,3499,0.0,6998.0,3430.04,Debit,9,No,0.0
ORD-11438,21-02-2025,CUST-0343,Pooja Roy,South,Bangalore,PROD-0102,Asus ROG Zephyrus,Electronics,Laptops,3,134999,0.05,384747.15,134495.48,Visa,3,No,0.0
ORD-11439,27-01-2025,CUST-0036,Varun Singh,West,Ahmedabad,PROD-0016,Levi's 501 Jeans,Fashion,Men Clothing,2,3499,0.2,5598.4,2172.97,Visa,7,No,0.0
ORD-11440,31-03-2025,CUST-0066,Deepak Patel,South,Kochi,PROD-0103,Kindle Paperwhite,Electronics,Tablets,3,14999,0.15,38247.45,19883.92,Visa,1,No,0.0
ORD-11441,28-03-2025,CUST-0008,Priya Mishra,Central,Indore,PROD-0016,Levi's 501 Jeans,Fashion,Men Clothing,2,3499,0.1,6298.2,3144.88,UPI,12,No,0.0
ORD-11442,21-03-2025,CUST-0303,Sneha Singh,West,Mumbai,PROD-0007,Sony WH-1000XM5,Electronics,Headphones,2,24990,0.05,47481.0,20511.95,Cash On Delivery,3,No,0.0
ORD-11443,11-01-2025,CUST-0014,Ishita Patel,Central,Bhopal,PROD-0110,The Psychology of Money,Books & Stationery,Non-Fiction,1,349,0.0,349.0,153.96,Net-Banking,9,No,301.99
ORD-11444,18-01-2025,CUST-0061,Aarav Choudhury,East,Bhubaneswar,PROD-0104,Under Armour Hoodie,Fashion,Men Clothing,3,4299,0.05,12252.15,4211.66,Debit,9,No,0.0
ORD-11444,18-01-2025,CUST-0061,Aarav Choudhury,East,Bhubaneswar,PROD-0109,Thinking Fast and Slow,Books & Stationery,Non-Fiction,1,499,0.05,474.05,201.45,Visa,6,No,270.29
ORD-11445,09-02-2025,CUST-0372,Sneha Yadav,North,Delhi,PROD-0112,Protein Shaker Bottle,Health & Beauty,Fitness,1,499,0.1,449.1,161.8,Debit,2,No,40.39
ORD-11446,19-01-2025,CUST-0025,Meera Pillai,South,Hyderabad,PROD-0112,Protein Shaker Bottle,Health & Beauty,Fitness,3,499,0.0,1497.0,573.78,Debit,10,No,361.49
ORD-11447,07-05-2025,CUST-0020,Amit Shah,East,Patna,PROD-0106,Casio G-Shock,Fashion,Accessories,3,9999,0.2,23997.6,11223.75,Gpay,3,No,0.0
ORD-11448,12-03-2025,CUST-0056,Meera Iyer,East,Ranchi,PROD-0111,Dumbbell Set 20kg,Health & Beauty,Fitness,2,3499,0.15,5948.3,2967.31,UPI,3,No,0.0
ORD-11449,16-05-2025,CUST-0054,Krishna Yadav,South,Kochi,PROD-0017,Nike Air Force 1,Fashion,Footwear,3,7999,0.15,20397.45,10095.34,Visa,1,No,0.0
ORD-11449,16-05-2025,CUST-0054,Krishna Yadav,South,Kochi,PROD-0111,Dumbbell Set 20kg,Health & Beauty,Fitness,3,3499,0.1,9447.3,3035.45,Cash On Delivery,7,No,0.0
ORD-11449,16-05-2025,CUST-0054,Krishna Yadav,South,Kochi,PROD-0105,Crocs Classic Clog,Fashion,Footwear,2,2999,0.05,5698.1,1950.42,Net-Banking,11,No,0.0
ORD-11450,09-01-2025,CUST-0303,Sneha Singh,West,Mumbai,PROD-0031,Prestige Mixer,Home & Kitchen,Appliances,2,4599,0.0,9198.0,4731.22,Net-Banking,1,No,0.0
ORD-11451,23-01-2025,CUST-0045,Mohit Pillai,North,Lucknow,PROD-0108,Bosch Drill Machine,Home & Kitchen,Appliances,2,5499,0.05,10448.1,4920.58,Net-Banking,3,No,0.0
ORD-11452,27-05-2025,CUST-0402,Rahul Sharma,North,Jaipur,PROD-0104,Under Armour Hoodie,Fashion,Men Clothing,2,4299,0.0,8598.0,4668.33,Cash On Delivery,6,No,0.0
ORD-11452,27-05-2025,CUST-0402,Rahul Sharma,North,Jaipur,PROD-0109,Thinking Fast and Slow,Books & Stationery,Non-Fiction,1,499,0.15,424.15,202.25,UPI,4,No,311.15
ORD-11452,27-05-2025,CUST-0402,Rahul Sharma,North,Jaipur,PROD-0031,Prestige Mixer,Home & Kitchen,Appliances,1,4599,0.0,4599.0,1947.05,Cash On Delivery,9,No,0.0
ORD-11452,27-05-2025,CUST-0402,Rahul Sharma,North,Jaipur,PROD-0112,Protein Shaker Bottle,Health & Beauty,Fitness,1,499,0.15,424.15,143.76,Net-Banking,10,No,160.8
ORD-11453,23-04-2025,CUST-0006,Meera Gupta,West,Surat,PROD-0007,Sony WH-1000XM5,Electronics,Headphones,1,24990,0.2,19992.0,10593.28,Debit,6,No,0.0
ORD-11454,30-05-2025,CUST-0383,Akash Mehta,South,Chennai,PROD-0106,Casio G-Shock,Fashion,Accessories,3,9999,0.05,28497.15,14677.78,UPI,5,No,0.0
ORD-11455,20-04-2025,CUST-0341,Rahul Kumar,East,Bhubaneswar,PROD-0101,Samsung Galaxy Buds3,Electronics,Headphones,3,12999,0.2,31197.6,16426.52,Visa,7,No,0.0
ORD-11456,13-01-2025,CUST-0313,Ishita Choudhury,East,Ranchi,PROD-0031,Prestige Mixer,Home & Kitchen,Appliances,3,4599,0.1,12417.3,6095.02,Gpay,11,No,0.0
ORD-11456,13-01-2025,CUST-0313,Ishita Choudhury,East,Ranchi,PROD-0107,Instant Pot Duo,Home & Kitchen,Appliances,1,8999,0.0,8999.0,3298.95,Net-Banking,4,No,0.0
ORD-11456,13-01-2025,CUST-0313,Ishita Choudhury,East,Ranchi,PROD-0108,Bosch Drill Machine,Home & Kitchen,Appliances,3,5499,0.15,14022.45,7411.84,Gpay,6,No,0.0
ORD-11457,17-01-2025,CUST-0361,Pooja Kumar,South,Bangalore,PROD-0112,Protein Shaker Bottle,Health & Beauty,Fitness,2,499,0.0,998.0,398.87,Cash On Delivery,7,No,236.95
ORD-11458,21-04-2025,CUST-0027,Ishita Singh,East,Bhubaneswar,PROD-0017,Nike Air Force 1,Fashion,Footwear,1,7999,0.05,7599.05,3860.64,Cash On Delivery,3,No,0.0
ORD-11459,25-01-2025,CUST-0403,Vikram Singh,South,Kochi,PROD-0105,Crocs Classic Clog,Fashion,Footwear,2,2999,0.0,5998.0,3162.51,Gpay,11,No,0.0
ORD-11459,25-01-2025,CUST-0403,Vikram Singh,South,Kochi,PROD-0106,Casio G-Shock,Fashion,Accessories,3,9999,0.0,29997.0,16026.22,UPI,3,No,0.0
ORD-11460,24-04-2025,CUST-0407,Aarav Reddy,North,Delhi,PROD-0112,Protein Shaker Bottle,Health & Beauty,Fitness,3,499,0.0,1497.0,666.52,Visa,3,No,304.38
ORD-11461,09-02-2025,CUST-0008,Priya Mishra,Central,Indore,PROD-0017,Nike Air Force 1,Fashion,Footwear,3,7999,0.0,23997.0,8764.73,Visa,9,Yes,0.0
ORD-11462,13-01-2025,CUST-0406,Krishna Mehta,Central,Bhopal,PROD-0106,Casio G-Shock,Fashion,Accessories,1,9999,0.0,9999.0,4939.25,UPI,12,No,0.0
ORD-11462,13-01-2025,CUST-0406,Krishna Mehta,Central,Bhopal,PROD-0046,Atomic Habits,Books & Stationery,Non-Fiction,3,399,0.0,1197.0,592.22,Debit,10,No,187.79
ORD-11462,13-01-2025,CUST-0406,Krishna Mehta,Central,Bhopal,PROD-0104,Under Armour Hoodie,Fashion,Men Clothing,2,4299,0.0,8598.0,2939.42,Net-Banking,7,No,0.0
ORD-11462,13-01-2025,CUST-0406,Krishna Mehta,Central,Bhopal,PROD-0103,Kindle Paperwhite,Electronics,Tablets,3,14999,0.05,42747.15,16874.47,Cash On Delivery,3,No,0.0
ORD-11463,11-04-2025,CUST-0406,Krishna Mehta,Central,Bhopal,PROD-0108,Bosch Drill Machine,Home & Kitchen,Appliances,2,5499,0.1,9898.2,5039.71,Debit,2,No,0.0
ORD-11464,06-01-2025,CUST-0064,Aditi Patel,West,Ahmedabad,PROD-0111,Dumbbell Set 20kg,Health & Beauty,Fitness,2,3499,0.1,6298.2,2744.02,Visa,2,No,0.0
ORD-11465,20-05-2025,CUST-0053,Varun Yadav,South,Hyderabad,PROD-0106,Casio G-Shock,Fashion,Accessories,3,9999,0.1,26997.3,13499.17,Visa,9,No,0.0
ORD-11465,20-05-2025,CUST-0053,Varun Yadav,South,Hyderabad,PROD-0001,iPhone 15 Pro,Electronics,Smartphones,3,89999,0.1,242997.3,113915.18,Gpay,8,No,0.0
ORD-11465,20-05-2025,CUST-0053,Varun Yadav,South,Hyderabad,PROD-0109,Thinking Fast and Slow,Books & Stationery,Non-Fiction,3,499,0.0,1497.0,749.41,Gpay,6,No,243.69
ORD-11465,20-05-2025,CUST-0053,Varun Yadav,South,Hyderabad,PROD-0104,Under Armour Hoodie,Fashion,Men Clothing,1,4299,0.05,4084.05,1257.58,UPI,11,No,0.0
ORD-11466,12-03-2025,CUST-0053,Varun Yadav,South,Hyderabad,PROD-0109,Thinking Fast and Slow,Books & Stationery,Non-Fiction,1,499,0.15,424.15,224.52,UPI,2,No,170.43
ORD-11466,12-03-2025,CUST-0053,Varun Yadav,South,Hyderabad,PROD-0031,Prestige Mixer,Home & Kitchen,Appliances,2,4599,0.05,8738.1,3634.88,Visa,12,No,0.0
ORD-11466,12-03-2025,CUST-0053,Varun Yadav,South,Hyderabad,PROD-0102,Asus ROG Zephyrus,Electronics,Laptops,1,134999,0.2,107999.2,56424.44,UPI,5,No,0.0
ORD-11467,09-05-2025,CUST-0302,Siddharth Das,Central,Bhopal,PROD-0102,Asus ROG Zephyrus,Electronics,Laptops,3,134999,0.0,404997.0,221711.08,Cash On Delivery,1,No,0.0
ORD-11467,09-05-2025,CUST-0302,Siddharth Das,Central,Bhopal,PROD-0046,Atomic Habits,Books & Stationery,Non-Fiction,3,399,0.0,1197.0,540.7,Debit,7,No,279.41
ORD-11467,09-05-2025,CUST-0302,Siddharth Das,Central,Bhopal,PROD-0017,Nike Air Force 1,Fashion,Footwear,2,7999,0.0,15998.0,7748.54,Net-Banking,11,No,0.0
ORD-11467,09-05-2025,CUST-0302,Siddharth Das,Central,Bhopal,PROD-0110,The Psychology of Money,Books & Stationery,Non-Fiction,2,349,0.1,628.2,334.1,UPI,12,No,70.37
ORD-11468,11-05-2025,CUST-0374,Kavya Reddy,South,Bangalore,PROD-0102,Asus ROG Zephyrus,Electronics,Laptops,2,134999,0.0,269998.0,97877.04,Gpay,12,No,0.0
ORD-11468,11-05-2025,CUST-0374,Kavya Reddy,South,Bangalore,PROD-0046,Atomic Habits,Books & Stationery,Non-Fiction,3,399,0.0,1197.0,513.25,Visa,8,No,115.7
ORD-11468,11-05-2025,CUST-0374,Kavya Reddy,South,Bangalore,PROD-0109,Thinking Fast and Slow,Books & Stationery,Non-Fiction,3,499,0.0,1497.0,672.37,Net-Banking,10,No,245.14
ORD-11469,24-01-2025,CUST-0018,Krishna Bhat,East,Ranchi,PROD-0046,Atomic Habits,Books & Stationery,Non-Fiction,1,399,0.05,379.05,114.84,UPI,10,No,326.78
ORD-11470,28-05-2025,CUST-0383,Akash Mehta,South,Chennai,PROD-0101,Samsung Galaxy Buds3,Electronics,Headphones,2,12999,0.1,23398.2,12161.1,Gpay,10,No,0.0
ORD-11470,28-05-2025,CUST-0383,Akash Mehta,South,Chennai,PROD-0061,Cetaphil Moisturizer,Health & Beauty,Skincare,3,799,0.15,2037.45,803.33,Debit,6,Yes,0.0
ORD-11470,28-05-2025,CUST-0383,Akash Mehta,South,Chennai,PROD-0111,Dumbbell Set 20kg,Health & Beauty,Fitness,1,3499,0.0,3499.0,1288.13,Gpay,7,Yes,0.0
ORD-11471,03-05-2025,CUST-0357,Krishna Das,South,Chennai,PROD-0105,Crocs Classic Clog,Fashion,Footwear,2,2999,0.2,4798.4,2094.61,Visa,6,No,0.0
ORD-11472,13-01-2025,CUST-0416,Aditi Roy,South,Hyderabad,PROD-0111,Dumbbell Set 20kg,Health & Beauty,Fitness,2,3499,0.2,5598.4,2309.83,Cash On Delivery,6,No,0.0
ORD-11473,13-05-2025,CUST-0376,Raj Singh,Central,Bhopal,PROD-0108,Bosch Drill Machine,Home & Kitchen,Appliances,3,5499,0.1,14847.3,5844.08,UPI,3,No,0.0
ORD-11473,13-05-2025,CUST-0376,Raj Singh,Central,Bhopal,PROD-0106,Casio G-Shock,Fashion,Accessories,3,9999,0.1,26997.3,10392.04,Net-Banking,9,No,0.0
ORD-11473,13-05-2025,CUST-0376,Raj Singh,Central,Bhopal,PROD-0031,Prestige Mixer,Home & Kitchen,Appliances,2,4599,0.0,9198.0,4415.89,Gpay,12,No,0.0
ORD-11473,13-05-2025,CUST-0376,Raj Singh,Central,Bhopal,PROD-0104,Under Armour Hoodie,Fashion,Men Clothing,3,4299,0.0,12897.0,5355.81,Net-Banking,7,No,0.0
ORD-11474,20-03-2025,CUST-0409,Aarav Reddy,West,Mumbai,PROD-0003,MacBook Air M3,Electronics,Laptops,2,99999,0.0,199998.0,106542.95,Visa,12,No,0.0
ORD-11475,11-01-2025,CUST-0415,Siddharth Choudhury,South,Hyderabad,PROD-0108,Bosch Drill Machine,Home & Kitchen,Appliances,2,5499,0.05,10448.1,5160.6,Gpay,12,No,0.0
ORD-11475,11-01-2025,CUST-0415,Siddharth Choudhury,South,Hyderabad,PROD-0104,Under Armour Hoodie,Fashion,Men Clothing,2,4299,0.0,8598.0,3234.43,UPI,6,No,0.0
ORD-11476,16-03-2025,CUST-0419,Arun Verma,North,Chandigarh,PROD-0031,Prestige Mixer,Home & Kitchen,Appliances,1,4599,0.0,4599.0,2258.8,Visa,7,No,0.0
ORD-11476,16-03-2025,CUST-0419,Arun Verma,North,Chandigarh,PROD-0104,Under Armour Hoodie,Fashion,Men Clothing,1,4299,0.15,3654.15,1672.82,Debit,11,No,0.0
ORD-11477,23-04-2025,CUST-0410,Karan Gupta,Central,Raipur,PROD-0001,iPhone 15 Pro,Electronics,Smartphones,2,89999,0.0,179998.0,87494.89,Cash On Delivery,3,No,0.0
ORD-11478,22-02-2025,CUST-0307,Siddharth Shah,North,Jaipur,PROD-0104,Under Armour Hoodie,Fashion,Men Clothing,2,4299,0.05,8168.1,2765.36,Cash On Delivery,12,No,0.0
ORD-11479,17-04-2025,CUST-0349,Amit Kumar,Central,Indore,PROD-0101,Samsung Galaxy Buds3,Electronics,Headphones,3,12999,0.05,37047.15,12121.59,Cash On Delivery,5,No,0.0
ORD-11480,13-05-2025,CUST-0039,Dev Das,Central,Raipur,PROD-0103,Kindle Paperwhite,Electronics,Tablets,1,14999,0.15,12749.15,6413.98,Debit,10,No,0.0
ORD-11481,16-05-2025,CUST-0409,Aarav Reddy,West,Mumbai,PROD-0111,Dumbbell Set 20kg,Health & Beauty,Fitness,3,3499,0.0,10497.0,4229.48,Cash On Delivery,7,No,0.0
ORD-11481,16-05-2025,CUST-0409,Aarav Reddy,West,Mumbai,PROD-0106,Casio G-Shock,Fashion,Accessories,3,9999,0.05,28497.15,15397.63,Debit,7,No,0.0
ORD-11481,16-05-2025,CUST-0409,Aarav Reddy,West,Mumbai,PROD-0001,iPhone 15 Pro,Electronics,Smartphones,3,89999,0.1,242997.3,86389.94,Gpay,10,No,0.0
ORD-11481,16-05-2025,CUST-0409,Aarav Reddy,West,Mumbai,PROD-0110,The Psychology of Money,Books & Stationery,Non-Fiction,3,349,0.15,889.95,424.06,UPI,3,No,113.03
ORD-11482,07-04-2025,CUST-0003,Arun Bhat,East,Kolkata,PROD-0104,Under Armour Hoodie,Fashion,Men Clothing,2,4299,0.0,8598.0,4653.09,Debit,8,No,0.0
ORD-11482,07-04-2025,CUST-0003,Arun Bhat,East,Kolkata,PROD-0110,The Psychology of Money,Books & Stationery,Non-Fiction,1,349,0.2,279.2,148.98,Gpay,4,Yes,216.46
ORD-11483,09-02-2025,CUST-0080,Nikhil Choudhury,East,Kolkata,PROD-0016,Levi's 501 Jeans,Fashion,Men Clothing,1,3499,0.0,3499.0,1866.75,UPI,10,No,0.0
ORD-11484,22-05-2025,CUST-0383,Akash Mehta,South,Chennai,PROD-0061,Cetaphil Moisturizer,Health & Beauty,Skincare,2,799,0.0,1598.0,645.29,Debit,11,No,358.85
ORD-11485,25-03-2025,CUST-0300,Riya Sharma,Central,Indore,PROD-0016,Levi's 501 Jeans,Fashion,Men Clothing,2,3499,0.0,6998.0,2354.02,Debit,12,No,0.0
ORD-11485,25-03-2025,CUST-0300,Riya Sharma,Central,Indore,PROD-0003,MacBook Air M3,Electronics,Laptops,1,99999,0.0,99999.0,38129.15,Gpay,2,No,0.0
ORD-11485,25-03-2025,CUST-0300,Riya Sharma,Central,Indore,PROD-0102,Asus ROG Zephyrus,Electronics,Laptops,1,134999,0.05,128249.05,51498.92,UPI,5,No,0.0
ORD-11486,30-01-2025,CUST-0398,Manish Gupta,East,Patna,PROD-0108,Bosch Drill Machine,Home & Kitchen,Appliances,1,5499,0.15,4674.15,1567.68,Visa,12,No,0.0
ORD-11486,30-01-2025,CUST-0398,Manish Gupta,East,Patna,PROD-0111,Dumbbell Set 20kg,Health & Beauty,Fitness,3,3499,0.1,9447.3,3117.6,Visa,8,No,0.0
ORD-11487,30-05-2025,CUST-0354,Priyanka Sharma,Central,Bhopal,PROD-0061,Cetaphil Moisturizer,Health & Beauty,Skincare,3,799,0.0,2397.0,1299.46,Debit,12,No,0.0
ORD-11487,30-05-2025,CUST-0354,Priyanka Sharma,Central,Bhopal,PROD-0111,Dumbbell Set 20kg,Health & Beauty,Fitness,2,3499,0.15,5948.3,3249.44,Visa,10,No,0.0
ORD-11487,30-05-2025,CUST-0354,Priyanka Sharma,Central,Bhopal,PROD-0110,The Psychology of Money,Books & Stationery,Non-Fiction,2,349,0.0,698.0,247.09,Cash On Delivery,2,No,69.91
ORD-11488,13-04-2025,CUST-0329,Tanvi Kumar,South,Chennai,PROD-0110,The Psychology of Money,Books & Stationery,Non-Fiction,1,349,0.0,349.0,126.25,UPI,6,No,64.1
ORD-11489,29-04-2025,CUST-0068,Pooja Iyer,South,Hyderabad,PROD-0031,Prestige Mixer,Home & Kitchen,Appliances,2,4599,0.0,9198.0,3845.73,Gpay,3,No,0.0
ORD-11489,29-04-2025,CUST-0068,Pooja Iyer,South,Hyderabad,PROD-0046,Atomic Habits,Books & Stationery,Non-Fiction,2,399,0.0,798.0,376.94,Net-Banking,12,No,199.62
ORD-11489,29-04-2025,CUST-0068,Pooja Iyer,South,Hyderabad,PROD-0106,Casio G-Shock,Fashion,Accessories,3,9999,0.0,29997.0,11187.15,Gpay,2,No,0.0
ORD-11489,29-04-2025,CUST-0068,Pooja Iyer,South,Hyderabad,PROD-0103,Kindle Paperwhite,Electronics,Tablets,1,14999,0.15,12749.15,4173.5,Debit,1,No,0.0
ORD-11490,30-05-2025,CUST-0380,Rahul Gupta,South,Bangalore,PROD-0112,Protein Shaker Bottle,Health & Beauty,Fitness,1,499,0.0,499.0,216.27,Net-Banking,3,No,313.29
ORD-11490,30-05-2025,CUST-0380,Rahul Gupta,South,Bangalore,PROD-0007,Sony WH-1000XM5,Electronics,Headphones,1,24990,0.0,24990.0,8444.05,Gpay,7,No,0.0
ORD-11490,30-05-2025,CUST-0380,Rahul Gupta,South,Bangalore,PROD-0031,Prestige Mixer,Home & Kitchen,Appliances,2,4599,0.15,7818.3,2576.16,Gpay,9,No,0.0
ORD-11490,30-05-2025,CUST-0380,Rahul Gupta,South,Bangalore,PROD-0103,Kindle Paperwhite,Electronics,Tablets,3,14999,0.05,42747.15,18689.66,UPI,11,No,0.0
ORD-11491,06-01-2025,CUST-0369,Neha Verma,South,Chennai,PROD-0046,Atomic Habits,Books & Stationery,Non-Fiction,3,399,0.0,1197.0,438.85,Visa,8,No,336.4
ORD-11491,06-01-2025,CUST-0369,Neha Verma,South,Chennai,PROD-0016,Levi's 501 Jeans,Fashion,Men Clothing,1,3499,0.15,2974.15,1485.52,UPI,12,No,0.0
ORD-11491,06-01-2025,CUST-0369,Neha Verma,South,Chennai,PROD-0101,Samsung Galaxy Buds3,Electronics,Headphones,2,12999,0.1,23398.2,9848.47,Gpay,10,No,0.0
ORD-11492,24-05-2025,CUST-0051,Kavya Mehta,West,Ahmedabad,PROD-0001,iPhone 15 Pro,Electronics,Smartphones,3,89999,0.05,256497.15,123845.63,Visa,10,No,0.0
ORD-11493,27-02-2025,CUST-0063,Dev Gupta,East,Kolkata,PROD-0102,Asus ROG Zephyrus,Electronics,Laptops,3,134999,0.0,404997.0,176634.52,Debit,2,No,0.0
ORD-11493,27-02-2025,CUST-0063,Dev Gupta,East,Kolkata,PROD-0104,Under Armour Hoodie,Fashion,Men Clothing,1,4299,0.1,3869.1,1182.24,Gpay,6,No,0.0
ORD-11493,27-02-2025,CUST-0063,Dev Gupta,East,Kolkata,PROD-0101,Samsung Galaxy Buds3,Electronics,Headphones,3,12999,0.0,38997.0,14920.4,Debit,5,No,0.0
ORD-11493,27-02-2025,CUST-0063,Dev Gupta,East,Kolkata,PROD-0106,Casio G-Shock,Fashion,Accessories,3,9999,0.2,23997.6,7635.72,Gpay,1,No,0.0
ORD-11494,13-05-2025,CUST-0309,Meera Nair,North,Chandigarh,PROD-0109,Thinking Fast and Slow,Books & Stationery,Non-Fiction,3,499,0.0,1497.0,583.7,Cash On Delivery,5,No,50.54
ORD-11495,24-04-2025,CUST-0306,Swati Nair,East,Patna,PROD-0102,Asus ROG Zephyrus,Electronics,Laptops,2,134999,0.2,215998.4,105209.87,UPI,10,Yes,0.0
ORD-11495,24-04-2025,CUST-0306,Swati Nair,East,Patna,PROD-0110,The Psychology of Money,Books & Stationery,Non-Fiction,1,349,0.0,349.0,126.25,Cash On Delivery,1,No,295.03
ORD-11496,19-05-2025,CUST-0395,Varun Kumar,North,Delhi,PROD-0108,Bosch Drill Machine,Home & Kitchen,Appliances,2,5499,0.0,10998.0,5924.3,UPI,1,No,0.0
ORD-11497,12-05-2025,CUST-0009,Aditi Iyer,West,Mumbai,PROD-0101,Samsung Galaxy Buds3,Electronics,Headphones,2,12999,0.15,22098.3,8427.37,UPI,10,No,0.0
ORD-11498,15-01-2025,CUST-0381,Neha Nair,East,Patna,PROD-0017,Nike Air Force 1,Fashion,Footwear,2,7999,0.15,13598.3,7428.35,Cash On Delivery,7,No,0.0
ORD-11498,15-01-2025,CUST-0381,Neha Nair,East,Patna,PROD-0102,Asus ROG Zephyrus,Electronics,Laptops,3,134999,0.05,384747.15,186440.72,Cash On Delivery,12,No,0.0
ORD-11498,15-01-2025,CUST-0381,Neha Nair,East,Patna,PROD-0046,Atomic Habits,Books & Stationery,Non-Fiction,2,399,0.05,758.1,393.99,Net-Banking,2,No,255.28
ORD-11498,15-01-2025,CUST-0381,Neha Nair,East,Patna,PROD-0103,Kindle Paperwhite,Electronics,Tablets,3,14999,0.05,42747.15,22229.02,Net-Banking,6,No,0.0
ORD-11499,27-04-2025,CUST-0365,Mohit Iyer,East,Patna,PROD-0061,Cetaphil Moisturizer,Health & Beauty,Skincare,2,799,0.15,1358.3,593.7,Gpay,7,No,357.22
ORD-11500,30-03-2025,CUST-0338,Aarav Verma,North,Delhi,PROD-0017,Nike Air Force 1,Fashion,Footwear,1,7999,0.0,7999.0,3971.6,Gpay,9,No,0.0
ORD-11500,30-03-2025,CUST-0338,Aarav Verma,North,Delhi,PROD-0105,Crocs Classic Clog,Fashion,Footwear,2,2999,0.0,5998.0,2819.26,Net-Banking,1,No,0.0
ORD-11500,30-03-2025,CUST-0338,Aarav Verma,North,Delhi,PROD-0112,Protein Shaker Bottle,Health & Beauty,Fitness,1,499,0.0,499.0,257.66,Net-Banking,5,No,390.34
ORD-11500,30-03-2025,CUST-0338,Aarav Verma,North,Delhi,PROD-0111,Dumbbell Set 20kg,Health & Beauty,Fitness,2,3499,0.0,6998.0,3734.21,Debit,7,No,0.0
ORD-11501,23-01-2025,CUST-0394,Meera Mehta,North,Lucknow,PROD-0003,MacBook Air M3,Electronics,Laptops,1,99999,0.2,79999.2,39109.27,Gpay,1,No,0.0
ORD-11502,14-02-2025,CUST-0311,Suresh Sharma,North,Lucknow,PROD-0007,Sony WH-1000XM5,Electronics,Headphones,1,24990,0.1,22491.0,8590.36,Debit,2,No,0.0
ORD-11502,14-02-2025,CUST-0311,Suresh Sharma,North,Lucknow,PROD-0101,Samsung Galaxy Buds3,Electronics,Headphones,1,12999,0.05,12349.05,5108.68,Gpay,11,No,0.0
ORD-11502,14-02-2025,CUST-0311,Suresh Sharma,North,Lucknow,PROD-0003,MacBook Air M3,Electronics,Laptops,3,99999,0.0,299997.0,117737.34,UPI,10,No,0.0
ORD-11503,05-03-2025,CUST-0021,Vikram Patel,East,Patna,PROD-0110,The Psychology of Money,Books & Stationery,Non-Fiction,3,349,0.0,1047.0,542.05,Gpay,9,No,88.46
ORD-11504,21-04-2025,CUST-0384,Amit Das,Central,Bhopal,PROD-0107,Instant Pot Duo,Home & Kitchen,Appliances,3,8999,0.05,25647.15,8871.59,Gpay,8,No,0.0
ORD-11505,04-04-2025,CUST-0029,Arun Shah,South,Hyderabad,PROD-0031,Prestige Mixer,Home & Kitchen,Appliances,3,4599,0.0,13797.0,4373.14,Gpay,8,No,0.0
ORD-11506,04-03-2025,CUST-0355,Nikhil Reddy,North,Lucknow,PROD-0108,Bosch Drill Machine,Home & Kitchen,Appliances,3,5499,0.0,16497.0,5577.02,Cash On Delivery,6,No,0.0
ORD-11507,25-04-2025,CUST-0390,Sneha Reddy,East,Patna,PROD-0109,Thinking Fast and Slow,Books & Stationery,Non-Fiction,3,499,0.0,1497.0,615.65,Visa,8,No,349.26
ORD-11507,25-04-2025,CUST-0390,Sneha Reddy,East,Patna,PROD-0016,Levi's 501 Jeans,Fashion,Men Clothing,1,3499,0.0,3499.0,1378.61,Gpay,10,No,0.0
ORD-11508,08-02-2025,CUST-0356,Aarav Verma,North,Chandigarh,PROD-0001,iPhone 15 Pro,Electronics,Smartphones,2,89999,0.0,179998.0,57758.13,Cash On Delivery,8,No,0.0
ORD-11509,12-02-2025,CUST-0309,Meera Nair,North,Chandigarh,PROD-0111,Dumbbell Set 20kg,Health & Beauty,Fitness,1,3499,0.0,3499.0,1351.19,Net-Banking,7,No,0.0
ORD-11510,12-01-2025,CUST-0357,Krishna Das,South,Chennai,PROD-0001,iPhone 15 Pro,Electronics,Smartphones,3,89999,0.0,269997.0,106551.46,UPI,4,No,0.0
ORD-11510,12-01-2025,CUST-0357,Krishna Das,South,Chennai,PROD-0112,Protein Shaker Bottle,Health & Beauty,Fitness,1,499,0.0,499.0,178.4,Gpay,1,Yes,332.64
ORD-11511,23-05-2025,CUST-0042,Rahul Das,North,Lucknow,PROD-0104,Under Armour Hoodie,Fashion,Men Clothing,2,4299,0.0,8598.0,2756.74,Net-Banking,10,No,0.0
ORD-11512,20-01-2025,CUST-0045,Mohit Pillai,North,Lucknow,PROD-0107,Instant Pot Duo,Home & Kitchen,Appliances,2,8999,0.0,17998.0,7777.96,Cash On Delivery,10,No,0.0
ORD-11512,20-01-2025,CUST-0045,Mohit Pillai,North,Lucknow,PROD-0102,Asus ROG Zephyrus,Electronics,Laptops,1,134999,0.0,134999.0,69227.76,Net-Banking,10,No,0.0
ORD-11513,13-03-2025,CUST-0052,Arjun Shah,South,Kochi,PROD-0031,Prestige Mixer,Home & Kitchen,Appliances,2,4599,0.1,8278.2,3155.73,Debit,3,No,0.0
ORD-11514,08-04-2025,CUST-0381,Neha Nair,East,Patna,PROD-0016,Levi's 501 Jeans,Fashion,Men Clothing,3,3499,0.2,8397.6,4215.23,UPI,5,No,0.0
ORD-11515,07-03-2025,CUST-0337,Shreya Agarwal,South,Hyderabad,PROD-0017,Nike Air Force 1,Fashion,Footwear,3,7999,0.2,19197.6,10202.01,Cash On Delivery,4,No,0.0
ORD-11516,15-05-2025,CUST-0019,Ananya Reddy,South,Kochi,PROD-0016,Levi's 501 Jeans,Fashion,Men Clothing,1,3499,0.0,3499.0,1458.08,Debit,5,No,0.0
ORD-11517,15-01-2025,CUST-0324,Varun Roy,South,Hyderabad,PROD-0108,Bosch Drill Machine,Home & Kitchen,Appliances,3,5499,0.05,15672.15,6995.21,Net-Banking,2,No,0.0
ORD-11517,15-01-2025,CUST-0324,Varun Roy,South,Hyderabad,PROD-0061,Cetaphil Moisturizer,Health & Beauty,Skincare,1,799,0.2,639.2,292.82,Debit,11,No,232.05
ORD-11517,15-01-2025,CUST-0324,Varun Roy,South,Hyderabad,PROD-0107,Instant Pot Duo,Home & Kitchen,Appliances,2,8999,0.0,17998.0,8684.2,Debit,6,No,0.0
ORD-11518,06-04-2025,CUST-0339,Priya Mehta,West,Surat,PROD-0112,Protein Shaker Bottle,Health & Beauty,Fitness,2,499,0.0,998.0,300.59,Visa,9,No,361.62
ORD-11519,09-02-2025,CUST-0044,Rahul Shah,West,Mumbai,PROD-0007,Sony WH-1000XM5,Electronics,Headphones,1,24990,0.0,24990.0,8492.85,Debit,2,No,0.0
ORD-11520,25-03-2025,CUST-0359,Arun Kumar,West,Mumbai,PROD-0102,Asus ROG Zephyrus,Electronics,Laptops,2,134999,0.0,269998.0,103787.05,Visa,10,No,0.0
ORD-11521,05-01-2025,CUST-0357,Krishna Das,South,Chennai,PROD-0111,Dumbbell Set 20kg,Health & Beauty,Fitness,3,3499,0.15,8922.45,2974.01,Debit,8,No,0.0
ORD-11522,04-03-2025,CUST-0318,Suresh Mishra,South,Chennai,PROD-0101,Samsung Galaxy Buds3,Electronics,Headphones,1,12999,0.05,12349.05,6341.09,Cash On Delivery,8,No,0.0
ORD-11522,04-03-2025,CUST-0318,Suresh Mishra,South,Chennai,PROD-0017,Nike Air Force 1,Fashion,Footwear,2,7999,0.0,15998.0,5134.42,Gpay,5,No,0.0
ORD-11522,04-03-2025,CUST-0318,Suresh Mishra,South,Chennai,PROD-0111,Dumbbell Set 20kg,Health & Beauty,Fitness,3,3499,0.05,9972.15,3286.81,Net-Banking,11,No,0.0
ORD-11523,21-02-2025,CUST-0370,Aarav Roy,Central,Raipur,PROD-0106,Casio G-Shock,Fashion,Accessories,2,9999,0.1,17998.2,9672.12,Visa,6,No,0.0
ORD-11524,31-01-2025,CUST-0009,Aditi Iyer,West,Mumbai,PROD-0101,Samsung Galaxy Buds3,Electronics,Headphones,2,12999,0.05,24698.1,10317.35,Net-Banking,12,Yes,0.0
ORD-11524,31-01-2025,CUST-0009,Aditi Iyer,West,Mumbai,PROD-0007,Sony WH-1000XM5,Electronics,Headphones,1,24990,0.1,22491.0,6968.95,Debit,10,No,0.0
ORD-11525,24-01-2025,CUST-0413,Ananya Patel,East,Patna,PROD-0104,Under Armour Hoodie,Fashion,Men Clothing,3,4299,0.15,10962.45,4286.85,UPI,7,No,0.0
ORD-11525,24-01-2025,CUST-0413,Ananya Patel,East,Patna,PROD-0103,Kindle Paperwhite,Electronics,Tablets,2,14999,0.1,26998.2,11362.25,Gpay,1,No,0.0
ORD-11525,24-01-2025,CUST-0413,Ananya Patel,East,Patna,PROD-0101,Samsung Galaxy Buds3,Electronics,Headphones,1,12999,0.05,12349.05,5440.9,UPI,4,No,0.0
ORD-11525,24-01-2025,CUST-0413,Ananya Patel,East,Patna,PROD-0111,Dumbbell Set 20kg,Health & Beauty,Fitness,1,3499,0.0,3499.0,1647.56,Cash On Delivery,5,Yes,0.0
ORD-11526,30-01-2025,CUST-0031,Priya Joshi,Central,Bhopal,PROD-0007,Sony WH-1000XM5,Electronics,Headphones,3,24990,0.0,74970.0,40683.46,Net-Banking,2,No,0.0
ORD-11527,31-01-2025,CUST-0317,Priya Mehta,Central,Nagpur,PROD-0112,Protein Shaker Bottle,Health & Beauty,Fitness,2,499,0.1,898.2,415.42,Net-Banking,11,Yes,100.51
ORD-11527,31-01-2025,CUST-0317,Priya Mehta,Central,Nagpur,PROD-0003,MacBook Air M3,Electronics,Laptops,2,99999,0.0,199998.0,96497.92,UPI,12,No,0.0
ORD-11528,28-01-2025,CUST-0373,Aarav Reddy,North,Delhi,PROD-0102,Asus ROG Zephyrus,Electronics,Laptops,3,134999,0.1,364497.3,161708.25,UPI,2,No,0.0
ORD-11529,31-05-2025,CUST-0065,Karan Pillai,Central,Indore,PROD-0110,The Psychology of Money,Books & Stationery,Non-Fiction,3,349,0.05,994.65,343.64,Cash On Delivery,9,No,127.89
ORD-11530,16-01-2025,CUST-0381,Neha Nair,East,Patna,PROD-0102,Asus ROG Zephyrus,Electronics,Laptops,2,134999,0.0,269998.0,106897.21,Debit,8,No,0.0
ORD-11530,16-01-2025,CUST-0381,Neha Nair,East,Patna,PROD-0109,Thinking Fast and Slow,Books & Stationery,Non-Fiction,3,499,0.05,1422.15,709.06,Cash On Delivery,5,Yes,152.05
ORD-11530,16-01-2025,CUST-0381,Neha Nair,East,Patna,PROD-0001,iPhone 15 Pro,Electronics,Smartphones,1,89999,0.0,89999.0,29606.11,Visa,1,No,0.0
ORD-11531,27-01-2025,CUST-0330,Arun Gupta,East,Bhubaneswar,PROD-0106,Casio G-Shock,Fashion,Accessories,2,9999,0.0,19998.0,10845.18,Debit,4,No,0.0
ORD-11532,30-05-2025,CUST-0055,Neha Joshi,West,Ahmedabad,PROD-0017,Nike Air Force 1,Fashion,Footwear,1,7999,0.0,7999.0,2648.51,Gpay,5,No,0.0
ORD-11533,10-05-2025,CUST-0065,Karan Pillai,Central,Indore,PROD-0106,Casio G-Shock,Fashion,Accessories,1,9999,0.0,9999.0,4382.24,UPI,6,No,0.0
ORD-11534,19-03-2025,CUST-0372,Sneha Yadav,North,Delhi,PROD-0112,Protein Shaker Bottle,Health & Beauty,Fitness,2,499,0.2,798.4,250.66,Visa,7,No,299.79
ORD-11535,25-01-2025,CUST-0004,Sakshi Reddy,Central,Raipur,PROD-0101,Samsung Galaxy Buds3,Electronics,Headphones,1,12999,0.15,11049.15,5532.11,Cash On Delivery,1,No,0.0
ORD-11536,06-01-2025,CUST-0066,Deepak Patel,South,Kochi,PROD-0046,Atomic Habits,Books & Stationery,Non-Fiction,3,399,0.15,1017.45,308.72,Visa,5,No,112.67
ORD-11537,02-03-2025,CUST-0020,Amit Shah,East,Patna,PROD-0017,Nike Air Force 1,Fashion,Footwear,1,7999,0.15,6799.15,3334.25,Visa,3,No,0.0
ORD-11537,02-03-2025,CUST-0020,Amit Shah,East,Patna,PROD-0111,Dumbbell Set 20kg,Health & Beauty,Fitness,2,3499,0.0,6998.0,2148.29,Debit,5,No,0.0
ORD-11538,26-03-2025,CUST-0364,Mohit Das,South,Kochi,PROD-0105,Crocs Classic Clog,Fashion,Footwear,3,2999,0.0,8997.0,4245.2,UPI,10,No,0.0
ORD-11538,26-03-2025,CUST-0364,Mohit Das,South,Kochi,PROD-0109,Thinking Fast and Slow,Books & Stationery,Non-Fiction,1,499,0.0,499.0,202.97,Net-Banking,9,No,103.32
ORD-11539,08-02-2025,CUST-0068,Pooja Iyer,South,Hyderabad,PROD-0102,Asus ROG Zephyrus,Electronics,Laptops,3,134999,0.15,344247.45,127282.63,Net-Banking,4,No,0.0
ORD-11540,15-04-2025,CUST-0312,Ishita Das,South,Bangalore,PROD-0104,Under Armour Hoodie,Fashion,Men Clothing,1,4299,0.0,4299.0,1510.09,Cash On Delivery,3,No,0.0
ORD-11541,28-04-2025,CUST-0347,Vivaan Das,North,Jaipur,PROD-0102,Asus ROG Zephyrus,Electronics,Laptops,3,134999,0.0,404997.0,183746.11,UPI,4,No,0.0
ORD-11542,12-05-2025,CUST-0411,Krishna Pillai,South,Kochi,PROD-0103,Kindle Paperwhite,Electronics,Tablets,2,14999,0.15,25498.3,13851.64,UPI,6,No,0.0
ORD-11543,10-02-2025,CUST-0080,Nikhil Choudhury,East,Kolkata,PROD-0110,The Psychology of Money,Books & Stationery,Non-Fiction,1,349,0.0,349.0,183.58,Cash On Delivery,1,No,308.28
ORD-11544,13-01-2025,CUST-0343,Pooja Roy,South,Bangalore,PROD-0031,Prestige Mixer,Home & Kitchen,Appliances,2,4599,0.1,8278.2,3359.77,Cash On Delivery,10,No,0.0
ORD-11545,26-02-2025,CUST-0321,Varun Joshi,South,Bangalore,PROD-0046,Atomic Habits,Books & Stationery,Non-Fiction,3,399,0.0,1197.0,578.62,Debit,11,No,113.93
ORD-11546,27-05-2025,CUST-0300,Riya Sharma,Central,Indore,PROD-0031,Prestige Mixer,Home & Kitchen,Appliances,3,4599,0.0,13797.0,6484.92,Visa,3,No,0.0
ORD-11547,23-02-2025,CUST-0014,Ishita Patel,Central,Bhopal,PROD-0103,Kindle Paperwhite,Electronics,Tablets,1,14999,0.05,14249.05,4585.36,UPI,12,No,0.0
ORD-11548,17-05-2025,CUST-0320,Krishna Mishra,South,Chennai,PROD-0112,Protein Shaker Bottle,Health & Beauty,Fitness,1,499,0.1,449.1,199.01,Visa,3,No,146.36
ORD-11548,17-05-2025,CUST-0320,Krishna Mishra,South,Chennai,PROD-0111,Dumbbell Set 20kg,Health & Beauty,Fitness,2,3499,0.0,6998.0,2560.79,Visa,11,No,0.0
ORD-11548,17-05-2025,CUST-0320,Krishna Mishra,South,Chennai,PROD-0001,iPhone 15 Pro,Electronics,Smartphones,3,89999,0.0,269997.0,109156.75,Visa,10,No,0.0
ORD-11549,21-01-2025,CUST-0363,Krishna Das,West,Surat,PROD-0001,iPhone 15 Pro,Electronics,Smartphones,2,89999,0.15,152998.3,61820.24,Cash On Delivery,1,No,0.0
ORD-11549,21-01-2025,CUST-0363,Krishna Das,West,Surat,PROD-0112,Protein Shaker Bottle,Health & Beauty,Fitness,3,499,0.15,1272.45,641.19,Net-Banking,3,No,220.39
ORD-11550,08-02-2025,CUST-0387,Amit Roy,North,Chandigarh,PROD-0107,Instant Pot Duo,Home & Kitchen,Appliances,1,8999,0.15,7649.15,3710.97,Cash On Delivery,6,No,0.0
ORD-11550,08-02-2025,CUST-0387,Amit Roy,North,Chandigarh,PROD-0101,Samsung Galaxy Buds3,Electronics,Headphones,2,12999,0.2,20798.4,6968.2,Net-Banking,4,No,0.0
ORD-11550,08-02-2025,CUST-0387,Amit Roy,North,Chandigarh,PROD-0111,Dumbbell Set 20kg,Health & Beauty,Fitness,1,3499,0.0,3499.0,1074.09,Gpay,10,No,0.0
ORD-11551,14-03-2025,CUST-0313,Ishita Choudhury,East,Ranchi,PROD-0016,Levi's 501 Jeans,Fashion,Men Clothing,3,3499,0.1,9447.3,2976.73,UPI,12,No,0.0
ORD-11552,25-02-2025,CUST-0004,Sakshi Reddy,Central,Raipur,PROD-0007,Sony WH-1000XM5,Electronics,Headphones,2,24990,0.0,49980.0,19492.05,Cash On Delivery,4,No,0.0
ORD-11552,25-02-2025,CUST-0004,Sakshi Reddy,Central,Raipur,PROD-0104,Under Armour Hoodie,Fashion,Men Clothing,1,4299,0.05,4084.05,1962.34,Debit,9,No,0.0
ORD-11552,25-02-2025,CUST-0004,Sakshi Reddy,Central,Raipur,PROD-0101,Samsung Galaxy Buds3,Electronics,Headphones,1,12999,0.0,12999.0,4506.06,UPI,12,Yes,0.0
ORD-11552,25-02-2025,CUST-0004,Sakshi Reddy,Central,Raipur,PROD-0108,Bosch Drill Machine,Home & Kitchen,Appliances,3,5499,0.0,16497.0,6545.08,UPI,3,Yes,0.0
ORD-11553,20-02-2025,CUST-0045,Mohit Pillai,North,Lucknow,PROD-0110,The Psychology of Money,Books & Stationery,Non-Fiction,1,349,0.1,314.1,164.54,UPI,10,No,289.84
ORD-11554,10-01-2025,CUST-0069,Neha Reddy,North,Lucknow,PROD-0104,Under Armour Hoodie,Fashion,Men Clothing,3,4299,0.2,10317.6,4606.22,Cash On Delivery,12,No,0.0
ORD-11554,10-01-2025,CUST-0069,Neha Reddy,North,Lucknow,PROD-0102,Asus ROG Zephyrus,Electronics,Laptops,2,134999,0.05,256498.1,96834.15,Visa,6,No,0.0
ORD-11554,10-01-2025,CUST-0069,Neha Reddy,North,Lucknow,PROD-0103,Kindle Paperwhite,Electronics,Tablets,2,14999,0.15,25498.3,14022.05,Cash On Delivery,6,No,0.0
ORD-11555,06-03-2025,CUST-0029,Arun Shah,South,Hyderabad,PROD-0108,Bosch Drill Machine,Home & Kitchen,Appliances,1,5499,0.0,5499.0,2158.54,Cash On Delivery,3,No,0.0
ORD-11555,06-03-2025,CUST-0029,Arun Shah,South,Hyderabad,PROD-0016,Levi's 501 Jeans,Fashion,Men Clothing,3,3499,0.05,9972.15,3829.22,Net-Banking,1,No,0.0
ORD-11555,06-03-2025,CUST-0029,Arun Shah,South,Hyderabad,PROD-0110,The Psychology of Money,Books & Stationery,Non-Fiction,3,349,0.1,942.3,456.79,Visa,1,No,289.91
ORD-11555,06-03-2025,CUST-0029,Arun Shah,South,Hyderabad,PROD-0109,Thinking Fast and Slow,Books & Stationery,Non-Fiction,3,499,0.05,1422.15,540.59,Debit,5,No,120.23
ORD-11556,30-05-2025,CUST-0325,Raj Kumar,West,Mumbai,PROD-0110,The Psychology of Money,Books & Stationery,Non-Fiction,3,349,0.1,942.3,435.22,Debit,8,No,330.47
ORD-11556,30-05-2025,CUST-0325,Raj Kumar,West,Mumbai,PROD-0103,Kindle Paperwhite,Electronics,Tablets,3,14999,0.2,35997.6,12817.29,Gpay,3,No,0.0
ORD-11557,24-03-2025,CUST-0014,Ishita Patel,Central,Bhopal,PROD-0001,iPhone 15 Pro,Electronics,Smartphones,1,89999,0.2,71999.2,29987.77,Debit,1,No,0.0
ORD-11557,24-03-2025,CUST-0014,Ishita Patel,Central,Bhopal,PROD-0107,Instant Pot Duo,Home & Kitchen,Appliances,3,8999,0.0,26997.0,8489.04,Cash On Delivery,5,No,0.0
ORD-11558,26-04-2025,CUST-0072,Mohit Shah,North,Lucknow,PROD-0016,Levi's 501 Jeans,Fashion,Men Clothing,1,3499,0.0,3499.0,1280.9,Debit,4,No,0.0
ORD-11558,26-04-2025,CUST-0072,Mohit Shah,North,Lucknow,PROD-0111,Dumbbell Set 20kg,Health & Beauty,Fitness,2,3499,0.15,5948.3,3222.59,Visa,5,No,0.0
ORD-11558,26-04-2025,CUST-0072,Mohit Shah,North,Lucknow,PROD-0106,Casio G-Shock,Fashion,Accessories,1,9999,0.0,9999.0,3875.86,Net-Banking,1,No,0.0
ORD-11559,17-01-2025,CUST-0350,Meera Singh,West,Ahmedabad,PROD-0101,Samsung Galaxy Buds3,Electronics,Headphones,3,12999,0.1,35097.3,15498.97,Gpay,1,No,0.0
ORD-11559,17-01-2025,CUST-0350,Meera Singh,West,Ahmedabad,PROD-0046,Atomic Habits,Books & Stationery,Non-Fiction,2,399,0.0,798.0,290.44,Debit,9,No,147.09
ORD-11559,17-01-2025,CUST-0350,Meera Singh,West,Ahmedabad,PROD-0108,Bosch Drill Machine,Home & Kitchen,Appliances,2,5499,0.2,8798.4,3280.12,Visa,7,No,0.0
ORD-11560,23-01-2025,CUST-0377,Vivaan Reddy,East,Bhubaneswar,PROD-0017,Nike Air Force 1,Fashion,Footwear,1,7999,0.0,7999.0,4339.72,Visa,5,No,0.0
ORD-11561,27-01-2025,CUST-0027,Ishita Singh,East,Bhubaneswar,PROD-0106,Casio G-Shock,Fashion,Accessories,3,9999,0.0,29997.0,10937.62,Debit,3,No,0.0
ORD-11561,27-01-2025,CUST-0027,Ishita Singh,East,Bhubaneswar,PROD-0102,Asus ROG Zephyrus,Electronics,Laptops,3,134999,0.05,384747.15,144987.28,Gpay,3,No,0.0
ORD-11562,06-02-2025,CUST-0356,Aarav Verma,North,Chandigarh,PROD-0111,Dumbbell Set 20kg,Health & Beauty,Fitness,1,3499,0.05,3324.05,1727.11,Net-Banking,1,No,0.0
ORD-11563,01-05-2025,CUST-0011,Divya Reddy,West,Surat,PROD-0061,Cetaphil Moisturizer,Health & Beauty,Skincare,3,799,0.05,2277.15,898.41,Net-Banking,12,No,0.0
ORD-11564,13-01-2025,CUST-0074,Ananya Roy,East,Ranchi,PROD-0003,MacBook Air M3,Electronics,Laptops,2,99999,0.15,169998.3,57189.57,Gpay,10,No,0.0
ORD-11564,13-01-2025,CUST-0074,Ananya Roy,East,Ranchi,PROD-0106,Casio G-Shock,Fashion,Accessories,1,9999,0.0,9999.0,3721.96,Visa,12,No,0.0
ORD-11564,13-01-2025,CUST-0074,Ananya Roy,East,Ranchi,PROD-0007,Sony WH-1000XM5,Electronics,Headphones,3,24990,0.15,63724.5,19423.42,Cash On Delivery,12,No,0.0
ORD-11564,13-01-2025,CUST-0074,Ananya Roy,East,Ranchi,PROD-0107,Instant Pot Duo,Home & Kitchen,Appliances,3,8999,0.1,24297.3,7659.05,Net-Banking,2,No,0.0
ORD-11565,03-05-2025,CUST-0080,Nikhil Choudhury,East,Kolkata,PROD-0104,Under Armour Hoodie,Fashion,Men Clothing,2,4299,0.2,6878.4,3734.12,UPI,7,No,0.0
ORD-11565,03-05-2025,CUST-0080,Nikhil Choudhury,East,Kolkata,PROD-0102,Asus ROG Zephyrus,Electronics,Laptops,3,134999,0.05,384747.15,154146.5,Net-Banking,10,No,0.0
ORD-11565,03-05-2025,CUST-0080,Nikhil Choudhury,East,Kolkata,PROD-0112,Protein Shaker Bottle,Health & Beauty,Fitness,3,499,0.1,1347.3,416.36,Cash On Delivery,12,No,360.55
ORD-11566,17-03-2025,CUST-0059,Nisha Yadav,Central,Bhopal,PROD-0101,Samsung Galaxy Buds3,Electronics,Headphones,1,12999,0.2,10399.2,3780.15,Visa,3,No,0.0
ORD-11567,11-01-2025,CUST-0331,Varun Reddy,Central,Raipur,PROD-0016,Levi's 501 Jeans,Fashion,Men Clothing,1,3499,0.0,3499.0,1358.11,Cash On Delivery,11,No,0.0
ORD-11568,08-04-2025,CUST-0378,Shreya Bhat,West,Mumbai,PROD-0001,iPhone 15 Pro,Electronics,Smartphones,3,89999,0.2,215997.6,113634.34,Debit,6,No,0.0
ORD-11569,27-03-2025,CUST-0408,Raj Bhat,West,Surat,PROD-0031,Prestige Mixer,Home & Kitchen,Appliances,1,4599,0.1,4139.1,1383.04,Visa,7,No,0.0
ORD-11570,02-03-2025,CUST-0408,Raj Bhat,West,Surat,PROD-0061,Cetaphil Moisturizer,Health & Beauty,Skincare,2,799,0.15,1358.3,521.5,Cash On Delivery,4,No,247.32
ORD-11570,02-03-2025,CUST-0408,Raj Bhat,West,Surat,PROD-0046,Atomic Habits,Books & Stationery,Non-Fiction,2,399,0.0,798.0,386.95,UPI,12,No,175.17
ORD-11571,16-03-2025,CUST-0047,Deepak Reddy,Central,Indore,PROD-0109,Thinking Fast and Slow,Books & Stationery,Non-Fiction,3,499,0.0,1497.0,533.69,Cash On Delivery,2,No,351.2
ORD-11572,27-05-2025,CUST-0350,Meera Singh,West,Ahmedabad,PROD-0111,Dumbbell Set 20kg,Health & Beauty,Fitness,2,3499,0.05,6648.1,3139.9,Debit,2,No,0.0
ORD-11573,13-02-2025,CUST-0333,Akash Singh,South,Kochi,PROD-0001,iPhone 15 Pro,Electronics,Smartphones,2,89999,0.05,170998.1,78377.52,Net-Banking,12,No,0.0
ORD-11574,03-01-2025,CUST-0307,Siddharth Shah,North,Jaipur,PROD-0031,Prestige Mixer,Home & Kitchen,Appliances,1,4599,0.0,4599.0,1526.6,Net-Banking,1,No,0.0
ORD-11575,28-03-2025,CUST-0394,Meera Mehta,North,Lucknow,PROD-0105,Crocs Classic Clog,Fashion,Footwear,3,2999,0.15,7647.45,3970.18,Cash On Delivery,11,Yes,0.0
ORD-11576,22-02-2025,CUST-0377,Vivaan Reddy,East,Bhubaneswar,PROD-0003,MacBook Air M3,Electronics,Laptops,3,99999,0.0,299997.0,156264.12,Debit,5,No,0.0
ORD-11577,18-05-2025,CUST-0035,Deepak Singh,East,Ranchi,PROD-0001,iPhone 15 Pro,Electronics,Smartphones,3,89999,0.15,229497.45,119458.16,Net-Banking,8,Yes,0.0
ORD-11578,04-04-2025,CUST-0034,Meera Nair,East,Ranchi,PROD-0106,Casio G-Shock,Fashion,Accessories,1,9999,0.1,8999.1,4475.58,Visa,12,No,0.0
ORD-11578,04-04-2025,CUST-0034,Meera Nair,East,Ranchi,PROD-0107,Instant Pot Duo,Home & Kitchen,Appliances,3,8999,0.1,24297.3,9324.47,Debit,1,No,0.0
ORD-11578,04-04-2025,CUST-0034,Meera Nair,East,Ranchi,PROD-0109,Thinking Fast and Slow,Books & Stationery,Non-Fiction,3,499,0.05,1422.15,627.56,Debit,6,No,318.81
ORD-11578,04-04-2025,CUST-0034,Meera Nair,East,Ranchi,PROD-0003,MacBook Air M3,Electronics,Laptops,1,99999,0.15,84999.15,29699.15,Debit,1,No,0.0
ORD-11579,06-01-2025,CUST-0337,Shreya Agarwal,South,Hyderabad,PROD-0016,Levi's 501 Jeans,Fashion,Men Clothing,2,3499,0.05,6648.1,2804.31,UPI,6,No,0.0
ORD-11580,02-04-2025,CUST-0048,Ankita Pillai,West,Ahmedabad,PROD-0103,Kindle Paperwhite,Electronics,Tablets,2,14999,0.2,23998.4,9424.08,UPI,10,Yes,0.0
ORD-11581,19-04-2025,CUST-0336,Vivaan Joshi,North,Lucknow,PROD-0007,Sony WH-1000XM5,Electronics,Headphones,2,24990,0.05,47481.0,16533.46,Cash On Delivery,7,No,0.0
ORD-11581,19-04-2025,CUST-0336,Vivaan Joshi,North,Lucknow,PROD-0105,Crocs Classic Clog,Fashion,Footwear,3,2999,0.15,7647.45,3164.07,Cash On Delivery,9,No,0.0
ORD-11581,19-04-2025,CUST-0336,Vivaan Joshi,North,Lucknow,PROD-0102,Asus ROG Zephyrus,Electronics,Laptops,3,134999,0.1,364497.3,187245.16,Gpay,12,No,0.0
ORD-11581,19-04-2025,CUST-0336,Vivaan Joshi,North,Lucknow,PROD-0061,Cetaphil Moisturizer,Health & Beauty,Skincare,2,799,0.0,1598.0,762.05,Net-Banking,2,No,354.48
ORD-11582,14-05-2025,CUST-0339,Priya Mehta,West,Surat,PROD-0111,Dumbbell Set 20kg,Health & Beauty,Fitness,1,3499,0.15,2974.15,1226.1,Net-Banking,11,No,0.0
ORD-11583,22-03-2025,CUST-0333,Akash Singh,South,Kochi,PROD-0112,Protein Shaker Bottle,Health & Beauty,Fitness,2,499,0.0,998.0,458.9,Visa,3,No,338.64
ORD-11584,08-02-2025,CUST-0033,Karan Das,East,Kolkata,PROD-0001,iPhone 15 Pro,Electronics,Smartphones,1,89999,0.2,71999.2,21852.82,Debit,5,No,0.0
ORD-11585,02-01-2025,CUST-0419,Arun Verma,North,Chandigarh,PROD-0105,Crocs Classic Clog,Fashion,Footwear,2,2999,0.15,5098.3,1901.04,Net-Banking,12,No,0.0
ORD-11586,25-05-2025,CUST-0350,Meera Singh,West,Ahmedabad,PROD-0107,Instant Pot Duo,Home & Kitchen,Appliances,2,8999,0.15,15298.3,5623.65,Debit,12,No,0.0
ORD-11586,25-05-2025,CUST-0350,Meera Singh,West,Ahmedabad,PROD-0003,MacBook Air M3,Electronics,Laptops,2,99999,0.0,199998.0,77782.09,Net-Banking,1,No,0.0
ORD-11586,25-05-2025,CUST-0350,Meera Singh,West,Ahmedabad,PROD-0111,Dumbbell Set 20kg,Health & Beauty,Fitness,3,3499,0.05,9972.15,4530.4,UPI,8,No,0.0
ORD-11586,25-05-2025,CUST-0350,Meera Singh,West,Ahmedabad,PROD-0108,Bosch Drill Machine,Home & Kitchen,Appliances,3,5499,0.0,16497.0,8345.79,Net-Banking,1,No,0.0
ORD-11587,02-05-2025,CUST-0350,Meera Singh,West,Ahmedabad,PROD-0061,Cetaphil Moisturizer,Health & Beauty,Skincare,1,799,0.05,759.05,301.89,Visa,10,No,154.15
ORD-11588,06-02-2025,CUST-0358,Arjun Das,West,Pune,PROD-0003,MacBook Air M3,Electronics,Laptops,3,99999,0.05,284997.15,87754.59,Gpay,2,No,0.0
ORD-11589,19-02-2025,CUST-0378,Shreya Bhat,West,Mumbai,PROD-0108,Bosch Drill Machine,Home & Kitchen,Appliances,2,5499,0.05,10448.1,3352.63,Cash On Delivery,6,No,0.0
ORD-11589,19-02-2025,CUST-0378,Shreya Bhat,West,Mumbai,PROD-0101,Samsung Galaxy Buds3,Electronics,Headphones,3,12999,0.05,37047.15,15487.31,Visa,4,No,0.0
ORD-11589,19-02-2025,CUST-0378,Shreya Bhat,West,Mumbai,PROD-0007,Sony WH-1000XM5,Electronics,Headphones,1,24990,0.2,19992.0,10849.76,Debit,10,No,0.0
ORD-11589,19-02-2025,CUST-0378,Shreya Bhat,West,Mumbai,PROD-0003,MacBook Air M3,Electronics,Laptops,2,99999,0.0,199998.0,66041.92,Gpay,11,No,0.0
ORD-11590,15-02-2025,CUST-0345,Deepak Yadav,South,Bangalore,PROD-0103,Kindle Paperwhite,Electronics,Tablets,3,14999,0.0,44997.0,24299.61,Visa,4,No,0.0
ORD-11590,15-02-2025,CUST-0345,Deepak Yadav,South,Bangalore,PROD-0017,Nike Air Force 1,Fashion,Footwear,2,7999,0.1,14398.2,7118.88,Cash On Delivery,3,No,0.0
ORD-11590,15-02-2025,CUST-0345,Deepak Yadav,South,Bangalore,PROD-0104,Under Armour Hoodie,Fashion,Men Clothing,1,4299,0.05,4084.05,1583.72,UPI,7,No,0.0
ORD-11590,15-02-2025,CUST-0345,Deepak Yadav,South,Bangalore,PROD-0105,Crocs Classic Clog,Fashion,Footwear,3,2999,0.1,8097.3,4357.16,Cash On Delivery,4,No,0.0
ORD-11591,23-01-2025,CUST-0383,Akash Mehta,South,Chennai,PROD-0031,Prestige Mixer,Home & Kitchen,Appliances,3,4599,0.0,13797.0,6899.83,Visa,5,No,0.0
ORD-11591,23-01-2025,CUST-0383,Akash Mehta,South,Chennai,PROD-0106,Casio G-Shock,Fashion,Accessories,3,9999,0.15,25497.45,10166.43,UPI,5,No,0.0
ORD-11591,23-01-2025,CUST-0383,Akash Mehta,South,Chennai,PROD-0101,Samsung Galaxy Buds3,Electronics,Headphones,2,12999,0.0,25998.0,9910.28,Net-Banking,6,No,0.0
ORD-11591,23-01-2025,CUST-0383,Akash Mehta,South,Chennai,PROD-0105,Crocs Classic Clog,Fashion,Footwear,3,2999,0.0,8997.0,4755.2,Cash On Delivery,12,No,0.0
ORD-11592,30-04-2025,CUST-0320,Krishna Mishra,South,Chennai,PROD-0102,Asus ROG Zephyrus,Electronics,Laptops,2,134999,0.0,269998.0,103582.98,UPI,6,No,0.0
ORD-11593,23-02-2025,CUST-0372,Sneha Yadav,North,Delhi,PROD-0017,Nike Air Force 1,Fashion,Footwear,1,7999,0.2,6399.2,2303.1,UPI,5,No,0.0
ORD-11594,28-04-2025,CUST-0011,Divya Reddy,West,Surat,PROD-0104,Under Armour Hoodie,Fashion,Men Clothing,1,4299,0.15,3654.15,1323.98,Net-Banking,6,No,0.0
ORD-11594,28-04-2025,CUST-0011,Divya Reddy,West,Surat,PROD-0108,Bosch Drill Machine,Home & Kitchen,Appliances,3,5499,0.05,15672.15,5629.18,Gpay,10,No,0.0
ORD-11594,28-04-2025,CUST-0011,Divya Reddy,West,Surat,PROD-0031,Prestige Mixer,Home & Kitchen,Appliances,2,4599,0.0,9198.0,3555.51,Cash On Delivery,12,No,0.0
ORD-11595,08-01-2025,CUST-0395,Varun Kumar,North,Delhi,PROD-0031,Prestige Mixer,Home & Kitchen,Appliances,1,4599,0.0,4599.0,2452.2,UPI,2,No,0.0
ORD-11596,30-05-2025,CUST-0032,Riya Yadav,East,Patna,PROD-0001,iPhone 15 Pro,Electronics,Smartphones,3,89999,0.05,256497.15,137954.08,Cash On Delivery,7,No,0.0
ORD-11596,30-05-2025,CUST-0032,Riya Yadav,East,Patna,PROD-0102,Asus ROG Zephyrus,Electronics,Laptops,3,134999,0.0,404997.0,193244.43,UPI,1,No,0.0
ORD-11596,30-05-2025,CUST-0032,Riya Yadav,East,Patna,PROD-0031,Prestige Mixer,Home & Kitchen,Appliances,2,4599,0.0,9198.0,3210.72,Debit,10,No,0.0
ORD-11596,30-05-2025,CUST-0032,Riya Yadav,East,Patna,PROD-0106,Casio G-Shock,Fashion,Accessories,1,9999,0.05,9499.05,3432.68,Cash On Delivery,9,Yes,0.0
ORD-11597,20-03-2025,CUST-0032,Riya Yadav,East,Patna,PROD-0109,Thinking Fast and Slow,Books & Stationery,Non-Fiction,2,499,0.0,998.0,434.06,Debit,2,No,164.25
ORD-11597,20-03-2025,CUST-0032,Riya Yadav,East,Patna,PROD-0003,MacBook Air M3,Electronics,Laptops,2,99999,0.1,179998.2,93925.49,UPI,3,No,0.0
ORD-11597,20-03-2025,CUST-0032,Riya Yadav,East,Patna,PROD-0105,Crocs Classic Clog,Fashion,Footwear,2,2999,0.2,4798.4,2531.4,Debit,3,Yes,0.0
ORD-11597,20-03-2025,CUST-0032,Riya Yadav,East,Patna,PROD-0106,Casio G-Shock,Fashion,Accessories,1,9999,0.0,9999.0,4146.5,Debit,1,No,0.0
ORD-11598,21-03-2025,CUST-0411,Krishna Pillai,South,Kochi,PROD-0109,Thinking Fast and Slow,Books & Stationery,Non-Fiction,3,499,0.1,1347.3,602.07,Debit,2,No,94.56
ORD-11598,21-03-2025,CUST-0411,Krishna Pillai,South,Kochi,PROD-0003,MacBook Air M3,Electronics,Laptops,3,99999,0.2,239997.6,82543.62,UPI,9,No,0.0
ORD-11598,21-03-2025,CUST-0411,Krishna Pillai,South,Kochi,PROD-0108,Bosch Drill Machine,Home & Kitchen,Appliances,3,5499,0.2,13197.6,6965.55,UPI,1,No,0.0
ORD-11599,02-03-2025,CUST-0393,Priyanka Shah,East,Bhubaneswar,PROD-0110,The Psychology of Money,Books & Stationery,Non-Fiction,1,349,0.15,296.65,143.72,Cash On Delivery,7,No,48.7
ORD-11599,02-03-2025,CUST-0393,Priyanka Shah,East,Bhubaneswar,PROD-0107,Instant Pot Duo,Home & Kitchen,Appliances,2,8999,0.15,15298.3,5281.75,Cash On Delivery,8,No,0.0
ORD-11600,12-04-2025,CUST-0006,Meera Gupta,West,Surat,PROD-0061,Cetaphil Moisturizer,Health & Beauty,Skincare,1,799,0.1,719.1,248.11,Net-Banking,9,No,176.1
ORD-11601,25-04-2025,CUST-0397,Diya Agarwal,Central,Indore,PROD-0103,Kindle Paperwhite,Electronics,Tablets,2,14999,0.0,29998.0,11413.5,Cash On Delivery,9,No,0.0
ORD-11602,13-04-2025,CUST-0071,Krishna Gupta,South,Bangalore,PROD-0104,Under Armour Hoodie,Fashion,Men Clothing,3,4299,0.1,11607.3,3499.55,Gpay,5,Yes,0.0
ORD-11603,26-02-2025,CUST-0023,Arjun Kumar,North,Lucknow,PROD-0046,Atomic Habits,Books & Stationery,Non-Fiction,2,399,0.05,758.1,405.3,Gpay,2,No,271.54
ORD-11604,26-04-2025,CUST-0416,Aditi Roy,South,Hyderabad,PROD-0001,iPhone 15 Pro,Electronics,Smartphones,1,89999,0.1,80999.1,43772.7,Debit,2,No,0.0
ORD-11605,01-04-2025,CUST-0059,Nisha Yadav,Central,Bhopal,PROD-0007,Sony WH-1000XM5,Electronics,Headphones,2,24990,0.0,49980.0,24477.49,Net-Banking,1,No,0.0
ORD-11605,01-04-2025,CUST-0059,Nisha Yadav,Central,Bhopal,PROD-0104,Under Armour Hoodie,Fashion,Men Clothing,1,4299,0.0,4299.0,2218.48,Visa,2,No,0.0
ORD-11605,01-04-2025,CUST-0059,Nisha Yadav,Central,Bhopal,PROD-0105,Crocs Classic Clog,Fashion,Footwear,3,2999,0.0,8997.0,3958.51,Cash On Delivery,4,No,0.0
ORD-11606,14-05-2025,CUST-0069,Neha Reddy,North,Lucknow,PROD-0007,Sony WH-1000XM5,Electronics,Headphones,1,24990,0.05,23740.5,8179.99,Gpay,4,No,0.0
ORD-11607,17-05-2025,CUST-0065,Karan Pillai,Central,Indore,PROD-0001,iPhone 15 Pro,Electronics,Smartphones,3,89999,0.2,215997.6,109246.31,Visa,7,No,0.0
ORD-11608,22-03-2025,CUST-0322,Nisha Bhat,South,Chennai,PROD-0106,Casio G-Shock,Fashion,Accessories,2,9999,0.0,19998.0,8253.28,Visa,9,No,0.0
ORD-11609,08-03-2025,CUST-0411,Krishna Pillai,South,Kochi,PROD-0107,Instant Pot Duo,Home & Kitchen,Appliances,3,8999,0.2,21597.6,10039.38,Gpay,4,No,0.0
ORD-11610,23-03-2025,CUST-0078,Deepak Agarwal,Central,Bhopal,PROD-0108,Bosch Drill Machine,Home & Kitchen,Appliances,3,5499,0.0,16497.0,5326.41,Cash On Delivery,2,No,0.0
ORD-11611,14-04-2025,CUST-0034,Meera Nair,East,Ranchi,PROD-0104,Under Armour Hoodie,Fashion,Men Clothing,1,4299,0.1,3869.1,1644.62,Visa,10,No,0.0
ORD-11612,20-03-2025,CUST-0010,Meera Mehta,West,Mumbai,PROD-0109,Thinking Fast and Slow,Books & Stationery,Non-Fiction,3,499,0.0,1497.0,716.6,Net-Banking,12,No,67.59
ORD-11612,20-03-2025,CUST-0010,Meera Mehta,West,Mumbai,PROD-0031,Prestige Mixer,Home & Kitchen,Appliances,1,4599,0.0,4599.0,1753.67,UPI,2,No,0.0
ORD-11612,20-03-2025,CUST-0010,Meera Mehta,West,Mumbai,PROD-0007,Sony WH-1000XM5,Electronics,Headphones,1,24990,0.0,24990.0,8283.24,Visa,11,No,0.0
ORD-11613,08-01-2025,CUST-0353,Manish Reddy,South,Kochi,PROD-0110,The Psychology of Money,Books & Stationery,Non-Fiction,1,349,0.0,349.0,134.13,Cash On Delivery,6,No,208.02
ORD-11613,08-01-2025,CUST-0353,Manish Reddy,South,Kochi,PROD-0031,Prestige Mixer,Home & Kitchen,Appliances,2,4599,0.0,9198.0,4395.28,Cash On Delivery,2,No,0.0
ORD-11613,08-01-2025,CUST-0353,Manish Reddy,South,Kochi,PROD-0108,Bosch Drill Machine,Home & Kitchen,Appliances,3,5499,0.2,13197.6,6026.14,Net-Banking,5,No,0.0
ORD-11613,08-01-2025,CUST-0353,Manish Reddy,South,Kochi,PROD-0007,Sony WH-1000XM5,Electronics,Headphones,3,24990,0.1,67473.0,31462.52,UPI,5,No,0.0
ORD-11614,24-04-2025,CUST-0355,Nikhil Reddy,North,Lucknow,PROD-0110,The Psychology of Money,Books & Stationery,Non-Fiction,2,349,0.0,698.0,371.37,Debit,6,No,349.13
ORD-11615,11-02-2025,CUST-0364,Mohit Das,South,Kochi,PROD-0017,Nike Air Force 1,Fashion,Footwear,1,7999,0.05,7599.05,4101.9,Debit,9,No,0.0
ORD-11615,11-02-2025,CUST-0364,Mohit Das,South,Kochi,PROD-0110,The Psychology of Money,Books & Stationery,Non-Fiction,2,349,0.0,698.0,323.6,Visa,4,No,299.21
ORD-11615,11-02-2025,CUST-0364,Mohit Das,South,Kochi,PROD-0003,MacBook Air M3,Electronics,Laptops,1,99999,0.0,99999.0,45961.74,Cash On Delivery,11,No,0.0
ORD-11615,11-02-2025,CUST-0364,Mohit Das,South,Kochi,PROD-0007,Sony WH-1000XM5,Electronics,Headphones,1,24990,0.0,24990.0,9409.64,Gpay,8,No,0.0
ORD-11616,05-04-2025,CUST-0009,Aditi Iyer,West,Mumbai,PROD-0001,iPhone 15 Pro,Electronics,Smartphones,1,89999,0.0,89999.0,35369.01,Gpay,10,No,0.0
ORD-11617,25-03-2025,CUST-0354,Priyanka Sharma,Central,Bhopal,PROD-0017,Nike Air Force 1,Fashion,Footwear,2,7999,0.15,13598.3,5873.22,Cash On Delivery,3,No,0.0
ORD-11617,25-03-2025,CUST-0354,Priyanka Sharma,Central,Bhopal,PROD-0106,Casio G-Shock,Fashion,Accessories,1,9999,0.0,9999.0,5153.6,UPI,11,No,0.0
ORD-11617,25-03-2025,CUST-0354,Priyanka Sharma,Central,Bhopal,PROD-0046,Atomic Habits,Books & Stationery,Non-Fiction,2,399,0.1,718.2,343.36,UPI,12,No,107.53
ORD-11617,25-03-2025,CUST-0354,Priyanka Sharma,Central,Bhopal,PROD-0103,Kindle Paperwhite,Electronics,Tablets,3,14999,0.0,44997.0,23424.65,UPI,5,No,0.0
ORD-11618,07-02-2025,CUST-0062,Priyanka Roy,North,Jaipur,PROD-0046,Atomic Habits,Books & Stationery,Non-Fiction,3,399,0.0,1197.0,547.42,Net-Banking,8,No,215.11
ORD-11619,26-01-2025,CUST-0382,Akash Verma,Central,Raipur,PROD-0106,Casio G-Shock,Fashion,Accessories,3,9999,0.1,26997.3,12848.98,Net-Banking,11,No,0.0
ORD-11620,12-01-2025,CUST-0353,Manish Reddy,South,Kochi,PROD-0106,Casio G-Shock,Fashion,Accessories,3,9999,0.0,29997.0,15341.12,Cash On Delivery,11,No,0.0
ORD-11621,29-03-2025,CUST-0300,Riya Sharma,Central,Indore,PROD-0061,Cetaphil Moisturizer,Health & Beauty,Skincare,3,799,0.0,2397.0,1318.32,Visa,12,No,0.0
ORD-11622,26-02-2025,CUST-0338,Aarav Verma,North,Delhi,PROD-0017,Nike Air Force 1,Fashion,Footwear,3,7999,0.0,23997.0,11511.61,Cash On Delivery,8,No,0.0
ORD-11623,16-03-2025,CUST-0367,Mohit Gupta,East,Patna,PROD-0061,Cetaphil Moisturizer,Health & Beauty,Skincare,2,799,0.0,1598.0,527.56,Visa,8,No,84.34
ORD-11623,16-03-2025,CUST-0367,Mohit Gupta,East,Patna,PROD-0112,Protein Shaker Bottle,Health & Beauty,Fitness,2,499,0.0,998.0,546.53,UPI,8,No,222.07
ORD-11623,16-03-2025,CUST-0367,Mohit Gupta,East,Patna,PROD-0110,The Psychology of Money,Books & Stationery,Non-Fiction,3,349,0.05,994.65,314.4,Gpay,1,No,278.59
ORD-11623,16-03-2025,CUST-0367,Mohit Gupta,East,Patna,PROD-0102,Asus ROG Zephyrus,Electronics,Laptops,2,134999,0.1,242998.2,115179.49,Cash On Delivery,4,No,0.0
ORD-11624,11-01-2025,CUST-0302,Siddharth Das,Central,Bhopal,PROD-0103,Kindle Paperwhite,Electronics,Tablets,2,14999,0.0,29998.0,11347.9,Debit,12,No,0.0
ORD-11624,11-01-2025,CUST-0302,Siddharth Das,Central,Bhopal,PROD-0111,Dumbbell Set 20kg,Health & Beauty,Fitness,2,3499,0.15,5948.3,2272.56,Gpay,8,No,0.0
ORD-11625,14-02-2025,CUST-0029,Arun Shah,South,Hyderabad,PROD-0109,Thinking Fast and Slow,Books & Stationery,Non-Fiction,1,499,0.15,424.15,129.43,Debit,2,No,230.47
ORD-11626,13-02-2025,CUST-0358,Arjun Das,West,Pune,PROD-0110,The Psychology of Money,Books & Stationery,Non-Fiction,1,349,0.2,279.2,112.23,Gpay,4,No,298.7
ORD-11627,18-05-2025,CUST-0335,Amit Gupta,South,Bangalore,PROD-0001,iPhone 15 Pro,Electronics,Smartphones,3,89999,0.0,269997.0,117958.8,Cash On Delivery,10,No,0.0
ORD-11628,09-05-2025,CUST-0307,Siddharth Shah,North,Jaipur,PROD-0106,Casio G-Shock,Fashion,Accessories,1,9999,0.0,9999.0,4548.03,Net-Banking,1,No,0.0
ORD-11628,09-05-2025,CUST-0307,Siddharth Shah,North,Jaipur,PROD-0111,Dumbbell Set 20kg,Health & Beauty,Fitness,2,3499,0.0,6998.0,2837.38,Visa,5,Yes,0.0
ORD-11629,28-01-2025,CUST-0077,Arun Kumar,South,Chennai,PROD-0112,Protein Shaker Bottle,Health & Beauty,Fitness,1,499,0.2,399.2,218.79,UPI,10,No,78.19
ORD-11630,18-01-2025,CUST-0067,Raj Kumar,South,Kochi,PROD-0031,Prestige Mixer,Home & Kitchen,Appliances,3,4599,0.1,12417.3,5758.92,Cash On Delivery,4,No,0.0
ORD-11631,02-03-2025,CUST-0406,Krishna Mehta,Central,Bhopal,PROD-0001,iPhone 15 Pro,Electronics,Smartphones,2,89999,0.0,179998.0,96516.92,Gpay,2,No,0.0
ORD-11631,02-03-2025,CUST-0406,Krishna Mehta,Central,Bhopal,PROD-0017,Nike Air Force 1,Fashion,Footwear,3,7999,0.0,23997.0,8670.34,Cash On Delivery,4,No,0.0
ORD-11632,03-02-2025,CUST-0041,Shreya Reddy,West,Ahmedabad,PROD-0031,Prestige Mixer,Home & Kitchen,Appliances,1,4599,0.05,4369.05,1345.43,Visa,11,No,0.0
ORD-11633,13-05-2025,CUST-0009,Aditi Iyer,West,Mumbai,PROD-0108,Bosch Drill Machine,Home & Kitchen,Appliances,3,5499,0.2,13197.6,5120.2,UPI,12,No,0.0
ORD-11634,25-03-2025,CUST-0398,Manish Gupta,East,Patna,PROD-0107,Instant Pot Duo,Home & Kitchen,Appliances,2,8999,0.0,17998.0,8245.26,Debit,1,No,0.0
ORD-11635,08-03-2025,CUST-0367,Mohit Gupta,East,Patna,PROD-0046,Atomic Habits,Books & Stationery,Non-Fiction,1,399,0.0,399.0,205.56,UPI,11,No,141.18
ORD-11636,16-03-2025,CUST-0025,Meera Pillai,South,Hyderabad,PROD-0111,Dumbbell Set 20kg,Health & Beauty,Fitness,1,3499,0.0,3499.0,1923.98,UPI,9,No,0.0
ORD-11637,09-05-2025,CUST-0339,Priya Mehta,West,Surat,PROD-0107,Instant Pot Duo,Home & Kitchen,Appliances,3,8999,0.0,26997.0,14115.68,Net-Banking,1,No,0.0
ORD-11638,08-04-2025,CUST-0310,Suresh Kumar,South,Kochi,PROD-0106,Casio G-Shock,Fashion,Accessories,2,9999,0.15,16998.3,7776.0,Net-Banking,10,No,0.0
ORD-11638,08-04-2025,CUST-0310,Suresh Kumar,South,Kochi,PROD-0046,Atomic Habits,Books & Stationery,Non-Fiction,1,399,0.0,399.0,182.51,Cash On Delivery,8,No,211.64
ORD-11638,08-04-2025,CUST-0310,Suresh Kumar,South,Kochi,PROD-0104,Under Armour Hoodie,Fashion,Men Clothing,1,4299,0.2,3439.2,1528.17,Gpay,9,No,0.0
ORD-11638,08-04-2025,CUST-0310,Suresh Kumar,South,Kochi,PROD-0112,Protein Shaker Bottle,Health & Beauty,Fitness,2,499,0.0,998.0,529.14,Net-Banking,11,No,179.22
ORD-11639,14-05-2025,CUST-0010,Meera Mehta,West,Mumbai,PROD-0061,Cetaphil Moisturizer,Health & Beauty,Skincare,3,799,0.2,1917.6,742.66,UPI,8,No,306.4
ORD-11640,06-05-2025,CUST-0080,Nikhil Choudhury,East,Kolkata,PROD-0102,Asus ROG Zephyrus,Electronics,Laptops,1,134999,0.0,134999.0,68292.57,Net-Banking,2,No,0.0
ORD-11641,14-01-2025,CUST-0405,Ankita Singh,South,Hyderabad,PROD-0017,Nike Air Force 1,Fashion,Footwear,2,7999,0.15,13598.3,5719.38,UPI,8,No,0.0
ORD-11642,09-04-2025,CUST-0007,Suresh Roy,South,Bangalore,PROD-0007,Sony WH-1000XM5,Electronics,Headphones,2,24990,0.15,42483.0,14073.26,Net-Banking,4,No,0.0
ORD-11643,31-01-2025,CUST-0366,Siddharth Gupta,West,Pune,PROD-0031,Prestige Mixer,Home & Kitchen,Appliances,1,4599,0.15,3909.15,1668.37,Visa,9,Yes,0.0
ORD-11644,28-05-2025,CUST-0361,Pooja Kumar,South,Bangalore,PROD-0007,Sony WH-1000XM5,Electronics,Headphones,2,24990,0.0,49980.0,26397.19,Gpay,4,No,0.0
ORD-11645,30-04-2025,CUST-0050,Priyanka Patel,North,Delhi,PROD-0110,The Psychology of Money,Books & Stationery,Non-Fiction,2,349,0.05,663.1,265.28,Debit,11,No,164.85
ORD-11645,30-04-2025,CUST-0050,Priyanka Patel,North,Delhi,PROD-0107,Instant Pot Duo,Home & Kitchen,Appliances,1,8999,0.0,8999.0,3949.74,Visa,8,No,0.0
ORD-11645,30-04-2025,CUST-0050,Priyanka Patel,North,Delhi,PROD-0111,Dumbbell Set 20kg,Health & Beauty,Fitness,3,3499,0.05,9972.15,4891.9,Cash On Delivery,6,No,0.0
ORD-11645,30-04-2025,CUST-0050,Priyanka Patel,North,Delhi,PROD-0104,Under Armour Hoodie,Fashion,Men Clothing,3,4299,0.05,12252.15,6574.51,Visa,6,No,0.0
ORD-11646,16-04-2025,CUST-0356,Aarav Verma,North,Chandigarh,PROD-0104,Under Armour Hoodie,Fashion,Men Clothing,2,4299,0.0,8598.0,3195.5,Debit,8,No,0.0
ORD-11647,21-03-2025,CUST-0338,Aarav Verma,North,Delhi,PROD-0031,Prestige Mixer,Home & Kitchen,Appliances,1,4599,0.05,4369.05,1641.54,Gpay,5,No,0.0
ORD-11647,21-03-2025,CUST-0338,Aarav Verma,North,Delhi,PROD-0101,Samsung Galaxy Buds3,Electronics,Headphones,1,12999,0.0,12999.0,7042.83,Cash On Delivery,12,No,0.0
ORD-11648,28-03-2025,CUST-0345,Deepak Yadav,South,Bangalore,PROD-0017,Nike Air Force 1,Fashion,Footwear,3,7999,0.05,22797.15,9129.44,Visa,3,No,0.0
ORD-11648,28-03-2025,CUST-0345,Deepak Yadav,South,Bangalore,PROD-0110,The Psychology of Money,Books & Stationery,Non-Fiction,3,349,0.15,889.95,472.04,Gpay,8,No,152.89
ORD-11649,13-02-2025,CUST-0302,Siddharth Das,Central,Bhopal,PROD-0108,Bosch Drill Machine,Home & Kitchen,Appliances,1,5499,0.0,5499.0,2971.23,Gpay,12,No,0.0
ORD-11650,16-04-2025,CUST-0377,Vivaan Reddy,East,Bhubaneswar,PROD-0101,Samsung Galaxy Buds3,Electronics,Headphones,3,12999,0.0,38997.0,14266.77,Visa,6,No,0.0
ORD-11650,16-04-2025,CUST-0377,Vivaan Reddy,East,Bhubaneswar,PROD-0031,Prestige Mixer,Home & Kitchen,Appliances,3,4599,0.0,13797.0,5875.94,Net-Banking,4,No,0.0
ORD-11650,16-04-2025,CUST-0377,Vivaan Reddy,East,Bhubaneswar,PROD-0046,Atomic Habits,Books & Stationery,Non-Fiction,3,399,0.0,1197.0,402.14,UPI,1,No,253.56
ORD-11651,31-03-2025,CUST-0418,Mohit Iyer,South,Kochi,PROD-0109,Thinking Fast and Slow,Books & Stationery,Non-Fiction,3,499,0.0,1497.0,503.95,Gpay,3,No,92.3
ORD-11652,17-01-2025,CUST-0031,Priya Joshi,Central,Bhopal,PROD-0104,Under Armour Hoodie,Fashion,Men Clothing,1,4299,0.0,4299.0,1509.59,Cash On Delivery,1,No,0.0
ORD-11653,11-01-2025,CUST-0344,Kavya Agarwal,East,Patna,PROD-0108,Bosch Drill Machine,Home & Kitchen,Appliances,1,5499,0.05,5224.05,2138.65,Debit,8,No,0.0
ORD-11653,11-01-2025,CUST-0344,Kavya Agarwal,East,Patna,PROD-0103,Kindle Paperwhite,Electronics,Tablets,1,14999,0.05,14249.05,5419.76,UPI,4,No,0.0
ORD-11654,27-03-2025,CUST-0330,Arun Gupta,East,Bhubaneswar,PROD-0003,MacBook Air M3,Electronics,Laptops,2,99999,0.15,169998.3,73382.66,Gpay,8,No,0.0
ORD-11655,21-03-2025,CUST-0056,Meera Iyer,East,Ranchi,PROD-0112,Protein Shaker Bottle,Health & Beauty,Fitness,1,499,0.0,499.0,255.4,Visa,9,No,126.9
ORD-11655,21-03-2025,CUST-0056,Meera Iyer,East,Ranchi,PROD-0106,Casio G-Shock,Fashion,Accessories,2,9999,0.05,18998.1,7444.73,Net-Banking,8,No,0.0
ORD-11655,21-03-2025,CUST-0056,Meera Iyer,East,Ranchi,PROD-0061,Cetaphil Moisturizer,Health & Beauty,Skincare,1,799,0.2,639.2,259.38,Net-Banking,11,No,296.47
ORD-11655,21-03-2025,CUST-0056,Meera Iyer,East,Ranchi,PROD-0105,Crocs Classic Clog,Fashion,Footwear,2,2999,0.0,5998.0,2548.98,UPI,1,No,0.0
ORD-11656,13-05-2025,CUST-0327,Ananya Das,South,Chennai,PROD-0107,Instant Pot Duo,Home & Kitchen,Appliances,2,8999,0.1,16198.2,7295.32,UPI,12,No,0.0
ORD-11657,23-03-2025,CUST-0409,Aarav Reddy,West,Mumbai,PROD-0112,Protein Shaker Bottle,Health & Beauty,Fitness,1,499,0.0,499.0,202.94,Net-Banking,9,Yes,180.91
ORD-11658,28-04-2025,CUST-0406,Krishna Mehta,Central,Bhopal,PROD-0109,Thinking Fast and Slow,Books & Stationery,Non-Fiction,3,499,0.15,1272.45,464.74,Visa,10,No,175.08
ORD-11659,26-01-2025,CUST-0340,Neha Shah,West,Ahmedabad,PROD-0108,Bosch Drill Machine,Home & Kitchen,Appliances,3,5499,0.0,16497.0,8089.76,Debit,12,No,0.0
ORD-11659,26-01-2025,CUST-0340,Neha Shah,West,Ahmedabad,PROD-0102,Asus ROG Zephyrus,Electronics,Laptops,3,134999,0.0,404997.0,153959.79,UPI,4,No,0.0
ORD-11660,03-04-2025,CUST-0334,Rahul Roy,North,Jaipur,PROD-0105,Crocs Classic Clog,Fashion,Footwear,1,2999,0.2,2399.2,771.13,UPI,5,No,0.0
ORD-11660,03-04-2025,CUST-0334,Rahul Roy,North,Jaipur,PROD-0003,MacBook Air M3,Electronics,Laptops,1,99999,0.1,89999.1,33449.62,UPI,4,No,0.0
ORD-11660,03-04-2025,CUST-0334,Rahul Roy,North,Jaipur,PROD-0061,Cetaphil Moisturizer,Health & Beauty,Skincare,2,799,0.2,1278.4,588.32,Gpay,5,No,399.41
ORD-11661,08-02-2025,CUST-0359,Arun Kumar,West,Mumbai,PROD-0017,Nike Air Force 1,Fashion,Footwear,3,7999,0.05,22797.15,11544.54,UPI,12,No,0.0
ORD-11661,08-02-2025,CUST-0359,Arun Kumar,West,Mumbai,PROD-0103,Kindle Paperwhite,Electronics,Tablets,1,14999,0.15,12749.15,6352.22,Cash On Delivery,9,No,0.0
ORD-11662,19-04-2025,CUST-0381,Neha Nair,East,Patna,PROD-0102,Asus ROG Zephyrus,Electronics,Laptops,1,134999,0.0,134999.0,48849.03,Gpay,5,No,0.0
ORD-11663,15-04-2025,CUST-0010,Meera Mehta,West,Mumbai,PROD-0031,Prestige Mixer,Home & Kitchen,Appliances,1,4599,0.0,4599.0,2374.48,Cash On Delivery,6,No,0.0
ORD-11664,24-01-2025,CUST-0308,Karan Joshi,Central,Raipur,PROD-0102,Asus ROG Zephyrus,Electronics,Laptops,1,134999,0.0,134999.0,61848.01,UPI,10,No,0.0
ORD-11665,19-01-2025,CUST-0375,Varun Das,South,Chennai,PROD-0111,Dumbbell Set 20kg,Health & Beauty,Fitness,2,3499,0.0,6998.0,2712.96,Net-Banking,11,No,0.0
ORD-11666,24-02-2025,CUST-0358,Arjun Das,West,Pune,PROD-0103,Kindle Paperwhite,Electronics,Tablets,3,14999,0.2,35997.6,17204.03,Gpay,6,No,0.0
ORD-11667,14-05-2025,CUST-0042,Rahul Das,North,Lucknow,PROD-0017,Nike Air Force 1,Fashion,Footwear,1,7999,0.0,7999.0,2843.69,Gpay,5,No,0.0
ORD-11668,17-01-2025,CUST-0011,Divya Reddy,West,Surat,PROD-0031,Prestige Mixer,Home & Kitchen,Appliances,3,4599,0.0,13797.0,5048.77,Net-Banking,9,No,0.0
ORD-11669,04-02-2025,CUST-0386,Krishna Verma,South,Bangalore,PROD-0112,Protein Shaker Bottle,Health & Beauty,Fitness,3,499,0.2,1197.6,657.27,Cash On Delivery,3,No,189.21
ORD-11669,04-02-2025,CUST-0386,Krishna Verma,South,Bangalore,PROD-0110,The Psychology of Money,Books & Stationery,Non-Fiction,3,349,0.15,889.95,276.3,Net-Banking,10,No,252.75
ORD-11669,04-02-2025,CUST-0386,Krishna Verma,South,Bangalore,PROD-0107,Instant Pot Duo,Home & Kitchen,Appliances,3,8999,0.05,25647.15,9016.74,Visa,2,No,0.0
ORD-11670,25-04-2025,CUST-0311,Suresh Sharma,North,Lucknow,PROD-0107,Instant Pot Duo,Home & Kitchen,Appliances,3,8999,0.15,22947.45,8361.43,Visa,3,No,0.0
ORD-11670,25-04-2025,CUST-0311,Suresh Sharma,North,Lucknow,PROD-0103,Kindle Paperwhite,Electronics,Tablets,1,14999,0.05,14249.05,4365.1,Visa,5,No,0.0
ORD-11670,25-04-2025,CUST-0311,Suresh Sharma,North,Lucknow,PROD-0017,Nike Air Force 1,Fashion,Footwear,1,7999,0.0,7999.0,3531.67,Gpay,5,No,0.0
ORD-11670,25-04-2025,CUST-0311,Suresh Sharma,North,Lucknow,PROD-0104,Under Armour Hoodie,Fashion,Men Clothing,2,4299,0.0,8598.0,3511.72,Cash On Delivery,4,No,0.0
ORD-11671,29-05-2025,CUST-0339,Priya Mehta,West,Surat,PROD-0107,Instant Pot Duo,Home & Kitchen,Appliances,3,8999,0.1,24297.3,12816.97,Net-Banking,2,No,0.0
ORD-11672,05-03-2025,CUST-0395,Varun Kumar,North,Delhi,PROD-0101,Samsung Galaxy Buds3,Electronics,Headphones,1,12999,0.1,11699.1,4045.03,Gpay,12,No,0.0
ORD-11673,01-01-2025,CUST-0335,Amit Gupta,South,Bangalore,PROD-0110,The Psychology of Money,Books & Stationery,Non-Fiction,1,349,0.15,296.65,157.48,Debit,11,No,149.12
ORD-11674,23-05-2025,CUST-0381,Neha Nair,East,Patna,PROD-0102,Asus ROG Zephyrus,Electronics,Laptops,2,134999,0.05,256498.1,101875.78,Cash On Delivery,10,No,0.0
ORD-11675,28-03-2025,CUST-0027,Ishita Singh,East,Bhubaneswar,PROD-0104,Under Armour Hoodie,Fashion,Men Clothing,1,4299,0.05,4084.05,1915.42,Gpay,2,Yes,0.0
ORD-11676,10-01-2025,CUST-0369,Neha Verma,South,Chennai,PROD-0003,MacBook Air M3,Electronics,Laptops,2,99999,0.2,159998.4,70560.61,Cash On Delivery,12,No,0.0
ORD-11677,27-02-2025,CUST-0027,Ishita Singh,East,Bhubaneswar,PROD-0003,MacBook Air M3,Electronics,Laptops,3,99999,0.1,269997.3,87003.57,Net-Banking,10,No,0.0
ORD-11678,06-02-2025,CUST-0410,Karan Gupta,Central,Raipur,PROD-0101,Samsung Galaxy Buds3,Electronics,Headphones,2,12999,0.0,25998.0,12140.08,Debit,2,No,0.0
ORD-11679,07-01-2025,CUST-0395,Varun Kumar,North,Delhi,PROD-0107,Instant Pot Duo,Home & Kitchen,Appliances,1,8999,0.0,8999.0,3175.67,Debit,6,No,0.0
ORD-11680,21-03-2025,CUST-0418,Mohit Iyer,South,Kochi,PROD-0102,Asus ROG Zephyrus,Electronics,Laptops,2,134999,0.15,229498.3,113300.78,Debit,2,No,0.0
ORD-11680,21-03-2025,CUST-0418,Mohit Iyer,South,Kochi,PROD-0017,Nike Air Force 1,Fashion,Footwear,2,7999,0.1,14398.2,6007.93,Net-Banking,10,No,0.0
ORD-11680,21-03-2025,CUST-0418,Mohit Iyer,South,Kochi,PROD-0001,iPhone 15 Pro,Electronics,Smartphones,1,89999,0.05,85499.05,28618.25,UPI,8,No,0.0
ORD-11681,21-04-2025,CUST-0368,Rahul Agarwal,Central,Bhopal,PROD-0104,Under Armour Hoodie,Fashion,Men Clothing,3,4299,0.0,12897.0,6969.12,UPI,4,No,0.0
ORD-11682,06-01-2025,CUST-0015,Dev Mishra,North,Jaipur,PROD-0107,Instant Pot Duo,Home & Kitchen,Appliances,2,8999,0.2,14398.4,5731.24,Gpay,7,No,0.0
ORD-11683,02-04-2025,CUST-0351,Sakshi Roy,West,Mumbai,PROD-0109,Thinking Fast and Slow,Books & Stationery,Non-Fiction,3,499,0.0,1497.0,810.77,Gpay,10,No,107.54
ORD-11683,02-04-2025,CUST-0351,Sakshi Roy,West,Mumbai,PROD-0110,The Psychology of Money,Books & Stationery,Non-Fiction,2,349,0.0,698.0,342.75,Cash On Delivery,3,No,198.29
ORD-11683,02-04-2025,CUST-0351,Sakshi Roy,West,Mumbai,PROD-0106,Casio G-Shock,Fashion,Accessories,1,9999,0.15,8499.15,4097.21,Net-Banking,6,No,0.0
ORD-11684,23-05-2025,CUST-0043,Varun Verma,South,Chennai,PROD-0105,Crocs Classic Clog,Fashion,Footwear,2,2999,0.05,5698.1,1925.62,Gpay,8,No,0.0
ORD-11684,23-05-2025,CUST-0043,Varun Verma,South,Chennai,PROD-0061,Cetaphil Moisturizer,Health & Beauty,Skincare,1,799,0.2,639.2,237.69,Visa,10,No,357.9
ORD-11684,23-05-2025,CUST-0043,Varun Verma,South,Chennai,PROD-0046,Atomic Habits,Books & Stationery,Non-Fiction,1,399,0.2,319.2,153.37,Debit,10,No,349.33
ORD-11685,24-01-2025,CUST-0351,Sakshi Roy,West,Mumbai,PROD-0102,Asus ROG Zephyrus,Electronics,Laptops,1,134999,0.0,134999.0,51343.75,Visa,4,Yes,0.0
ORD-11685,24-01-2025,CUST-0351,Sakshi Roy,West,Mumbai,PROD-0017,Nike Air Force 1,Fashion,Footwear,1,7999,0.05,7599.05,2986.12,Debit,12,No,0.0
ORD-11685,24-01-2025,CUST-0351,Sakshi Roy,West,Mumbai,PROD-0108,Bosch Drill Machine,Home & Kitchen,Appliances,3,5499,0.2,13197.6,5298.01,UPI,10,No,0.0
ORD-11686,04-02-2025,CUST-0328,Varun Sharma,East,Bhubaneswar,PROD-0046,Atomic Habits,Books & Stationery,Non-Fiction,3,399,0.05,1137.15,399.01,Cash On Delivery,10,No,279.91
ORD-11687,03-03-2025,CUST-0038,Sneha Das,East,Ranchi,PROD-0110,The Psychology of Money,Books & Stationery,Non-Fiction,2,349,0.1,628.2,313.5,Net-Banking,6,Yes,118.99
ORD-11688,19-01-2025,CUST-0411,Krishna Pillai,South,Kochi,PROD-0102,Asus ROG Zephyrus,Electronics,Laptops,1,134999,0.0,134999.0,62756.79,Debit,8,No,0.0
ORD-11689,23-01-2025,CUST-0409,Aarav Reddy,West,Mumbai,PROD-0007,Sony WH-1000XM5,Electronics,Headphones,1,24990,0.15,21241.5,10915.64,Visa,11,No,0.0
ORD-11689,23-01-2025,CUST-0409,Aarav Reddy,West,Mumbai,PROD-0031,Prestige Mixer,Home & Kitchen,Appliances,1,4599,0.0,4599.0,1473.66,Net-Banking,8,No,0.0
ORD-11689,23-01-2025,CUST-0409,Aarav Reddy,West,Mumbai,PROD-0107,Instant Pot Duo,Home & Kitchen,Appliances,1,8999,0.0,8999.0,4901.42,Net-Banking,9,No,0.0
ORD-11690,23-02-2025,CUST-0022,Sara Agarwal,Central,Raipur,PROD-0001,iPhone 15 Pro,Electronics,Smartphones,1,89999,0.2,71999.2,29132.72,Gpay,12,No,0.0
ORD-11691,24-04-2025,CUST-0314,Aarav Patel,South,Kochi,PROD-0105,Crocs Classic Clog,Fashion,Footwear,1,2999,0.15,2549.15,1019.14,Gpay,12,No,0.0
ORD-11692,18-02-2025,CUST-0019,Ananya Reddy,South,Kochi,PROD-0007,Sony WH-1000XM5,Electronics,Headphones,1,24990,0.2,19992.0,8129.42,Debit,10,No,0.0
ORD-11693,23-03-2025,CUST-0020,Amit Shah,East,Patna,PROD-0001,iPhone 15 Pro,Electronics,Smartphones,2,89999,0.05,170998.1,59249.28,Cash On Delivery,1,No,0.0
ORD-11694,14-04-2025,CUST-0379,Varun Mishra,West,Ahmedabad,PROD-0102,Asus ROG Zephyrus,Electronics,Laptops,2,134999,0.1,242998.2,127427.21,Visa,7,No,0.0
ORD-11695,03-01-2025,CUST-0361,Pooja Kumar,South,Bangalore,PROD-0106,Casio G-Shock,Fashion,Accessories,2,9999,0.2,15998.4,8022.39,Net-Banking,11,No,0.0
ORD-11696,26-02-2025,CUST-0078,Deepak Agarwal,Central,Bhopal,PROD-0061,Cetaphil Moisturizer,Health & Beauty,Skincare,3,799,0.0,2397.0,1021.0,UPI,3,No,0.0
ORD-11697,15-04-2025,CUST-0069,Neha Reddy,North,Lucknow,PROD-0003,MacBook Air M3,Electronics,Laptops,1,99999,0.2,79999.2,35531.8,Net-Banking,11,No,0.0
ORD-11697,15-04-2025,CUST-0069,Neha Reddy,North,Lucknow,PROD-0107,Instant Pot Duo,Home & Kitchen,Appliances,1,8999,0.0,8999.0,4282.08,Visa,10,No,0.0
ORD-11698,20-05-2025,CUST-0387,Amit Roy,North,Chandigarh,PROD-0109,Thinking Fast and Slow,Books & Stationery,Non-Fiction,2,499,0.1,898.2,344.61,Net-Banking,9,No,117.35
ORD-11698,20-05-2025,CUST-0387,Amit Roy,North,Chandigarh,PROD-0003,MacBook Air M3,Electronics,Laptops,2,99999,0.0,199998.0,60291.92,Cash On Delivery,3,Yes,0.0
ORD-11698,20-05-2025,CUST-0387,Amit Roy,North,Chandigarh,PROD-0110,The Psychology of Money,Books & Stationery,Non-Fiction,1,349,0.05,331.55,101.36,Debit,3,No,139.19
ORD-11698,20-05-2025,CUST-0387,Amit Roy,North,Chandigarh,PROD-0112,Protein Shaker Bottle,Health & Beauty,Fitness,2,499,0.2,798.4,269.9,UPI,4,No,397.47
ORD-11699,27-01-2025,CUST-0357,Krishna Das,South,Chennai,PROD-0105,Crocs Classic Clog,Fashion,Footwear,3,2999,0.0,8997.0,3253.73,Gpay,8,No,0.0
ORD-11699,27-01-2025,CUST-0357,Krishna Das,South,Chennai,PROD-0101,Samsung Galaxy Buds3,Electronics,Headphones,3,12999,0.15,33147.45,10807.36,Visa,8,No,0.0
ORD-11699,27-01-2025,CUST-0357,Krishna Das,South,Chennai,PROD-0046,Atomic Habits,Books & Stationery,Non-Fiction,3,399,0.0,1197.0,465.6,Gpay,1,No,372.6
ORD-11700,06-02-2025,CUST-0043,Varun Verma,South,Chennai,PROD-0046,Atomic Habits,Books & Stationery,Non-Fiction,2,399,0.0,798.0,378.1,Gpay,2,No,119.44
ORD-11701,21-04-2025,CUST-0304,Dev Agarwal,East,Bhubaneswar,PROD-0107,Instant Pot Duo,Home & Kitchen,Appliances,1,8999,0.0,8999.0,4917.8,Net-Banking,4,No,0.0
ORD-11701,21-04-2025,CUST-0304,Dev Agarwal,East,Bhubaneswar,PROD-0109,Thinking Fast and Slow,Books & Stationery,Non-Fiction,1,499,0.15,424.15,174.57,Debit,11,No,63.69
ORD-11701,21-04-2025,CUST-0304,Dev Agarwal,East,Bhubaneswar,PROD-0046,Atomic Habits,Books & Stationery,Non-Fiction,3,399,0.05,1137.15,427.68,Net-Banking,9,No,232.65
ORD-11702,05-04-2025,CUST-0340,Neha Shah,West,Ahmedabad,PROD-0110,The Psychology of Money,Books & Stationery,Non-Fiction,1,349,0.15,296.65,145.26,Visa,7,No,163.4
ORD-11703,28-03-2025,CUST-0376,Raj Singh,Central,Bhopal,PROD-0046,Atomic Habits,Books & Stationery,Non-Fiction,2,399,0.05,758.1,395.55,Gpay,1,No,338.75
ORD-11704,08-03-2025,CUST-0338,Aarav Verma,North,Delhi,PROD-0112,Protein Shaker Bottle,Health & Beauty,Fitness,2,499,0.0,998.0,438.11,UPI,10,No,145.17
ORD-11705,13-01-2025,CUST-0419,Arun Verma,North,Chandigarh,PROD-0003,MacBook Air M3,Electronics,Laptops,2,99999,0.1,179998.2,57997.8,Visa,9,No,0.0
ORD-11706,11-04-2025,CUST-0331,Varun Reddy,Central,Raipur,PROD-0007,Sony WH-1000XM5,Electronics,Headphones,1,24990,0.0,24990.0,8305.3,Net-Banking,8,No,0.0
ORD-11706,11-04-2025,CUST-0331,Varun Reddy,Central,Raipur,PROD-0001,iPhone 15 Pro,Electronics,Smartphones,2,89999,0.1,161998.2,60484.22,Visa,4,No,0.0
ORD-11706,11-04-2025,CUST-0331,Varun Reddy,Central,Raipur,PROD-0110,The Psychology of Money,Books & Stationery,Non-Fiction,2,349,0.1,628.2,271.11,Visa,2,No,275.78
ORD-11706,11-04-2025,CUST-0331,Varun Reddy,Central,Raipur,PROD-0031,Prestige Mixer,Home & Kitchen,Appliances,3,4599,0.1,12417.3,3819.31,Debit,6,No,0.0
ORD-11707,03-02-2025,CUST-0362,Rohan Iyer,Central,Raipur,PROD-0106,Casio G-Shock,Fashion,Accessories,2,9999,0.0,19998.0,6202.75,Debit,6,No,0.0
ORD-11707,03-02-2025,CUST-0362,Rohan Iyer,Central,Raipur,PROD-0101,Samsung Galaxy Buds3,Electronics,Headphones,1,12999,0.15,11049.15,4166.67,Visa,11,No,0.0
ORD-11707,03-02-2025,CUST-0362,Rohan Iyer,Central,Raipur,PROD-0102,Asus ROG Zephyrus,Electronics,Laptops,3,134999,0.2,323997.6,109239.94,Net-Banking,1,No,0.0
ORD-11708,19-05-2025,CUST-0365,Mohit Iyer,East,Patna,PROD-0031,Prestige Mixer,Home & Kitchen,Appliances,3,4599,0.0,13797.0,5362.17,Gpay,10,Yes,0.0
ORD-11708,19-05-2025,CUST-0365,Mohit Iyer,East,Patna,PROD-0107,Instant Pot Duo,Home & Kitchen,Appliances,1,8999,0.2,7199.2,3447.68,Visa,4,No,0.0
ORD-11709,17-02-2025,CUST-0401,Kavya Verma,East,Ranchi,PROD-0107,Instant Pot Duo,Home & Kitchen,Appliances,1,8999,0.15,7649.15,4181.87,Cash On Delivery,6,No,0.0
ORD-11710,30-05-2025,CUST-0307,Siddharth Shah,North,Jaipur,PROD-0001,iPhone 15 Pro,Electronics,Smartphones,2,89999,0.05,170998.1,93794.99,Cash On Delivery,5,Yes,0.0
ORD-11711,18-02-2025,CUST-0404,Nisha Bhat,East,Kolkata,PROD-0101,Samsung Galaxy Buds3,Electronics,Headphones,2,12999,0.05,24698.1,9243.3,UPI,11,No,0.0
ORD-11712,03-05-2025,CUST-0077,Arun Kumar,South,Chennai,PROD-0101,Samsung Galaxy Buds3,Electronics,Headphones,3,12999,0.15,33147.45,10358.56,Visa,12,No,0.0
ORD-11712,03-05-2025,CUST-0077,Arun Kumar,South,Chennai,PROD-0001,iPhone 15 Pro,Electronics,Smartphones,2,89999,0.0,179998.0,90433.57,UPI,11,No,0.0
ORD-11712,03-05-2025,CUST-0077,Arun Kumar,South,Chennai,PROD-0112,Protein Shaker Bottle,Health & Beauty,Fitness,1,499,0.0,499.0,173.24,Gpay,2,No,341.72
ORD-11712,03-05-2025,CUST-0077,Arun Kumar,South,Chennai,PROD-0003,MacBook Air M3,Electronics,Laptops,3,99999,0.05,284997.15,111608.04,Gpay,11,No,0.0
ORD-11713,28-01-2025,CUST-0071,Krishna Gupta,South,Bangalore,PROD-0017,Nike Air Force 1,Fashion,Footwear,2,7999,0.2,12798.4,7030.2,Gpay,11,No,0.0
ORD-11714,08-05-2025,CUST-0388,Ishita Pillai,East,Bhubaneswar,PROD-0104,Under Armour Hoodie,Fashion,Men Clothing,1,4299,0.2,3439.2,1132.01,Debit,6,No,0.0
ORD-11715,22-01-2025,CUST-0059,Nisha Yadav,Central,Bhopal,PROD-0017,Nike Air Force 1,Fashion,Footwear,1,7999,0.0,7999.0,2854.26,Cash On Delivery,6,No,0.0
ORD-11715,22-01-2025,CUST-0059,Nisha Yadav,Central,Bhopal,PROD-0001,iPhone 15 Pro,Electronics,Smartphones,3,89999,0.0,269997.0,110147.47,UPI,6,No,0.0
ORD-11716,07-02-2025,CUST-0329,Tanvi Kumar,South,Chennai,PROD-0106,Casio G-Shock,Fashion,Accessories,2,9999,0.05,18998.1,10382.73,Gpay,2,No,0.0
ORD-11717,24-02-2025,CUST-0003,Arun Bhat,East,Kolkata,PROD-0108,Bosch Drill Machine,Home & Kitchen,Appliances,1,5499,0.0,5499.0,1788.61,Net-Banking,12,No,0.0
ORD-11717,24-02-2025,CUST-0003,Arun Bhat,East,Kolkata,PROD-0104,Under Armour Hoodie,Fashion,Men Clothing,3,4299,0.0,12897.0,4468.59,Gpay,3,No,0.0
ORD-11717,24-02-2025,CUST-0003,Arun Bhat,East,Kolkata,PROD-0016,Levi's 501 Jeans,Fashion,Men Clothing,3,3499,0.15,8922.45,2986.94,Gpay,12,No,0.0
ORD-11717,24-02-2025,CUST-0003,Arun Bhat,East,Kolkata,PROD-0017,Nike Air Force 1,Fashion,Footwear,2,7999,0.05,15198.1,5349.34,Cash On Delivery,12,No,0.0
ORD-11718,01-05-2025,CUST-0347,Vivaan Das,North,Jaipur,PROD-0103,Kindle Paperwhite,Electronics,Tablets,3,14999,0.0,44997.0,23303.25,Cash On Delivery,7,No,0.0
ORD-11718,01-05-2025,CUST-0347,Vivaan Das,North,Jaipur,PROD-0046,Atomic Habits,Books & Stationery,Non-Fiction,2,399,0.1,718.2,288.84,Visa,7,No,284.52
ORD-11718,01-05-2025,CUST-0347,Vivaan Das,North,Jaipur,PROD-0105,Crocs Classic Clog,Fashion,Footwear,1,2999,0.1,2699.1,1162.82,Debit,1,No,0.0
ORD-11719,24-03-2025,CUST-0396,Arun Roy,East,Patna,PROD-0104,Under Armour Hoodie,Fashion,Men Clothing,1,4299,0.1,3869.1,1836.16,Net-Banking,12,No,0.0
ORD-11720,19-01-2025,CUST-0075,Kavya Joshi,South,Bangalore,PROD-0112,Protein Shaker Bottle,Health & Beauty,Fitness,2,499,0.15,848.3,454.38,Gpay,5,No,354.59
ORD-11720,19-01-2025,CUST-0075,Kavya Joshi,South,Bangalore,PROD-0007,Sony WH-1000XM5,Electronics,Headphones,1,24990,0.0,24990.0,12323.64,Net-Banking,7,No,0.0
ORD-11721,16-04-2025,CUST-0072,Mohit Shah,North,Lucknow,PROD-0102,Asus ROG Zephyrus,Electronics,Laptops,2,134999,0.0,269998.0,143348.01,Debit,2,No,0.0
ORD-11722,08-04-2025,CUST-0404,Nisha Bhat,East,Kolkata,PROD-0110,The Psychology of Money,Books & Stationery,Non-Fiction,2,349,0.1,628.2,254.15,Debit,1,No,82.2
ORD-11723,11-04-2025,CUST-0388,Ishita Pillai,East,Bhubaneswar,PROD-0104,Under Armour Hoodie,Fashion,Men Clothing,2,4299,0.05,8168.1,2727.67,UPI,1,No,0.0
ORD-11723,11-04-2025,CUST-0388,Ishita Pillai,East,Bhubaneswar,PROD-0003,MacBook Air M3,Electronics,Laptops,3,99999,0.0,299997.0,93608.68,Net-Banking,12,No,0.0
ORD-11723,11-04-2025,CUST-0388,Ishita Pillai,East,Bhubaneswar,PROD-0007,Sony WH-1000XM5,Electronics,Headphones,3,24990,0.0,74970.0,22970.23,Cash On Delivery,5,No,0.0
ORD-11724,23-03-2025,CUST-0359,Arun Kumar,West,Mumbai,PROD-0046,Atomic Habits,Books & Stationery,Non-Fiction,1,399,0.15,339.15,147.08,UPI,6,No,79.75
ORD-11725,12-04-2025,CUST-0391,Ishita Singh,North,Jaipur,PROD-0104,Under Armour Hoodie,Fashion,Men Clothing,3,4299,0.1,11607.3,4083.61,Net-Banking,2,No,0.0
ORD-11726,14-01-2025,CUST-0397,Diya Agarwal,Central,Indore,PROD-0003,MacBook Air M3,Electronics,Laptops,1,99999,0.0,99999.0,48524.38,Visa,10,No,0.0
ORD-11727,20-02-2025,CUST-0063,Dev Gupta,East,Kolkata,PROD-0109,Thinking Fast and Slow,Books & Stationery,Non-Fiction,3,499,0.15,1272.45,643.66,Gpay,7,No,224.91
ORD-11727,20-02-2025,CUST-0063,Dev Gupta,East,Kolkata,PROD-0110,The Psychology of Money,Books & Stationery,Non-Fiction,1,349,0.0,349.0,139.19,UPI,10,No,122.95
ORD-11728,06-03-2025,CUST-0333,Akash Singh,South,Kochi,PROD-0110,The Psychology of Money,Books & Stationery,Non-Fiction,1,349,0.15,296.65,109.21,Debit,7,No,308.35
ORD-11729,09-05-2025,CUST-0307,Siddharth Shah,North,Jaipur,PROD-0017,Nike Air Force 1,Fashion,Footwear,2,7999,0.0,15998.0,5024.41,Debit,8,No,0.0
ORD-11730,26-02-2025,CUST-0342,Nisha Singh,Central,Bhopal,PROD-0046,Atomic Habits,Books & Stationery,Non-Fiction,2,399,0.15,678.3,211.88,Net-Banking,1,No,393.78
ORD-11731,25-04-2025,CUST-0309,Meera Nair,North,Chandigarh,PROD-0003,MacBook Air M3,Electronics,Laptops,3,99999,0.2,239997.6,88719.94,Visa,11,Yes,0.0
ORD-11732,24-04-2025,CUST-0361,Pooja Kumar,South,Bangalore,PROD-0031,Prestige Mixer,Home & Kitchen,Appliances,2,4599,0.0,9198.0,3350.33,Gpay,10,No,0.0
ORD-11732,24-04-2025,CUST-0361,Pooja Kumar,South,Bangalore,PROD-0016,Levi's 501 Jeans,Fashion,Men Clothing,3,3499,0.1,9447.3,3293.6,Gpay,2,No,0.0
ORD-11732,24-04-2025,CUST-0361,Pooja Kumar,South,Bangalore,PROD-0061,Cetaphil Moisturizer,Health & Beauty,Skincare,2,799,0.05,1518.1,609.99,Debit,2,No,74.46
ORD-11732,24-04-2025,CUST-0361,Pooja Kumar,South,Bangalore,PROD-0007,Sony WH-1000XM5,Electronics,Headphones,2,24990,0.2,39984.0,18811.46,Cash On Delivery,9,No,0.0
ORD-11733,02-05-2025,CUST-0052,Arjun Shah,South,Kochi,PROD-0108,Bosch Drill Machine,Home & Kitchen,Appliances,2,5499,0.0,10998.0,4560.68,Visa,7,No,0.0
ORD-11734,27-02-2025,CUST-0408,Raj Bhat,West,Surat,PROD-0016,Levi's 501 Jeans,Fashion,Men Clothing,1,3499,0.0,3499.0,1584.96,Cash On Delivery,7,No,0.0
ORD-11735,03-01-2025,CUST-0036,Varun Singh,West,Ahmedabad,PROD-0109,Thinking Fast and Slow,Books & Stationery,Non-Fiction,2,499,0.1,898.2,452.6,Net-Banking,1,No,268.73
ORD-11735,03-01-2025,CUST-0036,Varun Singh,West,Ahmedabad,PROD-0031,Prestige Mixer,Home & Kitchen,Appliances,1,4599,0.0,4599.0,2237.76,Visa,9,Yes,0.0
ORD-11735,03-01-2025,CUST-0036,Varun Singh,West,Ahmedabad,PROD-0007,Sony WH-1000XM5,Electronics,Headphones,3,24990,0.15,63724.5,24365.66,Net-Banking,6,No,0.0
ORD-11735,03-01-2025,CUST-0036,Varun Singh,West,Ahmedabad,PROD-0101,Samsung Galaxy Buds3,Electronics,Headphones,2,12999,0.15,22098.3,8642.33,UPI,3,No,0.0
ORD-11736,12-02-2025,CUST-0038,Sneha Das,East,Ranchi,PROD-0003,MacBook Air M3,Electronics,Laptops,3,99999,0.0,299997.0,143144.81,Net-Banking,4,No,0.0
ORD-11736,12-02-2025,CUST-0038,Sneha Das,East,Ranchi,PROD-0108,Bosch Drill Machine,Home & Kitchen,Appliances,2,5499,0.0,10998.0,5003.98,UPI,11,No,0.0
ORD-11737,27-04-2025,CUST-0356,Aarav Verma,North,Chandigarh,PROD-0108,Bosch Drill Machine,Home & Kitchen,Appliances,1,5499,0.15,4674.15,2384.26,UPI,10,No,0.0
ORD-11738,18-02-2025,CUST-0041,Shreya Reddy,West,Ahmedabad,PROD-0109,Thinking Fast and Slow,Books & Stationery,Non-Fiction,1,499,0.0,499.0,195.44,Gpay,3,No,101.5
ORD-11739,04-05-2025,CUST-0042,Rahul Das,North,Lucknow,PROD-0110,The Psychology of Money,Books & Stationery,Non-Fiction,2,349,0.15,593.3,228.95,UPI,8,No,200.21
ORD-11740,10-03-2025,CUST-0047,Deepak Reddy,Central,Indore,PROD-0108,Bosch Drill Machine,Home & Kitchen,Appliances,1,5499,0.05,5224.05,1743.69,UPI,6,No,0.0
ORD-11740,10-03-2025,CUST-0047,Deepak Reddy,Central,Indore,PROD-0031,Prestige Mixer,Home & Kitchen,Appliances,1,4599,0.1,4139.1,1838.41,Gpay,11,No,0.0
ORD-11741,06-05-2025,CUST-0073,Karan Agarwal,East,Patna,PROD-0110,The Psychology of Money,Books & Stationery,Non-Fiction,3,349,0.0,1047.0,510.77,Gpay,4,No,281.12
ORD-11741,06-05-2025,CUST-0073,Karan Agarwal,East,Patna,PROD-0101,Samsung Galaxy Buds3,Electronics,Headphones,3,12999,0.2,31197.6,12598.27,Gpay,12,No,0.0
ORD-11741,06-05-2025,CUST-0073,Karan Agarwal,East,Patna,PROD-0104,Under Armour Hoodie,Fashion,Men Clothing,3,4299,0.0,12897.0,4227.14,Debit,3,No,0.0
ORD-11741,06-05-2025,CUST-0073,Karan Agarwal,East,Patna,PROD-0031,Prestige Mixer,Home & Kitchen,Appliances,2,4599,0.15,7818.3,3472.34,Visa,1,No,0.0
ORD-11742,16-02-2025,CUST-0023,Arjun Kumar,North,Lucknow,PROD-0003,MacBook Air M3,Electronics,Laptops,2,99999,0.05,189998.1,85972.57,Gpay,10,Yes,0.0
ORD-11742,16-02-2025,CUST-0023,Arjun Kumar,North,Lucknow,PROD-0101,Samsung Galaxy Buds3,Electronics,Headphones,2,12999,0.0,25998.0,11912.65,Visa,4,No,0.0
ORD-11743,18-03-2025,CUST-0380,Rahul Gupta,South,Bangalore,PROD-0107,Instant Pot Duo,Home & Kitchen,Appliances,3,8999,0.0,26997.0,10004.59,Cash On Delivery,4,No,0.0
ORD-11743,18-03-2025,CUST-0380,Rahul Gupta,South,Bangalore,PROD-0109,Thinking Fast and Slow,Books & Stationery,Non-Fiction,2,499,0.0,998.0,462.26,Debit,8,No,41.03
ORD-11743,18-03-2025,CUST-0380,Rahul Gupta,South,Bangalore,PROD-0017,Nike Air Force 1,Fashion,Footwear,1,7999,0.1,7199.1,3762.75,Cash On Delivery,6,No,0.0
ORD-11744,22-01-2025,CUST-0068,Pooja Iyer,South,Hyderabad,PROD-0061,Cetaphil Moisturizer,Health & Beauty,Skincare,1,799,0.0,799.0,349.34,Debit,7,No,247.76
ORD-11745,12-01-2025,CUST-0068,Pooja Iyer,South,Hyderabad,PROD-0017,Nike Air Force 1,Fashion,Footwear,3,7999,0.15,20397.45,10159.17,Debit,2,No,0.0
ORD-11746,09-02-2025,CUST-0055,Neha Joshi,West,Ahmedabad,PROD-0001,iPhone 15 Pro,Electronics,Smartphones,3,89999,0.0,269997.0,103915.18,Debit,9,No,0.0
ORD-11746,09-02-2025,CUST-0055,Neha Joshi,West,Ahmedabad,PROD-0107,Instant Pot Duo,Home & Kitchen,Appliances,3,8999,0.1,24297.3,8084.16,UPI,8,No,0.0
ORD-11747,19-04-2025,CUST-0313,Ishita Choudhury,East,Ranchi,PROD-0108,Bosch Drill Machine,Home & Kitchen,Appliances,2,5499,0.15,9348.3,4954.46,Cash On Delivery,3,No,0.0
ORD-11748,25-05-2025,CUST-0309,Meera Nair,North,Chandigarh,PROD-0109,Thinking Fast and Slow,Books & Stationery,Non-Fiction,3,499,0.0,1497.0,643.06,Cash On Delivery,10,No,323.94
ORD-11749,28-05-2025,CUST-0376,Raj Singh,Central,Bhopal,PROD-0106,Casio G-Shock,Fashion,Accessories,3,9999,0.0,29997.0,12973.51,Cash On Delivery,8,No,0.0
ORD-11750,26-02-2025,CUST-0058,Vikram Joshi,Central,Bhopal,PROD-0111,Dumbbell Set 20kg,Health & Beauty,Fitness,3,3499,0.05,9972.15,4588.74,Net-Banking,1,No,0.0
ORD-11750,26-02-2025,CUST-0058,Vikram Joshi,Central,Bhopal,PROD-0110,The Psychology of Money,Books & Stationery,Non-Fiction,1,349,0.2,279.2,127.77,UPI,4,No,184.41
ORD-11750,26-02-2025,CUST-0058,Vikram Joshi,Central,Bhopal,PROD-0061,Cetaphil Moisturizer,Health & Beauty,Skincare,2,799,0.0,1598.0,653.59,Visa,7,No,71.69
ORD-11750,26-02-2025,CUST-0058,Vikram Joshi,Central,Bhopal,PROD-0102,Asus ROG Zephyrus,Electronics,Laptops,1,134999,0.0,134999.0,52021.17,UPI,1,No,0.0
ORD-11751,22-04-2025,CUST-0329,Tanvi Kumar,South,Chennai,PROD-0017,Nike Air Force 1,Fashion,Footwear,3,7999,0.0,23997.0,8119.88,Cash On Delivery,11,No,0.0
ORD-11752,12-03-2025,CUST-0045,Mohit Pillai,North,Lucknow,PROD-0109,Thinking Fast and Slow,Books & Stationery,Non-Fiction,1,499,0.2,399.2,172.15,Debit,12,No,46.5
ORD-11752,12-03-2025,CUST-0045,Mohit Pillai,North,Lucknow,PROD-0106,Casio G-Shock,Fashion,Accessories,2,9999,0.2,15998.4,5590.1,Debit,2,No,0.0
ORD-11752,12-03-2025,CUST-0045,Mohit Pillai,North,Lucknow,PROD-0017,Nike Air Force 1,Fashion,Footwear,1,7999,0.1,7199.1,3584.88,Net-Banking,8,No,0.0
ORD-11752,12-03-2025,CUST-0045,Mohit Pillai,North,Lucknow,PROD-0061,Cetaphil Moisturizer,Health & Beauty,Skincare,3,799,0.0,2397.0,737.29,UPI,1,No,0.0
ORD-11753,14-03-2025,CUST-0067,Raj Kumar,South,Kochi,PROD-0061,Cetaphil Moisturizer,Health & Beauty,Skincare,3,799,0.0,2397.0,844.36,Debit,10,No,0.0
ORD-11754,24-03-2025,CUST-0355,Nikhil Reddy,North,Lucknow,PROD-0110,The Psychology of Money,Books & Stationery,Non-Fiction,2,349,0.0,698.0,328.51,Cash On Delivery,6,No,133.0
ORD-11754,24-03-2025,CUST-0355,Nikhil Reddy,North,Lucknow,PROD-0102,Asus ROG Zephyrus,Electronics,Laptops,3,134999,0.1,364497.3,148412.96,UPI,2,No,0.0
ORD-11754,24-03-2025,CUST-0355,Nikhil Reddy,North,Lucknow,PROD-0016,Levi's 501 Jeans,Fashion,Men Clothing,2,3499,0.0,6998.0,2789.97,Debit,11,No,0.0
ORD-11754,24-03-2025,CUST-0355,Nikhil Reddy,North,Lucknow,PROD-0106,Casio G-Shock,Fashion,Accessories,2,9999,0.0,19998.0,9798.31,Gpay,5,No,0.0
ORD-11755,15-04-2025,CUST-0371,Priya Sharma,Central,Raipur,PROD-0109,Thinking Fast and Slow,Books & Stationery,Non-Fiction,1,499,0.0,499.0,264.58,UPI,11,No,119.85
ORD-11755,15-04-2025,CUST-0371,Priya Sharma,Central,Raipur,PROD-0046,Atomic Habits,Books & Stationery,Non-Fiction,1,399,0.1,359.1,184.02,Debit,4,No,236.47
ORD-11755,15-04-2025,CUST-0371,Priya Sharma,Central,Raipur,PROD-0111,Dumbbell Set 20kg,Health & Beauty,Fitness,2,3499,0.1,6298.2,2408.43,Visa,3,No,0.0
ORD-11756,01-04-2025,CUST-0014,Ishita Patel,Central,Bhopal,PROD-0112,Protein Shaker Bottle,Health & Beauty,Fitness,3,499,0.2,1197.6,566.83,Net-Banking,3,No,206.19
ORD-11757,12-01-2025,CUST-0355,Nikhil Reddy,North,Lucknow,PROD-0031,Prestige Mixer,Home & Kitchen,Appliances,2,4599,0.15,7818.3,3349.93,Visa,4,No,0.0
ORD-11758,07-05-2025,CUST-0023,Arjun Kumar,North,Lucknow,PROD-0101,Samsung Galaxy Buds3,Electronics,Headphones,3,12999,0.05,37047.15,18271.39,Net-Banking,2,No,0.0
ORD-11758,07-05-2025,CUST-0023,Arjun Kumar,North,Lucknow,PROD-0107,Instant Pot Duo,Home & Kitchen,Appliances,1,8999,0.15,7649.15,3607.31,UPI,6,No,0.0
ORD-11758,07-05-2025,CUST-0023,Arjun Kumar,North,Lucknow,PROD-0016,Levi's 501 Jeans,Fashion,Men Clothing,1,3499,0.0,3499.0,1623.65,Gpay,10,No,0.0
ORD-11759,13-03-2025,CUST-0390,Sneha Reddy,East,Patna,PROD-0106,Casio G-Shock,Fashion,Accessories,3,9999,0.15,25497.45,10470.51,Gpay,9,No,0.0
ORD-11760,15-02-2025,CUST-0045,Mohit Pillai,North,Lucknow,PROD-0017,Nike Air Force 1,Fashion,Footwear,2,7999,0.15,13598.3,6663.17,Net-Banking,11,No,0.0
ORD-11761,22-02-2025,CUST-0350,Meera Singh,West,Ahmedabad,PROD-0007,Sony WH-1000XM5,Electronics,Headphones,3,24990,0.05,71221.5,28018.89,UPI,9,No,0.0
ORD-11761,22-02-2025,CUST-0350,Meera Singh,West,Ahmedabad,PROD-0104,Under Armour Hoodie,Fashion,Men Clothing,3,4299,0.0,12897.0,5632.31,Cash On Delivery,8,No,0.0
ORD-11762,04-03-2025,CUST-0356,Aarav Verma,North,Chandigarh,PROD-0109,Thinking Fast and Slow,Books & Stationery,Non-Fiction,1,499,0.0,499.0,160.98,Visa,1,No,295.26
ORD-11763,20-04-2025,CUST-0057,Arun Joshi,Central,Raipur,PROD-0046,Atomic Habits,Books & Stationery,Non-Fiction,2,399,0.0,798.0,413.7,Gpay,10,No,80.8
ORD-11764,15-02-2025,CUST-0322,Nisha Bhat,South,Chennai,PROD-0046,Atomic Habits,Books & Stationery,Non-Fiction,3,399,0.05,1137.15,567.88,Net-Banking,2,No,259.87
ORD-11764,15-02-2025,CUST-0322,Nisha Bhat,South,Chennai,PROD-0016,Levi's 501 Jeans,Fashion,Men Clothing,1,3499,0.1,3149.1,1410.39,Cash On Delivery,7,No,0.0
ORD-11765,17-03-2025,CUST-0397,Diya Agarwal,Central,Indore,PROD-0107,Instant Pot Duo,Home & Kitchen,Appliances,1,8999,0.0,8999.0,3379.69,Debit,12,No,0.0
ORD-11765,17-03-2025,CUST-0397,Diya Agarwal,Central,Indore,PROD-0102,Asus ROG Zephyrus,Electronics,Laptops,2,134999,0.15,229498.3,86987.92,Debit,6,No,0.0
ORD-11765,17-03-2025,CUST-0397,Diya Agarwal,Central,Indore,PROD-0111,Dumbbell Set 20kg,Health & Beauty,Fitness,3,3499,0.2,8397.6,2880.0,Gpay,10,No,0.0
ORD-11766,09-02-2025,CUST-0389,Neha Das,North,Delhi,PROD-0046,Atomic Habits,Books & Stationery,Non-Fiction,1,399,0.0,399.0,207.46,Debit,5,No,131.31
ORD-11767,24-01-2025,CUST-0346,Varun Singh,Central,Raipur,PROD-0101,Samsung Galaxy Buds3,Electronics,Headphones,1,12999,0.0,12999.0,6745.96,Gpay,8,No,0.0
ORD-11767,24-01-2025,CUST-0346,Varun Singh,Central,Raipur,PROD-0107,Instant Pot Duo,Home & Kitchen,Appliances,1,8999,0.1,8099.1,3767.4,Gpay,6,No,0.0
ORD-11768,15-03-2025,CUST-0370,Aarav Roy,Central,Raipur,PROD-0108,Bosch Drill Machine,Home & Kitchen,Appliances,1,5499,0.0,5499.0,2132.25,Cash On Delivery,6,No,0.0
ORD-11769,27-04-2025,CUST-0365,Mohit Iyer,East,Patna,PROD-0031,Prestige Mixer,Home & Kitchen,Appliances,3,4599,0.0,13797.0,5101.22,Gpay,8,No,0.0
ORD-11770,05-01-2025,CUST-0311,Suresh Sharma,North,Lucknow,PROD-0031,Prestige Mixer,Home & Kitchen,Appliances,1,4599,0.15,3909.15,1696.29,Debit,4,No,0.0
ORD-11771,14-01-2025,CUST-0394,Meera Mehta,North,Lucknow,PROD-0106,Casio G-Shock,Fashion,Accessories,2,9999,0.2,15998.4,6940.83,Gpay,9,No,0.0
ORD-11772,03-03-2025,CUST-0069,Neha Reddy,North,Lucknow,PROD-0111,Dumbbell Set 20kg,Health & Beauty,Fitness,3,3499,0.0,10497.0,5575.53,Visa,1,No,0.0
ORD-11772,03-03-2025,CUST-0069,Neha Reddy,North,Lucknow,PROD-0105,Crocs Classic Clog,Fashion,Footwear,1,2999,0.0,2999.0,1168.35,Net-Banking,4,No,0.0
ORD-11773,03-01-2025,CUST-0335,Amit Gupta,South,Bangalore,PROD-0007,Sony WH-1000XM5,Electronics,Headphones,2,24990,0.0,49980.0,24995.54,Cash On Delivery,9,Yes,0.0
ORD-11773,03-01-2025,CUST-0335,Amit Gupta,South,Bangalore,PROD-0112,Protein Shaker Bottle,Health & Beauty,Fitness,1,499,0.0,499.0,218.92,Net-Banking,4,No,91.83
ORD-11773,03-01-2025,CUST-0335,Amit Gupta,South,Bangalore,PROD-0110,The Psychology of Money,Books & Stationery,Non-Fiction,1,349,0.15,296.65,106.76,Net-Banking,2,No,352.31
ORD-11774,04-02-2025,CUST-0312,Ishita Das,South,Bangalore,PROD-0111,Dumbbell Set 20kg,Health & Beauty,Fitness,3,3499,0.05,9972.15,3792.49,Debit,8,No,0.0
ORD-11775,28-05-2025,CUST-0079,Dev Yadav,South,Hyderabad,PROD-0112,Protein Shaker Bottle,Health & Beauty,Fitness,1,499,0.0,499.0,206.15,Gpay,1,No,146.09
ORD-11775,28-05-2025,CUST-0079,Dev Yadav,South,Hyderabad,PROD-0111,Dumbbell Set 20kg,Health & Beauty,Fitness,1,3499,0.0,3499.0,1520.67,Visa,7,No,0.0
ORD-11775,28-05-2025,CUST-0079,Dev Yadav,South,Hyderabad,PROD-0101,Samsung Galaxy Buds3,Electronics,Headphones,2,12999,0.0,25998.0,11821.51,Gpay,5,No,0.0
ORD-11776,12-03-2025,CUST-0080,Nikhil Choudhury,East,Kolkata,PROD-0108,Bosch Drill Machine,Home & Kitchen,Appliances,2,5499,0.1,9898.2,4782.14,Net-Banking,5,No,0.0
ORD-11777,28-02-2025,CUST-0014,Ishita Patel,Central,Bhopal,PROD-0108,Bosch Drill Machine,Home & Kitchen,Appliances,1,5499,0.0,5499.0,2763.95,Cash On Delivery,9,No,0.0
ORD-11778,20-02-2025,CUST-0320,Krishna Mishra,South,Chennai,PROD-0109,Thinking Fast and Slow,Books & Stationery,Non-Fiction,1,499,0.0,499.0,152.25,UPI,7,No,364.73
ORD-11778,20-02-2025,CUST-0320,Krishna Mishra,South,Chennai,PROD-0104,Under Armour Hoodie,Fashion,Men Clothing,3,4299,0.0,12897.0,6109.1,Net-Banking,1,No,0.0
ORD-11778,20-02-2025,CUST-0320,Krishna Mishra,South,Chennai,PROD-0110,The Psychology of Money,Books & Stationery,Non-Fiction,3,349,0.0,1047.0,315.84,Net-Banking,4,No,286.86
ORD-11778,20-02-2025,CUST-0320,Krishna Mishra,South,Chennai,PROD-0007,Sony WH-1000XM5,Electronics,Headphones,2,24990,0.0,49980.0,23291.94,Visa,5,No,0.0
ORD-11779,21-02-2025,CUST-0067,Raj Kumar,South,Kochi,PROD-0107,Instant Pot Duo,Home & Kitchen,Appliances,3,8999,0.2,21597.6,8527.68,Cash On Delivery,2,No,0.0
ORD-11780,03-03-2025,CUST-0330,Arun Gupta,East,Bhubaneswar,PROD-0101,Samsung Galaxy Buds3,Electronics,Headphones,2,12999,0.05,24698.1,7682.42,Visa,7,Yes,0.0
ORD-11781,22-05-2025,CUST-0410,Karan Gupta,Central,Raipur,PROD-0103,Kindle Paperwhite,Electronics,Tablets,3,14999,0.0,44997.0,16920.15,Visa,11,No,0.0
ORD-11782,28-01-2025,CUST-0336,Vivaan Joshi,North,Lucknow,PROD-0046,Atomic Habits,Books & Stationery,Non-Fiction,2,399,0.0,798.0,293.01,Gpay,11,No,200.67
ORD-11783,28-02-2025,CUST-0399,Siddharth Sharma,South,Hyderabad,PROD-0102,Asus ROG Zephyrus,Electronics,Laptops,3,134999,0.0,404997.0,150880.05,Gpay,9,No,0.0
ORD-11784,27-02-2025,CUST-0378,Shreya Bhat,West,Mumbai,PROD-0001,iPhone 15 Pro,Electronics,Smartphones,2,89999,0.15,152998.3,56346.19,Visa,12,No,0.0
ORD-11785,11-04-2025,CUST-0389,Neha Das,North,Delhi,PROD-0001,iPhone 15 Pro,Electronics,Smartphones,2,89999,0.0,179998.0,78267.21,Gpay,8,No,0.0
ORD-11786,06-05-2025,CUST-0013,Deepak Agarwal,South,Chennai,PROD-0007,Sony WH-1000XM5,Electronics,Headphones,1,24990,0.05,23740.5,8470.22,Gpay,9,No,0.0
ORD-11786,06-05-2025,CUST-0013,Deepak Agarwal,South,Chennai,PROD-0108,Bosch Drill Machine,Home & Kitchen,Appliances,3,5499,0.1,14847.3,6477.99,Debit,8,No,0.0
ORD-11787,08-02-2025,CUST-0361,Pooja Kumar,South,Bangalore,PROD-0103,Kindle Paperwhite,Electronics,Tablets,2,14999,0.0,29998.0,11891.13,Gpay,8,No,0.0
ORD-11788,20-05-2025,CUST-0393,Priyanka Shah,East,Bhubaneswar,PROD-0108,Bosch Drill Machine,Home & Kitchen,Appliances,3,5499,0.2,13197.6,4079.02,Cash On Delivery,5,No,0.0
ORD-11789,02-04-2025,CUST-0302,Siddharth Das,Central,Bhopal,PROD-0105,Crocs Classic Clog,Fashion,Footwear,1,2999,0.0,2999.0,1381.83,UPI,4,No,0.0
ORD-11790,13-05-2025,CUST-0345,Deepak Yadav,South,Bangalore,PROD-0112,Protein Shaker Bottle,Health & Beauty,Fitness,3,499,0.0,1497.0,561.34,Visa,1,No,182.24
ORD-11791,13-05-2025,CUST-0311,Suresh Sharma,North,Lucknow,PROD-0107,Instant Pot Duo,Home & Kitchen,Appliances,1,8999,0.1,8099.1,3865.38,Gpay,8,No,0.0
ORD-11792,01-01-2025,CUST-0352,Ananya Choudhury,North,Delhi,PROD-0103,Kindle Paperwhite,Electronics,Tablets,1,14999,0.0,14999.0,6283.06,UPI,4,No,0.0
ORD-11793,21-02-2025,CUST-0405,Ankita Singh,South,Hyderabad,PROD-0106,Casio G-Shock,Fashion,Accessories,2,9999,0.05,18998.1,7562.51,Gpay,9,No,0.0
ORD-11794,28-02-2025,CUST-0337,Shreya Agarwal,South,Hyderabad,PROD-0031,Prestige Mixer,Home & Kitchen,Appliances,3,4599,0.2,11037.6,5106.21,Cash On Delivery,9,No,0.0
ORD-11795,01-03-2025,CUST-0305,Nikhil Patel,East,Ranchi,PROD-0103,Kindle Paperwhite,Electronics,Tablets,1,14999,0.05,14249.05,6164.59,Debit,10,No,0.0
ORD-11795,01-03-2025,CUST-0305,Nikhil Patel,East,Ranchi,PROD-0046,Atomic Habits,Books & Stationery,Non-Fiction,1,399,0.1,359.1,126.81,Cash On Delivery,12,No,123.57
ORD-11795,01-03-2025,CUST-0305,Nikhil Patel,East,Ranchi,PROD-0003,MacBook Air M3,Electronics,Laptops,2,99999,0.2,159998.4,76909.64,UPI,1,No,0.0
ORD-11795,01-03-2025,CUST-0305,Nikhil Patel,East,Ranchi,PROD-0108,Bosch Drill Machine,Home & Kitchen,Appliances,1,5499,0.15,4674.15,1744.24,Debit,9,No,0.0
ORD-11796,10-04-2025,CUST-0341,Rahul Kumar,East,Bhubaneswar,PROD-0112,Protein Shaker Bottle,Health & Beauty,Fitness,3,499,0.15,1272.45,581.88,Debit,7,No,336.43
ORD-11797,16-01-2025,CUST-0058,Vikram Joshi,Central,Bhopal,PROD-0110,The Psychology of Money,Books & Stationery,Non-Fiction,1,349,0.0,349.0,122.83,Debit,6,No,384.12
ORD-11798,07-03-2025,CUST-0364,Mohit Das,South,Kochi,PROD-0003,MacBook Air M3,Electronics,Laptops,1,99999,0.0,99999.0,36856.29,UPI,11,No,0.0
ORD-11798,07-03-2025,CUST-0364,Mohit Das,South,Kochi,PROD-0001,iPhone 15 Pro,Electronics,Smartphones,3,89999,0.05,256497.15,132796.36,Cash On Delivery,1,No,0.0
ORD-11799,05-05-2025,CUST-0027,Ishita Singh,East,Bhubaneswar,PROD-0111,Dumbbell Set 20kg,Health & Beauty,Fitness,1,3499,0.0,3499.0,1133.98,UPI,9,No,0.0
ORD-11800,12-01-2025,CUST-0335,Amit Gupta,South,Bangalore,PROD-0103,Kindle Paperwhite,Electronics,Tablets,3,14999,0.0,44997.0,23209.32,Gpay,11,No,0.0
ORD-11801,24-04-2025,CUST-0384,Amit Das,Central,Bhopal,PROD-0104,Under Armour Hoodie,Fashion,Men Clothing,2,4299,0.0,8598.0,3750.14,Net-Banking,6,No,0.0
ORD-11802,03-03-2025,CUST-0313,Ishita Choudhury,East,Ranchi,PROD-0046,Atomic Habits,Books & Stationery,Non-Fiction,3,399,0.0,1197.0,479.39,Debit,9,No,72.29
ORD-11803,21-03-2025,CUST-0078,Deepak Agarwal,Central,Bhopal,PROD-0031,Prestige Mixer,Home & Kitchen,Appliances,2,4599,0.0,9198.0,4486.53,Cash On Delivery,11,No,0.0
ORD-11804,22-05-2025,CUST-0001,Arun Reddy,West,Pune,PROD-0110,The Psychology of Money,Books & Stationery,Non-Fiction,3,349,0.15,889.95,402.45,Net-Banking,4,No,276.34
ORD-11804,22-05-2025,CUST-0001,Arun Reddy,West,Pune,PROD-0001,iPhone 15 Pro,Electronics,Smartphones,3,89999,0.2,215997.6,84665.89,Visa,9,No,0.0
ORD-11804,22-05-2025,CUST-0001,Arun Reddy,West,Pune,PROD-0111,Dumbbell Set 20kg,Health & Beauty,Fitness,3,3499,0.0,10497.0,4187.97,Net-Banking,7,No,0.0
ORD-11804,22-05-2025,CUST-0001,Arun Reddy,West,Pune,PROD-0046,Atomic Habits,Books & Stationery,Non-Fiction,1,399,0.1,359.1,172.12,Gpay,2,No,218.5
ORD-11805,08-04-2025,CUST-0318,Suresh Mishra,South,Chennai,PROD-0108,Bosch Drill Machine,Home & Kitchen,Appliances,3,5499,0.15,14022.45,7540.75,Visa,8,No,0.0
ORD-11806,25-02-2025,CUST-0034,Meera Nair,East,Ranchi,PROD-0106,Casio G-Shock,Fashion,Accessories,1,9999,0.0,9999.0,5333.62,Gpay,7,No,0.0
ORD-11807,15-05-2025,CUST-0337,Shreya Agarwal,South,Hyderabad,PROD-0109,Thinking Fast and Slow,Books & Stationery,Non-Fiction,2,499,0.15,848.3,407.96,Visa,11,No,158.58
ORD-11808,19-05-2025,CUST-0016,Sneha Singh,North,Lucknow,PROD-0106,Casio G-Shock,Fashion,Accessories,3,9999,0.0,29997.0,15856.08,Debit,10,No,0.0
ORD-11809,26-02-2025,CUST-0391,Ishita Singh,North,Jaipur,PROD-0107,Instant Pot Duo,Home & Kitchen,Appliances,1,8999,0.15,7649.15,2661.14,Debit,7,No,0.0
ORD-11809,26-02-2025,CUST-0391,Ishita Singh,North,Jaipur,PROD-0031,Prestige Mixer,Home & Kitchen,Appliances,2,4599,0.0,9198.0,4184.38,Debit,5,No,0.0
ORD-11810,01-01-2025,CUST-0380,Rahul Gupta,South,Bangalore,PROD-0105,Crocs Classic Clog,Fashion,Footwear,3,2999,0.0,8997.0,3463.94,Cash On Delivery,5,No,0.0
ORD-11811,05-04-2025,CUST-0374,Kavya Reddy,South,Bangalore,PROD-0003,MacBook Air M3,Electronics,Laptops,1,99999,0.05,94999.05,39646.11,Gpay,7,No,0.0
ORD-11811,05-04-2025,CUST-0374,Kavya Reddy,South,Bangalore,PROD-0103,Kindle Paperwhite,Electronics,Tablets,1,14999,0.1,13499.1,4560.31,Visa,11,No,0.0
ORD-11811,05-04-2025,CUST-0374,Kavya Reddy,South,Bangalore,PROD-0102,Asus ROG Zephyrus,Electronics,Laptops,3,134999,0.1,364497.3,199865.36,Cash On Delivery,3,No,0.0
ORD-11812,25-01-2025,CUST-0302,Siddharth Das,Central,Bhopal,PROD-0109,Thinking Fast and Slow,Books & Stationery,Non-Fiction,1,499,0.15,424.15,130.0,Net-Banking,6,No,114.45
ORD-11812,25-01-2025,CUST-0302,Siddharth Das,Central,Bhopal,PROD-0103,Kindle Paperwhite,Electronics,Tablets,2,14999,0.15,25498.3,7938.13,Gpay,5,No,0.0
ORD-11813,26-02-2025,CUST-0303,Sneha Singh,West,Mumbai,PROD-0107,Instant Pot Duo,Home & Kitchen,Appliances,1,8999,0.0,8999.0,4759.89,Gpay,8,No,0.0
ORD-11813,26-02-2025,CUST-0303,Sneha Singh,West,Mumbai,PROD-0007,Sony WH-1000XM5,Electronics,Headphones,1,24990,0.0,24990.0,11441.72,Net-Banking,1,No,0.0
ORD-11813,26-02-2025,CUST-0303,Sneha Singh,West,Mumbai,PROD-0103,Kindle Paperwhite,Electronics,Tablets,3,14999,0.1,40497.3,13023.96,Visa,1,No,0.0
ORD-11814,12-01-2025,CUST-0417,Raj Verma,Central,Indore,PROD-0108,Bosch Drill Machine,Home & Kitchen,Appliances,3,5499,0.0,16497.0,5755.12,Cash On Delivery,8,No,0.0
ORD-11814,12-01-2025,CUST-0417,Raj Verma,Central,Indore,PROD-0061,Cetaphil Moisturizer,Health & Beauty,Skincare,2,799,0.15,1358.3,539.58,UPI,7,No,196.09
ORD-11814,12-01-2025,CUST-0417,Raj Verma,Central,Indore,PROD-0111,Dumbbell Set 20kg,Health & Beauty,Fitness,1,3499,0.0,3499.0,1692.33,Visa,3,No,0.0
ORD-11815,05-01-2025,CUST-0301,Krishna Sharma,South,Hyderabad,PROD-0061,Cetaphil Moisturizer,Health & Beauty,Skincare,2,799,0.2,1278.4,596.8,Net-Banking,1,No,139.61
ORD-11815,05-01-2025,CUST-0301,Krishna Sharma,South,Hyderabad,PROD-0109,Thinking Fast and Slow,Books & Stationery,Non-Fiction,3,499,0.0,1497.0,742.61,Cash On Delivery,11,No,300.6
ORD-11815,05-01-2025,CUST-0301,Krishna Sharma,South,Hyderabad,PROD-0103,Kindle Paperwhite,Electronics,Tablets,3,14999,0.0,44997.0,14632.42,Cash On Delivery,6,No,0.0
ORD-11816,03-03-2025,CUST-0418,Mohit Iyer,South,Kochi,PROD-0111,Dumbbell Set 20kg,Health & Beauty,Fitness,3,3499,0.2,8397.6,3526.07,Net-Banking,8,No,0.0
ORD-11816,03-03-2025,CUST-0418,Mohit Iyer,South,Kochi,PROD-0046,Atomic Habits,Books & Stationery,Non-Fiction,3,399,0.2,957.6,397.71,Cash On Delivery,10,No,232.92
ORD-11816,03-03-2025,CUST-0418,Mohit Iyer,South,Kochi,PROD-0104,Under Armour Hoodie,Fashion,Men Clothing,2,4299,0.0,8598.0,3321.7,Gpay,9,No,0.0
ORD-11817,17-04-2025,CUST-0348,Sneha Roy,West,Pune,PROD-0108,Bosch Drill Machine,Home & Kitchen,Appliances,3,5499,0.0,16497.0,7970.45,Gpay,3,No,0.0
ORD-11818,07-04-2025,CUST-0059,Nisha Yadav,Central,Bhopal,PROD-0106,Casio G-Shock,Fashion,Accessories,3,9999,0.1,26997.3,9173.59,Cash On Delivery,7,No,0.0
ORD-11818,07-04-2025,CUST-0059,Nisha Yadav,Central,Bhopal,PROD-0107,Instant Pot Duo,Home & Kitchen,Appliances,2,8999,0.05,17098.1,7420.64,UPI,3,No,0.0
ORD-11818,07-04-2025,CUST-0059,Nisha Yadav,Central,Bhopal,PROD-0007,Sony WH-1000XM5,Electronics,Headphones,1,24990,0.2,19992.0,9529.62,Gpay,2,No,0.0
ORD-11819,13-02-2025,CUST-0002,Nisha Gupta,South,Bangalore,PROD-0016,Levi's 501 Jeans,Fashion,Men Clothing,1,3499,0.0,3499.0,1070.94,UPI,6,No,0.0
ORD-11820,07-02-2025,CUST-0391,Ishita Singh,North,Jaipur,PROD-0031,Prestige Mixer,Home & Kitchen,Appliances,2,4599,0.0,9198.0,4837.12,Debit,9,No,0.0
ORD-11820,07-02-2025,CUST-0391,Ishita Singh,North,Jaipur,PROD-0109,Thinking Fast and Slow,Books & Stationery,Non-Fiction,2,499,0.2,798.4,296.11,UPI,6,No,124.2
ORD-11820,07-02-2025,CUST-0391,Ishita Singh,North,Jaipur,PROD-0102,Asus ROG Zephyrus,Electronics,Laptops,2,134999,0.1,242998.2,83595.47,UPI,10,No,0.0
ORD-11821,27-04-2025,CUST-0393,Priyanka Shah,East,Bhubaneswar,PROD-0110,The Psychology of Money,Books & Stationery,Non-Fiction,1,349,0.0,349.0,184.47,Visa,4,No,255.82
ORD-11822,13-01-2025,CUST-0395,Varun Kumar,North,Delhi,PROD-0108,Bosch Drill Machine,Home & Kitchen,Appliances,3,5499,0.05,15672.15,6606.87,Net-Banking,9,No,0.0
ORD-11822,13-01-2025,CUST-0395,Varun Kumar,North,Delhi,PROD-0016,Levi's 501 Jeans,Fashion,Men Clothing,2,3499,0.0,6998.0,2207.77,Visa,4,No,0.0
ORD-11822,13-01-2025,CUST-0395,Varun Kumar,North,Delhi,PROD-0061,Cetaphil Moisturizer,Health & Beauty,Skincare,3,799,0.0,2397.0,754.98,Debit,10,No,0.0
ORD-11822,13-01-2025,CUST-0395,Varun Kumar,North,Delhi,PROD-0046,Atomic Habits,Books & Stationery,Non-Fiction,1,399,0.1,359.1,189.5,Cash On Delivery,9,No,173.78
ORD-11823,20-03-2025,CUST-0327,Ananya Das,South,Chennai,PROD-0108,Bosch Drill Machine,Home & Kitchen,Appliances,2,5499,0.0,10998.0,4961.86,Debit,11,Yes,0.0
ORD-11824,25-04-2025,CUST-0380,Rahul Gupta,South,Bangalore,PROD-0108,Bosch Drill Machine,Home & Kitchen,Appliances,3,5499,0.15,14022.45,6780.73,Net-Banking,1,No,0.0
ORD-11825,11-04-2025,CUST-0071,Krishna Gupta,South,Bangalore,PROD-0107,Instant Pot Duo,Home & Kitchen,Appliances,3,8999,0.0,26997.0,9463.41,UPI,11,No,0.0
ORD-11826,04-02-2025,CUST-0334,Rahul Roy,North,Jaipur,PROD-0111,Dumbbell Set 20kg,Health & Beauty,Fitness,1,3499,0.0,3499.0,1325.73,Debit,6,No,0.0
ORD-11827,13-05-2025,CUST-0064,Aditi Patel,West,Ahmedabad,PROD-0106,Casio G-Shock,Fashion,Accessories,3,9999,0.1,26997.3,13016.84,Cash On Delivery,3,No,0.0
ORD-11828,08-04-2025,CUST-0418,Mohit Iyer,South,Kochi,PROD-0110,The Psychology of Money,Books & Stationery,Non-Fiction,3,349,0.0,1047.0,361.84,Debit,6,No,301.76
ORD-11829,18-05-2025,CUST-0334,Rahul Roy,North,Jaipur,PROD-0110,The Psychology of Money,Books & Stationery,Non-Fiction,1,349,0.0,349.0,107.62,Visa,1,No,292.36
ORD-11829,18-05-2025,CUST-0334,Rahul Roy,North,Jaipur,PROD-0061,Cetaphil Moisturizer,Health & Beauty,Skincare,2,799,0.0,1598.0,609.8,Cash On Delivery,5,No,364.52
ORD-11830,26-03-2025,CUST-0028,Priyanka Patel,North,Chandigarh,PROD-0112,Protein Shaker Bottle,Health & Beauty,Fitness,2,499,0.0,998.0,525.33,Visa,6,No,156.97
ORD-11830,26-03-2025,CUST-0028,Priyanka Patel,North,Chandigarh,PROD-0003,MacBook Air M3,Electronics,Laptops,2,99999,0.0,199998.0,78842.14,Visa,5,No,0.0
ORD-11831,12-04-2025,CUST-0340,Neha Shah,West,Ahmedabad,PROD-0016,Levi's 501 Jeans,Fashion,Men Clothing,1,3499,0.05,3324.05,1349.02,Debit,2,No,0.0
ORD-11832,26-04-2025,CUST-0381,Neha Nair,East,Patna,PROD-0007,Sony WH-1000XM5,Electronics,Headphones,1,24990,0.2,19992.0,6592.66,Visa,10,No,0.0
ORD-11833,03-05-2025,CUST-0047,Deepak Reddy,Central,Indore,PROD-0106,Casio G-Shock,Fashion,Accessories,3,9999,0.15,25497.45,12380.51,Debit,8,No,0.0
ORD-11834,22-04-2025,CUST-0041,Shreya Reddy,West,Ahmedabad,PROD-0103,Kindle Paperwhite,Electronics,Tablets,1,14999,0.0,14999.0,5294.36,Net-Banking,1,No,0.0
ORD-11834,22-04-2025,CUST-0041,Shreya Reddy,West,Ahmedabad,PROD-0017,Nike Air Force 1,Fashion,Footwear,1,7999,0.0,7999.0,3886.84,UPI,7,No,0.0
ORD-11835,03-01-2025,CUST-0342,Nisha Singh,Central,Bhopal,PROD-0105,Crocs Classic Clog,Fashion,Footwear,3,2999,0.2,7197.6,3756.25,UPI,10,No,0.0
ORD-11836,07-05-2025,CUST-0043,Varun Verma,South,Chennai,PROD-0110,The Psychology of Money,Books & Stationery,Non-Fiction,2,349,0.1,628.2,339.04,Visa,10,No,156.66
ORD-11837,02-02-2025,CUST-0043,Varun Verma,South,Chennai,PROD-0110,The Psychology of Money,Books & Stationery,Non-Fiction,3,349,0.15,889.95,451.76,Gpay,3,No,125.62
ORD-11837,02-02-2025,CUST-0043,Varun Verma,South,Chennai,PROD-0107,Instant Pot Duo,Home & Kitchen,Appliances,3,8999,0.0,26997.0,10795.94,Visa,9,No,0.0
ORD-11837,02-02-2025,CUST-0043,Varun Verma,South,Chennai,PROD-0103,Kindle Paperwhite,Electronics,Tablets,2,14999,0.0,29998.0,13484.55,Cash On Delivery,9,No,0.0
ORD-11837,02-02-2025,CUST-0043,Varun Verma,South,Chennai,PROD-0046,Atomic Habits,Books & Stationery,Non-Fiction,3,399,0.1,1077.3,500.4,Visa,3,No,114.17
ORD-11838,08-04-2025,CUST-0356,Aarav Verma,North,Chandigarh,PROD-0101,Samsung Galaxy Buds3,Electronics,Headphones,2,12999,0.0,25998.0,7863.59,Debit,5,No,0.0
ORD-11839,19-01-2025,CUST-0035,Deepak Singh,East,Ranchi,PROD-0016,Levi's 501 Jeans,Fashion,Men Clothing,2,3499,0.15,5948.3,3021.66,Net-Banking,11,No,0.0
ORD-11840,01-03-2025,CUST-0011,Divya Reddy,West,Surat,PROD-0107,Instant Pot Duo,Home & Kitchen,Appliances,2,8999,0.0,17998.0,6861.21,Net-Banking,4,No,0.0
ORD-11841,02-04-2025,CUST-0360,Divya Das,East,Bhubaneswar,PROD-0104,Under Armour Hoodie,Fashion,Men Clothing,3,4299,0.0,12897.0,6896.62,Visa,3,No,0.0
ORD-11842,30-04-2025,CUST-0304,Dev Agarwal,East,Bhubaneswar,PROD-0003,MacBook Air M3,Electronics,Laptops,1,99999,0.0,99999.0,44355.71,Gpay,11,No,0.0
ORD-11843,22-05-2025,CUST-0005,Priyanka Reddy,Central,Indore,PROD-0110,The Psychology of Money,Books & Stationery,Non-Fiction,2,349,0.0,698.0,284.61,Visa,10,No,368.4
ORD-11843,22-05-2025,CUST-0005,Priyanka Reddy,Central,Indore,PROD-0112,Protein Shaker Bottle,Health & Beauty,Fitness,3,499,0.05,1422.15,506.42,Cash On Delivery,1,No,234.79
ORD-11843,22-05-2025,CUST-0005,Priyanka Reddy,Central,Indore,PROD-0107,Instant Pot Duo,Home & Kitchen,Appliances,2,8999,0.05,17098.1,5184.98,Cash On Delivery,9,No,0.0
ORD-11844,05-05-2025,CUST-0409,Aarav Reddy,West,Mumbai,PROD-0109,Thinking Fast and Slow,Books & Stationery,Non-Fiction,3,499,0.15,1272.45,518.66,Debit,1,No,74.63
ORD-11845,02-03-2025,CUST-0062,Priyanka Roy,North,Jaipur,PROD-0016,Levi's 501 Jeans,Fashion,Men Clothing,1,3499,0.0,3499.0,1469.63,Cash On Delivery,11,No,0.0
ORD-11846,25-02-2025,CUST-0306,Swati Nair,East,Patna,PROD-0007,Sony WH-1000XM5,Electronics,Headphones,3,24990,0.15,63724.5,21574.55,Gpay,9,No,0.0
ORD-11847,10-03-2025,CUST-0021,Vikram Patel,East,Patna,PROD-0105,Crocs Classic Clog,Fashion,Footwear,3,2999,0.2,7197.6,3065.75,Visa,11,No,0.0
ORD-11847,10-03-2025,CUST-0021,Vikram Patel,East,Patna,PROD-0031,Prestige Mixer,Home & Kitchen,Appliances,2,4599,0.0,9198.0,3879.45,Visa,4,No,0.0
ORD-11848,27-04-2025,CUST-0335,Amit Gupta,South,Bangalore,PROD-0003,MacBook Air M3,Electronics,Laptops,1,99999,0.15,84999.15,38999.04,Cash On Delivery,5,No,0.0
ORD-11849,09-05-2025,CUST-0348,Sneha Roy,West,Pune,PROD-0003,MacBook Air M3,Electronics,Laptops,1,99999,0.15,84999.15,32927.15,UPI,1,No,0.0
ORD-11850,17-03-2025,CUST-0010,Meera Mehta,West,Mumbai,PROD-0003,MacBook Air M3,Electronics,Laptops,2,99999,0.2,159998.4,77374.12,Debit,2,No,0.0
ORD-11850,17-03-2025,CUST-0010,Meera Mehta,West,Mumbai,PROD-0112,Protein Shaker Bottle,Health & Beauty,Fitness,2,499,0.0,998.0,383.14,Gpay,3,No,197.11
ORD-11850,17-03-2025,CUST-0010,Meera Mehta,West,Mumbai,PROD-0061,Cetaphil Moisturizer,Health & Beauty,Skincare,1,799,0.15,679.15,229.28,Cash On Delivery,7,No,122.23
ORD-11851,09-04-2025,CUST-0327,Ananya Das,South,Chennai,PROD-0016,Levi's 501 Jeans,Fashion,Men Clothing,2,3499,0.05,6648.1,2808.52,Cash On Delivery,10,No,0.0
ORD-11852,11-02-2025,CUST-0076,Sakshi Bhat,South,Bangalore,PROD-0031,Prestige Mixer,Home & Kitchen,Appliances,2,4599,0.2,7358.4,3361.0,Cash On Delivery,4,No,0.0
ORD-11853,17-02-2025,CUST-0378,Shreya Bhat,West,Mumbai,PROD-0046,Atomic Habits,Books & Stationery,Non-Fiction,2,399,0.0,798.0,418.59,Debit,9,No,334.08
ORD-11854,28-02-2025,CUST-0001,Arun Reddy,West,Pune,PROD-0103,Kindle Paperwhite,Electronics,Tablets,3,14999,0.0,44997.0,19393.7,UPI,1,Yes,0.0
ORD-11855,08-02-2025,CUST-0377,Vivaan Reddy,East,Bhubaneswar,PROD-0102,Asus ROG Zephyrus,Electronics,Laptops,3,134999,0.0,404997.0,200167.23,UPI,5,No,0.0
ORD-11855,08-02-2025,CUST-0377,Vivaan Reddy,East,Bhubaneswar,PROD-0001,iPhone 15 Pro,Electronics,Smartphones,2,89999,0.0,179998.0,64468.15,Gpay,6,No,0.0
ORD-11855,08-02-2025,CUST-0377,Vivaan Reddy,East,Bhubaneswar,PROD-0112,Protein Shaker Bottle,Health & Beauty,Fitness,3,499,0.0,1497.0,697.66,Net-Banking,1,No,302.22
ORD-11855,08-02-2025,CUST-0377,Vivaan Reddy,East,Bhubaneswar,PROD-0003,MacBook Air M3,Electronics,Laptops,2,99999,0.0,199998.0,80702.17,UPI,4,No,0.0
ORD-11856,03-02-2025,CUST-0416,Aditi Roy,South,Hyderabad,PROD-0003,MacBook Air M3,Electronics,Laptops,3,99999,0.15,254997.45,124293.66,Gpay,1,No,0.0
ORD-11857,25-02-2025,CUST-0033,Karan Das,East,Kolkata,PROD-0102,Asus ROG Zephyrus,Electronics,Laptops,2,134999,0.0,269998.0,142525.88,UPI,9,No,0.0
ORD-11858,28-02-2025,CUST-0383,Akash Mehta,South,Chennai,PROD-0016,Levi's 501 Jeans,Fashion,Men Clothing,2,3499,0.0,6998.0,2966.44,Gpay,3,No,0.0
ORD-11859,17-02-2025,CUST-0367,Mohit Gupta,East,Patna,PROD-0108,Bosch Drill Machine,Home & Kitchen,Appliances,1,5499,0.0,5499.0,2869.91,Visa,4,No,0.0
ORD-11859,17-02-2025,CUST-0367,Mohit Gupta,East,Patna,PROD-0061,Cetaphil Moisturizer,Health & Beauty,Skincare,2,799,0.2,1278.4,477.08,Visa,10,No,159.44
ORD-11860,09-02-2025,CUST-0002,Nisha Gupta,South,Bangalore,PROD-0105,Crocs Classic Clog,Fashion,Footwear,2,2999,0.15,5098.3,1627.19,Cash On Delivery,9,No,0.0
ORD-11860,09-02-2025,CUST-0002,Nisha Gupta,South,Bangalore,PROD-0103,Kindle Paperwhite,Electronics,Tablets,1,14999,0.05,14249.05,7280.23,Net-Banking,5,No,0.0
ORD-11861,24-04-2025,CUST-0072,Mohit Shah,North,Lucknow,PROD-0101,Samsung Galaxy Buds3,Electronics,Headphones,3,12999,0.1,35097.3,14208.28,Net-Banking,11,No,0.0
ORD-11862,15-03-2025,CUST-0386,Krishna Verma,South,Bangalore,PROD-0007,Sony WH-1000XM5,Electronics,Headphones,1,24990,0.1,22491.0,9158.11,Cash On Delivery,10,Yes,0.0
ORD-11862,15-03-2025,CUST-0386,Krishna Verma,South,Bangalore,PROD-0102,Asus ROG Zephyrus,Electronics,Laptops,3,134999,0.0,404997.0,207015.83,Visa,3,No,0.0
ORD-11862,15-03-2025,CUST-0386,Krishna Verma,South,Bangalore,PROD-0107,Instant Pot Duo,Home & Kitchen,Appliances,2,8999,0.2,14398.4,6273.38,Gpay,12,No,0.0
ORD-11862,15-03-2025,CUST-0386,Krishna Verma,South,Bangalore,PROD-0101,Samsung Galaxy Buds3,Electronics,Headphones,1,12999,0.15,11049.15,4427.66,Cash On Delivery,6,No,0.0
ORD-11863,24-03-2025,CUST-0312,Ishita Das,South,Bangalore,PROD-0109,Thinking Fast and Slow,Books & Stationery,Non-Fiction,2,499,0.2,798.4,261.06,UPI,1,No,71.54
ORD-11864,02-05-2025,CUST-0413,Ananya Patel,East,Patna,PROD-0101,Samsung Galaxy Buds3,Electronics,Headphones,2,12999,0.15,22098.3,7530.05,Cash On Delivery,8,No,0.0
ORD-11865,05-03-2025,CUST-0010,Meera Mehta,West,Mumbai,PROD-0108,Bosch Drill Machine,Home & Kitchen,Appliances,2,5499,0.2,8798.4,4157.66,Gpay,10,No,0.0
ORD-11866,23-04-2025,CUST-0393,Priyanka Shah,East,Bhubaneswar,PROD-0109,Thinking Fast and Slow,Books & Stationery,Non-Fiction,1,499,0.0,499.0,271.76,UPI,9,No,305.85
ORD-11867,01-02-2025,CUST-0302,Siddharth Das,Central,Bhopal,PROD-0108,Bosch Drill Machine,Home & Kitchen,Appliances,3,5499,0.2,13197.6,6874.54,Net-Banking,4,No,0.0
ORD-11868,12-04-2025,CUST-0312,Ishita Das,South,Bangalore,PROD-0046,Atomic Habits,Books & Stationery,Non-Fiction,2,399,0.2,638.4,259.79,Debit,5,No,357.55
ORD-11869,27-01-2025,CUST-0009,Aditi Iyer,West,Mumbai,PROD-0001,iPhone 15 Pro,Electronics,Smartphones,3,89999,0.05,256497.15,88198.14,Visa,5,No,0.0
ORD-11870,05-04-2025,CUST-0301,Krishna Sharma,South,Hyderabad,PROD-0017,Nike Air Force 1,Fashion,Footwear,2,7999,0.1,14398.2,5614.62,Net-Banking,10,No,0.0
ORD-11871,20-02-2025,CUST-0043,Varun Verma,South,Chennai,PROD-0102,Asus ROG Zephyrus,Electronics,Laptops,2,134999,0.2,215998.4,72038.76,Net-Banking,9,No,0.0
ORD-11871,20-02-2025,CUST-0043,Varun Verma,South,Chennai,PROD-0111,Dumbbell Set 20kg,Health & Beauty,Fitness,1,3499,0.05,3324.05,1367.84,Cash On Delivery,7,No,0.0
ORD-11871,20-02-2025,CUST-0043,Varun Verma,South,Chennai,PROD-0046,Atomic Habits,Books & Stationery,Non-Fiction,1,399,0.0,399.0,175.57,Net-Banking,10,No,143.55
ORD-11872,18-05-2025,CUST-0321,Varun Joshi,South,Bangalore,PROD-0108,Bosch Drill Machine,Home & Kitchen,Appliances,2,5499,0.1,9898.2,5384.55,UPI,9,No,0.0
ORD-11872,18-05-2025,CUST-0321,Varun Joshi,South,Bangalore,PROD-0103,Kindle Paperwhite,Electronics,Tablets,3,14999,0.2,35997.6,14837.41,UPI,2,No,0.0
ORD-11872,18-05-2025,CUST-0321,Varun Joshi,South,Bangalore,PROD-0007,Sony WH-1000XM5,Electronics,Headphones,2,24990,0.0,49980.0,26453.05,UPI,5,No,0.0
ORD-11873,28-05-2025,CUST-0400,Nisha Verma,South,Chennai,PROD-0102,Asus ROG Zephyrus,Electronics,Laptops,3,134999,0.0,404997.0,186108.88,Gpay,8,No,0.0
ORD-11874,11-04-2025,CUST-0416,Aditi Roy,South,Hyderabad,PROD-0105,Crocs Classic Clog,Fashion,Footwear,3,2999,0.0,8997.0,4558.21,Visa,11,No,0.0
ORD-11875,18-02-2025,CUST-0361,Pooja Kumar,South,Bangalore,PROD-0111,Dumbbell Set 20kg,Health & Beauty,Fitness,1,3499,0.0,3499.0,1916.34,UPI,11,No,0.0
ORD-11876,17-05-2025,CUST-0041,Shreya Reddy,West,Ahmedabad,PROD-0001,iPhone 15 Pro,Electronics,Smartphones,2,89999,0.05,170998.1,55310.18,UPI,12,No,0.0
ORD-11876,17-05-2025,CUST-0041,Shreya Reddy,West,Ahmedabad,PROD-0007,Sony WH-1000XM5,Electronics,Headphones,3,24990,0.15,63724.5,27427.96,UPI,2,No,0.0
ORD-11876,17-05-2025,CUST-0041,Shreya Reddy,West,Ahmedabad,PROD-0103,Kindle Paperwhite,Electronics,Tablets,3,14999,0.05,42747.15,18943.42,Net-Banking,4,No,0.0
ORD-11877,13-01-2025,CUST-0418,Mohit Iyer,South,Kochi,PROD-0108,Bosch Drill Machine,Home & Kitchen,Appliances,1,5499,0.2,4399.2,1914.82,UPI,1,No,0.0
ORD-11878,18-01-2025,CUST-0315,Rohan Joshi,West,Pune,PROD-0031,Prestige Mixer,Home & Kitchen,Appliances,1,4599,0.2,3679.2,1944.97,Cash On Delivery,4,No,0.0
ORD-11879,05-01-2025,CUST-0386,Krishna Verma,South,Bangalore,PROD-0017,Nike Air Force 1,Fashion,Footwear,2,7999,0.0,15998.0,7649.28,Cash On Delivery,5,No,0.0
ORD-11879,05-01-2025,CUST-0386,Krishna Verma,South,Bangalore,PROD-0106,Casio G-Shock,Fashion,Accessories,1,9999,0.15,8499.15,3024.59,Debit,10,No,0.0
ORD-11879,05-01-2025,CUST-0386,Krishna Verma,South,Bangalore,PROD-0112,Protein Shaker Bottle,Health & Beauty,Fitness,2,499,0.0,998.0,465.78,Gpay,8,No,132.57
ORD-11879,05-01-2025,CUST-0386,Krishna Verma,South,Bangalore,PROD-0103,Kindle Paperwhite,Electronics,Tablets,3,14999,0.2,35997.6,13957.36,UPI,10,No,0.0
ORD-11880,22-01-2025,CUST-0389,Neha Das,North,Delhi,PROD-0109,Thinking Fast and Slow,Books & Stationery,Non-Fiction,2,499,0.0,998.0,322.25,Visa,4,No,145.3
ORD-11881,15-03-2025,CUST-0390,Sneha Reddy,East,Patna,PROD-0112,Protein Shaker Bottle,Health & Beauty,Fitness,3,499,0.0,1497.0,782.04,Debit,7,No,101.26
ORD-11882,18-03-2025,CUST-0350,Meera Singh,West,Ahmedabad,PROD-0101,Samsung Galaxy Buds3,Electronics,Headphones,3,12999,0.15,33147.45,14729.2,Net-Banking,4,No,0.0
ORD-11883,13-04-2025,CUST-0366,Siddharth Gupta,West,Pune,PROD-0016,Levi's 501 Jeans,Fashion,Men Clothing,3,3499,0.0,10497.0,4472.87,Net-Banking,4,No,0.0
ORD-11884,04-05-2025,CUST-0042,Rahul Das,North,Lucknow,PROD-0046,Atomic Habits,Books & Stationery,Non-Fiction,2,399,0.1,718.2,322.99,Cash On Delivery,10,No,127.32
ORD-11885,05-04-2025,CUST-0305,Nikhil Patel,East,Ranchi,PROD-0102,Asus ROG Zephyrus,Electronics,Laptops,2,134999,0.0,269998.0,118644.74,UPI,11,No,0.0
ORD-11886,15-03-2025,CUST-0073,Karan Agarwal,East,Patna,PROD-0016,Levi's 501 Jeans,Fashion,Men Clothing,2,3499,0.2,5598.4,3065.77,Debit,7,No,0.0
ORD-11887,24-02-2025,CUST-0404,Nisha Bhat,East,Kolkata,PROD-0003,MacBook Air M3,Electronics,Laptops,2,99999,0.15,169998.3,62536.36,Cash On Delivery,4,No,0.0
ORD-11888,09-01-2025,CUST-0383,Akash Mehta,South,Chennai,PROD-0109,Thinking Fast and Slow,Books & Stationery,Non-Fiction,3,499,0.15,1272.45,598.88,Visa,12,No,225.28
ORD-11888,09-01-2025,CUST-0383,Akash Mehta,South,Chennai,PROD-0106,Casio G-Shock,Fashion,Accessories,1,9999,0.0,9999.0,3756.18,Visa,12,No,0.0
ORD-11888,09-01-2025,CUST-0383,Akash Mehta,South,Chennai,PROD-0001,iPhone 15 Pro,Electronics,Smartphones,2,89999,0.0,179998.0,91918.37,Gpay,10,No,0.0
ORD-11889,04-01-2025,CUST-0366,Siddharth Gupta,West,Pune,PROD-0101,Samsung Galaxy Buds3,Electronics,Headphones,1,12999,0.15,11049.15,3642.94,Gpay,8,Yes,0.0
ORD-11889,04-01-2025,CUST-0366,Siddharth Gupta,West,Pune,PROD-0111,Dumbbell Set 20kg,Health & Beauty,Fitness,3,3499,0.0,10497.0,5535.35,Debit,1,No,0.0
ORD-11889,04-01-2025,CUST-0366,Siddharth Gupta,West,Pune,PROD-0017,Nike Air Force 1,Fashion,Footwear,3,7999,0.15,20397.45,7356.22,Debit,5,No,0.0
ORD-11889,04-01-2025,CUST-0366,Siddharth Gupta,West,Pune,PROD-0102,Asus ROG Zephyrus,Electronics,Laptops,2,134999,0.0,269998.0,143869.8,Gpay,4,No,0.0
ORD-11890,14-04-2025,CUST-0033,Karan Das,East,Kolkata,PROD-0001,iPhone 15 Pro,Electronics,Smartphones,2,89999,0.1,161998.2,52345.98,Cash On Delivery,7,No,0.0
ORD-11891,12-03-2025,CUST-0054,Krishna Yadav,South,Kochi,PROD-0017,Nike Air Force 1,Fashion,Footwear,3,7999,0.0,23997.0,11709.19,Gpay,12,Yes,0.0
ORD-11891,12-03-2025,CUST-0054,Krishna Yadav,South,Kochi,PROD-0007,Sony WH-1000XM5,Electronics,Headphones,2,24990,0.0,49980.0,22952.19,UPI,3,No,0.0
ORD-11891,12-03-2025,CUST-0054,Krishna Yadav,South,Kochi,PROD-0061,Cetaphil Moisturizer,Health & Beauty,Skincare,1,799,0.0,799.0,437.91,Net-Banking,9,No,169.29
ORD-11892,08-04-2025,CUST-0300,Riya Sharma,Central,Indore,PROD-0103,Kindle Paperwhite,Electronics,Tablets,1,14999,0.0,14999.0,5397.2,Visa,9,No,0.0
ORD-11893,28-01-2025,CUST-0347,Vivaan Das,North,Jaipur,PROD-0007,Sony WH-1000XM5,Electronics,Headphones,2,24990,0.0,49980.0,15967.1,Visa,5,No,0.0
ORD-11894,13-02-2025,CUST-0390,Sneha Reddy,East,Patna,PROD-0108,Bosch Drill Machine,Home & Kitchen,Appliances,3,5499,0.1,14847.3,7441.0,Gpay,3,No,0.0
ORD-11895,12-02-2025,CUST-0033,Karan Das,East,Kolkata,PROD-0046,Atomic Habits,Books & Stationery,Non-Fiction,3,399,0.05,1137.15,618.97,UPI,3,No,210.38
ORD-11896,07-03-2025,CUST-0343,Pooja Roy,South,Bangalore,PROD-0031,Prestige Mixer,Home & Kitchen,Appliances,1,4599,0.0,4599.0,2063.23,Cash On Delivery,2,No,0.0
ORD-11896,07-03-2025,CUST-0343,Pooja Roy,South,Bangalore,PROD-0101,Samsung Galaxy Buds3,Electronics,Headphones,1,12999,0.15,11049.15,5782.73,Net-Banking,3,No,0.0
ORD-11896,07-03-2025,CUST-0343,Pooja Roy,South,Bangalore,PROD-0107,Instant Pot Duo,Home & Kitchen,Appliances,3,8999,0.15,22947.45,10205.24,Visa,7,No,0.0
ORD-11896,07-03-2025,CUST-0343,Pooja Roy,South,Bangalore,PROD-0061,Cetaphil Moisturizer,Health & Beauty,Skincare,2,799,0.0,1598.0,726.05,Visa,8,No,176.17
ORD-11897,15-02-2025,CUST-0363,Krishna Das,West,Surat,PROD-0007,Sony WH-1000XM5,Electronics,Headphones,3,24990,0.1,67473.0,29669.94,Gpay,8,No,0.0
ORD-11897,15-02-2025,CUST-0363,Krishna Das,West,Surat,PROD-0101,Samsung Galaxy Buds3,Electronics,Headphones,3,12999,0.0,38997.0,20344.59,Gpay,6,No,0.0
ORD-11897,15-02-2025,CUST-0363,Krishna Das,West,Surat,PROD-0111,Dumbbell Set 20kg,Health & Beauty,Fitness,3,3499,0.15,8922.45,2684.94,Cash On Delivery,3,No,0.0
ORD-11898,14-01-2025,CUST-0073,Karan Agarwal,East,Patna,PROD-0017,Nike Air Force 1,Fashion,Footwear,1,7999,0.0,7999.0,2836.19,UPI,9,No,0.0
ORD-11898,14-01-2025,CUST-0073,Karan Agarwal,East,Patna,PROD-0031,Prestige Mixer,Home & Kitchen,Appliances,3,4599,0.0,13797.0,6923.09,Debit,1,No,0.0
ORD-11898,14-01-2025,CUST-0073,Karan Agarwal,East,Patna,PROD-0110,The Psychology of Money,Books & Stationery,Non-Fiction,1,349,0.0,349.0,161.13,Cash On Delivery,10,No,329.94
ORD-11898,14-01-2025,CUST-0073,Karan Agarwal,East,Patna,PROD-0016,Levi's 501 Jeans,Fashion,Men Clothing,2,3499,0.0,6998.0,2812.9,Debit,12,No,0.0
ORD-11899,02-04-2025,CUST-0347,Vivaan Das,North,Jaipur,PROD-0103,Kindle Paperwhite,Electronics,Tablets,1,14999,0.2,11999.2,4258.72,Gpay,8,No,0.0
ORD-11900,11-02-2025,CUST-0346,Varun Singh,Central,Raipur,PROD-0112,Protein Shaker Bottle,Health & Beauty,Fitness,3,499,0.1,1347.3,486.76,Cash On Delivery,2,No,281.02
ORD-11901,28-01-2025,CUST-0046,Divya Das,North,Lucknow,PROD-0109,Thinking Fast and Slow,Books & Stationery,Non-Fiction,1,499,0.0,499.0,266.52,UPI,12,Yes,321.54
ORD-11901,28-01-2025,CUST-0046,Divya Das,North,Lucknow,PROD-0017,Nike Air Force 1,Fashion,Footwear,2,7999,0.0,15998.0,7639.93,Visa,2,No,0.0
ORD-11901,28-01-2025,CUST-0046,Divya Das,North,Lucknow,PROD-0061,Cetaphil Moisturizer,Health & Beauty,Skincare,1,799,0.15,679.15,219.8,UPI,12,No,164.68
ORD-11902,27-05-2025,CUST-0398,Manish Gupta,East,Patna,PROD-0109,Thinking Fast and Slow,Books & Stationery,Non-Fiction,2,499,0.0,998.0,508.62,Gpay,5,No,60.13
ORD-11903,12-02-2025,CUST-0029,Arun Shah,South,Hyderabad,PROD-0061,Cetaphil Moisturizer,Health & Beauty,Skincare,1,799,0.2,639.2,298.47,Gpay,6,No,319.27
ORD-11903,12-02-2025,CUST-0029,Arun Shah,South,Hyderabad,PROD-0016,Levi's 501 Jeans,Fashion,Men Clothing,3,3499,0.2,8397.6,3593.08,Net-Banking,7,No,0.0
ORD-11903,12-02-2025,CUST-0029,Arun Shah,South,Hyderabad,PROD-0046,Atomic Habits,Books & Stationery,Non-Fiction,3,399,0.0,1197.0,399.25,Debit,7,No,189.59
ORD-11904,08-01-2025,CUST-0005,Priyanka Reddy,Central,Indore,PROD-0016,Levi's 501 Jeans,Fashion,Men Clothing,1,3499,0.1,3149.1,1530.14,Cash On Delivery,11,No,0.0
ORD-11904,08-01-2025,CUST-0005,Priyanka Reddy,Central,Indore,PROD-0031,Prestige Mixer,Home & Kitchen,Appliances,1,4599,0.0,4599.0,2410.15,Net-Banking,4,Yes,0.0
ORD-11904,08-01-2025,CUST-0005,Priyanka Reddy,Central,Indore,PROD-0111,Dumbbell Set 20kg,Health & Beauty,Fitness,3,3499,0.15,8922.45,3402.87,Net-Banking,10,No,0.0
ORD-11904,08-01-2025,CUST-0005,Priyanka Reddy,Central,Indore,PROD-0046,Atomic Habits,Books & Stationery,Non-Fiction,2,399,0.15,678.3,232.53,UPI,4,Yes,77.28
ORD-11905,12-03-2025,CUST-0310,Suresh Kumar,South,Kochi,PROD-0108,Bosch Drill Machine,Home & Kitchen,Appliances,3,5499,0.0,16497.0,8185.25,Net-Banking,9,No,0.0
ORD-11905,12-03-2025,CUST-0310,Suresh Kumar,South,Kochi,PROD-0003,MacBook Air M3,Electronics,Laptops,1,99999,0.0,99999.0,35765.38,UPI,10,No,0.0
ORD-11905,12-03-2025,CUST-0310,Suresh Kumar,South,Kochi,PROD-0103,Kindle Paperwhite,Electronics,Tablets,2,14999,0.05,28498.1,9468.14,Net-Banking,2,No,0.0
ORD-11905,12-03-2025,CUST-0310,Suresh Kumar,South,Kochi,PROD-0101,Samsung Galaxy Buds3,Electronics,Headphones,2,12999,0.05,24698.1,10108.35,Visa,5,No,0.0
ORD-11906,28-03-2025,CUST-0018,Krishna Bhat,East,Ranchi,PROD-0001,iPhone 15 Pro,Electronics,Smartphones,3,89999,0.1,242997.3,77416.28,Cash On Delivery,2,No,0.0
ORD-11906,28-03-2025,CUST-0018,Krishna Bhat,East,Ranchi,PROD-0112,Protein Shaker Bottle,Health & Beauty,Fitness,2,499,0.15,848.3,273.93,Visa,4,No,264.06
ORD-11906,28-03-2025,CUST-0018,Krishna Bhat,East,Ranchi,PROD-0106,Casio G-Shock,Fashion,Accessories,1,9999,0.1,8999.1,3320.93,UPI,2,No,0.0
ORD-11906,28-03-2025,CUST-0018,Krishna Bhat,East,Ranchi,PROD-0103,Kindle Paperwhite,Electronics,Tablets,2,14999,0.2,23998.4,13135.12,UPI,8,No,0.0
ORD-11907,07-04-2025,CUST-0002,Nisha Gupta,South,Bangalore,PROD-0001,iPhone 15 Pro,Electronics,Smartphones,1,89999,0.0,89999.0,33213.73,Net-Banking,9,No,0.0
ORD-11908,02-03-2025,CUST-0325,Raj Kumar,West,Mumbai,PROD-0031,Prestige Mixer,Home & Kitchen,Appliances,2,4599,0.0,9198.0,4579.12,Gpay,10,No,0.0
ORD-11909,20-01-2025,CUST-0302,Siddharth Das,Central,Bhopal,PROD-0016,Levi's 501 Jeans,Fashion,Men Clothing,1,3499,0.15,2974.15,985.56,Gpay,10,No,0.0
ORD-11910,07-05-2025,CUST-0385,Akash Choudhury,North,Chandigarh,PROD-0109,Thinking Fast and Slow,Books & Stationery,Non-Fiction,2,499,0.05,948.1,306.63,Cash On Delivery,12,No,115.06
ORD-11911,10-04-2025,CUST-0076,Sakshi Bhat,South,Bangalore,PROD-0106,Casio G-Shock,Fashion,Accessories,3,9999,0.1,26997.3,10590.21,UPI,2,No,0.0
ORD-11912,24-04-2025,CUST-0020,Amit Shah,East,Patna,PROD-0102,Asus ROG Zephyrus,Electronics,Laptops,2,134999,0.0,269998.0,135500.94,Debit,7,No,0.0
ORD-11913,11-01-2025,CUST-0316,Sneha Gupta,East,Ranchi,PROD-0016,Levi's 501 Jeans,Fashion,Men Clothing,1,3499,0.05,3324.05,1721.26,Debit,11,No,0.0
ORD-11914,12-03-2025,CUST-0024,Ishita Joshi,East,Ranchi,PROD-0112,Protein Shaker Bottle,Health & Beauty,Fitness,3,499,0.05,1422.15,627.04,Net-Banking,8,No,309.09
ORD-11915,22-02-2025,CUST-0404,Nisha Bhat,East,Kolkata,PROD-0003,MacBook Air M3,Electronics,Laptops,2,99999,0.15,169998.3,65888.58,Net-Banking,9,No,0.0
ORD-11916,21-02-2025,CUST-0078,Deepak Agarwal,Central,Bhopal,PROD-0104,Under Armour Hoodie,Fashion,Men Clothing,3,4299,0.0,12897.0,5206.93,Gpay,9,No,0.0
ORD-11917,20-03-2025,CUST-0338,Aarav Verma,North,Delhi,PROD-0112,Protein Shaker Bottle,Health & Beauty,Fitness,1,499,0.1,449.1,153.83,Net-Banking,5,No,356.98
ORD-11918,23-01-2025,CUST-0375,Varun Das,South,Chennai,PROD-0108,Bosch Drill Machine,Home & Kitchen,Appliances,3,5499,0.0,16497.0,6281.81,Gpay,1,No,0.0
ORD-11919,11-01-2025,CUST-0377,Vivaan Reddy,East,Bhubaneswar,PROD-0109,Thinking Fast and Slow,Books & Stationery,Non-Fiction,2,499,0.0,998.0,384.02,UPI,5,No,365.17
ORD-11919,11-01-2025,CUST-0377,Vivaan Reddy,East,Bhubaneswar,PROD-0106,Casio G-Shock,Fashion,Accessories,1,9999,0.0,9999.0,3373.86,Debit,5,No,0.0
ORD-11920,20-04-2025,CUST-0391,Ishita Singh,North,Jaipur,PROD-0016,Levi's 501 Jeans,Fashion,Men Clothing,3,3499,0.2,8397.6,4267.33,Cash On Delivery,4,No,0.0
ORD-11921,14-02-2025,CUST-0024,Ishita Joshi,East,Ranchi,PROD-0105,Crocs Classic Clog,Fashion,Footwear,3,2999,0.1,8097.3,3174.25,Gpay,3,No,0.0
ORD-11922,11-04-2025,CUST-0013,Deepak Agarwal,South,Chennai,PROD-0111,Dumbbell Set 20kg,Health & Beauty,Fitness,1,3499,0.0,3499.0,1816.39,Cash On Delivery,2,No,0.0
ORD-11922,11-04-2025,CUST-0013,Deepak Agarwal,South,Chennai,PROD-0106,Casio G-Shock,Fashion,Accessories,2,9999,0.0,19998.0,6526.16,Cash On Delivery,8,No,0.0
ORD-11922,11-04-2025,CUST-0013,Deepak Agarwal,South,Chennai,PROD-0001,iPhone 15 Pro,Electronics,Smartphones,3,89999,0.2,215997.6,114165.67,Visa,2,No,0.0
ORD-11923,09-02-2025,CUST-0326,Sneha Patel,North,Chandigarh,PROD-0017,Nike Air Force 1,Fashion,Footwear,1,7999,0.1,7199.1,2536.73,Cash On Delivery,10,No,0.0
ORD-11924,15-05-2025,CUST-0345,Deepak Yadav,South,Bangalore,PROD-0101,Samsung Galaxy Buds3,Electronics,Headphones,3,12999,0.05,37047.15,11734.75,UPI,9,No,0.0
ORD-11924,15-05-2025,CUST-0345,Deepak Yadav,South,Bangalore,PROD-0103,Kindle Paperwhite,Electronics,Tablets,3,14999,0.15,38247.45,13421.99,Cash On Delivery,1,No,0.0
ORD-11924,15-05-2025,CUST-0345,Deepak Yadav,South,Bangalore,PROD-0007,Sony WH-1000XM5,Electronics,Headphones,1,24990,0.0,24990.0,11725.21,Visa,10,No,0.0
ORD-11925,27-04-2025,CUST-0362,Rohan Iyer,Central,Raipur,PROD-0110,The Psychology of Money,Books & Stationery,Non-Fiction,2,349,0.0,698.0,269.63,UPI,7,No,213.28
ORD-11926,06-05-2025,CUST-0416,Aditi Roy,South,Hyderabad,PROD-0109,Thinking Fast and Slow,Books & Stationery,Non-Fiction,3,499,0.2,1197.6,478.27,Gpay,7,No,71.23
ORD-11927,16-02-2025,CUST-0338,Aarav Verma,North,Delhi,PROD-0109,Thinking Fast and Slow,Books & Stationery,Non-Fiction,1,499,0.0,499.0,250.2,Net-Banking,3,No,129.23
ORD-11928,27-03-2025,CUST-0008,Priya Mishra,Central,Indore,PROD-0104,Under Armour Hoodie,Fashion,Men Clothing,2,4299,0.0,8598.0,2746.53,Visa,5,No,0.0
ORD-11928,27-03-2025,CUST-0008,Priya Mishra,Central,Indore,PROD-0105,Crocs Classic Clog,Fashion,Footwear,3,2999,0.05,8547.15,3231.87,UPI,6,No,0.0
ORD-11929,04-05-2025,CUST-0407,Aarav Reddy,North,Delhi,PROD-0103,Kindle Paperwhite,Electronics,Tablets,1,14999,0.05,14249.05,5321.07,Debit,6,No,0.0
ORD-11930,11-02-2025,CUST-0302,Siddharth Das,Central,Bhopal,PROD-0031,Prestige Mixer,Home & Kitchen,Appliances,3,4599,0.0,13797.0,4182.82,Gpay,8,No,0.0
ORD-11931,02-05-2025,CUST-0052,Arjun Shah,South,Kochi,PROD-0109,Thinking Fast and Slow,Books & Stationery,Non-Fiction,1,499,0.0,499.0,197.82,Debit,1,No,203.01
ORD-11931,02-05-2025,CUST-0052,Arjun Shah,South,Kochi,PROD-0031,Prestige Mixer,Home & Kitchen,Appliances,1,4599,0.1,4139.1,1786.68,Visa,4,No,0.0
ORD-11931,02-05-2025,CUST-0052,Arjun Shah,South,Kochi,PROD-0108,Bosch Drill Machine,Home & Kitchen,Appliances,1,5499,0.0,5499.0,2570.06,Net-Banking,6,No,0.0
ORD-11932,09-02-2025,CUST-0320,Krishna Mishra,South,Chennai,PROD-0104,Under Armour Hoodie,Fashion,Men Clothing,1,4299,0.1,3869.1,1567.26,Cash On Delivery,5,No,0.0
ORD-11932,09-02-2025,CUST-0320,Krishna Mishra,South,Chennai,PROD-0106,Casio G-Shock,Fashion,Accessories,3,9999,0.05,28497.15,11711.9,UPI,5,No,0.0
ORD-11932,09-02-2025,CUST-0320,Krishna Mishra,South,Chennai,PROD-0101,Samsung Galaxy Buds3,Electronics,Headphones,1,12999,0.1,11699.1,4703.75,Cash On Delivery,10,No,0.0
ORD-11932,09-02-2025,CUST-0320,Krishna Mishra,South,Chennai,PROD-0109,Thinking Fast and Slow,Books & Stationery,Non-Fiction,3,499,0.0,1497.0,711.96,UPI,9,No,336.23
ORD-11933,20-02-2025,CUST-0357,Krishna Das,South,Chennai,PROD-0112,Protein Shaker Bottle,Health & Beauty,Fitness,2,499,0.15,848.3,372.3,Debit,10,No,380.66
ORD-11934,19-05-2025,CUST-0364,Mohit Das,South,Kochi,PROD-0108,Bosch Drill Machine,Home & Kitchen,Appliances,1,5499,0.0,5499.0,2140.83,Debit,3,No,0.0
ORD-11935,02-01-2025,CUST-0051,Kavya Mehta,West,Ahmedabad,PROD-0110,The Psychology of Money,Books & Stationery,Non-Fiction,2,349,0.15,593.3,307.37,Debit,5,No,395.61
ORD-11936,27-01-2025,CUST-0363,Krishna Das,West,Surat,PROD-0061,Cetaphil Moisturizer,Health & Beauty,Skincare,1,799,0.0,799.0,370.58,UPI,5,No,330.78
ORD-11937,27-03-2025,CUST-0338,Aarav Verma,North,Delhi,PROD-0001,iPhone 15 Pro,Electronics,Smartphones,1,89999,0.1,80999.1,37671.09,Net-Banking,4,No,0.0
ORD-11938,27-02-2025,CUST-0023,Arjun Kumar,North,Lucknow,PROD-0061,Cetaphil Moisturizer,Health & Beauty,Skincare,1,799,0.15,679.15,235.67,Debit,8,No,216.83
ORD-11938,27-02-2025,CUST-0023,Arjun Kumar,North,Lucknow,PROD-0017,Nike Air Force 1,Fashion,Footwear,1,7999,0.0,7999.0,2985.74,Cash On Delivery,2,No,0.0
ORD-11938,27-02-2025,CUST-0023,Arjun Kumar,North,Lucknow,PROD-0111,Dumbbell Set 20kg,Health & Beauty,Fitness,1,3499,0.05,3324.05,1322.14,Visa,1,No,0.0
ORD-11938,27-02-2025,CUST-0023,Arjun Kumar,North,Lucknow,PROD-0106,Casio G-Shock,Fashion,Accessories,1,9999,0.2,7999.2,3798.71,Net-Banking,8,No,0.0
ORD-11939,12-05-2025,CUST-0365,Mohit Iyer,East,Patna,PROD-0061,Cetaphil Moisturizer,Health & Beauty,Skincare,1,799,0.0,799.0,365.67,Gpay,1,No,180.79
ORD-11940,19-02-2025,CUST-0042,Rahul Das,North,Lucknow,PROD-0104,Under Armour Hoodie,Fashion,Men Clothing,3,4299,0.0,12897.0,6658.27,Gpay,8,No,0.0
ORD-11941,22-01-2025,CUST-0346,Varun Singh,Central,Raipur,PROD-0102,Asus ROG Zephyrus,Electronics,Laptops,1,134999,0.15,114749.15,38084.26,Visa,10,No,0.0
ORD-11941,22-01-2025,CUST-0346,Varun Singh,Central,Raipur,PROD-0112,Protein Shaker Bottle,Health & Beauty,Fitness,1,499,0.2,399.2,165.06,Cash On Delivery,5,No,313.33
ORD-11941,22-01-2025,CUST-0346,Varun Singh,Central,Raipur,PROD-0103,Kindle Paperwhite,Electronics,Tablets,3,14999,0.0,44997.0,14134.09,Cash On Delivery,4,No,0.0
ORD-11941,22-01-2025,CUST-0346,Varun Singh,Central,Raipur,PROD-0001,iPhone 15 Pro,Electronics,Smartphones,2,89999,0.05,170998.1,56596.01,Visa,4,No,0.0
ORD-11942,15-02-2025,CUST-0376,Raj Singh,Central,Bhopal,PROD-0106,Casio G-Shock,Fashion,Accessories,3,9999,0.2,23997.6,7284.26,Gpay,6,No,0.0
ORD-11943,27-05-2025,CUST-0419,Arun Verma,North,Chandigarh,PROD-0106,Casio G-Shock,Fashion,Accessories,2,9999,0.1,17998.2,8053.28,Cash On Delivery,7,No,0.0
ORD-11944,08-01-2025,CUST-0415,Siddharth Choudhury,South,Hyderabad,PROD-0109,Thinking Fast and Slow,Books & Stationery,Non-Fiction,2,499,0.2,798.4,323.39,Net-Banking,8,No,345.42
ORD-11944,08-01-2025,CUST-0415,Siddharth Choudhury,South,Hyderabad,PROD-0111,Dumbbell Set 20kg,Health & Beauty,Fitness,1,3499,0.0,3499.0,1888.15,Cash On Delivery,12,No,0.0
ORD-11945,27-03-2025,CUST-0336,Vivaan Joshi,North,Lucknow,PROD-0112,Protein Shaker Bottle,Health & Beauty,Fitness,3,499,0.0,1497.0,507.3,Gpay,12,No,397.71
ORD-11946,07-02-2025,CUST-0062,Priyanka Roy,North,Jaipur,PROD-0110,The Psychology of Money,Books & Stationery,Non-Fiction,1,349,0.0,349.0,151.58,Net-Banking,9,No,306.87
ORD-11946,07-02-2025,CUST-0062,Priyanka Roy,North,Jaipur,PROD-0061,Cetaphil Moisturizer,Health & Beauty,Skincare,1,799,0.0,799.0,371.67,UPI,12,No,220.71
ORD-11946,07-02-2025,CUST-0062,Priyanka Roy,North,Jaipur,PROD-0017,Nike Air Force 1,Fashion,Footwear,2,7999,0.2,12798.4,4227.63,Cash On Delivery,10,No,0.0
ORD-11947,11-01-2025,CUST-0044,Rahul Shah,West,Mumbai,PROD-0103,Kindle Paperwhite,Electronics,Tablets,1,14999,0.15,12749.15,5806.51,Gpay,5,No,0.0
ORD-11947,11-01-2025,CUST-0044,Rahul Shah,West,Mumbai,PROD-0106,Casio G-Shock,Fashion,Accessories,1,9999,0.05,9499.05,4584.04,Visa,2,Yes,0.0
ORD-11948,27-02-2025,CUST-0400,Nisha Verma,South,Chennai,PROD-0110,The Psychology of Money,Books & Stationery,Non-Fiction,2,349,0.0,698.0,237.21,Cash On Delivery,4,No,287.38
ORD-11948,27-02-2025,CUST-0400,Nisha Verma,South,Chennai,PROD-0003,MacBook Air M3,Electronics,Laptops,3,99999,0.2,239997.6,119593.44,Gpay,4,No,0.0
ORD-11948,27-02-2025,CUST-0400,Nisha Verma,South,Chennai,PROD-0007,Sony WH-1000XM5,Electronics,Headphones,2,24990,0.05,47481.0,16488.04,Cash On Delivery,6,No,0.0
ORD-11948,27-02-2025,CUST-0400,Nisha Verma,South,Chennai,PROD-0109,Thinking Fast and Slow,Books & Stationery,Non-Fiction,1,499,0.0,499.0,269.69,Visa,11,No,332.59
ORD-11949,18-04-2025,CUST-0005,Priyanka Reddy,Central,Indore,PROD-0102,Asus ROG Zephyrus,Electronics,Laptops,1,134999,0.2,107999.2,50127.89,Gpay,1,No,0.0
ORD-11950,01-01-2025,CUST-0062,Priyanka Roy,North,Jaipur,PROD-0105,Crocs Classic Clog,Fashion,Footwear,1,2999,0.0,2999.0,903.8,Visa,4,No,0.0
ORD-11951,04-01-2025,CUST-0387,Amit Roy,North,Chandigarh,PROD-0102,Asus ROG Zephyrus,Electronics,Laptops,2,134999,0.0,269998.0,109822.43,UPI,12,No,0.0
ORD-11952,16-03-2025,CUST-0318,Suresh Mishra,South,Chennai,PROD-0106,Casio G-Shock,Fashion,Accessories,2,9999,0.05,18998.1,6855.94,Net-Banking,1,No,0.0
ORD-11953,16-01-2025,CUST-0065,Karan Pillai,Central,Indore,PROD-0061,Cetaphil Moisturizer,Health & Beauty,Skincare,2,799,0.1,1438.2,686.47,Gpay,11,No,89.77
ORD-11954,26-02-2025,CUST-0353,Manish Reddy,South,Kochi,PROD-0106,Casio G-Shock,Fashion,Accessories,3,9999,0.1,26997.3,11572.34,Gpay,12,No,0.0
ORD-11955,18-02-2025,CUST-0303,Sneha Singh,West,Mumbai,PROD-0102,Asus ROG Zephyrus,Electronics,Laptops,1,134999,0.15,114749.15,61040.53,Visa,4,No,0.0
ORD-11956,08-05-2025,CUST-0015,Dev Mishra,North,Jaipur,PROD-0105,Crocs Classic Clog,Fashion,Footwear,1,2999,0.0,2999.0,1355.15,Debit,12,No,0.0
ORD-11957,13-01-2025,CUST-0054,Krishna Yadav,South,Kochi,PROD-0003,MacBook Air M3,Electronics,Laptops,2,99999,0.0,199998.0,88397.49,Visa,9,No,0.0
ORD-11958,29-05-2025,CUST-0040,Swati Yadav,Central,Nagpur,PROD-0109,Thinking Fast and Slow,Books & Stationery,Non-Fiction,2,499,0.0,998.0,357.07,Net-Banking,8,No,201.85
ORD-11959,11-04-2025,CUST-0044,Rahul Shah,West,Mumbai,PROD-0016,Levi's 501 Jeans,Fashion,Men Clothing,3,3499,0.2,8397.6,4148.04,Net-Banking,1,Yes,0.0
ORD-11959,11-04-2025,CUST-0044,Rahul Shah,West,Mumbai,PROD-0101,Samsung Galaxy Buds3,Electronics,Headphones,3,12999,0.0,38997.0,13205.73,Cash On Delivery,6,No,0.0
ORD-11960,26-04-2025,CUST-0052,Arjun Shah,South,Kochi,PROD-0101,Samsung Galaxy Buds3,Electronics,Headphones,1,12999,0.0,12999.0,5230.1,Net-Banking,5,No,0.0
ORD-11960,26-04-2025,CUST-0052,Arjun Shah,South,Kochi,PROD-0103,Kindle Paperwhite,Electronics,Tablets,2,14999,0.0,29998.0,16363.88,Cash On Delivery,10,No,0.0
ORD-11961,04-04-2025,CUST-0325,Raj Kumar,West,Mumbai,PROD-0104,Under Armour Hoodie,Fashion,Men Clothing,2,4299,0.0,8598.0,4270.72,Cash On Delivery,4,No,0.0
ORD-11961,04-04-2025,CUST-0325,Raj Kumar,West,Mumbai,PROD-0112,Protein Shaker Bottle,Health & Beauty,Fitness,1,499,0.0,499.0,173.68,UPI,8,No,293.44
ORD-11961,04-04-2025,CUST-0325,Raj Kumar,West,Mumbai,PROD-0108,Bosch Drill Machine,Home & Kitchen,Appliances,2,5499,0.2,8798.4,2887.67,Cash On Delivery,2,No,0.0
ORD-11961,04-04-2025,CUST-0325,Raj Kumar,West,Mumbai,PROD-0007,Sony WH-1000XM5,Electronics,Headphones,2,24990,0.2,39984.0,12238.65,Gpay,9,No,0.0
ORD-11962,18-04-2025,CUST-0080,Nikhil Choudhury,East,Kolkata,PROD-0111,Dumbbell Set 20kg,Health & Beauty,Fitness,2,3499,0.2,5598.4,2481.3,Net-Banking,5,No,0.0
ORD-11962,18-04-2025,CUST-0080,Nikhil Choudhury,East,Kolkata,PROD-0104,Under Armour Hoodie,Fashion,Men Clothing,2,4299,0.15,7308.3,3692.42,Debit,9,No,0.0
ORD-11963,24-02-2025,CUST-0059,Nisha Yadav,Central,Bhopal,PROD-0031,Prestige Mixer,Home & Kitchen,Appliances,1,4599,0.0,4599.0,1882.78,Cash On Delivery,9,No,0.0
ORD-11963,24-02-2025,CUST-0059,Nisha Yadav,Central,Bhopal,PROD-0101,Samsung Galaxy Buds3,Electronics,Headphones,1,12999,0.0,12999.0,4602.45,Visa,8,No,0.0
ORD-11963,24-02-2025,CUST-0059,Nisha Yadav,Central,Bhopal,PROD-0046,Atomic Habits,Books & Stationery,Non-Fiction,1,399,0.0,399.0,141.04,Net-Banking,9,No,236.61
ORD-11964,31-05-2025,CUST-0009,Aditi Iyer,West,Mumbai,PROD-0061,Cetaphil Moisturizer,Health & Beauty,Skincare,2,799,0.0,1598.0,701.02,Cash On Delivery,1,No,243.0
ORD-11965,19-05-2025,CUST-0397,Diya Agarwal,Central,Indore,PROD-0001,iPhone 15 Pro,Electronics,Smartphones,3,89999,0.0,269997.0,97573.02,Debit,12,No,0.0
ORD-11966,23-03-2025,CUST-0308,Karan Joshi,Central,Raipur,PROD-0107,Instant Pot Duo,Home & Kitchen,Appliances,1,8999,0.1,8099.1,3495.03,Net-Banking,4,No,0.0
ORD-11967,13-05-2025,CUST-0302,Siddharth Das,Central,Bhopal,PROD-0104,Under Armour Hoodie,Fashion,Men Clothing,1,4299,0.0,4299.0,1559.94,Debit,10,No,0.0
ORD-11968,20-02-2025,CUST-0043,Varun Verma,South,Chennai,PROD-0106,Casio G-Shock,Fashion,Accessories,1,9999,0.0,9999.0,3999.27,Debit,1,No,0.0
ORD-11968,20-02-2025,CUST-0043,Varun Verma,South,Chennai,PROD-0105,Crocs Classic Clog,Fashion,Footwear,2,2999,0.2,4798.4,1727.39,Debit,3,No,0.0
ORD-11968,20-02-2025,CUST-0043,Varun Verma,South,Chennai,PROD-0102,Asus ROG Zephyrus,Electronics,Laptops,2,134999,0.15,229498.3,74975.8,Gpay,7,No,0.0
ORD-11969,22-05-2025,CUST-0074,Ananya Roy,East,Ranchi,PROD-0031,Prestige Mixer,Home & Kitchen,Appliances,3,4599,0.1,12417.3,6649.23,Visa,12,No,0.0
ORD-11970,02-01-2025,CUST-0314,Aarav Patel,South,Kochi,PROD-0105,Crocs Classic Clog,Fashion,Footwear,1,2999,0.15,2549.15,850.34,Net-Banking,7,Yes,0.0
ORD-11971,19-02-2025,CUST-0380,Rahul Gupta,South,Bangalore,PROD-0112,Protein Shaker Bottle,Health & Beauty,Fitness,2,499,0.15,848.3,338.95,Gpay,10,No,213.28
ORD-11971,19-02-2025,CUST-0380,Rahul Gupta,South,Bangalore,PROD-0102,Asus ROG Zephyrus,Electronics,Laptops,2,134999,0.0,269998.0,126033.55,UPI,2,No,0.0
ORD-11972,09-04-2025,CUST-0329,Tanvi Kumar,South,Chennai,PROD-0003,MacBook Air M3,Electronics,Laptops,1,99999,0.05,94999.05,47027.9,Visa,12,No,0.0
ORD-11972,09-04-2025,CUST-0329,Tanvi Kumar,South,Chennai,PROD-0031,Prestige Mixer,Home & Kitchen,Appliances,2,4599,0.0,9198.0,2898.13,Debit,4,No,0.0
ORD-11972,09-04-2025,CUST-0329,Tanvi Kumar,South,Chennai,PROD-0016,Levi's 501 Jeans,Fashion,Men Clothing,1,3499,0.0,3499.0,1607.56,Gpay,7,No,0.0
ORD-11973,08-02-2025,CUST-0387,Amit Roy,North,Chandigarh,PROD-0031,Prestige Mixer,Home & Kitchen,Appliances,2,4599,0.0,9198.0,4392.92,Net-Banking,3,No,0.0
ORD-11974,23-05-2025,CUST-0077,Arun Kumar,South,Chennai,PROD-0017,Nike Air Force 1,Fashion,Footwear,3,7999,0.0,23997.0,9543.94,Gpay,2,No,0.0
ORD-11975,03-02-2025,CUST-0064,Aditi Patel,West,Ahmedabad,PROD-0106,Casio G-Shock,Fashion,Accessories,1,9999,0.0,9999.0,4418.38,Gpay,7,No,0.0
ORD-11976,08-03-2025,CUST-0031,Priya Joshi,Central,Bhopal,PROD-0107,Instant Pot Duo,Home & Kitchen,Appliances,3,8999,0.2,21597.6,11038.62,Net-Banking,4,No,0.0
ORD-11977,19-05-2025,CUST-0330,Arun Gupta,East,Bhubaneswar,PROD-0101,Samsung Galaxy Buds3,Electronics,Headphones,2,12999,0.05,24698.1,10660.58,Net-Banking,8,No,0.0
ORD-11978,10-02-2025,CUST-0307,Siddharth Shah,North,Jaipur,PROD-0107,Instant Pot Duo,Home & Kitchen,Appliances,2,8999,0.05,17098.1,7568.4,UPI,11,No,0.0
ORD-11979,18-01-2025,CUST-0347,Vivaan Das,North,Jaipur,PROD-0001,iPhone 15 Pro,Electronics,Smartphones,1,89999,0.15,76499.15,34901.63,Visa,11,No,0.0
ORD-11980,02-04-2025,CUST-0365,Mohit Iyer,East,Patna,PROD-0107,Instant Pot Duo,Home & Kitchen,Appliances,1,8999,0.0,8999.0,3407.83,Visa,1,No,0.0
ORD-11981,28-05-2025,CUST-0398,Manish Gupta,East,Patna,PROD-0107,Instant Pot Duo,Home & Kitchen,Appliances,3,8999,0.15,22947.45,8083.27,Net-Banking,6,No,0.0
ORD-11982,13-05-2025,CUST-0077,Arun Kumar,South,Chennai,PROD-0102,Asus ROG Zephyrus,Electronics,Laptops,1,134999,0.0,134999.0,70948.15,Cash On Delivery,4,No,0.0
ORD-11982,13-05-2025,CUST-0077,Arun Kumar,South,Chennai,PROD-0109,Thinking Fast and Slow,Books & Stationery,Non-Fiction,1,499,0.0,499.0,193.96,Visa,9,No,188.85
ORD-11982,13-05-2025,CUST-0077,Arun Kumar,South,Chennai,PROD-0007,Sony WH-1000XM5,Electronics,Headphones,3,24990,0.0,74970.0,28514.18,Net-Banking,7,No,0.0
ORD-11983,07-04-2025,CUST-0024,Ishita Joshi,East,Ranchi,PROD-0017,Nike Air Force 1,Fashion,Footwear,2,7999,0.15,13598.3,7202.07,Cash On Delivery,11,No,0.0
ORD-11983,07-04-2025,CUST-0024,Ishita Joshi,East,Ranchi,PROD-0031,Prestige Mixer,Home & Kitchen,Appliances,3,4599,0.0,13797.0,5146.3,Cash On Delivery,8,No,0.0
ORD-11983,07-04-2025,CUST-0024,Ishita Joshi,East,Ranchi,PROD-0102,Asus ROG Zephyrus,Electronics,Laptops,1,134999,0.0,134999.0,62417.67,UPI,3,No,0.0
ORD-11984,12-01-2025,CUST-0366,Siddharth Gupta,West,Pune,PROD-0105,Crocs Classic Clog,Fashion,Footwear,3,2999,0.2,7197.6,2748.99,Cash On Delivery,8,No,0.0
ORD-11985,03-05-2025,CUST-0313,Ishita Choudhury,East,Ranchi,PROD-0104,Under Armour Hoodie,Fashion,Men Clothing,2,4299,0.2,6878.4,2421.21,Gpay,6,Yes,0.0
ORD-11986,19-04-2025,CUST-0323,Riya Bhat,West,Mumbai,PROD-0108,Bosch Drill Machine,Home & Kitchen,Appliances,2,5499,0.15,9348.3,4236.15,Debit,8,No,0.0
ORD-11987,28-02-2025,CUST-0377,Vivaan Reddy,East,Bhubaneswar,PROD-0105,Crocs Classic Clog,Fashion,Footwear,1,2999,0.2,2399.2,785.23,Net-Banking,3,No,0.0
ORD-11988,22-05-2025,CUST-0379,Varun Mishra,West,Ahmedabad,PROD-0104,Under Armour Hoodie,Fashion,Men Clothing,2,4299,0.1,7738.2,3340.46,UPI,1,No,0.0
ORD-11988,22-05-2025,CUST-0379,Varun Mishra,West,Ahmedabad,PROD-0101,Samsung Galaxy Buds3,Electronics,Headphones,1,12999,0.0,12999.0,4756.74,UPI,3,No,0.0
ORD-11988,22-05-2025,CUST-0379,Varun Mishra,West,Ahmedabad,PROD-0046,Atomic Habits,Books & Stationery,Non-Fiction,1,399,0.05,379.05,202.24,Gpay,11,No,391.14
ORD-11988,22-05-2025,CUST-0379,Varun Mishra,West,Ahmedabad,PROD-0016,Levi's 501 Jeans,Fashion,Men Clothing,1,3499,0.05,3324.05,1464.23,Debit,4,No,0.0
ORD-11989,02-02-2025,CUST-0310,Suresh Kumar,South,Kochi,PROD-0046,Atomic Habits,Books & Stationery,Non-Fiction,2,399,0.2,638.4,325.1,Visa,4,No,370.92
ORD-11989,02-02-2025,CUST-0310,Suresh Kumar,South,Kochi,PROD-0017,Nike Air Force 1,Fashion,Footwear,1,7999,0.05,7599.05,3322.59,Debit,4,No,0.0
ORD-11989,02-02-2025,CUST-0310,Suresh Kumar,South,Kochi,PROD-0106,Casio G-Shock,Fashion,Accessories,2,9999,0.0,19998.0,10905.9,Gpay,7,No,0.0
ORD-11989,02-02-2025,CUST-0310,Suresh Kumar,South,Kochi,PROD-0103,Kindle Paperwhite,Electronics,Tablets,3,14999,0.0,44997.0,16678.59,Debit,7,No,0.0
ORD-11990,13-05-2025,CUST-0406,Krishna Mehta,Central,Bhopal,PROD-0101,Samsung Galaxy Buds3,Electronics,Headphones,1,12999,0.0,12999.0,5683.78,Debit,6,No,0.0
ORD-11990,13-05-2025,CUST-0406,Krishna Mehta,Central,Bhopal,PROD-0107,Instant Pot Duo,Home & Kitchen,Appliances,1,8999,0.15,7649.15,3054.96,Debit,4,No,0.0
ORD-11991,26-05-2025,CUST-0395,Varun Kumar,North,Delhi,PROD-0046,Atomic Habits,Books & Stationery,Non-Fiction,1,399,0.15,339.15,159.93,Net-Banking,3,No,274.39
ORD-11992,09-03-2025,CUST-0391,Ishita Singh,North,Jaipur,PROD-0111,Dumbbell Set 20kg,Health & Beauty,Fitness,2,3499,0.05,6648.1,2959.07,UPI,12,No,0.0
ORD-11993,11-05-2025,CUST-0394,Meera Mehta,North,Lucknow,PROD-0016,Levi's 501 Jeans,Fashion,Men Clothing,3,3499,0.0,10497.0,3302.62,Gpay,9,No,0.0
ORD-11994,23-05-2025,CUST-0381,Neha Nair,East,Patna,PROD-0110,The Psychology of Money,Books & Stationery,Non-Fiction,3,349,0.05,994.65,484.52,Visa,1,No,72.68
ORD-11995,30-03-2025,CUST-0038,Sneha Das,East,Ranchi,PROD-0103,Kindle Paperwhite,Electronics,Tablets,2,14999,0.0,29998.0,12433.01,Cash On Delivery,2,No,0.0
ORD-11995,30-03-2025,CUST-0038,Sneha Das,East,Ranchi,PROD-0007,Sony WH-1000XM5,Electronics,Headphones,2,24990,0.2,39984.0,12121.91,Net-Banking,6,No,0.0
ORD-11995,30-03-2025,CUST-0038,Sneha Das,East,Ranchi,PROD-0110,The Psychology of Money,Books & Stationery,Non-Fiction,2,349,0.0,698.0,246.21,Gpay,12,No,126.66
ORD-11995,30-03-2025,CUST-0038,Sneha Das,East,Ranchi,PROD-0017,Nike Air Force 1,Fashion,Footwear,1,7999,0.0,7999.0,3216.35,Gpay,8,No,0.0
ORD-11996,23-04-2025,CUST-0046,Divya Das,North,Lucknow,PROD-0016,Levi's 501 Jeans,Fashion,Men Clothing,1,3499,0.0,3499.0,1811.47,Cash On Delivery,3,No,0.0
ORD-11997,23-01-2025,CUST-0300,Riya Sharma,Central,Indore,PROD-0105,Crocs Classic Clog,Fashion,Footwear,3,2999,0.2,7197.6,2326.64,Gpay,2,No,0.0
ORD-11998,13-02-2025,CUST-0401,Kavya Verma,East,Ranchi,PROD-0017,Nike Air Force 1,Fashion,Footwear,2,7999,0.1,14398.2,5530.0,Net-Banking,4,No,0.0
ORD-11999,04-01-2025,CUST-0418,Mohit Iyer,South,Kochi,PROD-0112,Protein Shaker Bottle,Health & Beauty,Fitness,3,499,0.0,1497.0,576.72,UPI,5,No,382.44
ORD-12000,18-04-2025,CUST-0392,Sneha Pillai,West,Surat,PROD-0110,The Psychology of Money,Books & Stationery,Non-Fiction,2,349,0.0,698.0,344.61,Net-Banking,5,No,175.44
