I Sr No,Cust Name,Cust ID,Product Name,Product ID,Product Price,Quantity,Transaction ID,Transaction Date
1,Betty Brown,CUST-0340,Self-Help Guide,PROD-0036,10.26,3,TXN-000001,2025-09-06
2,Ashley Harris,CUST-0485,Basketball,PROD-0046,39.63,2,TXN-000002,2025-04-08
3,Mary Kulkarni,CUST-0117,Keyboard Mechanical,PROD-0007,97.82,3,TXN-000003,2024-08-15
4,Arjun Verma,CUST-0003,Blender,PROD-0022,46.5,1,TXN-000004,2025-10-10
5,David Harris,CUST-0299,Self-Help Guide,PROD-0036,10.26,2,TXN-000005,2025-12-19
6,Vikram Miller,CUST-0109,USB-C Hub,PROD-0003,61.28,4,TXN-000006,2025-05-19
7,Donald King,CUST-0144,Basketball,PROD-0046,39.63,3,TXN-000007,2025-02-23
8,Sophia Jones,CUST-0110,Casual Shorts,PROD-0017,29.07,2,TXN-000008,2024-07-11
9,Aanya Wright,CUST-0124,Water Bottle,PROD-0026,17.56,1,TXN-000009,2024-07-14
10,Lucas Rodriguez,CUST-0734,Blender,PROD-0022,46.5,1,TXN-000010,2025-02-28
11,Ashley Sharma,CUST-0048,Yoga Mat,PROD-0041,42.7,3,TXN-000011,2025-08-25
12,Nikhil Lewis,CUST-0127,Gym Bag,PROD-0050,52.65,4,TXN-000012,2025-04-13
13,Priya Smith,CUST-0675,History of AI,PROD-0038,15.71,5,TXN-000013,2024-05-17
14,David Walker,CUST-0511,Wireless Mouse,PROD-0001,45.68,2,TXN-000014,2024-02-19
15,Oliver Thomas,CUST-0567,Cutting Board,PROD-0028,11.96,3,TXN-000015,2025-05-09
16,Michael Menon,CUST-0521,Gym Bag,PROD-0050,52.65,4,TXN-000016,2024-06-30
17,Jessica Moore,CUST-0709,History of AI,PROD-0038,15.71,1,TXN-000017,2024-05-11
18,Meena Jones,CUST-0107,Knife Set,PROD-0025,68.52,2,TXN-000018,2025-09-12
19,Aditya Williams,CUST-0330,Machine Learning Guide,PROD-0033,42.63,4,TXN-000019,2025-03-04
20,Aarav Gupta,CUST-0624,Football,PROD-0045,29.05,3,TXN-000020,2024-10-07
21,Priya Martinez,CUST-0408,Blender,PROD-0022,46.5,5,TXN-000021,2025-04-08
22,Mark Desai,CUST-0137,Laptop Stand,PROD-0009,59.55,2,TXN-000022,2025-12-17
23,Sandra Desai,CUST-0767,Machine Learning Guide,PROD-0033,42.63,1,TXN-000023,2025-12-19
24,Charlotte Singh,CUST-0561,Coffee Maker,PROD-0021,62.05,3,TXN-000024,2025-07-20
25,Riya Patel,CUST-0648,Running Shoes,PROD-0014,41.04,1,TXN-000025,2025-10-01
26,Pooja Bhat,CUST-0732,Cap,PROD-0019,12.46,2,TXN-000026,2025-11-19
27,Patricia Bhat,CUST-0136,Basketball,PROD-0046,39.63,2,TXN-000027,2024-07-01
28,Lucas Smith,CUST-0516,Business Strategy,PROD-0035,33.11,2,TXN-000028,2024-11-26
29,Mark Brown,CUST-0728,Monitor Stand,PROD-0008,53.18,3,TXN-000029,2025-07-29
30,Sarah Shah,CUST-0492,History of AI,PROD-0038,15.71,2,TXN-000030,2025-11-14
31,Mark Brown,CUST-0728,Storage Containers,PROD-0027,35.05,2,TXN-000031,2025-06-30
32,Mason Mehta,CUST-0293,Cutting Board,PROD-0028,11.96,3,TXN-000032,2025-06-19
33,Sophia Jones,CUST-0110,Bluetooth Headphones,PROD-0002,92.28,1,TXN-000033,2024-02-24
34,Nisha Kulkarni,CUST-0687,Portable Charger,PROD-0004,42.05,1,TXN-000034,2024-06-13
35,Richard Wright,CUST-0294,Jump Rope,PROD-0044,18.67,1,TXN-000035,2024-03-04
36,Meena Martin,CUST-0708,Cap,PROD-0019,12.46,1,TXN-000036,2025-07-08
37,Sandra White,CUST-0034,Toaster,PROD-0023,31.12,3,TXN-000037,2024-04-14
38,Pooja Chopra,CUST-0631,Jump Rope,PROD-0044,18.67,3,TXN-000038,2024-08-17
39,James Walker,CUST-0761,Dumbbells (Pair),PROD-0042,77.78,2,TXN-000039,2024-08-31
40,Thomas Johnson,CUST-0524,Football,PROD-0045,29.05,1,TXN-000040,2025-11-11
41,Matthew Anderson,CUST-0049,Knife Set,PROD-0025,68.52,1,TXN-000041,2025-12-02
42,Sandra Davis,CUST-0321,Self-Help Guide,PROD-0036,10.26,1,TXN-000042,2024-09-14
43,Swati Verma,CUST-0208,Travel Guide,PROD-0040,22.38,4,TXN-000043,2025-03-29
44,Oliver Kulkarni,CUST-0231,Yoga Mat,PROD-0041,42.7,3,TXN-000044,2025-10-25
45,Vikram Johnson,CUST-0377,Cycling Gloves,PROD-0049,31.15,2,TXN-000045,2025-09-09
46,Betty Thompson,CUST-0202,Gym Bag,PROD-0050,52.65,3,TXN-000046,2024-07-17
47,Rohit Rao,CUST-0302,Dish Rack,PROD-0029,28.32,1,TXN-000047,2025-11-30
48,Sunita Bhat,CUST-0077,Denim Jeans,PROD-0012,82.97,5,TXN-000048,2025-06-10
49,Linda Mehta,CUST-0123,Knife Set,PROD-0025,68.52,1,TXN-000049,2024-10-12
50,Sunita Malhotra,CUST-0570,Casual Shorts,PROD-0017,29.07,1,TXN-000050,2025-08-21
51,Lucas Patel,CUST-0262,Wireless Mouse,PROD-0001,45.68,1,TXN-000051,2025-12-27
52,Lucas Anderson,CUST-0159,USB-C Hub,PROD-0003,61.28,1,TXN-000052,2024-11-26
53,Divya Patel,CUST-0612,Portable Charger,PROD-0004,42.05,3,TXN-000053,2025-10-02
54,Pooja Chopra,CUST-0631,Resistance Bands,PROD-0043,22.74,1,TXN-000054,2025-08-09
55,Matthew Mehta,CUST-0564,Toaster,PROD-0023,31.12,1,TXN-000055,2025-12-25
56,Deepak Jackson,CUST-0326,Web Development,PROD-0034,44.41,1,TXN-000056,2024-07-07
57,Donald White,CUST-0534,Smartwatch,PROD-0005,158.2,3,TXN-000057,2024-06-12
58,Ashley Hernandez,CUST-0426,Business Strategy,PROD-0035,33.11,2,TXN-000058,2024-04-04
59,Swati Malhotra,CUST-0358,Formal Shirt,PROD-0015,57.36,4,TXN-000059,2025-11-10
60,Betty Brown,CUST-0340,Blender,PROD-0022,46.5,1,TXN-000060,2024-08-11
61,Lucas Hernandez,CUST-0771,Travel Guide,PROD-0040,22.38,2,TXN-000061,2025-07-28
62,Lucas Hernandez,CUST-0771,Dumbbells (Pair),PROD-0042,77.78,1,TXN-000062,2025-11-15
63,Karan Robinson,CUST-0355,Dish Rack,PROD-0029,28.32,1,TXN-000063,2025-10-19
64,Sai Garcia,CUST-0629,Travel Guide,PROD-0040,22.38,1,TXN-000064,2024-02-10
65,Oliver Taylor,CUST-0699,Coffee Maker,PROD-0021,62.05,1,TXN-000065,2024-04-26
66,James Mehta,CUST-0396,Casual Shorts,PROD-0017,29.07,2,TXN-000066,2024-10-16
67,Patricia Reddy,CUST-0026,Web Development,PROD-0034,44.41,3,TXN-000067,2025-01-18
68,Mary Jones,CUST-0527,Machine Learning Guide,PROD-0033,42.63,2,TXN-000068,2024-02-14
69,Patricia Wright,CUST-0304,Dumbbells (Pair),PROD-0042,77.78,1,TXN-000069,2025-06-10
70,Sai Walker,CUST-0085,Keyboard Mechanical,PROD-0007,97.82,1,TXN-000070,2025-07-04
71,Meena Garcia,CUST-0547,Wireless Mouse,PROD-0001,45.68,2,TXN-000071,2024-08-03
72,Nisha Kulkarni,CUST-0687,Yoga Mat,PROD-0041,42.7,3,TXN-000072,2025-12-02
73,Lisa Malhotra,CUST-0435,Keyboard Mechanical,PROD-0007,97.82,1,TXN-000073,2025-12-20
74,Pooja Johnson,CUST-0760,Gym Bag,PROD-0050,52.65,2,TXN-000074,2024-03-14
75,Joseph Garcia,CUST-0765,Jump Rope,PROD-0044,18.67,1,TXN-000075,2025-04-15
76,Robert Williams,CUST-0735,Blender,PROD-0022,46.5,1,TXN-000076,2024-03-16
77,Deepak Garcia,CUST-0056,Denim Jeans,PROD-0012,82.97,3,TXN-000077,2025-07-25
78,Sarah Nair,CUST-0073,Fiction Novel,PROD-0037,12.83,3,TXN-000078,2024-09-21
79,Suresh Lee,CUST-0418,Knife Set,PROD-0025,68.52,2,TXN-000079,2025-02-18
80,Margaret Rodriguez,CUST-0444,Coffee Maker,PROD-0021,62.05,1,TXN-000080,2025-11-20
81,Aanya Jackson,CUST-0122,Business Strategy,PROD-0035,33.11,1,TXN-000081,2025-09-25
82,Nikhil Clark,CUST-0065,Cycling Gloves,PROD-0049,31.15,3,TXN-000082,2024-02-16
83,Neha Iyer,CUST-0718,Smartwatch,PROD-0005,158.2,1,TXN-000083,2025-05-29
84,Vikram Miller,CUST-0109,Cap,PROD-0019,12.46,3,TXN-000084,2024-11-04
85,Betty Jackson,CUST-0622,Webcam HD,PROD-0006,72.22,1,TXN-000085,2025-03-24
86,Mason Reddy,CUST-0391,Water Bottle,PROD-0026,17.56,3,TXN-000086,2024-02-01
87,Reyansh King,CUST-0486,Cotton T-Shirt,PROD-0011,30.65,2,TXN-000087,2024-05-19
88,Joseph Garcia,CUST-0765,Water Bottle,PROD-0026,17.56,3,TXN-000088,2025-07-12
89,Myra Thomas,CUST-0303,Yoga Mat,PROD-0041,42.7,1,TXN-000089,2025-11-24
90,Mark King,CUST-0747,Dumbbells (Pair),PROD-0042,77.78,1,TXN-000090,2024-01-12
91,Oliver Thomas,CUST-0567,Self-Help Guide,PROD-0036,10.26,1,TXN-000091,2024-02-12
92,Aarav King,CUST-0006,Fiction Novel,PROD-0037,12.83,2,TXN-000092,2025-07-04
93,Charlotte Singh,CUST-0561,Webcam HD,PROD-0006,72.22,1,TXN-000093,2024-12-18
94,William Martin,CUST-0217,Storage Containers,PROD-0027,35.05,4,TXN-000094,2025-06-08
95,Myra Desai,CUST-0146,Cotton T-Shirt,PROD-0011,30.65,1,TXN-000095,2025-09-23
96,Susan Kumar,CUST-0259,Hoodie,PROD-0013,50.64,1,TXN-000096,2025-11-18
97,Charles Taylor,CUST-0581,Portable Charger,PROD-0004,42.05,4,TXN-000097,2025-07-16
98,Emma Kulkarni,CUST-0473,Dumbbells (Pair),PROD-0042,77.78,2,TXN-000098,2024-10-24
99,Sara Young,CUST-0688,Smartwatch,PROD-0005,158.2,1,TXN-000099,2024-07-21
100,Linda Martin,CUST-0744,History of AI,PROD-0038,15.71,2,TXN-000100,2024-12-04
101,Sarah Thomas,CUST-0366,Laptop Stand,PROD-0009,59.55,2,TXN-000101,2024-08-28
102,Rahul Allen,CUST-0103,Cap,PROD-0019,12.46,2,TXN-000102,2024-07-17
103,Deepak Jackson,CUST-0326,Data Science Handbook,PROD-0032,42.44,2,TXN-000103,2025-09-23
104,Riya Wright,CUST-0676,Scarf,PROD-0020,33.28,2,TXN-000104,2024-06-05
105,Diya Garcia,CUST-0580,Fiction Novel,PROD-0037,12.83,1,TXN-000105,2024-11-19
106,Kavita King,CUST-0439,Cotton T-Shirt,PROD-0011,30.65,1,TXN-000106,2024-09-09
107,Deepak Brown,CUST-0227,Basketball,PROD-0046,39.63,3,TXN-000107,2025-03-22
108,Neha Rodriguez,CUST-0284,Non-Stick Pan,PROD-0024,32.73,1,TXN-000108,2024-12-05
109,Sarah Shah,CUST-0492,Tea Kettle,PROD-0030,40.05,2,TXN-000109,2024-11-08
110,Sai Rao,CUST-0499,Self-Help Guide,PROD-0036,10.26,1,TXN-000110,2025-10-23
111,Betty Jackson,CUST-0622,Webcam HD,PROD-0006,72.22,3,TXN-000111,2024-05-23
112,Nisha Clark,CUST-0552,Hoodie,PROD-0013,50.64,1,TXN-000112,2025-10-03
113,Meena Rao,CUST-0079,Tennis Racket,PROD-0047,61.92,1,TXN-000113,2024-01-20
114,Sarah Bhat,CUST-0520,Yoga Mat,PROD-0041,42.7,1,TXN-000114,2025-08-18
115,Patricia Reddy,CUST-0593,Water Bottle,PROD-0026,17.56,3,TXN-000115,2024-08-05
116,Meena Thompson,CUST-0038,Self-Help Guide,PROD-0036,10.26,1,TXN-000116,2025-07-06
117,Jennifer Mehta,CUST-0484,Dumbbells (Pair),PROD-0042,77.78,3,TXN-000117,2025-01-09
118,Sandra Lee,CUST-0402,Formal Shirt,PROD-0015,57.36,4,TXN-000118,2025-08-26
119,Suresh Lewis,CUST-0751,Cap,PROD-0019,12.46,1,TXN-000119,2025-05-28
120,William Johnson,CUST-0523,Webcam HD,PROD-0006,72.22,1,TXN-000120,2025-05-29
121,Krishna Gupta,CUST-0011,Resistance Bands,PROD-0043,22.74,1,TXN-000121,2025-09-20
122,Myra Verma,CUST-0701,Cotton T-Shirt,PROD-0011,30.65,3,TXN-000122,2024-05-23
123,Deepak Kulkarni,CUST-0457,Cotton T-Shirt,PROD-0011,30.65,1,TXN-000123,2025-08-02
124,Riya Wright,CUST-0676,External SSD 1TB,PROD-0010,77.83,3,TXN-000124,2025-05-10
125,Robert Hernandez,CUST-0368,USB-C Hub,PROD-0003,61.28,1,TXN-000125,2025-05-14
126,Sara Rodriguez,CUST-0238,Smartwatch,PROD-0005,158.2,1,TXN-000126,2024-08-27
127,Reyansh Lewis,CUST-0044,Resistance Bands,PROD-0043,22.74,1,TXN-000127,2025-01-04
128,Noah Malhotra,CUST-0398,Python Programming,PROD-0031,22.63,4,TXN-000128,2024-02-17
129,Isha Young,CUST-0041,Dumbbells (Pair),PROD-0042,77.78,1,TXN-000129,2025-12-21
130,Donald White,CUST-0534,Yoga Mat,PROD-0041,42.7,3,TXN-000130,2024-09-26
131,Patricia Reddy,CUST-0593,Business Strategy,PROD-0035,33.11,2,TXN-000131,2025-01-20
132,Jennifer Thompson,CUST-0670,Knife Set,PROD-0025,68.52,1,TXN-000132,2025-10-31
133,Divya Kumar,CUST-0080,Web Development,PROD-0034,44.41,1,TXN-000133,2024-08-16
134,Oliver Verma,CUST-0529,Water Bottle,PROD-0026,17.56,1,TXN-000134,2024-12-19
135,Sai Rao,CUST-0499,Python Programming,PROD-0031,22.63,4,TXN-000135,2024-01-07
136,Karen Martin,CUST-0514,Laptop Stand,PROD-0009,59.55,2,TXN-000136,2024-08-23
137,Meena Rao,CUST-0079,Machine Learning Guide,PROD-0033,42.63,2,TXN-000137,2024-08-04
138,Charlotte Rao,CUST-0154,Denim Jeans,PROD-0012,82.97,1,TXN-000138,2025-09-08
139,Robert Williams,CUST-0735,Monitor Stand,PROD-0008,53.18,2,TXN-000139,2025-02-28
140,Thomas Jones,CUST-0339,Tennis Racket,PROD-0047,61.92,1,TXN-000140,2025-11-22
141,Divya Moore,CUST-0491,Python Programming,PROD-0031,22.63,1,TXN-000141,2024-06-14
142,Aditya Jones,CUST-0663,Storage Containers,PROD-0027,35.05,1,TXN-000142,2024-02-14
143,Sarah Shah,CUST-0131,Fiction Novel,PROD-0037,12.83,2,TXN-000143,2024-05-17
144,Donald Williams,CUST-0645,Machine Learning Guide,PROD-0033,42.63,1,TXN-000144,2025-08-09
145,Aanya Kumar,CUST-0151,Portable Charger,PROD-0004,42.05,1,TXN-000145,2024-07-03
146,Krishna Miller,CUST-0530,Water Bottle,PROD-0026,17.56,2,TXN-000146,2025-07-31
147,Susan Brown,CUST-0653,Bluetooth Headphones,PROD-0002,92.28,4,TXN-000147,2025-11-08
148,Patricia Walker,CUST-0291,Webcam HD,PROD-0006,72.22,1,TXN-000148,2025-09-13
149,Patricia Menon,CUST-0483,Python Programming,PROD-0031,22.63,1,TXN-000149,2025-02-24
150,Ayaan Malhotra,CUST-0616,External SSD 1TB,PROD-0010,77.83,3,TXN-000150,2024-07-05
151,Ananya Thompson,CUST-0639,Resistance Bands,PROD-0043,22.74,2,TXN-000151,2024-06-20
152,Kavita Martinez,CUST-0742,Jump Rope,PROD-0044,18.67,1,TXN-000152,2025-04-09
153,Ananya Lee,CUST-0611,History of AI,PROD-0038,15.71,1,TXN-000153,2025-01-22
154,Neha White,CUST-0395,Laptop Stand,PROD-0009,59.55,1,TXN-000154,2024-07-26
155,Susan King,CUST-0536,Machine Learning Guide,PROD-0033,42.63,2,TXN-000155,2024-06-02
156,Ishaan Taylor,CUST-0621,Keyboard Mechanical,PROD-0007,97.82,1,TXN-000156,2025-09-21
157,Diya Davis,CUST-0615,USB-C Hub,PROD-0003,61.28,4,TXN-000157,2025-06-28
158,Lucas Smith,CUST-0516,Cycling Gloves,PROD-0049,31.15,1,TXN-000158,2025-05-08
159,Riya Wright,CUST-0676,Laptop Stand,PROD-0009,59.55,4,TXN-000159,2025-07-06
160,Sara Lewis,CUST-0002,Gym Bag,PROD-0050,52.65,2,TXN-000160,2025-03-17
161,Jennifer Mehta,CUST-0535,Storage Containers,PROD-0027,35.05,1,TXN-000161,2024-02-14
162,Diya Jones,CUST-0715,Web Development,PROD-0034,44.41,2,TXN-000162,2025-05-08
163,Charles Chopra,CUST-0788,Knife Set,PROD-0025,68.52,1,TXN-000163,2025-12-14
164,Anjali Young,CUST-0590,Keyboard Mechanical,PROD-0007,97.82,2,TXN-000164,2024-09-17
165,Mason Anderson,CUST-0489,Gym Bag,PROD-0050,52.65,1,TXN-000165,2024-03-26
166,Patricia Walker,CUST-0291,Cookbook,PROD-0039,22.32,4,TXN-000166,2025-02-22
167,Joseph Taylor,CUST-0264,Hoodie,PROD-0013,50.64,1,TXN-000167,2024-01-08
168,Isabella Rao,CUST-0592,Web Development,PROD-0034,44.41,1,TXN-000168,2024-01-08
169,Kavita Thompson,CUST-0385,Dumbbells (Pair),PROD-0042,77.78,1,TXN-000169,2024-11-19
170,John Walker,CUST-0419,Non-Stick Pan,PROD-0024,32.73,1,TXN-000170,2025-03-12
171,Manoj Moore,CUST-0668,History of AI,PROD-0038,15.71,1,TXN-000171,2025-07-02
172,Michael Robinson,CUST-0434,Fiction Novel,PROD-0037,12.83,1,TXN-000172,2024-10-09
173,Oliver Young,CUST-0697,Water Bottle,PROD-0026,17.56,3,TXN-000173,2025-02-27
174,Amit Wright,CUST-0566,Self-Help Guide,PROD-0036,10.26,2,TXN-000174,2025-01-14
175,Amit Lopez,CUST-0573,Self-Help Guide,PROD-0036,10.26,2,TXN-000175,2024-11-10
176,Isabella Rao,CUST-0592,Toaster,PROD-0023,31.12,3,TXN-000176,2025-02-11
177,Sneha Lewis,CUST-0754,Laptop Stand,PROD-0009,59.55,4,TXN-000177,2025-11-06
178,Aanya Jackson,CUST-0122,Swimming Goggles,PROD-0048,16.81,1,TXN-000178,2025-12-17
179,Betty Rodriguez,CUST-0166,Keyboard Mechanical,PROD-0007,97.82,1,TXN-000179,2025-02-14
180,Rahul Verma,CUST-0347,Self-Help Guide,PROD-0036,10.26,2,TXN-000180,2025-12-01
181,Patricia Malhotra,CUST-0724,Portable Charger,PROD-0004,42.05,1,TXN-000181,2025-10-13
182,Aarav King,CUST-0006,Webcam HD,PROD-0006,72.22,3,TXN-000182,2025-04-27
183,Diya Davis,CUST-0615,Cutting Board,PROD-0028,11.96,1,TXN-000183,2024-09-26
184,Jennifer Singh,CUST-0228,Non-Stick Pan,PROD-0024,32.73,1,TXN-000184,2024-02-08
185,Kavita Martinez,CUST-0742,Knife Set,PROD-0025,68.52,4,TXN-000185,2025-02-14
186,Sai Garcia,CUST-0629,Dumbbells (Pair),PROD-0042,77.78,2,TXN-000186,2025-12-29
187,Divya Patel,CUST-0612,Portable Charger,PROD-0004,42.05,4,TXN-000187,2024-06-28
188,Reyansh Mehta,CUST-0656,Data Science Handbook,PROD-0032,42.44,2,TXN-000188,2024-07-25
189,Mia Rao,CUST-0673,Web Development,PROD-0034,44.41,1,TXN-000189,2024-02-04
190,Krishna Malhotra,CUST-0614,Machine Learning Guide,PROD-0033,42.63,2,TXN-000190,2024-08-25
191,Mary Patel,CUST-0630,Cotton T-Shirt,PROD-0011,30.65,2,TXN-000191,2025-01-03
192,Aanya Harris,CUST-0245,Dumbbells (Pair),PROD-0042,77.78,1,TXN-000192,2024-06-10
193,Rohit Miller,CUST-0089,Sports Socks (3-pack),PROD-0018,13.94,3,TXN-000193,2024-12-27
194,Amit Lee,CUST-0686,Water Bottle,PROD-0026,17.56,2,TXN-000194,2024-07-24
195,Deepak Menon,CUST-0531,Wireless Mouse,PROD-0001,45.68,3,TXN-000195,2024-03-11
196,Amit Clark,CUST-0093,Self-Help Guide,PROD-0036,10.26,1,TXN-000196,2025-07-26
197,Amit Rodriguez,CUST-0597,Toaster,PROD-0023,31.12,1,TXN-000197,2024-10-10
198,John Wright,CUST-0232,Cookbook,PROD-0039,22.32,5,TXN-000198,2025-04-10
199,Swati Gupta,CUST-0414,Fiction Novel,PROD-0037,12.83,1,TXN-000199,2024-06-28
200,Isabella Pillai,CUST-0417,Machine Learning Guide,PROD-0033,42.63,1,TXN-000200,2024-03-15
201,Lucas Smith,CUST-0516,Cap,PROD-0019,12.46,1,TXN-000201,2024-04-29
202,William Smith,CUST-0526,Casual Shorts,PROD-0017,29.07,4,TXN-000202,2025-08-11
203,Manoj Verma,CUST-0257,Football,PROD-0045,29.05,2,TXN-000203,2025-01-21
204,Ayaan Bhat,CUST-0577,Python Programming,PROD-0031,22.63,3,TXN-000204,2024-12-13
205,Aanya Nair,CUST-0795,Tea Kettle,PROD-0030,40.05,2,TXN-000205,2025-08-23
206,Neha Brown,CUST-0029,Python Programming,PROD-0031,22.63,1,TXN-000206,2024-03-10
207,Patricia Martin,CUST-0392,Yoga Mat,PROD-0041,42.7,3,TXN-000207,2024-08-13
208,Oliver Patel,CUST-0694,Football,PROD-0045,29.05,1,TXN-000208,2024-11-19
209,Arjun Shah,CUST-0423,Toaster,PROD-0023,31.12,2,TXN-000209,2024-01-10
210,Neha Iyer,CUST-0718,Casual Shorts,PROD-0017,29.07,1,TXN-000210,2024-04-05
211,Nisha Lopez,CUST-0409,Jump Rope,PROD-0044,18.67,3,TXN-000211,2024-12-16
212,Daniel Rao,CUST-0078,Self-Help Guide,PROD-0036,10.26,4,TXN-000212,2025-05-02
213,Aadhya Singh,CUST-0322,Toaster,PROD-0023,31.12,1,TXN-000213,2025-08-10
214,Sara Pillai,CUST-0276,Denim Jeans,PROD-0012,82.97,4,TXN-000214,2025-11-30
215,David Smith,CUST-0195,Data Science Handbook,PROD-0032,42.44,3,TXN-000215,2024-08-28
216,Sneha Lewis,CUST-0754,Winter Jacket,PROD-0016,125.83,4,TXN-000216,2024-07-30
217,Deepak Thompson,CUST-0235,Hoodie,PROD-0013,50.64,3,TXN-000217,2025-09-25
218,Oliver Lee,CUST-0365,External SSD 1TB,PROD-0010,77.83,3,TXN-000218,2024-05-02
219,Susan Lewis,CUST-0081,Jump Rope,PROD-0044,18.67,5,TXN-000219,2025-05-19
220,Sai Garcia,CUST-0629,Wireless Mouse,PROD-0001,45.68,3,TXN-000220,2025-07-08
221,Reyansh Lewis,CUST-0044,Python Programming,PROD-0031,22.63,1,TXN-000221,2024-11-18
222,Robert Singh,CUST-0505,Fiction Novel,PROD-0037,12.83,4,TXN-000222,2025-05-17
223,Rohit Robinson,CUST-0188,Cycling Gloves,PROD-0049,31.15,4,TXN-000223,2024-10-13
224,Priya Martinez,CUST-0408,Formal Shirt,PROD-0015,57.36,3,TXN-000224,2024-05-11
225,Deepak Garcia,CUST-0056,Web Development,PROD-0034,44.41,3,TXN-000225,2025-05-04
226,Robert Williams,CUST-0554,USB-C Hub,PROD-0003,61.28,2,TXN-000226,2025-02-07
227,Daniel Taylor,CUST-0703,Gym Bag,PROD-0050,52.65,1,TXN-000227,2024-05-03
228,Divya Hernandez,CUST-0716,Web Development,PROD-0034,44.41,2,TXN-000228,2025-12-06
229,Charles Moore,CUST-0009,Wireless Mouse,PROD-0001,45.68,2,TXN-000229,2025-01-23
230,Linda Malhotra,CUST-0595,Keyboard Mechanical,PROD-0007,97.82,1,TXN-000230,2025-09-19
231,Aanya Chopra,CUST-0266,Denim Jeans,PROD-0012,82.97,2,TXN-000231,2024-08-30
232,Sara Pillai,CUST-0276,Python Programming,PROD-0031,22.63,5,TXN-000232,2024-12-17
233,Nancy Pillai,CUST-0375,Denim Jeans,PROD-0012,82.97,2,TXN-000233,2024-08-03
234,Susan Davis,CUST-0430,Football,PROD-0045,29.05,3,TXN-000234,2025-01-08
235,Vikram Robinson,CUST-0411,Sports Socks (3-pack),PROD-0018,13.94,2,TXN-000235,2025-08-08
236,Mary Shah,CUST-0135,Fiction Novel,PROD-0037,12.83,2,TXN-000236,2024-04-12
237,Vivaan Anderson,CUST-0739,Sports Socks (3-pack),PROD-0018,13.94,3,TXN-000237,2025-07-22
238,Aanya Lewis,CUST-0443,Knife Set,PROD-0025,68.52,1,TXN-000238,2024-06-02
239,Ashley Harris,CUST-0485,Wireless Mouse,PROD-0001,45.68,1,TXN-000239,2025-05-26
240,Matthew Martin,CUST-0138,Yoga Mat,PROD-0041,42.7,2,TXN-000240,2024-11-19
241,Sai Rao,CUST-0499,Scarf,PROD-0020,33.28,1,TXN-000241,2025-08-04
242,Matthew Anderson,CUST-0049,Water Bottle,PROD-0026,17.56,1,TXN-000242,2024-06-16
243,Anthony Menon,CUST-0062,Running Shoes,PROD-0014,41.04,3,TXN-000243,2025-05-02
244,Donald Williams,CUST-0645,Keyboard Mechanical,PROD-0007,97.82,2,TXN-000244,2024-12-08
245,Anjali Gupta,CUST-0267,Non-Stick Pan,PROD-0024,32.73,1,TXN-000245,2025-07-24
246,Joseph Taylor,CUST-0264,Toaster,PROD-0023,31.12,1,TXN-000246,2024-05-04
247,Deepak Taylor,CUST-0360,Jump Rope,PROD-0044,18.67,5,TXN-000247,2024-07-22
248,Myra Sharma,CUST-0591,Fiction Novel,PROD-0037,12.83,2,TXN-000248,2025-07-05
249,Rahul Malhotra,CUST-0179,Gym Bag,PROD-0050,52.65,1,TXN-000249,2024-11-28
250,Ashley Jones,CUST-0690,Machine Learning Guide,PROD-0033,42.63,2,TXN-000250,2025-04-02
251,Susan Lewis,CUST-0081,Knife Set,PROD-0025,68.52,2,TXN-000251,2025-04-19
252,Nikhil Walker,CUST-0647,External SSD 1TB,PROD-0010,77.83,4,TXN-000252,2025-10-17
253,Ishaan Clark,CUST-0346,Storage Containers,PROD-0027,35.05,2,TXN-000253,2025-08-08
254,Rajesh Allen,CUST-0415,Smartwatch,PROD-0005,158.2,1,TXN-000254,2024-12-17
255,Aanya Clark,CUST-0234,Coffee Maker,PROD-0021,62.05,1,TXN-000255,2024-10-25
256,Mark Brown,CUST-0728,Sports Socks (3-pack),PROD-0018,13.94,2,TXN-000256,2025-02-08
257,Amit Kumar,CUST-0278,Dish Rack,PROD-0029,28.32,3,TXN-000257,2025-01-06
258,Arjun Moore,CUST-0766,History of AI,PROD-0038,15.71,2,TXN-000258,2025-04-06
259,Betty Shah,CUST-0424,Cotton T-Shirt,PROD-0011,30.65,1,TXN-000259,2024-01-24
260,Krishna Thomas,CUST-0129,Tennis Racket,PROD-0047,61.92,1,TXN-000260,2024-09-14
261,Priya Smith,CUST-0762,Football,PROD-0045,29.05,3,TXN-000261,2024-08-03
262,Richard Johnson,CUST-0171,Water Bottle,PROD-0026,17.56,1,TXN-000262,2024-03-06
263,Ashley Harris,CUST-0485,Self-Help Guide,PROD-0036,10.26,1,TXN-000263,2025-02-10
264,Myra Menon,CUST-0537,Cycling Gloves,PROD-0049,31.15,5,TXN-000264,2024-04-16
265,Rajesh Chopra,CUST-0269,Travel Guide,PROD-0040,22.38,1,TXN-000265,2025-11-01
266,Vihaan White,CUST-0400,Scarf,PROD-0020,33.28,1,TXN-000266,2024-10-17
267,Ashley Davis,CUST-0454,Yoga Mat,PROD-0041,42.7,1,TXN-000267,2025-06-23
268,Ashley Martinez,CUST-0175,Bluetooth Headphones,PROD-0002,92.28,1,TXN-000268,2024-12-31
269,Krishna Walker,CUST-0334,Python Programming,PROD-0031,22.63,2,TXN-000269,2025-07-07
270,Rohit Wright,CUST-0279,Self-Help Guide,PROD-0036,10.26,2,TXN-000270,2025-12-15
271,Lucas Jones,CUST-0553,Denim Jeans,PROD-0012,82.97,2,TXN-000271,2025-04-12
272,Nikhil Walker,CUST-0647,Swimming Goggles,PROD-0048,16.81,2,TXN-000272,2025-07-31
273,Anjali Young,CUST-0446,Web Development,PROD-0034,44.41,2,TXN-000273,2025-06-30
274,Pari Gupta,CUST-0318,Toaster,PROD-0023,31.12,2,TXN-000274,2024-08-20
275,Lisa Rodriguez,CUST-0092,Dish Rack,PROD-0029,28.32,1,TXN-000275,2025-02-26
276,Anjali Gupta,CUST-0267,External SSD 1TB,PROD-0010,77.83,1,TXN-000276,2024-01-01
277,Susan King,CUST-0536,Cycling Gloves,PROD-0049,31.15,3,TXN-000277,2024-12-18
278,Richard Wright,CUST-0294,Python Programming,PROD-0031,22.63,2,TXN-000278,2025-12-05
279,John Jones,CUST-0504,Cycling Gloves,PROD-0049,31.15,2,TXN-000279,2024-01-10
280,John Pillai,CUST-0785,Cutting Board,PROD-0028,11.96,3,TXN-000280,2025-09-03
281,Krishna Anderson,CUST-0237,Wireless Mouse,PROD-0001,45.68,2,TXN-000281,2024-07-12
282,Ayaan Wright,CUST-0422,Self-Help Guide,PROD-0036,10.26,2,TXN-000282,2024-09-12
283,Sophia Thompson,CUST-0168,Basketball,PROD-0046,39.63,3,TXN-000283,2025-02-03
284,Susan Brown,CUST-0388,Formal Shirt,PROD-0015,57.36,1,TXN-000284,2025-03-08
285,Isha Pillai,CUST-0641,Winter Jacket,PROD-0016,125.83,2,TXN-000285,2025-09-19
286,Mark Jackson,CUST-0711,Jump Rope,PROD-0044,18.67,1,TXN-000286,2025-10-26
287,James Walker,CUST-0761,Business Strategy,PROD-0035,33.11,3,TXN-000287,2025-02-26
288,Neha Kumar,CUST-0193,Smartwatch,PROD-0005,158.2,1,TXN-000288,2024-10-23
289,Lisa Nair,CUST-0114,Yoga Mat,PROD-0041,42.7,2,TXN-000289,2025-04-08
290,Rohit Wright,CUST-0279,Football,PROD-0045,29.05,2,TXN-000290,2024-07-11
291,Sai Lee,CUST-0329,Bluetooth Headphones,PROD-0002,92.28,1,TXN-000291,2025-07-01
292,Joseph White,CUST-0023,Denim Jeans,PROD-0012,82.97,5,TXN-000292,2024-10-15
293,Sara Pillai,CUST-0276,Laptop Stand,PROD-0009,59.55,3,TXN-000293,2024-01-09
294,Mark Malhotra,CUST-0239,Webcam HD,PROD-0006,72.22,1,TXN-000294,2025-05-20
295,Betty Reddy,CUST-0223,Blender,PROD-0022,46.5,2,TXN-000295,2025-05-25
296,Reyansh Chopra,CUST-0381,Tea Kettle,PROD-0030,40.05,2,TXN-000296,2024-02-02
297,Thomas Jones,CUST-0339,Webcam HD,PROD-0006,72.22,3,TXN-000297,2024-05-29
298,Liam Jackson,CUST-0058,Sports Socks (3-pack),PROD-0018,13.94,3,TXN-000298,2024-03-14
299,Linda Robinson,CUST-0557,Python Programming,PROD-0031,22.63,1,TXN-000299,2024-09-13
300,Mason Reddy,CUST-0391,Wireless Mouse,PROD-0001,45.68,1,TXN-000300,2024-09-11
301,Neha White,CUST-0395,Gym Bag,PROD-0050,52.65,5,TXN-000301,2024-09-10
302,Linda Menon,CUST-0756,USB-C Hub,PROD-0003,61.28,1,TXN-000302,2024-04-06
303,Donald White,CUST-0534,Resistance Bands,PROD-0043,22.74,5,TXN-000303,2025-04-29
304,Aanya Miller,CUST-0399,Jump Rope,PROD-0044,18.67,5,TXN-000304,2024-11-26
305,Ishaan Singh,CUST-0163,Yoga Mat,PROD-0041,42.7,3,TXN-000305,2025-07-16
306,Donald White,CUST-0534,Monitor Stand,PROD-0008,53.18,1,TXN-000306,2025-10-15
307,Thomas Gupta,CUST-0306,Hoodie,PROD-0013,50.64,1,TXN-000307,2024-02-23
308,Arjun Shah,CUST-0683,Running Shoes,PROD-0014,41.04,5,TXN-000308,2024-08-29
309,Reyansh Lewis,CUST-0649,Cutting Board,PROD-0028,11.96,1,TXN-000309,2024-06-20
310,Noah Harris,CUST-0283,History of AI,PROD-0038,15.71,1,TXN-000310,2024-09-05
311,Swati Lee,CUST-0010,USB-C Hub,PROD-0003,61.28,2,TXN-000311,2025-12-08
312,Meena Kumar,CUST-0487,Football,PROD-0045,29.05,2,TXN-000312,2025-01-15
313,James Davis,CUST-0790,Webcam HD,PROD-0006,72.22,1,TXN-000313,2025-05-26
314,Charlotte Johnson,CUST-0094,Jump Rope,PROD-0044,18.67,2,TXN-000314,2025-10-02
315,Anthony Menon,CUST-0062,Portable Charger,PROD-0004,42.05,1,TXN-000315,2024-06-06
316,Sara Jackson,CUST-0719,Business Strategy,PROD-0035,33.11,3,TXN-000316,2024-05-08
317,Sai Kumar,CUST-0500,Formal Shirt,PROD-0015,57.36,1,TXN-000317,2025-07-25
318,Nancy Singh,CUST-0661,Cycling Gloves,PROD-0049,31.15,1,TXN-000318,2025-03-25
319,Suresh Lewis,CUST-0751,Hoodie,PROD-0013,50.64,1,TXN-000319,2025-01-21
320,Nikhil Mehta,CUST-0367,Tennis Racket,PROD-0047,61.92,1,TXN-000320,2024-02-10
321,Daniel Singh,CUST-0497,Basketball,PROD-0046,39.63,2,TXN-000321,2024-10-28
322,James Reddy,CUST-0556,Football,PROD-0045,29.05,2,TXN-000322,2025-08-03
323,Sandra Martinez,CUST-0192,Business Strategy,PROD-0035,33.11,1,TXN-000323,2025-04-24
324,Betty Martinez,CUST-0282,Cookbook,PROD-0039,22.32,4,TXN-000324,2025-07-21
325,Nikhil Robinson,CUST-0165,Smartwatch,PROD-0005,158.2,2,TXN-000325,2025-04-05
326,Myra Thomas,CUST-0303,Casual Shorts,PROD-0017,29.07,2,TXN-000326,2025-04-09
327,Aanya Verma,CUST-0001,Gym Bag,PROD-0050,52.65,2,TXN-000327,2025-01-23
328,Anthony Malhotra,CUST-0752,Denim Jeans,PROD-0012,82.97,4,TXN-000328,2025-09-26
329,Nisha Harris,CUST-0373,Gym Bag,PROD-0050,52.65,2,TXN-000329,2024-11-24
330,Vivaan Anderson,CUST-0739,Smartwatch,PROD-0005,158.2,2,TXN-000330,2025-07-05
331,Isabella Johnson,CUST-0397,Hoodie,PROD-0013,50.64,2,TXN-000331,2025-05-24
332,John Pillai,CUST-0785,Self-Help Guide,PROD-0036,10.26,1,TXN-000332,2024-10-16
333,Sara Wright,CUST-0331,Storage Containers,PROD-0027,35.05,2,TXN-000333,2024-04-23
334,Suresh Shah,CUST-0099,Web Development,PROD-0034,44.41,2,TXN-000334,2024-02-14
335,Sunita Patel,CUST-0133,Denim Jeans,PROD-0012,82.97,4,TXN-000335,2024-07-25
336,Sophia Jones,CUST-0110,Data Science Handbook,PROD-0032,42.44,1,TXN-000336,2024-02-02
337,Noah Taylor,CUST-0585,Dumbbells (Pair),PROD-0042,77.78,3,TXN-000337,2025-11-04
338,Riya King,CUST-0502,Web Development,PROD-0034,44.41,2,TXN-000338,2025-08-27
339,Reyansh Lewis,CUST-0263,Portable Charger,PROD-0004,42.05,1,TXN-000339,2025-09-12
340,Diya Chopra,CUST-0736,Smartwatch,PROD-0005,158.2,1,TXN-000340,2024-08-01
341,Priya Taylor,CUST-0672,Data Science Handbook,PROD-0032,42.44,4,TXN-000341,2024-03-22
342,Riya Verma,CUST-0480,Yoga Mat,PROD-0041,42.7,1,TXN-000342,2025-07-25
343,Priya Smith,CUST-0762,Storage Containers,PROD-0027,35.05,3,TXN-000343,2025-12-26
344,Nikhil Martinez,CUST-0060,Travel Guide,PROD-0040,22.38,1,TXN-000344,2024-02-11
345,Anthony Malhotra,CUST-0752,Smartwatch,PROD-0005,158.2,3,TXN-000345,2024-03-20
346,Richard Reddy,CUST-0222,Web Development,PROD-0034,44.41,1,TXN-000346,2024-08-24
347,Sara Lewis,CUST-0545,Knife Set,PROD-0025,68.52,1,TXN-000347,2025-06-22
348,Mia Rao,CUST-0673,Winter Jacket,PROD-0016,125.83,2,TXN-000348,2024-07-02
349,Isabella Robinson,CUST-0572,Swimming Goggles,PROD-0048,16.81,2,TXN-000349,2024-04-18
350,John Pillai,CUST-0785,Yoga Mat,PROD-0041,42.7,2,TXN-000350,2025-11-21
351,Vikram Johnson,CUST-0470,Football,PROD-0045,29.05,2,TXN-000351,2024-04-16
352,Richard Johnson,CUST-0171,Denim Jeans,PROD-0012,82.97,2,TXN-000352,2025-05-31
353,Ishaan Clark,CUST-0346,Resistance Bands,PROD-0043,22.74,1,TXN-000353,2025-09-06
354,Ashley Davis,CUST-0454,Toaster,PROD-0023,31.12,4,TXN-000354,2025-07-17
355,Lisa Robinson,CUST-0333,Non-Stick Pan,PROD-0024,32.73,2,TXN-000355,2025-10-10
356,Aanya Singh,CUST-0441,Tennis Racket,PROD-0047,61.92,1,TXN-000356,2024-09-03
357,Ayaan Bhat,CUST-0577,Business Strategy,PROD-0035,33.11,1,TXN-000357,2025-07-17
358,Vikram King,CUST-0763,Casual Shorts,PROD-0017,29.07,1,TXN-000358,2025-04-08
359,Susan Rodriguez,CUST-0459,Water Bottle,PROD-0026,17.56,1,TXN-000359,2024-02-05
360,Sai Pillai,CUST-0292,Cookbook,PROD-0039,22.32,1,TXN-000360,2024-05-18
361,David Thomas,CUST-0310,Wireless Mouse,PROD-0001,45.68,1,TXN-000361,2024-08-15
362,Meena Anderson,CUST-0220,Coffee Maker,PROD-0021,62.05,1,TXN-000362,2025-12-07
363,Noah Harris,CUST-0283,Self-Help Guide,PROD-0036,10.26,2,TXN-000363,2025-08-07
364,Charles Verma,CUST-0586,External SSD 1TB,PROD-0010,77.83,1,TXN-000364,2025-04-16
365,Oliver Lee,CUST-0365,External SSD 1TB,PROD-0010,77.83,1,TXN-000365,2025-01-10
366,Amit Rodriguez,CUST-0597,Winter Jacket,PROD-0016,125.83,1,TXN-000366,2024-11-03
367,Suresh Desai,CUST-0095,Fiction Novel,PROD-0037,12.83,1,TXN-000367,2024-08-10
368,Anthony Malhotra,CUST-0752,Smartwatch,PROD-0005,158.2,3,TXN-000368,2025-05-09
369,Matthew Reddy,CUST-0178,Data Science Handbook,PROD-0032,42.44,3,TXN-000369,2025-12-07
370,Richard Menon,CUST-0720,Fiction Novel,PROD-0037,12.83,3,TXN-000370,2024-04-07
371,Anthony Wright,CUST-0610,Dumbbells (Pair),PROD-0042,77.78,1,TXN-000371,2025-08-13
372,Mason Reddy,CUST-0391,Webcam HD,PROD-0006,72.22,3,TXN-000372,2024-12-08
373,James Clark,CUST-0357,Cutting Board,PROD-0028,11.96,2,TXN-000373,2024-05-03
374,Priya Gupta,CUST-0789,Formal Shirt,PROD-0015,57.36,3,TXN-000374,2025-09-08
375,Myra Jones,CUST-0012,Yoga Mat,PROD-0041,42.7,3,TXN-000375,2025-01-26
376,Deepak Garcia,CUST-0056,Scarf,PROD-0020,33.28,2,TXN-000376,2024-11-22
377,Lucas Jones,CUST-0553,Fiction Novel,PROD-0037,12.83,1,TXN-000377,2025-05-29
378,Diya Jones,CUST-0715,Formal Shirt,PROD-0015,57.36,1,TXN-000378,2025-11-20
379,Arjun Thompson,CUST-0750,Water Bottle,PROD-0026,17.56,5,TXN-000379,2025-09-01
380,Anjali Young,CUST-0590,Machine Learning Guide,PROD-0033,42.63,1,TXN-000380,2025-03-18
381,Ananya Thompson,CUST-0297,Water Bottle,PROD-0026,17.56,1,TXN-000381,2024-12-10
382,Sai Walker,CUST-0085,Python Programming,PROD-0031,22.63,2,TXN-000382,2024-02-20
383,Rohit Jones,CUST-0562,Water Bottle,PROD-0026,17.56,1,TXN-000383,2025-02-12
384,Karen Martin,CUST-0514,Cutting Board,PROD-0028,11.96,3,TXN-000384,2024-05-13
385,Margaret Young,CUST-0781,Laptop Stand,PROD-0009,59.55,2,TXN-000385,2024-07-21
386,Sai Kumar,CUST-0500,Water Bottle,PROD-0026,17.56,2,TXN-000386,2024-07-19
387,Donald Mehta,CUST-0575,Travel Guide,PROD-0040,22.38,5,TXN-000387,2025-06-20
388,Anthony Kulkarni,CUST-0253,Winter Jacket,PROD-0016,125.83,1,TXN-000388,2025-03-16
389,Jennifer Moore,CUST-0332,Jump Rope,PROD-0044,18.67,4,TXN-000389,2024-04-01
390,Pari Martinez,CUST-0116,Resistance Bands,PROD-0043,22.74,2,TXN-000390,2025-01-09
391,James Clark,CUST-0357,Hoodie,PROD-0013,50.64,1,TXN-000391,2025-08-31
392,Priya Taylor,CUST-0672,Bluetooth Headphones,PROD-0002,92.28,3,TXN-000392,2024-06-22
393,Margaret Rao,CUST-0359,Travel Guide,PROD-0040,22.38,3,TXN-000393,2025-03-28
394,Ananya Thompson,CUST-0639,External SSD 1TB,PROD-0010,77.83,2,TXN-000394,2024-08-27
395,Robert Thompson,CUST-0205,Jump Rope,PROD-0044,18.67,1,TXN-000395,2024-03-28
396,Pari Martinez,CUST-0116,Swimming Goggles,PROD-0048,16.81,1,TXN-000396,2025-09-27
397,Reyansh Iyer,CUST-0152,Cap,PROD-0019,12.46,1,TXN-000397,2025-12-11
398,Lisa Nair,CUST-0114,Scarf,PROD-0020,33.28,2,TXN-000398,2024-01-24
399,Betty Brown,CUST-0340,Running Shoes,PROD-0014,41.04,3,TXN-000399,2024-08-04
400,Reyansh White,CUST-0209,Business Strategy,PROD-0035,33.11,2,TXN-000400,2024-09-21
401,Rohit Jones,CUST-0562,Python Programming,PROD-0031,22.63,2,TXN-000401,2024-05-24
402,Priya Mehta,CUST-0712,Football,PROD-0045,29.05,2,TXN-000402,2025-01-20
403,Amit Rodriguez,CUST-0597,Resistance Bands,PROD-0043,22.74,2,TXN-000403,2024-09-18
404,Ashley Martinez,CUST-0175,Portable Charger,PROD-0004,42.05,1,TXN-000404,2025-12-14
405,Ashley King,CUST-0633,Sports Socks (3-pack),PROD-0018,13.94,1,TXN-000405,2025-11-01
406,Charles Moore,CUST-0009,Smartwatch,PROD-0005,158.2,1,TXN-000406,2024-10-04
407,Matthew Harris,CUST-0679,Resistance Bands,PROD-0043,22.74,1,TXN-000407,2024-04-20
408,Donald Menon,CUST-0020,Cap,PROD-0019,12.46,4,TXN-000408,2025-10-26
409,James Mehta,CUST-0396,Formal Shirt,PROD-0015,57.36,5,TXN-000409,2025-06-04
410,Rohit Rodriguez,CUST-0727,Keyboard Mechanical,PROD-0007,97.82,4,TXN-000410,2025-05-11
411,Divya Patel,CUST-0612,Business Strategy,PROD-0035,33.11,1,TXN-000411,2024-07-22
412,Manoj Joshi,CUST-0513,Tea Kettle,PROD-0030,40.05,2,TXN-000412,2025-12-30
413,Joseph White,CUST-0023,USB-C Hub,PROD-0003,61.28,1,TXN-000413,2025-06-26
414,Ananya King,CUST-0313,Blender,PROD-0022,46.5,2,TXN-000414,2024-06-09
415,Riya Menon,CUST-0019,Toaster,PROD-0023,31.12,2,TXN-000415,2024-12-29
416,Isha Pillai,CUST-0641,Scarf,PROD-0020,33.28,1,TXN-000416,2025-05-28
417,Noah Harris,CUST-0283,Portable Charger,PROD-0004,42.05,2,TXN-000417,2025-01-31
418,Michael Malhotra,CUST-0031,Self-Help Guide,PROD-0036,10.26,4,TXN-000418,2024-08-18
419,Ayaan Lopez,CUST-0156,Blender,PROD-0022,46.5,4,TXN-000419,2025-11-03
420,Linda Anderson,CUST-0141,Webcam HD,PROD-0006,72.22,3,TXN-000420,2025-06-17
421,Vihaan Davis,CUST-0695,Travel Guide,PROD-0040,22.38,4,TXN-000421,2025-12-03
422,Riya Nair,CUST-0233,Storage Containers,PROD-0027,35.05,1,TXN-000422,2024-06-05
423,Suresh Rao,CUST-0437,Scarf,PROD-0020,33.28,4,TXN-000423,2024-12-03
424,Pari Thomas,CUST-0460,Business Strategy,PROD-0035,33.11,1,TXN-000424,2025-10-30
425,Oliver Johnson,CUST-0142,History of AI,PROD-0038,15.71,2,TXN-000425,2024-07-26
426,Oliver Johnson,CUST-0142,Scarf,PROD-0020,33.28,2,TXN-000426,2025-06-20
427,Matthew Rodriguez,CUST-0139,Cutting Board,PROD-0028,11.96,5,TXN-000427,2024-05-28
428,Priya Taylor,CUST-0672,Fiction Novel,PROD-0037,12.83,4,TXN-000428,2024-11-21
429,Nisha Mehta,CUST-0070,Self-Help Guide,PROD-0036,10.26,2,TXN-000429,2024-05-01
430,Richard Gupta,CUST-0189,Coffee Maker,PROD-0021,62.05,3,TXN-000430,2024-05-29
431,Sara Anderson,CUST-0745,Bluetooth Headphones,PROD-0002,92.28,3,TXN-000431,2025-02-27
432,Ayaan Wright,CUST-0422,Scarf,PROD-0020,33.28,2,TXN-000432,2025-10-14
433,Daniel Singh,CUST-0757,Sports Socks (3-pack),PROD-0018,13.94,1,TXN-000433,2024-07-11
434,Sophia Jones,CUST-0110,Laptop Stand,PROD-0009,59.55,1,TXN-000434,2025-09-18
435,Sunita Martinez,CUST-0632,Sports Socks (3-pack),PROD-0018,13.94,2,TXN-000435,2025-09-19
436,Krishna Anderson,CUST-0237,Cookbook,PROD-0039,22.32,1,TXN-000436,2025-12-04
437,Aarav Young,CUST-0027,Toaster,PROD-0023,31.12,1,TXN-000437,2025-05-03
438,Matthew Martin,CUST-0138,Machine Learning Guide,PROD-0033,42.63,3,TXN-000438,2025-04-25
439,Noah Verma,CUST-0730,Dumbbells (Pair),PROD-0042,77.78,1,TXN-000439,2025-01-31
440,John Jones,CUST-0504,Python Programming,PROD-0031,22.63,1,TXN-000440,2024-07-16
441,John Wright,CUST-0232,USB-C Hub,PROD-0003,61.28,2,TXN-000441,2024-01-16
442,Ananya Garcia,CUST-0277,Storage Containers,PROD-0027,35.05,1,TXN-000442,2025-11-18
443,Swati Verma,CUST-0208,Cycling Gloves,PROD-0049,31.15,1,TXN-000443,2024-06-30
444,Jessica Brown,CUST-0450,Travel Guide,PROD-0040,22.38,2,TXN-000444,2024-11-28
445,Emma Hernandez,CUST-0469,Winter Jacket,PROD-0016,125.83,2,TXN-000445,2024-02-12
446,Sara Jackson,CUST-0623,Swimming Goggles,PROD-0048,16.81,3,TXN-000446,2024-11-16
447,Thomas Smith,CUST-0404,Travel Guide,PROD-0040,22.38,4,TXN-000447,2025-08-08
448,Sai Singh,CUST-0609,Business Strategy,PROD-0035,33.11,2,TXN-000448,2025-12-22
449,Margaret Pillai,CUST-0040,Web Development,PROD-0034,44.41,1,TXN-000449,2025-04-12
450,Reyansh Lewis,CUST-0044,Winter Jacket,PROD-0016,125.83,2,TXN-000450,2025-02-09
451,Myra Anderson,CUST-0753,USB-C Hub,PROD-0003,61.28,2,TXN-000451,2025-06-12
452,Sai Martin,CUST-0784,Yoga Mat,PROD-0041,42.7,5,TXN-000452,2024-07-13
453,David Harris,CUST-0299,Dish Rack,PROD-0029,28.32,1,TXN-000453,2024-11-07
454,Sneha Reddy,CUST-0793,Cap,PROD-0019,12.46,2,TXN-000454,2025-03-08
455,Rohit Rao,CUST-0302,Travel Guide,PROD-0040,22.38,4,TXN-000455,2025-12-07
456,Krishna Miller,CUST-0530,External SSD 1TB,PROD-0010,77.83,2,TXN-000456,2025-10-23
457,Suresh Miller,CUST-0463,Webcam HD,PROD-0006,72.22,3,TXN-000457,2024-04-25
458,Manoj Sharma,CUST-0185,Gym Bag,PROD-0050,52.65,2,TXN-000458,2025-12-13
459,Matthew Chopra,CUST-0560,Laptop Stand,PROD-0009,59.55,1,TXN-000459,2024-11-27
460,Mary Pillai,CUST-0462,Bluetooth Headphones,PROD-0002,92.28,1,TXN-000460,2025-08-27
461,Noah Verma,CUST-0730,Hoodie,PROD-0013,50.64,4,TXN-000461,2024-04-02
462,Manoj Verma,CUST-0257,Coffee Maker,PROD-0021,62.05,2,TXN-000462,2025-12-29
463,Sophia Thompson,CUST-0168,Basketball,PROD-0046,39.63,3,TXN-000463,2024-04-03
464,Mary Kulkarni,CUST-0117,Basketball,PROD-0046,39.63,2,TXN-000464,2025-01-06
465,Richard Smith,CUST-0088,Web Development,PROD-0034,44.41,3,TXN-000465,2025-06-07
466,James Bhat,CUST-0627,Cotton T-Shirt,PROD-0011,30.65,1,TXN-000466,2025-01-24
467,Patricia Joshi,CUST-0045,Gym Bag,PROD-0050,52.65,1,TXN-000467,2024-12-09
468,Diya Garcia,CUST-0580,Resistance Bands,PROD-0043,22.74,4,TXN-000468,2024-06-15
469,Sara Sharma,CUST-0149,Denim Jeans,PROD-0012,82.97,3,TXN-000469,2024-02-22
470,Susan Davis,CUST-0430,Scarf,PROD-0020,33.28,1,TXN-000470,2025-04-01
471,Elizabeth Chopra,CUST-0296,Yoga Mat,PROD-0041,42.7,1,TXN-000471,2024-05-14
472,Swati Verma,CUST-0208,Wireless Mouse,PROD-0001,45.68,2,TXN-000472,2024-09-16
473,Rahul Brown,CUST-0013,Tea Kettle,PROD-0030,40.05,2,TXN-000473,2025-05-25
474,Linda Robinson,CUST-0557,Wireless Mouse,PROD-0001,45.68,2,TXN-000474,2025-05-20
475,Anthony White,CUST-0244,Running Shoes,PROD-0014,41.04,2,TXN-000475,2025-05-02
476,Reyansh Williams,CUST-0465,Storage Containers,PROD-0027,35.05,2,TXN-000476,2025-09-07
477,Diya Davis,CUST-0615,Wireless Mouse,PROD-0001,45.68,1,TXN-000477,2025-07-14
478,Nikhil Bhat,CUST-0285,Travel Guide,PROD-0040,22.38,2,TXN-000478,2024-07-31
479,Karan Davis,CUST-0051,Denim Jeans,PROD-0012,82.97,1,TXN-000479,2025-10-30
480,Swati Malhotra,CUST-0358,USB-C Hub,PROD-0003,61.28,1,TXN-000480,2024-02-03
481,Suresh Lee,CUST-0684,Fiction Novel,PROD-0037,12.83,3,TXN-000481,2024-11-01
482,Betty Brown,CUST-0340,Webcam HD,PROD-0006,72.22,1,TXN-000482,2025-03-02
483,Riya Jones,CUST-0183,Cotton T-Shirt,PROD-0011,30.65,2,TXN-000483,2025-09-17
484,Linda Walker,CUST-0677,Football,PROD-0045,29.05,2,TXN-000484,2025-08-09
485,Manoj Thomas,CUST-0576,Denim Jeans,PROD-0012,82.97,5,TXN-000485,2025-08-15
486,Oliver Bhat,CUST-0369,USB-C Hub,PROD-0003,61.28,1,TXN-000486,2024-11-02
487,Sara Wright,CUST-0331,Non-Stick Pan,PROD-0024,32.73,4,TXN-000487,2024-03-10
488,Aanya Miller,CUST-0777,Cutting Board,PROD-0028,11.96,3,TXN-000488,2024-03-07
489,Sandra Patel,CUST-0300,Python Programming,PROD-0031,22.63,1,TXN-000489,2025-12-12
490,Betty Martinez,CUST-0282,Blender,PROD-0022,46.5,2,TXN-000490,2025-06-21
491,Rajesh Anderson,CUST-0215,Football,PROD-0045,29.05,1,TXN-000491,2024-02-29
492,Suresh Taylor,CUST-0112,Fiction Novel,PROD-0037,12.83,3,TXN-000492,2025-10-06
493,Charles Kulkarni,CUST-0542,Webcam HD,PROD-0006,72.22,2,TXN-000493,2025-12-06
494,Manoj Hernandez,CUST-0620,Basketball,PROD-0046,39.63,1,TXN-000494,2025-09-15
495,Riya Chopra,CUST-0325,Casual Shorts,PROD-0017,29.07,2,TXN-000495,2025-09-30
496,Richard Jackson,CUST-0363,Laptop Stand,PROD-0009,59.55,2,TXN-000496,2025-05-23
497,Donald Thomas,CUST-0533,Tennis Racket,PROD-0047,61.92,2,TXN-000497,2025-05-19
498,Manoj Sharma,CUST-0185,Travel Guide,PROD-0040,22.38,1,TXN-000498,2024-10-24
499,Swati Williams,CUST-0199,Wireless Mouse,PROD-0001,45.68,1,TXN-000499,2025-04-21
500,Isha Pillai,CUST-0641,Monitor Stand,PROD-0008,53.18,3,TXN-000500,2024-07-31
501,Pooja Chopra,CUST-0631,Storage Containers,PROD-0027,35.05,2,TXN-000501,2024-12-07
502,Margaret Rao,CUST-0359,Self-Help Guide,PROD-0036,10.26,3,TXN-000502,2024-08-05
503,Myra Jones,CUST-0012,Yoga Mat,PROD-0041,42.7,1,TXN-000503,2024-10-15
504,Rahul Brown,CUST-0261,Smartwatch,PROD-0005,158.2,1,TXN-000504,2025-06-02
505,Matthew Mehta,CUST-0564,Coffee Maker,PROD-0021,62.05,3,TXN-000505,2024-04-26
506,Daniel Taylor,CUST-0703,Blender,PROD-0022,46.5,1,TXN-000506,2025-08-05
507,Pooja Chopra,CUST-0631,Bluetooth Headphones,PROD-0002,92.28,3,TXN-000507,2024-07-17
508,Thomas Jones,CUST-0339,Blender,PROD-0022,46.5,4,TXN-000508,2025-05-05
509,Reyansh King,CUST-0486,USB-C Hub,PROD-0003,61.28,2,TXN-000509,2025-05-08
510,Karan Robinson,CUST-0160,Yoga Mat,PROD-0041,42.7,2,TXN-000510,2025-07-03
511,Amit Robinson,CUST-0344,Tea Kettle,PROD-0030,40.05,3,TXN-000511,2025-02-27
512,James Walker,CUST-0761,Portable Charger,PROD-0004,42.05,3,TXN-000512,2024-11-02
513,Manoj Lee,CUST-0579,Tennis Racket,PROD-0047,61.92,2,TXN-000513,2025-07-22
514,Isabella Davis,CUST-0549,Bluetooth Headphones,PROD-0002,92.28,1,TXN-000514,2025-12-02
515,Betty Brown,CUST-0340,Toaster,PROD-0023,31.12,1,TXN-000515,2024-06-01
516,Anthony Jones,CUST-0288,Bluetooth Headphones,PROD-0002,92.28,1,TXN-000516,2025-01-19
517,Mary Smith,CUST-0642,Business Strategy,PROD-0035,33.11,3,TXN-000517,2025-08-07
518,Ishaan Taylor,CUST-0621,Knife Set,PROD-0025,68.52,1,TXN-000518,2024-04-29
519,Sai Malhotra,CUST-0770,Scarf,PROD-0020,33.28,3,TXN-000519,2024-11-18
520,Rohit Rodriguez,CUST-0727,USB-C Hub,PROD-0003,61.28,1,TXN-000520,2024-03-29
521,Liam Clark,CUST-0509,Winter Jacket,PROD-0016,125.83,1,TXN-000521,2024-11-05
522,Richard Reddy,CUST-0222,Web Development,PROD-0034,44.41,1,TXN-000522,2024-04-24
523,Aditya Patel,CUST-0384,USB-C Hub,PROD-0003,61.28,3,TXN-000523,2024-04-04
524,Sunita Martinez,CUST-0455,Machine Learning Guide,PROD-0033,42.63,1,TXN-000524,2025-05-09
525,Manoj Joshi,CUST-0513,External SSD 1TB,PROD-0010,77.83,1,TXN-000525,2025-05-10
526,Suresh Lewis,CUST-0751,Web Development,PROD-0034,44.41,1,TXN-000526,2024-12-01
527,Nikhil Sharma,CUST-0147,Gym Bag,PROD-0050,52.65,4,TXN-000527,2025-06-12
528,Patricia Mehta,CUST-0693,Laptop Stand,PROD-0009,59.55,1,TXN-000528,2024-02-07
529,Donald Young,CUST-0471,Knife Set,PROD-0025,68.52,3,TXN-000529,2025-06-18
530,Aditya Allen,CUST-0119,Wireless Mouse,PROD-0001,45.68,1,TXN-000530,2024-02-15
531,Elizabeth Shah,CUST-0704,Cookbook,PROD-0039,22.32,4,TXN-000531,2024-12-07
532,James Miller,CUST-0479,USB-C Hub,PROD-0003,61.28,1,TXN-000532,2025-11-05
533,Matthew King,CUST-0764,Scarf,PROD-0020,33.28,1,TXN-000533,2024-11-15
534,Isha Patel,CUST-0655,Running Shoes,PROD-0014,41.04,1,TXN-000534,2024-07-16
535,Richard Wright,CUST-0294,Sports Socks (3-pack),PROD-0018,13.94,2,TXN-000535,2025-03-27
536,Sara Young,CUST-0688,Monitor Stand,PROD-0008,53.18,1,TXN-000536,2024-06-10
537,Priya White,CUST-0281,Monitor Stand,PROD-0008,53.18,1,TXN-000537,2025-09-29
538,Ayaan Jackson,CUST-0574,Machine Learning Guide,PROD-0033,42.63,1,TXN-000538,2025-07-09
539,Margaret Rao,CUST-0359,Self-Help Guide,PROD-0036,10.26,1,TXN-000539,2024-05-24
540,Charlotte White,CUST-0722,Cap,PROD-0019,12.46,2,TXN-000540,2024-06-24
541,Sarah Nair,CUST-0073,Scarf,PROD-0020,33.28,2,TXN-000541,2024-12-12
542,Robert Williams,CUST-0554,Dish Rack,PROD-0029,28.32,1,TXN-000542,2024-01-30
543,Patricia Menon,CUST-0483,Jump Rope,PROD-0044,18.67,1,TXN-000543,2025-01-27
544,Deepak Garcia,CUST-0056,Webcam HD,PROD-0006,72.22,2,TXN-000544,2024-07-02
545,Charlotte White,CUST-0722,Cookbook,PROD-0039,22.32,4,TXN-000545,2025-10-06
546,Myra Patel,CUST-0707,Football,PROD-0045,29.05,2,TXN-000546,2024-12-30
547,Rajesh Kulkarni,CUST-0320,Blender,PROD-0022,46.5,3,TXN-000547,2025-12-31
548,Aanya Miller,CUST-0777,Resistance Bands,PROD-0043,22.74,3,TXN-000548,2024-03-21
549,Aditya Thompson,CUST-0774,Cycling Gloves,PROD-0049,31.15,2,TXN-000549,2024-05-14
550,Daniel Lopez,CUST-0096,Football,PROD-0045,29.05,2,TXN-000550,2025-04-11
551,Pari Gupta,CUST-0318,Jump Rope,PROD-0044,18.67,2,TXN-000551,2025-04-21
552,David Jackson,CUST-0482,Formal Shirt,PROD-0015,57.36,4,TXN-000552,2024-05-27
553,Sunita Martinez,CUST-0632,Casual Shorts,PROD-0017,29.07,4,TXN-000553,2025-02-05
554,Rohit Robinson,CUST-0188,Football,PROD-0045,29.05,4,TXN-000554,2024-12-04
555,Lisa Robinson,CUST-0333,Tea Kettle,PROD-0030,40.05,2,TXN-000555,2024-03-07
556,Meena Kumar,CUST-0487,Monitor Stand,PROD-0008,53.18,1,TXN-000556,2025-04-17
557,Ashley Martinez,CUST-0175,Cap,PROD-0019,12.46,3,TXN-000557,2025-09-10
558,Linda Clark,CUST-0589,Laptop Stand,PROD-0009,59.55,2,TXN-000558,2025-02-19
559,Pooja Bhat,CUST-0732,Keyboard Mechanical,PROD-0007,97.82,1,TXN-000559,2025-10-27
560,Sarah Nair,CUST-0073,Scarf,PROD-0020,33.28,2,TXN-000560,2025-02-14
561,Betty Lee,CUST-0605,Storage Containers,PROD-0027,35.05,1,TXN-000561,2024-09-06
562,Rohit Jones,CUST-0562,Cotton T-Shirt,PROD-0011,30.65,5,TXN-000562,2025-01-28
563,Nisha Thomas,CUST-0068,Blender,PROD-0022,46.5,1,TXN-000563,2025-12-11
564,Michael Smith,CUST-0606,Cutting Board,PROD-0028,11.96,3,TXN-000564,2025-03-21
565,Charles Taylor,CUST-0581,Blender,PROD-0022,46.5,2,TXN-000565,2024-08-29
566,Matthew Reddy,CUST-0178,Resistance Bands,PROD-0043,22.74,2,TXN-000566,2025-12-29
567,Rahul Bhat,CUST-0588,Data Science Handbook,PROD-0032,42.44,1,TXN-000567,2025-09-02
568,Sunita Robinson,CUST-0475,Coffee Maker,PROD-0021,62.05,2,TXN-000568,2025-03-31
569,Neha Taylor,CUST-0181,Scarf,PROD-0020,33.28,5,TXN-000569,2024-03-12
570,Neha Moore,CUST-0613,Keyboard Mechanical,PROD-0007,97.82,2,TXN-000570,2025-09-02
571,James Davis,CUST-0790,Knife Set,PROD-0025,68.52,1,TXN-000571,2025-10-22
572,Linda Walker,CUST-0677,Portable Charger,PROD-0004,42.05,1,TXN-000572,2024-05-22
573,Linda Malhotra,CUST-0595,Cycling Gloves,PROD-0049,31.15,2,TXN-000573,2024-01-01
574,Lucas Singh,CUST-0776,External SSD 1TB,PROD-0010,77.83,2,TXN-000574,2025-04-08
575,Sara Lewis,CUST-0545,Cap,PROD-0019,12.46,1,TXN-000575,2025-08-14
576,Karen White,CUST-0458,Hoodie,PROD-0013,50.64,1,TXN-000576,2024-11-20
577,Deepak Rodriguez,CUST-0307,Fiction Novel,PROD-0037,12.83,3,TXN-000577,2025-11-26
578,Linda Martin,CUST-0312,Cutting Board,PROD-0028,11.96,3,TXN-000578,2024-12-18
579,Lisa Rodriguez,CUST-0092,History of AI,PROD-0038,15.71,1,TXN-000579,2025-06-06
580,Swati Gupta,CUST-0414,Laptop Stand,PROD-0009,59.55,4,TXN-000580,2024-03-04
581,Margaret Martin,CUST-0379,Self-Help Guide,PROD-0036,10.26,5,TXN-000581,2024-01-01
582,Daniel Gupta,CUST-0721,Self-Help Guide,PROD-0036,10.26,3,TXN-000582,2025-01-02
583,Vihaan Jones,CUST-0113,Cap,PROD-0019,12.46,4,TXN-000583,2024-08-28
584,Aanya Lewis,CUST-0443,Football,PROD-0045,29.05,2,TXN-000584,2025-10-02
585,Deepak Jackson,CUST-0326,Basketball,PROD-0046,39.63,1,TXN-000585,2025-01-25
586,Anjali Young,CUST-0446,Business Strategy,PROD-0035,33.11,1,TXN-000586,2024-06-26
587,Meena Kumar,CUST-0487,Laptop Stand,PROD-0009,59.55,1,TXN-000587,2025-01-28
588,Oliver Bhat,CUST-0369,Storage Containers,PROD-0027,35.05,1,TXN-000588,2025-11-17
589,Krishna Thomas,CUST-0129,Laptop Stand,PROD-0009,59.55,1,TXN-000589,2025-10-25
590,James Garcia,CUST-0017,External SSD 1TB,PROD-0010,77.83,3,TXN-000590,2025-05-13
591,John Lopez,CUST-0674,Cutting Board,PROD-0028,11.96,5,TXN-000591,2024-05-19
592,Charlotte Smith,CUST-0087,Laptop Stand,PROD-0009,59.55,2,TXN-000592,2025-03-01
593,Donald Anderson,CUST-0467,Football,PROD-0045,29.05,2,TXN-000593,2025-03-11
594,Ananya Thompson,CUST-0639,Denim Jeans,PROD-0012,82.97,2,TXN-000594,2025-03-10
595,Amit Wright,CUST-0566,Dish Rack,PROD-0029,28.32,1,TXN-000595,2024-08-19
596,Anthony Thompson,CUST-0191,Cutting Board,PROD-0028,11.96,2,TXN-000596,2025-08-14
597,David Walker,CUST-0511,Tennis Racket,PROD-0047,61.92,1,TXN-000597,2025-05-28
598,Sara Pillai,CUST-0276,Storage Containers,PROD-0027,35.05,4,TXN-000598,2025-08-13
599,Ayaan Mehta,CUST-0376,USB-C Hub,PROD-0003,61.28,5,TXN-000599,2025-08-04
600,Noah Pillai,CUST-0495,Basketball,PROD-0046,39.63,1,TXN-000600,2025-08-17
601,Manoj Garcia,CUST-0494,Football,PROD-0045,29.05,1,TXN-000601,2025-06-23
602,Elizabeth Thomas,CUST-0769,Gym Bag,PROD-0050,52.65,1,TXN-000602,2025-06-13
603,Susan Lewis,CUST-0081,Web Development,PROD-0034,44.41,4,TXN-000603,2024-03-31
604,Karan White,CUST-0252,Python Programming,PROD-0031,22.63,2,TXN-000604,2025-11-10
605,John Allen,CUST-0685,Smartwatch,PROD-0005,158.2,2,TXN-000605,2025-07-06
606,Meena Jones,CUST-0594,Scarf,PROD-0020,33.28,2,TXN-000606,2024-12-17
607,Sarah Garcia,CUST-0548,Gym Bag,PROD-0050,52.65,1,TXN-000607,2025-04-09
608,Mary White,CUST-0525,Python Programming,PROD-0031,22.63,2,TXN-000608,2024-12-05
609,Aarav Menon,CUST-0432,Toaster,PROD-0023,31.12,5,TXN-000609,2024-10-28
610,Ananya Thompson,CUST-0297,Cotton T-Shirt,PROD-0011,30.65,1,TXN-000610,2025-09-03
611,Sunita Rao,CUST-0768,Scarf,PROD-0020,33.28,3,TXN-000611,2025-07-31
612,Anjali Gupta,CUST-0267,Portable Charger,PROD-0004,42.05,2,TXN-000612,2025-08-15
613,Mary Reddy,CUST-0174,Fiction Novel,PROD-0037,12.83,1,TXN-000613,2024-10-25
614,Linda Menon,CUST-0756,Travel Guide,PROD-0040,22.38,1,TXN-000614,2025-05-11
615,Sai Walker,CUST-0085,Laptop Stand,PROD-0009,59.55,2,TXN-000615,2024-10-11
616,Susan Kumar,CUST-0259,Laptop Stand,PROD-0009,59.55,2,TXN-000616,2024-10-08
617,Joseph Taylor,CUST-0264,Wireless Mouse,PROD-0001,45.68,3,TXN-000617,2025-09-10
618,Rahul Malhotra,CUST-0179,History of AI,PROD-0038,15.71,3,TXN-000618,2025-11-05
619,Karen White,CUST-0458,Non-Stick Pan,PROD-0024,32.73,3,TXN-000619,2024-09-24
620,Neha Iyer,CUST-0718,Winter Jacket,PROD-0016,125.83,2,TXN-000620,2025-06-24
621,Sandra White,CUST-0034,Blender,PROD-0022,46.5,5,TXN-000621,2024-05-28
622,Anthony Wright,CUST-0610,External SSD 1TB,PROD-0010,77.83,3,TXN-000622,2025-02-26
623,Priya Gupta,CUST-0789,Knife Set,PROD-0025,68.52,1,TXN-000623,2025-03-26
624,Linda Martin,CUST-0744,Yoga Mat,PROD-0041,42.7,1,TXN-000624,2025-08-14
625,Anthony Malhotra,CUST-0752,Toaster,PROD-0023,31.12,1,TXN-000625,2024-09-27
626,Aditya Thompson,CUST-0774,Monitor Stand,PROD-0008,53.18,1,TXN-000626,2025-04-20
627,Nisha Lopez,CUST-0409,Python Programming,PROD-0031,22.63,1,TXN-000627,2025-06-29
628,Susan Davis,CUST-0240,Knife Set,PROD-0025,68.52,2,TXN-000628,2025-02-03
629,Reyansh King,CUST-0486,Casual Shorts,PROD-0017,29.07,1,TXN-000629,2025-03-21
630,Rahul Brown,CUST-0013,Cap,PROD-0019,12.46,4,TXN-000630,2025-04-04
631,Patricia Martin,CUST-0392,Jump Rope,PROD-0044,18.67,1,TXN-000631,2025-06-26
632,Joseph Patel,CUST-0700,USB-C Hub,PROD-0003,61.28,1,TXN-000632,2025-06-28
633,Susan Brown,CUST-0653,Toaster,PROD-0023,31.12,5,TXN-000633,2025-03-18
634,Jessica Rao,CUST-0626,Dumbbells (Pair),PROD-0042,77.78,4,TXN-000634,2024-12-09
635,Ananya Garcia,CUST-0277,Sports Socks (3-pack),PROD-0018,13.94,3,TXN-000635,2024-09-18
636,Riya Jackson,CUST-0671,History of AI,PROD-0038,15.71,1,TXN-000636,2025-11-22
637,Sunita Rao,CUST-0768,Winter Jacket,PROD-0016,125.83,3,TXN-000637,2025-08-25
638,Priya Gupta,CUST-0789,Hoodie,PROD-0013,50.64,2,TXN-000638,2025-11-24
639,Myra Patel,CUST-0707,Denim Jeans,PROD-0012,82.97,1,TXN-000639,2024-01-11
640,Jessica Mehta,CUST-0689,Wireless Mouse,PROD-0001,45.68,3,TXN-000640,2024-01-13
641,Ayaan Wright,CUST-0422,Keyboard Mechanical,PROD-0007,97.82,2,TXN-000641,2025-12-02
642,Deepak Kulkarni,CUST-0457,Toaster,PROD-0023,31.12,1,TXN-000642,2024-10-17
643,Patricia Williams,CUST-0258,Hoodie,PROD-0013,50.64,1,TXN-000643,2025-09-26
644,Suresh Desai,CUST-0095,Portable Charger,PROD-0004,42.05,4,TXN-000644,2025-11-03
645,Betty Reddy,CUST-0223,Cookbook,PROD-0039,22.32,2,TXN-000645,2025-12-26
646,Linda Mehta,CUST-0123,Webcam HD,PROD-0006,72.22,4,TXN-000646,2024-05-13
647,Kavita Thompson,CUST-0385,Resistance Bands,PROD-0043,22.74,3,TXN-000647,2025-10-25
648,Diya Garcia,CUST-0580,Denim Jeans,PROD-0012,82.97,4,TXN-000648,2025-12-13
649,Richard Gupta,CUST-0189,Casual Shorts,PROD-0017,29.07,1,TXN-000649,2025-11-07
650,Daniel Rao,CUST-0078,Yoga Mat,PROD-0041,42.7,2,TXN-000650,2024-10-10
651,Charles Chopra,CUST-0788,Cutting Board,PROD-0028,11.96,2,TXN-000651,2025-11-14
652,Priya Gupta,CUST-0789,Gym Bag,PROD-0050,52.65,1,TXN-000652,2024-06-14
653,Sandra Wright,CUST-0800,Smartwatch,PROD-0005,158.2,1,TXN-000653,2024-03-04
654,Patricia Martin,CUST-0392,Knife Set,PROD-0025,68.52,1,TXN-000654,2024-03-02
655,Kavita King,CUST-0265,Casual Shorts,PROD-0017,29.07,1,TXN-000655,2024-03-12
656,John Jones,CUST-0504,Hoodie,PROD-0013,50.64,2,TXN-000656,2024-07-01
657,Nancy Singh,CUST-0661,Data Science Handbook,PROD-0032,42.44,1,TXN-000657,2025-07-07
658,Charles Chopra,CUST-0788,Cutting Board,PROD-0028,11.96,1,TXN-000658,2025-10-20
659,Vikram Miller,CUST-0109,Dish Rack,PROD-0029,28.32,3,TXN-000659,2024-04-15
660,Linda Rodriguez,CUST-0036,Smartwatch,PROD-0005,158.2,1,TXN-000660,2024-09-13
661,Isabella Anderson,CUST-0796,Dish Rack,PROD-0029,28.32,1,TXN-000661,2025-05-24
662,Sunita Reddy,CUST-0153,Dumbbells (Pair),PROD-0042,77.78,2,TXN-000662,2024-02-08
663,David Malhotra,CUST-0681,Knife Set,PROD-0025,68.52,1,TXN-000663,2025-12-17
664,Manoj Reddy,CUST-0338,Water Bottle,PROD-0026,17.56,2,TXN-000664,2025-06-11
665,Myra Rao,CUST-0725,Gym Bag,PROD-0050,52.65,2,TXN-000665,2025-03-22
666,Swati Gupta,CUST-0414,Tennis Racket,PROD-0047,61.92,3,TXN-000666,2024-03-12
667,Robert Williams,CUST-0554,Formal Shirt,PROD-0015,57.36,1,TXN-000667,2025-12-06
668,Sai Kumar,CUST-0799,Python Programming,PROD-0031,22.63,1,TXN-000668,2025-07-02
669,Robert Hernandez,CUST-0368,Blender,PROD-0022,46.5,2,TXN-000669,2025-02-14
670,Lucas Gupta,CUST-0057,Yoga Mat,PROD-0041,42.7,5,TXN-000670,2025-10-24
671,Amit Clark,CUST-0093,Non-Stick Pan,PROD-0024,32.73,2,TXN-000671,2024-12-14
672,Lucas Davis,CUST-0083,Tea Kettle,PROD-0030,40.05,3,TXN-000672,2024-10-23
673,Robert Jackson,CUST-0664,Hoodie,PROD-0013,50.64,1,TXN-000673,2024-02-10
674,Pari Walker,CUST-0394,Resistance Bands,PROD-0043,22.74,1,TXN-000674,2025-12-13
675,Vihaan White,CUST-0400,Keyboard Mechanical,PROD-0007,97.82,2,TXN-000675,2025-01-02
676,Sai Rao,CUST-0499,Webcam HD,PROD-0006,72.22,4,TXN-000676,2025-03-24
677,Myra Anderson,CUST-0753,Hoodie,PROD-0013,50.64,1,TXN-000677,2024-07-16
678,Patricia Reddy,CUST-0026,Tennis Racket,PROD-0047,61.92,5,TXN-000678,2024-09-01
679,Arjun Shah,CUST-0501,Knife Set,PROD-0025,68.52,1,TXN-000679,2025-07-07
680,Karen Iyer,CUST-0659,Scarf,PROD-0020,33.28,2,TXN-000680,2025-04-05
681,James Garcia,CUST-0017,USB-C Hub,PROD-0003,61.28,1,TXN-000681,2024-12-11
682,Vivaan Anderson,CUST-0739,USB-C Hub,PROD-0003,61.28,2,TXN-000682,2024-08-04
683,Jennifer Thompson,CUST-0670,Resistance Bands,PROD-0043,22.74,2,TXN-000683,2025-11-25
684,Vikram Bhat,CUST-0550,External SSD 1TB,PROD-0010,77.83,3,TXN-000684,2024-08-26
685,Jennifer Kulkarni,CUST-0074,USB-C Hub,PROD-0003,61.28,3,TXN-000685,2025-05-15
686,Jennifer Thompson,CUST-0670,Bluetooth Headphones,PROD-0002,92.28,2,TXN-000686,2025-09-25
687,Sunita Kumar,CUST-0047,Winter Jacket,PROD-0016,125.83,3,TXN-000687,2024-05-13
688,Rahul Martinez,CUST-0015,Denim Jeans,PROD-0012,82.97,2,TXN-000688,2024-11-10
689,Sunita Reddy,CUST-0100,Tea Kettle,PROD-0030,40.05,2,TXN-000689,2025-08-28
690,Sara Allen,CUST-0066,Keyboard Mechanical,PROD-0007,97.82,1,TXN-000690,2025-09-01
691,Pooja Chopra,CUST-0631,Formal Shirt,PROD-0015,57.36,1,TXN-000691,2024-07-26
692,Suresh Rao,CUST-0437,Blender,PROD-0022,46.5,3,TXN-000692,2025-11-25
693,Emma Young,CUST-0412,Coffee Maker,PROD-0021,62.05,1,TXN-000693,2025-12-01
694,Anjali Young,CUST-0590,Business Strategy,PROD-0035,33.11,1,TXN-000694,2024-08-06
695,Mark Desai,CUST-0783,USB-C Hub,PROD-0003,61.28,2,TXN-000695,2024-12-09
696,Nikhil Clark,CUST-0065,Monitor Stand,PROD-0008,53.18,1,TXN-000696,2025-03-01
697,Oliver Gupta,CUST-0173,Football,PROD-0045,29.05,1,TXN-000697,2024-06-17
698,Jessica Brown,CUST-0450,Winter Jacket,PROD-0016,125.83,4,TXN-000698,2024-02-11
699,Mark Desai,CUST-0137,Keyboard Mechanical,PROD-0007,97.82,3,TXN-000699,2025-10-09
700,Anthony Lewis,CUST-0628,Knife Set,PROD-0025,68.52,3,TXN-000700,2024-01-17
701,Sai Rao,CUST-0499,Webcam HD,PROD-0006,72.22,1,TXN-000701,2024-07-02
702,Lisa Rodriguez,CUST-0092,Basketball,PROD-0046,39.63,2,TXN-000702,2024-10-17
703,Manoj Desai,CUST-0427,Football,PROD-0045,29.05,3,TXN-000703,2025-05-02
704,Jessica Moore,CUST-0709,Laptop Stand,PROD-0009,59.55,1,TXN-000704,2025-10-17
705,Amit Kumar,CUST-0278,Web Development,PROD-0034,44.41,2,TXN-000705,2024-09-01
706,Rahul Malhotra,CUST-0179,Travel Guide,PROD-0040,22.38,2,TXN-000706,2025-09-02
707,Manoj Sharma,CUST-0185,Basketball,PROD-0046,39.63,2,TXN-000707,2024-03-31
708,Pooja Nair,CUST-0643,Scarf,PROD-0020,33.28,1,TXN-000708,2024-01-05
709,Isabella Robinson,CUST-0572,Winter Jacket,PROD-0016,125.83,1,TXN-000709,2025-06-26
710,Riya Harris,CUST-0098,Travel Guide,PROD-0040,22.38,1,TXN-000710,2025-07-06
711,Sarah Bhat,CUST-0520,Formal Shirt,PROD-0015,57.36,2,TXN-000711,2025-10-03
712,Riya Wright,CUST-0676,Running Shoes,PROD-0014,41.04,1,TXN-000712,2024-07-17
713,Pari Martinez,CUST-0116,External SSD 1TB,PROD-0010,77.83,2,TXN-000713,2025-04-30
714,Swati Pillai,CUST-0510,Denim Jeans,PROD-0012,82.97,1,TXN-000714,2024-02-14
715,Deepak Garcia,CUST-0056,Dumbbells (Pair),PROD-0042,77.78,1,TXN-000715,2024-08-02
716,Anjali Young,CUST-0446,Casual Shorts,PROD-0017,29.07,1,TXN-000716,2025-04-09
717,Patricia Joshi,CUST-0045,Keyboard Mechanical,PROD-0007,97.82,3,TXN-000717,2025-07-04
718,Neha Taylor,CUST-0181,Cotton T-Shirt,PROD-0011,30.65,3,TXN-000718,2025-05-11
719,Noah Desai,CUST-0528,Monitor Stand,PROD-0008,53.18,1,TXN-000719,2024-08-28
720,Vivaan Anderson,CUST-0739,Dish Rack,PROD-0029,28.32,2,TXN-000720,2024-11-29
721,Susan Davis,CUST-0430,Hoodie,PROD-0013,50.64,3,TXN-000721,2024-11-29
722,Reyansh Nair,CUST-0236,Gym Bag,PROD-0050,52.65,1,TXN-000722,2024-08-21
723,Sandra Martin,CUST-0101,Winter Jacket,PROD-0016,125.83,3,TXN-000723,2024-07-23
724,Kavita Thompson,CUST-0385,Formal Shirt,PROD-0015,57.36,1,TXN-000724,2025-08-22
725,Daniel Singh,CUST-0497,Portable Charger,PROD-0004,42.05,4,TXN-000725,2024-05-28
726,Richard Reddy,CUST-0222,Travel Guide,PROD-0040,22.38,2,TXN-000726,2025-01-31
727,Betty Thomas,CUST-0383,Laptop Stand,PROD-0009,59.55,2,TXN-000727,2024-07-17
728,Riya Patel,CUST-0648,Toaster,PROD-0023,31.12,5,TXN-000728,2024-07-26
729,Amit Robinson,CUST-0344,Laptop Stand,PROD-0009,59.55,1,TXN-000729,2025-08-05
730,Anthony Menon,CUST-0062,Sports Socks (3-pack),PROD-0018,13.94,1,TXN-000730,2025-04-21
731,Vikram Johnson,CUST-0470,Storage Containers,PROD-0027,35.05,1,TXN-000731,2024-12-17
732,Divya Gupta,CUST-0226,Cap,PROD-0019,12.46,2,TXN-000732,2025-10-15
733,James Bhat,CUST-0627,Cotton T-Shirt,PROD-0011,30.65,2,TXN-000733,2025-07-20
734,Reyansh Nair,CUST-0236,Webcam HD,PROD-0006,72.22,2,TXN-000734,2025-06-18
735,Arjun Shah,CUST-0501,Running Shoes,PROD-0014,41.04,2,TXN-000735,2025-04-18
736,Ishaan Malhotra,CUST-0286,Wireless Mouse,PROD-0001,45.68,3,TXN-000736,2024-09-09
737,Robert Martin,CUST-0254,Coffee Maker,PROD-0021,62.05,2,TXN-000737,2024-08-15
738,Michael Smith,CUST-0606,External SSD 1TB,PROD-0010,77.83,4,TXN-000738,2024-01-06
739,Charles Harris,CUST-0428,USB-C Hub,PROD-0003,61.28,1,TXN-000739,2025-04-26
740,Anthony Malhotra,CUST-0752,Gym Bag,PROD-0050,52.65,2,TXN-000740,2025-03-11
741,Sai Walker,CUST-0544,Water Bottle,PROD-0026,17.56,2,TXN-000741,2025-12-14
742,Sandra Martin,CUST-0101,Dish Rack,PROD-0029,28.32,2,TXN-000742,2024-03-26
743,Isabella Robinson,CUST-0572,Cycling Gloves,PROD-0049,31.15,1,TXN-000743,2025-02-20
744,Elizabeth Martinez,CUST-0224,Laptop Stand,PROD-0009,59.55,1,TXN-000744,2024-09-01
745,Robert Jackson,CUST-0664,Webcam HD,PROD-0006,72.22,1,TXN-000745,2025-11-16
746,Ananya King,CUST-0313,Cotton T-Shirt,PROD-0011,30.65,3,TXN-000746,2025-08-07
747,Arjun Moore,CUST-0766,History of AI,PROD-0038,15.71,1,TXN-000747,2025-04-10
748,Sunita Robinson,CUST-0475,Gym Bag,PROD-0050,52.65,1,TXN-000748,2025-12-21
749,Manoj Martin,CUST-0416,Denim Jeans,PROD-0012,82.97,3,TXN-000749,2025-01-14
750,Mary Smith,CUST-0642,Tea Kettle,PROD-0030,40.05,3,TXN-000750,2024-01-02
751,Pooja Nair,CUST-0643,Smartwatch,PROD-0005,158.2,1,TXN-000751,2025-12-08
752,Joseph Patel,CUST-0341,Web Development,PROD-0034,44.41,1,TXN-000752,2025-03-12
753,Lucas Hernandez,CUST-0771,Sports Socks (3-pack),PROD-0018,13.94,2,TXN-000753,2025-09-19
754,James Reddy,CUST-0556,Fiction Novel,PROD-0037,12.83,3,TXN-000754,2025-12-02
755,Lucas Davis,CUST-0083,Travel Guide,PROD-0040,22.38,4,TXN-000755,2024-02-26
756,Noah Desai,CUST-0528,Jump Rope,PROD-0044,18.67,1,TXN-000756,2024-02-22
757,Lisa Nair,CUST-0114,Knife Set,PROD-0025,68.52,1,TXN-000757,2025-09-25
758,Daniel Miller,CUST-0042,Non-Stick Pan,PROD-0024,32.73,1,TXN-000758,2025-10-25
759,Amit Lopez,CUST-0573,Basketball,PROD-0046,39.63,1,TXN-000759,2025-12-27
760,Sneha Reddy,CUST-0793,Running Shoes,PROD-0014,41.04,1,TXN-000760,2024-12-08
761,Aanya Harris,CUST-0245,Business Strategy,PROD-0035,33.11,1,TXN-000761,2025-05-04
762,Linda Menon,CUST-0756,Cycling Gloves,PROD-0049,31.15,2,TXN-000762,2025-12-20
763,Rajesh Anderson,CUST-0215,Cycling Gloves,PROD-0049,31.15,3,TXN-000763,2024-08-18
764,Sai Lee,CUST-0329,Toaster,PROD-0023,31.12,4,TXN-000764,2025-05-30
765,Oliver Young,CUST-0697,Cutting Board,PROD-0028,11.96,1,TXN-000765,2024-03-05
766,Rahul Smith,CUST-0382,Toaster,PROD-0023,31.12,2,TXN-000766,2025-05-28
767,Vihaan Anderson,CUST-0540,Monitor Stand,PROD-0008,53.18,2,TXN-000767,2025-06-28
768,Vihaan Davis,CUST-0695,Business Strategy,PROD-0035,33.11,4,TXN-000768,2025-04-07
769,Anjali Joshi,CUST-0636,Non-Stick Pan,PROD-0024,32.73,3,TXN-000769,2025-12-10
770,Nisha Thomas,CUST-0068,Hoodie,PROD-0013,50.64,4,TXN-000770,2025-04-13
771,Nikhil Garcia,CUST-0090,Webcam HD,PROD-0006,72.22,1,TXN-000771,2024-07-02
772,Elizabeth Chopra,CUST-0296,Smartwatch,PROD-0005,158.2,1,TXN-000772,2024-10-09
773,Isabella Jackson,CUST-0115,Football,PROD-0045,29.05,1,TXN-000773,2024-06-03
774,Mia Williams,CUST-0210,Web Development,PROD-0034,44.41,5,TXN-000774,2024-01-24
775,Michael Malhotra,CUST-0301,Storage Containers,PROD-0027,35.05,5,TXN-000775,2025-07-08
776,Patricia Bhat,CUST-0136,Python Programming,PROD-0031,22.63,1,TXN-000776,2025-03-30
777,Linda Menon,CUST-0756,Dumbbells (Pair),PROD-0042,77.78,1,TXN-000777,2024-07-12
778,Nikhil Clark,CUST-0065,Bluetooth Headphones,PROD-0002,92.28,4,TXN-000778,2024-08-25
779,Donald Thomas,CUST-0533,Dumbbells (Pair),PROD-0042,77.78,1,TXN-000779,2025-08-15
780,James Harris,CUST-0352,Dumbbells (Pair),PROD-0042,77.78,2,TXN-000780,2024-11-30
781,Sarah Harris,CUST-0498,History of AI,PROD-0038,15.71,2,TXN-000781,2025-06-26
782,Rohit Jones,CUST-0562,Dish Rack,PROD-0029,28.32,2,TXN-000782,2025-08-03
783,Patricia Bhat,CUST-0136,Scarf,PROD-0020,33.28,1,TXN-000783,2024-09-23
784,Riya Nair,CUST-0233,Python Programming,PROD-0031,22.63,1,TXN-000784,2024-10-22
785,Priya Gupta,CUST-0789,Portable Charger,PROD-0004,42.05,1,TXN-000785,2024-10-18
786,Donald Anderson,CUST-0467,Cotton T-Shirt,PROD-0011,30.65,2,TXN-000786,2024-06-13
787,Krishna Malhotra,CUST-0729,Business Strategy,PROD-0035,33.11,1,TXN-000787,2024-06-28
788,Mary Bhat,CUST-0726,Football,PROD-0045,29.05,4,TXN-000788,2024-06-06
789,Betty Rodriguez,CUST-0166,Winter Jacket,PROD-0016,125.83,1,TXN-000789,2024-11-20
790,Linda Clark,CUST-0589,Laptop Stand,PROD-0009,59.55,2,TXN-000790,2025-01-13
791,Richard Gupta,CUST-0189,Running Shoes,PROD-0014,41.04,2,TXN-000791,2024-02-05
792,Aarav Robinson,CUST-0682,Coffee Maker,PROD-0021,62.05,5,TXN-000792,2024-05-31
793,Rahul Smith,CUST-0382,Dish Rack,PROD-0029,28.32,2,TXN-000793,2024-06-15
794,Meena Garcia,CUST-0547,Scarf,PROD-0020,33.28,1,TXN-000794,2024-01-26
795,Rajesh Allen,CUST-0415,Data Science Handbook,PROD-0032,42.44,3,TXN-000795,2025-04-14
796,Anthony Thomas,CUST-0328,External SSD 1TB,PROD-0010,77.83,1,TXN-000796,2025-07-13
797,Sarah Bhat,CUST-0520,Blender,PROD-0022,46.5,2,TXN-000797,2024-10-29
798,Reyansh King,CUST-0486,Cap,PROD-0019,12.46,5,TXN-000798,2025-08-10
799,Arjun Shah,CUST-0683,External SSD 1TB,PROD-0010,77.83,3,TXN-000799,2025-03-28
800,Rahul Verma,CUST-0347,Football,PROD-0045,29.05,1,TXN-000800,2025-05-05
801,Daniel Miller,CUST-0042,Laptop Stand,PROD-0009,59.55,2,TXN-000801,2024-04-29
802,Linda Pillai,CUST-0316,Bluetooth Headphones,PROD-0002,92.28,2,TXN-000802,2024-08-13
803,Deepak Kulkarni,CUST-0457,Toaster,PROD-0023,31.12,1,TXN-000803,2024-02-26
804,Sara Jackson,CUST-0623,Dumbbells (Pair),PROD-0042,77.78,1,TXN-000804,2025-06-23
805,Jennifer Singh,CUST-0228,Gym Bag,PROD-0050,52.65,1,TXN-000805,2024-01-24
806,Pooja Brown,CUST-0086,Business Strategy,PROD-0035,33.11,3,TXN-000806,2025-11-24
807,Sara Young,CUST-0688,Webcam HD,PROD-0006,72.22,5,TXN-000807,2025-02-07
808,Sandra Miller,CUST-0200,Data Science Handbook,PROD-0032,42.44,1,TXN-000808,2025-09-11
809,Thomas Johnson,CUST-0524,Portable Charger,PROD-0004,42.05,4,TXN-000809,2025-01-04
810,Priya Martinez,CUST-0408,External SSD 1TB,PROD-0010,77.83,3,TXN-000810,2025-03-13
811,Margaret Martin,CUST-0379,Knife Set,PROD-0025,68.52,1,TXN-000811,2024-10-18
812,Nisha Wright,CUST-0354,Toaster,PROD-0023,31.12,1,TXN-000812,2025-04-01
813,Donald Mehta,CUST-0575,Webcam HD,PROD-0006,72.22,1,TXN-000813,2025-03-30
814,Pooja Johnson,CUST-0760,Storage Containers,PROD-0027,35.05,3,TXN-000814,2024-10-22
815,Sophia Thompson,CUST-0168,Tennis Racket,PROD-0047,61.92,5,TXN-000815,2025-03-10
816,Mark King,CUST-0747,Storage Containers,PROD-0027,35.05,1,TXN-000816,2025-08-24
817,Neha Moore,CUST-0613,Webcam HD,PROD-0006,72.22,1,TXN-000817,2024-11-06
818,Meena Kumar,CUST-0487,Web Development,PROD-0034,44.41,5,TXN-000818,2024-03-08
819,Betty Lee,CUST-0605,Cycling Gloves,PROD-0049,31.15,1,TXN-000819,2024-01-07
820,Aarav Martin,CUST-0420,Yoga Mat,PROD-0041,42.7,4,TXN-000820,2025-02-28
821,Diya Rao,CUST-0180,Self-Help Guide,PROD-0036,10.26,2,TXN-000821,2025-08-04
822,Aditya Thompson,CUST-0774,Laptop Stand,PROD-0009,59.55,1,TXN-000822,2025-01-25
823,Ananya Thompson,CUST-0297,Self-Help Guide,PROD-0036,10.26,2,TXN-000823,2024-11-05
824,Robert Davis,CUST-0600,Scarf,PROD-0020,33.28,2,TXN-000824,2025-04-19
825,John Pillai,CUST-0230,Bluetooth Headphones,PROD-0002,92.28,3,TXN-000825,2024-06-06
826,Rajesh Chopra,CUST-0269,Scarf,PROD-0020,33.28,5,TXN-000826,2025-10-13
827,Jennifer Mehta,CUST-0484,Monitor Stand,PROD-0008,53.18,2,TXN-000827,2024-10-21
828,Charles Harris,CUST-0428,Denim Jeans,PROD-0012,82.97,2,TXN-000828,2025-12-05
829,Nancy Singh,CUST-0661,Winter Jacket,PROD-0016,125.83,1,TXN-000829,2024-10-10
830,Robert Singh,CUST-0505,Smartwatch,PROD-0005,158.2,2,TXN-000830,2025-01-05
831,Riya Kumar,CUST-0596,Python Programming,PROD-0031,22.63,2,TXN-000831,2024-09-21
832,Amit Rodriguez,CUST-0644,Jump Rope,PROD-0044,18.67,2,TXN-000832,2025-12-11
833,Linda Mehta,CUST-0123,Non-Stick Pan,PROD-0024,32.73,2,TXN-000833,2025-08-12
834,James Kulkarni,CUST-0018,Casual Shorts,PROD-0017,29.07,1,TXN-000834,2024-02-29
835,Thomas Johnson,CUST-0150,Coffee Maker,PROD-0021,62.05,2,TXN-000835,2025-12-10
836,Matthew Rodriguez,CUST-0139,Toaster,PROD-0023,31.12,1,TXN-000836,2024-10-06
837,Diya Thomas,CUST-0370,Storage Containers,PROD-0027,35.05,2,TXN-000837,2024-12-30
838,David Sharma,CUST-0050,Cap,PROD-0019,12.46,1,TXN-000838,2025-10-16
839,Meena Rao,CUST-0079,Machine Learning Guide,PROD-0033,42.63,1,TXN-000839,2025-10-05
840,Rohit Robinson,CUST-0188,Cycling Gloves,PROD-0049,31.15,1,TXN-000840,2024-06-20
841,Linda Robinson,CUST-0557,Coffee Maker,PROD-0021,62.05,4,TXN-000841,2025-12-02
842,Rohit Brown,CUST-0309,Sports Socks (3-pack),PROD-0018,13.94,2,TXN-000842,2025-12-05
843,Sai Verma,CUST-0372,Keyboard Mechanical,PROD-0007,97.82,2,TXN-000843,2024-12-26
844,Reyansh Martin,CUST-0148,Wireless Mouse,PROD-0001,45.68,1,TXN-000844,2024-10-15
845,Rahul Smith,CUST-0382,Gym Bag,PROD-0050,52.65,2,TXN-000845,2024-12-14
846,Mary White,CUST-0167,Keyboard Mechanical,PROD-0007,97.82,1,TXN-000846,2025-05-30
847,Deepak Brown,CUST-0227,Hoodie,PROD-0013,50.64,3,TXN-000847,2025-07-26
848,Sai Garcia,CUST-0629,Football,PROD-0045,29.05,3,TXN-000848,2025-06-22
849,Sara Lewis,CUST-0545,Basketball,PROD-0046,39.63,2,TXN-000849,2024-04-26
850,Charles Harris,CUST-0428,Tea Kettle,PROD-0030,40.05,4,TXN-000850,2024-04-29
851,Mary Shah,CUST-0135,Bluetooth Headphones,PROD-0002,92.28,2,TXN-000851,2024-11-15
852,Meena Martin,CUST-0708,Non-Stick Pan,PROD-0024,32.73,1,TXN-000852,2025-03-28
853,Divya Patel,CUST-0612,Web Development,PROD-0034,44.41,3,TXN-000853,2024-12-16
854,Vikram Bhat,CUST-0177,Basketball,PROD-0046,39.63,1,TXN-000854,2024-05-01
855,Jennifer Singh,CUST-0228,Laptop Stand,PROD-0009,59.55,4,TXN-000855,2024-05-25
856,Karen Gupta,CUST-0705,Formal Shirt,PROD-0015,57.36,1,TXN-000856,2024-08-02
857,Noah Lopez,CUST-0134,Webcam HD,PROD-0006,72.22,2,TXN-000857,2024-04-24
858,Divya Kumar,CUST-0080,Bluetooth Headphones,PROD-0002,92.28,3,TXN-000858,2025-03-17
859,Reyansh Lewis,CUST-0044,Hoodie,PROD-0013,50.64,1,TXN-000859,2025-11-06
860,William Smith,CUST-0526,History of AI,PROD-0038,15.71,1,TXN-000860,2024-05-01
861,Sandra Kulkarni,CUST-0260,USB-C Hub,PROD-0003,61.28,1,TXN-000861,2025-11-14
862,Krishna Gupta,CUST-0011,Cycling Gloves,PROD-0049,31.15,1,TXN-000862,2024-05-06
863,Pari Robinson,CUST-0617,Running Shoes,PROD-0014,41.04,2,TXN-000863,2024-07-23
864,Elizabeth Clark,CUST-0190,Resistance Bands,PROD-0043,22.74,1,TXN-000864,2024-04-02
865,Thomas Johnson,CUST-0150,Swimming Goggles,PROD-0048,16.81,4,TXN-000865,2025-08-16
866,James Clark,CUST-0357,Toaster,PROD-0023,31.12,1,TXN-000866,2025-05-27
867,Sandra Wright,CUST-0800,Tennis Racket,PROD-0047,61.92,2,TXN-000867,2025-06-01
868,Mary Chopra,CUST-0584,Smartwatch,PROD-0005,158.2,1,TXN-000868,2025-08-15
869,Sara Taylor,CUST-0782,Wireless Mouse,PROD-0001,45.68,2,TXN-000869,2024-07-15
870,Sai Rodriguez,CUST-0289,Cotton T-Shirt,PROD-0011,30.65,4,TXN-000870,2025-07-04
871,Ashley Miller,CUST-0005,Tennis Racket,PROD-0047,61.92,1,TXN-000871,2024-08-07
872,Elizabeth Wright,CUST-0517,Basketball,PROD-0046,39.63,2,TXN-000872,2025-12-15
873,Reyansh Pillai,CUST-0604,Denim Jeans,PROD-0012,82.97,2,TXN-000873,2024-04-19
874,Matthew Iyer,CUST-0186,Toaster,PROD-0023,31.12,5,TXN-000874,2025-03-10
875,Meena Anderson,CUST-0220,Machine Learning Guide,PROD-0033,42.63,1,TXN-000875,2024-04-25
876,Manoj Lopez,CUST-0780,Coffee Maker,PROD-0021,62.05,1,TXN-000876,2024-04-22
877,Donald Thomas,CUST-0533,Laptop Stand,PROD-0009,59.55,2,TXN-000877,2025-01-04
878,Charlotte White,CUST-0722,Cap,PROD-0019,12.46,2,TXN-000878,2024-02-11
879,Sai Walker,CUST-0085,Coffee Maker,PROD-0021,62.05,2,TXN-000879,2025-01-29
880,Patricia Walker,CUST-0291,Tea Kettle,PROD-0030,40.05,2,TXN-000880,2024-11-15
881,Elizabeth Shah,CUST-0704,Dish Rack,PROD-0029,28.32,1,TXN-000881,2025-02-21
882,William Nair,CUST-0298,Cutting Board,PROD-0028,11.96,1,TXN-000882,2024-03-12
883,Charles Brown,CUST-0488,Jump Rope,PROD-0044,18.67,1,TXN-000883,2024-01-14
884,Suresh Mehta,CUST-0691,Data Science Handbook,PROD-0032,42.44,2,TXN-000884,2025-02-09
885,Karan Miller,CUST-0449,Web Development,PROD-0034,44.41,2,TXN-000885,2024-03-28
886,Linda Mehta,CUST-0123,External SSD 1TB,PROD-0010,77.83,1,TXN-000886,2025-12-12
887,Betty Lee,CUST-0605,Keyboard Mechanical,PROD-0007,97.82,3,TXN-000887,2024-06-21
888,Mia Kulkarni,CUST-0067,Non-Stick Pan,PROD-0024,32.73,5,TXN-000888,2024-12-12
889,Charles Malhotra,CUST-0206,Cookbook,PROD-0039,22.32,3,TXN-000889,2025-02-17
890,Pooja Kumar,CUST-0126,Formal Shirt,PROD-0015,57.36,3,TXN-000890,2025-05-26
891,Ishaan Malhotra,CUST-0286,Cycling Gloves,PROD-0049,31.15,3,TXN-000891,2025-08-18
892,Aditya Thompson,CUST-0608,Sports Socks (3-pack),PROD-0018,13.94,3,TXN-000892,2025-10-21
893,Emma Malhotra,CUST-0410,Toaster,PROD-0023,31.12,2,TXN-000893,2025-09-09
894,Rajesh Allen,CUST-0415,Data Science Handbook,PROD-0032,42.44,2,TXN-000894,2024-05-30
895,Ishaan Young,CUST-0787,Tea Kettle,PROD-0030,40.05,1,TXN-000895,2024-09-13
896,Riya King,CUST-0502,Data Science Handbook,PROD-0032,42.44,1,TXN-000896,2024-05-17
897,Michael Malhotra,CUST-0031,Keyboard Mechanical,PROD-0007,97.82,3,TXN-000897,2024-03-10
898,David Walker,CUST-0511,Jump Rope,PROD-0044,18.67,1,TXN-000898,2024-07-02
899,Patricia Martin,CUST-0392,Cookbook,PROD-0039,22.32,2,TXN-000899,2024-06-05
900,Mia Nair,CUST-0311,Travel Guide,PROD-0040,22.38,2,TXN-000900,2024-03-19
901,Linda Walker,CUST-0677,Cycling Gloves,PROD-0049,31.15,2,TXN-000901,2025-05-19
902,Lisa Joshi,CUST-0478,Hoodie,PROD-0013,50.64,1,TXN-000902,2025-05-24
903,Noah Pillai,CUST-0503,Machine Learning Guide,PROD-0033,42.63,1,TXN-000903,2024-12-17
904,Robert Williams,CUST-0554,Business Strategy,PROD-0035,33.11,1,TXN-000904,2024-02-02
905,Aanya Singh,CUST-0441,Monitor Stand,PROD-0008,53.18,1,TXN-000905,2024-11-18
906,Betty White,CUST-0386,Dish Rack,PROD-0029,28.32,2,TXN-000906,2024-02-03
907,Jessica Anderson,CUST-0182,Self-Help Guide,PROD-0036,10.26,2,TXN-000907,2024-11-06
908,Patricia Malhotra,CUST-0724,Cotton T-Shirt,PROD-0011,30.65,2,TXN-000908,2024-05-17
909,Rajesh Kulkarni,CUST-0320,Basketball,PROD-0046,39.63,1,TXN-000909,2024-04-22
910,William Kulkarni,CUST-0583,Jump Rope,PROD-0044,18.67,2,TXN-000910,2025-07-21
911,Ananya Anderson,CUST-0702,Business Strategy,PROD-0035,33.11,2,TXN-000911,2025-05-02
912,Manoj Thomas,CUST-0576,Cotton T-Shirt,PROD-0011,30.65,2,TXN-000912,2025-02-04
913,Sarah Shah,CUST-0270,Data Science Handbook,PROD-0032,42.44,2,TXN-000913,2025-01-21
914,Sunita Martinez,CUST-0632,Jump Rope,PROD-0044,18.67,1,TXN-000914,2024-10-18
915,Sai Lee,CUST-0329,Portable Charger,PROD-0004,42.05,1,TXN-000915,2024-02-16
916,Nancy Martinez,CUST-0132,Non-Stick Pan,PROD-0024,32.73,1,TXN-000916,2025-08-20
917,Anthony Joshi,CUST-0028,Cycling Gloves,PROD-0049,31.15,4,TXN-000917,2024-12-15
918,Elizabeth Thomas,CUST-0390,Keyboard Mechanical,PROD-0007,97.82,2,TXN-000918,2024-12-31
919,Ayaan Wright,CUST-0422,Toaster,PROD-0023,31.12,1,TXN-000919,2024-09-07
920,Robert Martin,CUST-0254,Winter Jacket,PROD-0016,125.83,2,TXN-000920,2025-08-29
921,Charlotte Smith,CUST-0087,Football,PROD-0045,29.05,1,TXN-000921,2024-11-08
922,Divya King,CUST-0118,Blender,PROD-0022,46.5,1,TXN-000922,2025-07-05
923,Krishna Walker,CUST-0334,USB-C Hub,PROD-0003,61.28,2,TXN-000923,2025-03-08
924,Diya Young,CUST-0582,Machine Learning Guide,PROD-0033,42.63,4,TXN-000924,2024-09-30
925,Michael Rao,CUST-0021,Football,PROD-0045,29.05,2,TXN-000925,2024-01-23
926,Riya Chopra,CUST-0325,Knife Set,PROD-0025,68.52,2,TXN-000926,2024-11-26
927,Aarav Davis,CUST-0587,Keyboard Mechanical,PROD-0007,97.82,3,TXN-000927,2024-04-12
928,Meena Martin,CUST-0708,Jump Rope,PROD-0044,18.67,1,TXN-000928,2025-05-23
929,Vihaan Patel,CUST-0515,Cycling Gloves,PROD-0049,31.15,2,TXN-000929,2024-06-19
930,Mary Patel,CUST-0630,Scarf,PROD-0020,33.28,1,TXN-000930,2025-03-22
931,Deepak Jones,CUST-0207,Data Science Handbook,PROD-0032,42.44,2,TXN-000931,2024-03-18
932,Isabella Davis,CUST-0549,Running Shoes,PROD-0014,41.04,1,TXN-000932,2024-02-18
933,Neha Mehta,CUST-0305,Fiction Novel,PROD-0037,12.83,2,TXN-000933,2024-08-19
934,William Kumar,CUST-0640,Swimming Goggles,PROD-0048,16.81,5,TXN-000934,2025-08-15
935,Riya Harris,CUST-0098,History of AI,PROD-0038,15.71,1,TXN-000935,2024-03-09
936,Charles Taylor,CUST-0581,Web Development,PROD-0034,44.41,2,TXN-000936,2024-08-02
937,Ishaan Rodriguez,CUST-0356,Smartwatch,PROD-0005,158.2,2,TXN-000937,2024-11-05
938,Elizabeth Wright,CUST-0517,Scarf,PROD-0020,33.28,2,TXN-000938,2025-07-06
939,Sandra Davis,CUST-0321,Hoodie,PROD-0013,50.64,2,TXN-000939,2024-09-14
940,William Kumar,CUST-0640,Machine Learning Guide,PROD-0033,42.63,2,TXN-000940,2025-07-14
941,Manoj Sharma,CUST-0185,Bluetooth Headphones,PROD-0002,92.28,2,TXN-000941,2025-06-12
942,Sandra Martinez,CUST-0192,Fiction Novel,PROD-0037,12.83,2,TXN-000942,2025-11-07
943,James Walker,CUST-0761,Tea Kettle,PROD-0030,40.05,1,TXN-000943,2025-10-15
944,Oliver Mehta,CUST-0546,Travel Guide,PROD-0040,22.38,4,TXN-000944,2025-03-20
945,Diya Garcia,CUST-0580,Tennis Racket,PROD-0047,61.92,2,TXN-000945,2025-06-18
946,Charles Malhotra,CUST-0206,Non-Stick Pan,PROD-0024,32.73,2,TXN-000946,2024-09-03
947,Nikhil Thompson,CUST-0155,Swimming Goggles,PROD-0048,16.81,2,TXN-000947,2024-11-03
948,Anjali Young,CUST-0446,Storage Containers,PROD-0027,35.05,1,TXN-000948,2024-03-06
949,Vihaan Garcia,CUST-0650,Running Shoes,PROD-0014,41.04,3,TXN-000949,2024-09-30
950,Richard Wright,CUST-0294,Dumbbells (Pair),PROD-0042,77.78,1,TXN-000950,2025-12-04
951,Ayaan Malhotra,CUST-0616,Winter Jacket,PROD-0016,125.83,2,TXN-000951,2024-04-26
952,Charlotte Rao,CUST-0154,Hoodie,PROD-0013,50.64,1,TXN-000952,2024-11-13
953,Oliver Smith,CUST-0476,Data Science Handbook,PROD-0032,42.44,2,TXN-000953,2025-03-22
954,John Malhotra,CUST-0433,Dumbbells (Pair),PROD-0042,77.78,4,TXN-000954,2024-07-25
955,Noah Chopra,CUST-0164,Sports Socks (3-pack),PROD-0018,13.94,1,TXN-000955,2024-09-21
956,Nikhil Bhat,CUST-0285,Resistance Bands,PROD-0043,22.74,2,TXN-000956,2025-10-21
957,Reyansh Lewis,CUST-0044,Tennis Racket,PROD-0047,61.92,2,TXN-000957,2024-01-21
958,Lucas Gupta,CUST-0057,Webcam HD,PROD-0006,72.22,1,TXN-000958,2024-11-01
959,Sara Allen,CUST-0066,Storage Containers,PROD-0027,35.05,4,TXN-000959,2025-11-18
960,John Lopez,CUST-0674,Webcam HD,PROD-0006,72.22,1,TXN-000960,2024-05-23
961,Isha Bhat,CUST-0242,Monitor Stand,PROD-0008,53.18,2,TXN-000961,2025-05-27
962,Aanya Wright,CUST-0124,Web Development,PROD-0034,44.41,2,TXN-000962,2025-08-17
963,Elizabeth Robinson,CUST-0794,Web Development,PROD-0034,44.41,1,TXN-000963,2024-04-02
964,Anthony White,CUST-0244,Cookbook,PROD-0039,22.32,1,TXN-000964,2024-11-16
965,Manoj Reddy,CUST-0338,History of AI,PROD-0038,15.71,3,TXN-000965,2024-08-29
966,Michael Robinson,CUST-0434,Running Shoes,PROD-0014,41.04,1,TXN-000966,2024-06-28
967,Meena Anderson,CUST-0220,Sports Socks (3-pack),PROD-0018,13.94,2,TXN-000967,2024-09-17
968,Reyansh Pillai,CUST-0604,Portable Charger,PROD-0004,42.05,2,TXN-000968,2025-01-18
969,Charlotte Thompson,CUST-0717,Monitor Stand,PROD-0008,53.18,1,TXN-000969,2025-03-09
970,Meena Kumar,CUST-0487,Jump Rope,PROD-0044,18.67,1,TXN-000970,2024-10-11
971,Sara Sharma,CUST-0149,Non-Stick Pan,PROD-0024,32.73,2,TXN-000971,2025-01-11
972,Linda Pillai,CUST-0316,Bluetooth Headphones,PROD-0002,92.28,2,TXN-000972,2025-09-12
973,Linda Rodriguez,CUST-0036,Swimming Goggles,PROD-0048,16.81,2,TXN-000973,2024-02-25
974,Meena Martin,CUST-0708,Resistance Bands,PROD-0043,22.74,1,TXN-000974,2025-07-19
975,Pari Walker,CUST-0394,Scarf,PROD-0020,33.28,2,TXN-000975,2025-12-18
976,Sai Verma,CUST-0372,Jump Rope,PROD-0044,18.67,1,TXN-000976,2024-08-30
977,Ashley Davis,CUST-0454,Knife Set,PROD-0025,68.52,1,TXN-000977,2025-02-06
978,Lucas Patel,CUST-0262,Scarf,PROD-0020,33.28,1,TXN-000978,2024-08-29
979,Neha Mehta,CUST-0305,Running Shoes,PROD-0014,41.04,4,TXN-000979,2024-06-13
980,Jessica Brown,CUST-0450,Yoga Mat,PROD-0041,42.7,1,TXN-000980,2025-10-21
981,Isabella Pillai,CUST-0417,USB-C Hub,PROD-0003,61.28,1,TXN-000981,2024-03-23
982,Sai Kumar,CUST-0799,Data Science Handbook,PROD-0032,42.44,2,TXN-000982,2025-02-26
983,Joseph Patel,CUST-0341,Basketball,PROD-0046,39.63,2,TXN-000983,2024-04-12
984,Nikhil Robinson,CUST-0165,Football,PROD-0045,29.05,1,TXN-000984,2024-03-08
985,Linda Martinez,CUST-0361,Storage Containers,PROD-0027,35.05,2,TXN-000985,2025-07-14
986,Linda Menon,CUST-0756,Coffee Maker,PROD-0021,62.05,2,TXN-000986,2024-01-29
987,Margaret Young,CUST-0781,Portable Charger,PROD-0004,42.05,2,TXN-000987,2024-07-07
988,Nisha Reddy,CUST-0646,Dish Rack,PROD-0029,28.32,3,TXN-000988,2024-05-19
989,Mia Verma,CUST-0004,Water Bottle,PROD-0026,17.56,1,TXN-000989,2024-11-08
990,Aadhya Singh,CUST-0322,Fiction Novel,PROD-0037,12.83,1,TXN-000990,2024-06-10
991,Mason Lewis,CUST-0256,Web Development,PROD-0034,44.41,3,TXN-000991,2025-10-26
992,Sara Taylor,CUST-0782,Laptop Stand,PROD-0009,59.55,3,TXN-000992,2025-12-03
993,Nancy Harris,CUST-0421,Coffee Maker,PROD-0021,62.05,2,TXN-000993,2024-05-16
994,Anjali Gupta,CUST-0267,Denim Jeans,PROD-0012,82.97,2,TXN-000994,2024-12-01
995,Sai Rodriguez,CUST-0289,Hoodie,PROD-0013,50.64,1,TXN-000995,2025-01-11
996,John Martin,CUST-0187,Water Bottle,PROD-0026,17.56,4,TXN-000996,2025-08-07
997,John Pillai,CUST-0230,Bluetooth Headphones,PROD-0002,92.28,4,TXN-000997,2025-07-25
998,Aditya Jones,CUST-0663,Travel Guide,PROD-0040,22.38,2,TXN-000998,2024-04-01
999,Vivaan Kulkarni,CUST-0474,Hoodie,PROD-0013,50.64,1,TXN-000999,2024-06-21
1000,Karan Davis,CUST-0051,Water Bottle,PROD-0026,17.56,2,TXN-001000,2025-09-06
1001,Anjali Gupta,CUST-0267,External SSD 1TB,PROD-0010,77.83,1,TXN-001001,2025-01-11
1002,Ashley Martinez,CUST-0175,Fiction Novel,PROD-0037,12.83,1,TXN-001002,2025-06-22
1003,Anjali Young,CUST-0446,Gym Bag,PROD-0050,52.65,4,TXN-001003,2025-04-09
1004,Ashley Jones,CUST-0690,Data Science Handbook,PROD-0032,42.44,1,TXN-001004,2025-12-31
1005,Reyansh White,CUST-0209,Hoodie,PROD-0013,50.64,4,TXN-001005,2024-09-29
1006,John Kumar,CUST-0295,Swimming Goggles,PROD-0048,16.81,2,TXN-001006,2024-05-13
1007,Donald Iyer,CUST-0442,Running Shoes,PROD-0014,41.04,2,TXN-001007,2024-10-16
1008,Sara Anderson,CUST-0745,Jump Rope,PROD-0044,18.67,1,TXN-001008,2024-07-03
1009,John Walker,CUST-0419,External SSD 1TB,PROD-0010,77.83,1,TXN-001009,2024-09-25
1010,Isha Bhat,CUST-0242,Travel Guide,PROD-0040,22.38,2,TXN-001010,2024-09-11
1011,Margaret Martin,CUST-0379,History of AI,PROD-0038,15.71,2,TXN-001011,2025-04-14
1012,Richard Smith,CUST-0088,Wireless Mouse,PROD-0001,45.68,2,TXN-001012,2024-11-27
1013,Nikhil Patel,CUST-0710,Water Bottle,PROD-0026,17.56,2,TXN-001013,2025-12-31
1014,Margaret Garcia,CUST-0393,Basketball,PROD-0046,39.63,2,TXN-001014,2025-09-03
1015,Reyansh Lewis,CUST-0263,Smartwatch,PROD-0005,158.2,1,TXN-001015,2024-03-01
1016,Nancy Thomas,CUST-0054,Blender,PROD-0022,46.5,4,TXN-001016,2025-04-27
1017,Richard Jackson,CUST-0363,Cookbook,PROD-0039,22.32,4,TXN-001017,2025-09-04
1018,Rohit Rodriguez,CUST-0727,Swimming Goggles,PROD-0048,16.81,3,TXN-001018,2024-01-06
1019,Sandra Kulkarni,CUST-0260,Machine Learning Guide,PROD-0033,42.63,2,TXN-001019,2024-11-05
1020,Vikram Miller,CUST-0405,Resistance Bands,PROD-0043,22.74,1,TXN-001020,2025-07-26
1021,Sarah Williams,CUST-0043,History of AI,PROD-0038,15.71,1,TXN-001021,2024-06-22
1022,Lucas Smith,CUST-0516,Data Science Handbook,PROD-0032,42.44,4,TXN-001022,2025-04-24
1023,Patricia Bhat,CUST-0136,Webcam HD,PROD-0006,72.22,1,TXN-001023,2025-06-27
1024,Margaret Rodriguez,CUST-0444,External SSD 1TB,PROD-0010,77.83,1,TXN-001024,2024-11-16
1025,Karen Nair,CUST-0046,Laptop Stand,PROD-0009,59.55,2,TXN-001025,2024-10-14
1026,Arjun Moore,CUST-0766,Non-Stick Pan,PROD-0024,32.73,4,TXN-001026,2024-10-16
1027,Sarah Shah,CUST-0270,Travel Guide,PROD-0040,22.38,3,TXN-001027,2024-09-27
1028,Krishna Miller,CUST-0530,Coffee Maker,PROD-0021,62.05,2,TXN-001028,2024-06-17
1029,Aditya Lee,CUST-0324,Swimming Goggles,PROD-0048,16.81,5,TXN-001029,2024-06-03
1030,Sunita Malhotra,CUST-0570,Resistance Bands,PROD-0043,22.74,2,TXN-001030,2025-03-26
1031,Ananya Shah,CUST-0055,Hoodie,PROD-0013,50.64,1,TXN-001031,2024-08-23
1032,Rohit Robinson,CUST-0188,USB-C Hub,PROD-0003,61.28,2,TXN-001032,2024-06-16
1033,Deepak Singh,CUST-0723,Tea Kettle,PROD-0030,40.05,2,TXN-001033,2025-05-21
1034,Daniel Miller,CUST-0042,Dish Rack,PROD-0029,28.32,1,TXN-001034,2025-12-27
1035,Donald Mehta,CUST-0575,Data Science Handbook,PROD-0032,42.44,2,TXN-001035,2024-04-25
1036,Vikram Bhat,CUST-0738,External SSD 1TB,PROD-0010,77.83,1,TXN-001036,2024-04-05
1037,Reyansh White,CUST-0209,Cap,PROD-0019,12.46,1,TXN-001037,2024-06-21
1038,Sunita Rao,CUST-0768,Machine Learning Guide,PROD-0033,42.63,3,TXN-001038,2025-07-30
1039,Mason Williams,CUST-0680,History of AI,PROD-0038,15.71,1,TXN-001039,2024-01-05
1040,William Martinez,CUST-0539,Gym Bag,PROD-0050,52.65,2,TXN-001040,2025-03-02
1041,Meena Rao,CUST-0079,Winter Jacket,PROD-0016,125.83,3,TXN-001041,2025-11-24
1042,Sophia Desai,CUST-0097,Blender,PROD-0022,46.5,1,TXN-001042,2025-11-28
1043,Oliver Young,CUST-0697,Monitor Stand,PROD-0008,53.18,1,TXN-001043,2025-08-27
1044,Vikram Miller,CUST-0109,Coffee Maker,PROD-0021,62.05,1,TXN-001044,2024-03-24
1045,Mia White,CUST-0472,Basketball,PROD-0046,39.63,2,TXN-001045,2025-04-09
1046,Amit Rodriguez,CUST-0644,Sports Socks (3-pack),PROD-0018,13.94,2,TXN-001046,2024-01-06
1047,Manoj Reddy,CUST-0338,USB-C Hub,PROD-0003,61.28,2,TXN-001047,2025-04-08
1048,Lisa Robinson,CUST-0333,Tennis Racket,PROD-0047,61.92,5,TXN-001048,2025-08-05
1049,Sunita Patel,CUST-0133,Running Shoes,PROD-0014,41.04,4,TXN-001049,2025-10-21
1050,Daniel Thomas,CUST-0290,Coffee Maker,PROD-0021,62.05,3,TXN-001050,2024-03-13
1051,Charlotte Singh,CUST-0561,Cookbook,PROD-0039,22.32,1,TXN-001051,2025-02-12
1052,Lucas Patel,CUST-0262,Denim Jeans,PROD-0012,82.97,1,TXN-001052,2025-02-12
1053,Lisa Rodriguez,CUST-0092,Bluetooth Headphones,PROD-0002,92.28,4,TXN-001053,2024-06-15
1054,Noah Malhotra,CUST-0398,Gym Bag,PROD-0050,52.65,2,TXN-001054,2025-10-24
1055,Lucas Hernandez,CUST-0771,Dumbbells (Pair),PROD-0042,77.78,1,TXN-001055,2024-11-01
1056,Noah Pillai,CUST-0503,Cutting Board,PROD-0028,11.96,3,TXN-001056,2024-11-13
1057,Ananya Anderson,CUST-0702,Cookbook,PROD-0039,22.32,1,TXN-001057,2025-11-12
1058,Suresh Shah,CUST-0099,Non-Stick Pan,PROD-0024,32.73,2,TXN-001058,2025-05-16
1059,Deepak Kulkarni,CUST-0457,Knife Set,PROD-0025,68.52,2,TXN-001059,2025-07-30
1060,Diya Davis,CUST-0615,Cutting Board,PROD-0028,11.96,1,TXN-001060,2025-03-08
1061,James Young,CUST-0378,Travel Guide,PROD-0040,22.38,1,TXN-001061,2025-10-07
1062,Suresh Rao,CUST-0437,Webcam HD,PROD-0006,72.22,1,TXN-001062,2024-12-15
1063,Sunita Robinson,CUST-0475,Jump Rope,PROD-0044,18.67,1,TXN-001063,2025-12-03
1064,Sunita Gupta,CUST-0731,External SSD 1TB,PROD-0010,77.83,4,TXN-001064,2025-06-23
1065,Donald Williams,CUST-0645,Dumbbells (Pair),PROD-0042,77.78,2,TXN-001065,2024-10-24
1066,Riya Verma,CUST-0480,Cutting Board,PROD-0028,11.96,1,TXN-001066,2025-05-04
1067,Karen Rao,CUST-0308,External SSD 1TB,PROD-0010,77.83,5,TXN-001067,2025-12-01
1068,Karen Rao,CUST-0308,Winter Jacket,PROD-0016,125.83,2,TXN-001068,2024-10-29
1069,William Kulkarni,CUST-0583,Portable Charger,PROD-0004,42.05,2,TXN-001069,2024-02-16
1070,William Smith,CUST-0526,Keyboard Mechanical,PROD-0007,97.82,2,TXN-001070,2025-02-26
1071,Sophia Desai,CUST-0097,Tea Kettle,PROD-0030,40.05,2,TXN-001071,2025-08-05
1072,Sandra Kulkarni,CUST-0260,Toaster,PROD-0023,31.12,1,TXN-001072,2024-03-24
1073,Charles Chopra,CUST-0788,Machine Learning Guide,PROD-0033,42.63,1,TXN-001073,2025-11-08
1074,Vivaan Kulkarni,CUST-0474,Denim Jeans,PROD-0012,82.97,3,TXN-001074,2025-02-06
1075,Sunita Kumar,CUST-0047,Webcam HD,PROD-0006,72.22,2,TXN-001075,2025-12-22
1076,Neha Mehta,CUST-0305,Coffee Maker,PROD-0021,62.05,2,TXN-001076,2025-04-10
1077,Lucas Singh,CUST-0776,Resistance Bands,PROD-0043,22.74,2,TXN-001077,2024-09-28
1078,Neha Lewis,CUST-0350,Denim Jeans,PROD-0012,82.97,1,TXN-001078,2024-03-21
1079,Joseph Garcia,CUST-0765,Cookbook,PROD-0039,22.32,1,TXN-001079,2025-11-20
1080,Vikram Miller,CUST-0109,Cutting Board,PROD-0028,11.96,2,TXN-001080,2024-01-06
1081,Vikram Miller,CUST-0405,Monitor Stand,PROD-0008,53.18,1,TXN-001081,2025-11-02
1082,Mason Anderson,CUST-0489,Tea Kettle,PROD-0030,40.05,2,TXN-001082,2025-11-04
1083,Vikram King,CUST-0763,Cookbook,PROD-0039,22.32,3,TXN-001083,2024-11-06
1084,Vihaan Rao,CUST-0634,Travel Guide,PROD-0040,22.38,1,TXN-001084,2025-11-20
1085,Myra Patel,CUST-0707,Jump Rope,PROD-0044,18.67,1,TXN-001085,2024-11-05
1086,Nikhil Garcia,CUST-0090,Laptop Stand,PROD-0009,59.55,1,TXN-001086,2024-07-14
1087,Isabella Jackson,CUST-0115,Bluetooth Headphones,PROD-0002,92.28,2,TXN-001087,2024-07-11
1088,Anthony Joshi,CUST-0028,Running Shoes,PROD-0014,41.04,2,TXN-001088,2024-05-28
1089,Divya Singh,CUST-0666,Winter Jacket,PROD-0016,125.83,2,TXN-001089,2025-10-03
1090,Nisha Clark,CUST-0552,Hoodie,PROD-0013,50.64,1,TXN-001090,2025-04-19
1091,Reyansh Iyer,CUST-0152,Python Programming,PROD-0031,22.63,2,TXN-001091,2024-04-29
1092,Richard Johnson,CUST-0171,External SSD 1TB,PROD-0010,77.83,3,TXN-001092,2025-03-31
1093,Daniel Singh,CUST-0497,Python Programming,PROD-0031,22.63,1,TXN-001093,2025-04-05
1094,Robert Davis,CUST-0600,Winter Jacket,PROD-0016,125.83,1,TXN-001094,2025-08-06
1095,Sandra Lee,CUST-0402,Portable Charger,PROD-0004,42.05,1,TXN-001095,2024-04-15
1096,Nisha Reddy,CUST-0646,Basketball,PROD-0046,39.63,2,TXN-001096,2025-03-01
1097,Jennifer Martin,CUST-0508,Swimming Goggles,PROD-0048,16.81,2,TXN-001097,2025-07-21
1098,William Nair,CUST-0298,USB-C Hub,PROD-0003,61.28,2,TXN-001098,2025-05-12
1099,William Smith,CUST-0526,History of AI,PROD-0038,15.71,3,TXN-001099,2025-11-25
1100,Sai Kumar,CUST-0500,Formal Shirt,PROD-0015,57.36,3,TXN-001100,2025-06-24
1101,Donald Menon,CUST-0020,Cutting Board,PROD-0028,11.96,2,TXN-001101,2025-07-20
1102,Sara Allen,CUST-0066,Sports Socks (3-pack),PROD-0018,13.94,4,TXN-001102,2025-03-03
1103,Ashley Harris,CUST-0485,Monitor Stand,PROD-0008,53.18,2,TXN-001103,2025-10-23
1104,Ishaan Rodriguez,CUST-0356,Dish Rack,PROD-0029,28.32,2,TXN-001104,2024-01-22
1105,Betty Rodriguez,CUST-0166,Cap,PROD-0019,12.46,3,TXN-001105,2025-04-25
1106,Sneha Taylor,CUST-0353,Dish Rack,PROD-0029,28.32,1,TXN-001106,2024-08-12
1107,Mia Chopra,CUST-0602,Jump Rope,PROD-0044,18.67,1,TXN-001107,2025-09-08
1108,Aadhya Lewis,CUST-0733,Resistance Bands,PROD-0043,22.74,2,TXN-001108,2024-10-27
1109,Divya Davis,CUST-0741,Basketball,PROD-0046,39.63,1,TXN-001109,2025-03-02
1110,Ashley Jones,CUST-0690,Dumbbells (Pair),PROD-0042,77.78,3,TXN-001110,2025-04-28
1111,Betty Rodriguez,CUST-0166,Travel Guide,PROD-0040,22.38,1,TXN-001111,2025-12-08
1112,Sunita Rao,CUST-0768,Webcam HD,PROD-0006,72.22,2,TXN-001112,2024-05-12
1113,Matthew Reddy,CUST-0178,Hoodie,PROD-0013,50.64,1,TXN-001113,2025-05-18
1114,Divya Wright,CUST-0104,Storage Containers,PROD-0027,35.05,4,TXN-001114,2025-05-20
1115,Mia Nair,CUST-0311,Winter Jacket,PROD-0016,125.83,1,TXN-001115,2024-02-18
1116,Riya Menon,CUST-0019,Toaster,PROD-0023,31.12,4,TXN-001116,2024-12-31
1117,Oliver Patel,CUST-0694,Cotton T-Shirt,PROD-0011,30.65,1,TXN-001117,2025-05-30
1118,Isha Nair,CUST-0033,Smartwatch,PROD-0005,158.2,1,TXN-001118,2024-04-26
1119,Ashley King,CUST-0633,Formal Shirt,PROD-0015,57.36,1,TXN-001119,2024-08-17
1120,Sai Rao,CUST-0499,Casual Shorts,PROD-0017,29.07,5,TXN-001120,2024-12-29
1121,Charles Chopra,CUST-0788,USB-C Hub,PROD-0003,61.28,3,TXN-001121,2025-07-24
1122,Jessica Chopra,CUST-0274,External SSD 1TB,PROD-0010,77.83,4,TXN-001122,2025-06-11
1123,Manoj Young,CUST-0619,Resistance Bands,PROD-0043,22.74,1,TXN-001123,2024-02-21
1124,Karan Miller,CUST-0449,Tea Kettle,PROD-0030,40.05,5,TXN-001124,2024-04-23
1125,Vikram Miller,CUST-0109,Travel Guide,PROD-0040,22.38,2,TXN-001125,2024-04-14
1126,Manoj Thomas,CUST-0576,USB-C Hub,PROD-0003,61.28,2,TXN-001126,2024-06-20
1127,Nisha Reddy,CUST-0646,Monitor Stand,PROD-0008,53.18,4,TXN-001127,2025-01-05
1128,Nisha Lee,CUST-0161,Tennis Racket,PROD-0047,61.92,1,TXN-001128,2025-03-28
1129,Margaret Young,CUST-0781,Machine Learning Guide,PROD-0033,42.63,2,TXN-001129,2024-04-11
1130,Oliver Kumar,CUST-0158,Dumbbells (Pair),PROD-0042,77.78,1,TXN-001130,2024-05-21
1131,Pooja Kumar,CUST-0126,Hoodie,PROD-0013,50.64,2,TXN-001131,2025-03-01
1132,Charles Chopra,CUST-0788,Gym Bag,PROD-0050,52.65,1,TXN-001132,2025-04-30
1133,Neha Lewis,CUST-0350,Cap,PROD-0019,12.46,2,TXN-001133,2024-03-28
1134,Sophia Davis,CUST-0273,Non-Stick Pan,PROD-0024,32.73,3,TXN-001134,2025-02-28
1135,Diya Thomas,CUST-0370,Yoga Mat,PROD-0041,42.7,2,TXN-001135,2024-06-04
1136,Patricia Taylor,CUST-0772,Cycling Gloves,PROD-0049,31.15,2,TXN-001136,2024-08-21
1137,Oliver Johnson,CUST-0142,Cutting Board,PROD-0028,11.96,2,TXN-001137,2025-02-23
1138,Vikram Johnson,CUST-0470,Web Development,PROD-0034,44.41,3,TXN-001138,2025-01-05
1139,Michael Malhotra,CUST-0031,Dish Rack,PROD-0029,28.32,1,TXN-001139,2024-01-11
1140,Robert Williams,CUST-0735,Web Development,PROD-0034,44.41,4,TXN-001140,2024-03-27
1141,Rahul Verma,CUST-0347,Coffee Maker,PROD-0021,62.05,2,TXN-001141,2024-06-17
1142,Jessica Martinez,CUST-0445,Portable Charger,PROD-0004,42.05,1,TXN-001142,2024-02-07
1143,Linda Walker,CUST-0677,Dumbbells (Pair),PROD-0042,77.78,1,TXN-001143,2025-08-11
1144,Nikhil Martinez,CUST-0060,Yoga Mat,PROD-0041,42.7,5,TXN-001144,2025-11-07
1145,Donald Thomas,CUST-0533,Cap,PROD-0019,12.46,2,TXN-001145,2025-11-28
1146,Neha Iyer,CUST-0718,Self-Help Guide,PROD-0036,10.26,4,TXN-001146,2024-11-17
1147,Sneha Taylor,CUST-0353,Wireless Mouse,PROD-0001,45.68,3,TXN-001147,2025-06-24
1148,Jessica Rao,CUST-0626,External SSD 1TB,PROD-0010,77.83,3,TXN-001148,2025-04-01
1149,Sunita Harris,CUST-0660,Running Shoes,PROD-0014,41.04,4,TXN-001149,2025-10-01
1150,Vihaan Rao,CUST-0634,Dumbbells (Pair),PROD-0042,77.78,2,TXN-001150,2024-12-19
1151,Sneha Verma,CUST-0665,Water Bottle,PROD-0026,17.56,3,TXN-001151,2024-11-04
1152,Charlotte Smith,CUST-0087,USB-C Hub,PROD-0003,61.28,2,TXN-001152,2025-02-03
1153,William Thompson,CUST-0743,Tennis Racket,PROD-0047,61.92,3,TXN-001153,2024-05-09
1154,Donald Thomas,CUST-0533,Business Strategy,PROD-0035,33.11,1,TXN-001154,2024-04-05
1155,Thomas Johnson,CUST-0524,Self-Help Guide,PROD-0036,10.26,1,TXN-001155,2024-12-14
1156,Lucas Singh,CUST-0776,Yoga Mat,PROD-0041,42.7,1,TXN-001156,2024-01-29
1157,Lucas Jones,CUST-0553,History of AI,PROD-0038,15.71,1,TXN-001157,2024-11-07
1158,Linda Martin,CUST-0744,Cutting Board,PROD-0028,11.96,5,TXN-001158,2024-04-23
1159,Arjun Thompson,CUST-0750,Portable Charger,PROD-0004,42.05,3,TXN-001159,2024-09-22
1160,Pooja Nair,CUST-0643,Machine Learning Guide,PROD-0033,42.63,1,TXN-001160,2024-02-18
1161,Arjun Jones,CUST-0775,Dumbbells (Pair),PROD-0042,77.78,4,TXN-001161,2025-04-04
1162,Thomas Gupta,CUST-0306,Fiction Novel,PROD-0037,12.83,3,TXN-001162,2025-04-09
1163,Arjun Nair,CUST-0348,Winter Jacket,PROD-0016,125.83,3,TXN-001163,2025-08-18
1164,Diya Garcia,CUST-0580,Basketball,PROD-0046,39.63,4,TXN-001164,2025-10-04
1165,Aarav Robinson,CUST-0682,Business Strategy,PROD-0035,33.11,3,TXN-001165,2024-08-27
1166,Margaret Rao,CUST-0359,Scarf,PROD-0020,33.28,1,TXN-001166,2025-08-09
1167,Jessica Mehta,CUST-0689,Laptop Stand,PROD-0009,59.55,3,TXN-001167,2025-06-16
1168,Linda Menon,CUST-0756,Winter Jacket,PROD-0016,125.83,1,TXN-001168,2025-06-12
1169,Amit Rodriguez,CUST-0597,Hoodie,PROD-0013,50.64,3,TXN-001169,2025-01-04
1170,Jessica Miller,CUST-0466,Keyboard Mechanical,PROD-0007,97.82,1,TXN-001170,2025-03-11
1171,Ayaan Wright,CUST-0422,Webcam HD,PROD-0006,72.22,1,TXN-001171,2025-03-11
1172,Noah Lopez,CUST-0134,Python Programming,PROD-0031,22.63,1,TXN-001172,2024-03-20
1173,Margaret Martin,CUST-0379,Jump Rope,PROD-0044,18.67,2,TXN-001173,2025-08-25
1174,Amit Lopez,CUST-0573,Web Development,PROD-0034,44.41,3,TXN-001174,2024-09-27
1175,Myra Nair,CUST-0599,Data Science Handbook,PROD-0032,42.44,2,TXN-001175,2025-03-26
1176,Suresh Bhat,CUST-0706,Data Science Handbook,PROD-0032,42.44,3,TXN-001176,2025-03-02
1177,Mary White,CUST-0167,External SSD 1TB,PROD-0010,77.83,2,TXN-001177,2025-05-11
1178,Krishna Malhotra,CUST-0729,Tea Kettle,PROD-0030,40.05,1,TXN-001178,2025-12-22
1179,William Smith,CUST-0526,Web Development,PROD-0034,44.41,1,TXN-001179,2024-08-05
1180,Donald Anderson,CUST-0467,Python Programming,PROD-0031,22.63,1,TXN-001180,2024-06-09
1181,Amit Lopez,CUST-0573,Non-Stick Pan,PROD-0024,32.73,4,TXN-001181,2024-05-01
1182,Pari Robinson,CUST-0617,Storage Containers,PROD-0027,35.05,1,TXN-001182,2025-01-13
1183,Charles Verma,CUST-0586,Cap,PROD-0019,12.46,1,TXN-001183,2024-06-05
1184,Aditya Lopez,CUST-0121,Non-Stick Pan,PROD-0024,32.73,1,TXN-001184,2025-01-18
1185,Mia Nair,CUST-0311,Cap,PROD-0019,12.46,2,TXN-001185,2024-05-26
1186,Myra Desai,CUST-0146,History of AI,PROD-0038,15.71,2,TXN-001186,2024-11-08
1187,Patricia Walker,CUST-0291,Running Shoes,PROD-0014,41.04,1,TXN-001187,2025-05-15
1188,Arjun Verma,CUST-0003,Monitor Stand,PROD-0008,53.18,2,TXN-001188,2024-03-10
1189,Karen Nair,CUST-0046,Storage Containers,PROD-0027,35.05,2,TXN-001189,2024-11-13
1190,Diya Garcia,CUST-0580,Dish Rack,PROD-0029,28.32,4,TXN-001190,2025-01-21
1191,Meena Kumar,CUST-0487,Tennis Racket,PROD-0047,61.92,3,TXN-001191,2024-05-15
1192,Margaret Young,CUST-0781,Laptop Stand,PROD-0009,59.55,2,TXN-001192,2025-04-16
1193,Manoj Lopez,CUST-0780,Dish Rack,PROD-0029,28.32,2,TXN-001193,2024-06-01
1194,Mary Bhat,CUST-0746,Coffee Maker,PROD-0021,62.05,1,TXN-001194,2025-10-01
1195,David Malhotra,CUST-0681,Travel Guide,PROD-0040,22.38,2,TXN-001195,2024-08-26
1196,Vikram Miller,CUST-0405,Blender,PROD-0022,46.5,2,TXN-001196,2025-11-17
1197,Ashley Davis,CUST-0454,Swimming Goggles,PROD-0048,16.81,1,TXN-001197,2024-03-31
1198,Liam Davis,CUST-0170,Basketball,PROD-0046,39.63,1,TXN-001198,2025-10-07
1199,Vivaan Nair,CUST-0791,Basketball,PROD-0046,39.63,1,TXN-001199,2025-10-22
1200,Nikhil Lewis,CUST-0127,Dumbbells (Pair),PROD-0042,77.78,2,TXN-001200,2024-07-16
1201,Vihaan Rao,CUST-0634,Business Strategy,PROD-0035,33.11,2,TXN-001201,2024-02-24
1202,Mary Chopra,CUST-0584,Web Development,PROD-0034,44.41,1,TXN-001202,2025-05-02
1203,Vihaan Patel,CUST-0515,Bluetooth Headphones,PROD-0002,92.28,1,TXN-001203,2025-06-28
1204,Manoj Sharma,CUST-0185,Bluetooth Headphones,PROD-0002,92.28,1,TXN-001204,2024-07-29
1205,Karan White,CUST-0252,Basketball,PROD-0046,39.63,3,TXN-001205,2025-08-16
1206,Sunita Martinez,CUST-0455,Webcam HD,PROD-0006,72.22,3,TXN-001206,2025-09-13
1207,Sai Lee,CUST-0329,Water Bottle,PROD-0026,17.56,2,TXN-001207,2025-05-18
1208,Lisa Hernandez,CUST-0024,Blender,PROD-0022,46.5,2,TXN-001208,2025-02-28
1209,Aanya Lewis,CUST-0025,Web Development,PROD-0034,44.41,1,TXN-001209,2024-09-20
1210,Charlotte Johnson,CUST-0094,Monitor Stand,PROD-0008,53.18,5,TXN-001210,2025-07-08
1211,Oliver Gupta,CUST-0173,Cap,PROD-0019,12.46,1,TXN-001211,2024-09-18
1212,Ishaan Young,CUST-0787,Webcam HD,PROD-0006,72.22,1,TXN-001212,2025-02-21
1213,Vihaan Davis,CUST-0695,Cotton T-Shirt,PROD-0011,30.65,1,TXN-001213,2024-11-29
1214,Matthew Iyer,CUST-0186,Bluetooth Headphones,PROD-0002,92.28,3,TXN-001214,2024-11-01
1215,Vihaan White,CUST-0400,Keyboard Mechanical,PROD-0007,97.82,1,TXN-001215,2025-02-26
1216,Jennifer Moore,CUST-0332,Casual Shorts,PROD-0017,29.07,1,TXN-001216,2024-05-03
1217,Nancy Thomas,CUST-0054,Hoodie,PROD-0013,50.64,1,TXN-001217,2025-09-03
1218,Ananya Pillai,CUST-0601,Winter Jacket,PROD-0016,125.83,2,TXN-001218,2025-05-31
1219,Neha White,CUST-0395,Monitor Stand,PROD-0008,53.18,1,TXN-001219,2024-11-21
1220,Oliver Smith,CUST-0476,Self-Help Guide,PROD-0036,10.26,2,TXN-001220,2025-05-10
1221,Aarav White,CUST-0030,Storage Containers,PROD-0027,35.05,2,TXN-001221,2024-01-20
1222,Sara Pillai,CUST-0276,Self-Help Guide,PROD-0036,10.26,5,TXN-001222,2025-11-22
1223,Divya Wright,CUST-0104,Winter Jacket,PROD-0016,125.83,3,TXN-001223,2025-10-29
1224,Krishna Thomas,CUST-0129,Scarf,PROD-0020,33.28,2,TXN-001224,2025-04-01
1225,Pooja Brown,CUST-0086,Yoga Mat,PROD-0041,42.7,2,TXN-001225,2024-05-25
1226,Betty Thomas,CUST-0383,Business Strategy,PROD-0035,33.11,5,TXN-001226,2024-09-08
1227,Sneha Brown,CUST-0551,Cutting Board,PROD-0028,11.96,5,TXN-001227,2025-07-22
1228,Suresh Miller,CUST-0463,USB-C Hub,PROD-0003,61.28,1,TXN-001228,2025-04-20
1229,Anjali Joshi,CUST-0636,Cap,PROD-0019,12.46,2,TXN-001229,2024-06-20
1230,Aanya Verma,CUST-0001,Portable Charger,PROD-0004,42.05,4,TXN-001230,2025-05-08
1231,Riya Pillai,CUST-0280,Cookbook,PROD-0039,22.32,1,TXN-001231,2025-11-27
1232,Elizabeth Thomas,CUST-0390,Toaster,PROD-0023,31.12,3,TXN-001232,2024-08-05
1233,Robert Davis,CUST-0600,Machine Learning Guide,PROD-0033,42.63,1,TXN-001233,2024-06-14
1234,Daniel Singh,CUST-0757,Business Strategy,PROD-0035,33.11,2,TXN-001234,2024-11-03
1235,Lisa Rodriguez,CUST-0092,Water Bottle,PROD-0026,17.56,2,TXN-001235,2024-05-23
1236,William Thompson,CUST-0743,Self-Help Guide,PROD-0036,10.26,5,TXN-001236,2025-03-18
1237,Lisa Kumar,CUST-0216,Travel Guide,PROD-0040,22.38,2,TXN-001237,2024-11-21
1238,Oliver Taylor,CUST-0699,Blender,PROD-0022,46.5,2,TXN-001238,2025-12-25
1239,Isabella Allen,CUST-0464,Sports Socks (3-pack),PROD-0018,13.94,1,TXN-001239,2024-11-25
1240,Neha Lewis,CUST-0350,Running Shoes,PROD-0014,41.04,2,TXN-001240,2025-09-05
1241,Rohit Chopra,CUST-0337,Bluetooth Headphones,PROD-0002,92.28,4,TXN-001241,2024-05-16
1242,Jessica Desai,CUST-0662,Wireless Mouse,PROD-0001,45.68,2,TXN-001242,2024-01-05
1243,Swati Lee,CUST-0010,Jump Rope,PROD-0044,18.67,1,TXN-001243,2025-07-23
1244,Riya White,CUST-0714,Basketball,PROD-0046,39.63,2,TXN-001244,2025-02-06
1245,Nisha Clark,CUST-0552,Webcam HD,PROD-0006,72.22,3,TXN-001245,2025-10-26
1246,Meena Mehta,CUST-0667,Smartwatch,PROD-0005,158.2,2,TXN-001246,2025-11-18
1247,Aanya Gupta,CUST-0456,Jump Rope,PROD-0044,18.67,1,TXN-001247,2025-01-20
1248,Ayaan Malhotra,CUST-0616,Toaster,PROD-0023,31.12,1,TXN-001248,2025-12-14
1249,Charles Moore,CUST-0009,Monitor Stand,PROD-0008,53.18,2,TXN-001249,2024-07-16
1250,Aanya Gupta,CUST-0456,Wireless Mouse,PROD-0001,45.68,1,TXN-001250,2024-01-21
1251,Aanya Miller,CUST-0777,Sports Socks (3-pack),PROD-0018,13.94,2,TXN-001251,2025-12-27
1252,Nikhil Mehta,CUST-0367,Hoodie,PROD-0013,50.64,1,TXN-001252,2025-09-20
1253,Isha Pillai,CUST-0641,Scarf,PROD-0020,33.28,3,TXN-001253,2024-08-14
1254,Susan Davis,CUST-0240,Data Science Handbook,PROD-0032,42.44,5,TXN-001254,2024-02-07
1255,Anthony Jones,CUST-0288,Data Science Handbook,PROD-0032,42.44,4,TXN-001255,2025-12-24
1256,Ishaan Taylor,CUST-0621,Running Shoes,PROD-0014,41.04,1,TXN-001256,2025-10-15
1257,Ayaan Walker,CUST-0406,Monitor Stand,PROD-0008,53.18,4,TXN-001257,2025-08-05
1258,Manoj Joshi,CUST-0513,Data Science Handbook,PROD-0032,42.44,1,TXN-001258,2024-07-17
1259,Riya Wright,CUST-0676,Swimming Goggles,PROD-0048,16.81,2,TXN-001259,2025-11-29
1260,Mark Hernandez,CUST-0618,Fiction Novel,PROD-0037,12.83,1,TXN-001260,2025-08-25
1261,Nancy Martinez,CUST-0132,Swimming Goggles,PROD-0048,16.81,1,TXN-001261,2024-09-22
1262,Mary Chopra,CUST-0584,Formal Shirt,PROD-0015,57.36,4,TXN-001262,2024-10-07
1263,Sarah Joshi,CUST-0197,Jump Rope,PROD-0044,18.67,1,TXN-001263,2025-12-10
1264,Vihaan Davis,CUST-0695,Business Strategy,PROD-0035,33.11,2,TXN-001264,2025-11-28
1265,Ayaan Jackson,CUST-0574,Tea Kettle,PROD-0030,40.05,1,TXN-001265,2025-03-13
1266,William Taylor,CUST-0657,Jump Rope,PROD-0044,18.67,4,TXN-001266,2024-02-23
1267,Sara Wright,CUST-0331,Cutting Board,PROD-0028,11.96,3,TXN-001267,2025-02-20
1268,Priya White,CUST-0281,Monitor Stand,PROD-0008,53.18,2,TXN-001268,2025-04-22
1269,Jennifer Martin,CUST-0508,Non-Stick Pan,PROD-0024,32.73,2,TXN-001269,2024-02-14
1270,Vivaan Anderson,CUST-0739,Formal Shirt,PROD-0015,57.36,1,TXN-001270,2025-03-06
1271,Oliver Mehta,CUST-0546,Dish Rack,PROD-0029,28.32,1,TXN-001271,2025-02-05
1272,Sandra Miller,CUST-0200,Blender,PROD-0022,46.5,1,TXN-001272,2025-08-08
1273,Patricia Reddy,CUST-0026,Swimming Goggles,PROD-0048,16.81,1,TXN-001273,2025-12-07
1274,Michael Robinson,CUST-0434,Smartwatch,PROD-0005,158.2,4,TXN-001274,2024-07-20
1275,Priya Anderson,CUST-0169,Blender,PROD-0022,46.5,1,TXN-001275,2025-10-03
1276,Isha Pillai,CUST-0641,Keyboard Mechanical,PROD-0007,97.82,1,TXN-001276,2025-03-18
1277,Aanya Lewis,CUST-0025,History of AI,PROD-0038,15.71,3,TXN-001277,2024-12-08
1278,Manoj Verma,CUST-0257,Winter Jacket,PROD-0016,125.83,1,TXN-001278,2024-09-01
1279,Michael Brown,CUST-0349,Portable Charger,PROD-0004,42.05,3,TXN-001279,2025-06-16
1280,Mary Jones,CUST-0243,Smartwatch,PROD-0005,158.2,3,TXN-001280,2025-09-26
1281,Jessica Brown,CUST-0450,Cycling Gloves,PROD-0049,31.15,1,TXN-001281,2025-04-02
1282,Patricia Reddy,CUST-0593,Monitor Stand,PROD-0008,53.18,1,TXN-001282,2024-03-03
1283,Pooja Walker,CUST-0035,Knife Set,PROD-0025,68.52,1,TXN-001283,2025-12-11
1284,Mia Kulkarni,CUST-0067,Laptop Stand,PROD-0009,59.55,1,TXN-001284,2025-03-28
1285,Lucas Gupta,CUST-0057,Scarf,PROD-0020,33.28,2,TXN-001285,2025-03-18
1286,Nisha Thomas,CUST-0068,Keyboard Mechanical,PROD-0007,97.82,2,TXN-001286,2025-07-26
1287,Nancy Thomas,CUST-0054,Cap,PROD-0019,12.46,3,TXN-001287,2025-02-15
1288,Suresh Shah,CUST-0099,Travel Guide,PROD-0040,22.38,3,TXN-001288,2024-08-26
1289,Krishna Malhotra,CUST-0614,Resistance Bands,PROD-0043,22.74,2,TXN-001289,2025-04-09
1290,Pari Walker,CUST-0394,Tea Kettle,PROD-0030,40.05,3,TXN-001290,2025-09-27
1291,Vivaan Johnson,CUST-0635,Keyboard Mechanical,PROD-0007,97.82,1,TXN-001291,2025-11-22
1292,Aarav Young,CUST-0027,Tea Kettle,PROD-0030,40.05,2,TXN-001292,2025-08-24
1293,Nikhil Verma,CUST-0198,Keyboard Mechanical,PROD-0007,97.82,1,TXN-001293,2025-09-01
1294,Sunita Gupta,CUST-0731,Smartwatch,PROD-0005,158.2,2,TXN-001294,2024-07-17
1295,Aarav Davis,CUST-0587,Laptop Stand,PROD-0009,59.55,2,TXN-001295,2024-09-19
1296,Ishaan Rodriguez,CUST-0364,Storage Containers,PROD-0027,35.05,2,TXN-001296,2025-09-27
1297,Aanya Gupta,CUST-0456,Denim Jeans,PROD-0012,82.97,1,TXN-001297,2024-02-15
1298,Anthony Menon,CUST-0062,Laptop Stand,PROD-0009,59.55,1,TXN-001298,2025-03-22
1299,William Smith,CUST-0526,Dumbbells (Pair),PROD-0042,77.78,3,TXN-001299,2024-11-14
1300,Neha Miller,CUST-0598,Business Strategy,PROD-0035,33.11,3,TXN-001300,2024-05-30
1301,Jessica Chopra,CUST-0481,Scarf,PROD-0020,33.28,2,TXN-001301,2024-10-25
1302,James Young,CUST-0378,Wireless Mouse,PROD-0001,45.68,2,TXN-001302,2025-11-04
1303,Vihaan Davis,CUST-0695,External SSD 1TB,PROD-0010,77.83,1,TXN-001303,2025-06-03
1304,Amit Lopez,CUST-0573,Portable Charger,PROD-0004,42.05,2,TXN-001304,2024-07-19
1305,Charles Malhotra,CUST-0206,Yoga Mat,PROD-0041,42.7,4,TXN-001305,2024-03-11
1306,Neha Lewis,CUST-0350,Hoodie,PROD-0013,50.64,2,TXN-001306,2025-12-12
1307,Jessica Moore,CUST-0709,Tea Kettle,PROD-0030,40.05,2,TXN-001307,2024-12-05
1308,Patricia Reddy,CUST-0593,Fiction Novel,PROD-0037,12.83,5,TXN-001308,2025-09-22
1309,Deepak Rodriguez,CUST-0307,Storage Containers,PROD-0027,35.05,1,TXN-001309,2024-04-17
1310,Jessica Miller,CUST-0466,USB-C Hub,PROD-0003,61.28,2,TXN-001310,2024-01-04
1311,Isha Patel,CUST-0655,Formal Shirt,PROD-0015,57.36,2,TXN-001311,2025-04-22
1312,Ananya Thompson,CUST-0639,Running Shoes,PROD-0014,41.04,1,TXN-001312,2024-12-05
1313,Daniel Desai,CUST-0758,Knife Set,PROD-0025,68.52,1,TXN-001313,2024-07-07
1314,Neha Kulkarni,CUST-0007,Non-Stick Pan,PROD-0024,32.73,1,TXN-001314,2025-01-01
1315,Michael Malhotra,CUST-0031,Self-Help Guide,PROD-0036,10.26,1,TXN-001315,2024-10-24
1316,Ananya Lewis,CUST-0451,Hoodie,PROD-0013,50.64,2,TXN-001316,2025-01-03
1317,Patricia Joshi,CUST-0045,Bluetooth Headphones,PROD-0002,92.28,1,TXN-001317,2024-10-17
1318,Rahul Malhotra,CUST-0179,Formal Shirt,PROD-0015,57.36,4,TXN-001318,2024-06-27
1319,Arjun Nair,CUST-0348,Self-Help Guide,PROD-0036,10.26,1,TXN-001319,2024-07-19
1320,Joseph White,CUST-0023,Denim Jeans,PROD-0012,82.97,3,TXN-001320,2024-04-13
1321,Reyansh Reddy,CUST-0022,Jump Rope,PROD-0044,18.67,1,TXN-001321,2025-11-01
1322,Lisa Nair,CUST-0114,Blender,PROD-0022,46.5,4,TXN-001322,2024-11-08
1323,Riya Martinez,CUST-0468,Winter Jacket,PROD-0016,125.83,1,TXN-001323,2025-01-16
1324,Linda Walker,CUST-0677,Cotton T-Shirt,PROD-0011,30.65,4,TXN-001324,2025-09-30
1325,Jessica Martinez,CUST-0445,Basketball,PROD-0046,39.63,1,TXN-001325,2024-05-27
1326,Noah Lopez,CUST-0134,Hoodie,PROD-0013,50.64,1,TXN-001326,2025-01-22
1327,Priya Mehta,CUST-0712,Non-Stick Pan,PROD-0024,32.73,1,TXN-001327,2025-03-15
1328,Aadhya Sharma,CUST-0652,Winter Jacket,PROD-0016,125.83,4,TXN-001328,2025-09-22
1329,Mia Chopra,CUST-0602,Hoodie,PROD-0013,50.64,4,TXN-001329,2024-10-28
1330,Sunita Reddy,CUST-0153,Coffee Maker,PROD-0021,62.05,1,TXN-001330,2025-10-06
1331,Linda Chopra,CUST-0287,Laptop Stand,PROD-0009,59.55,4,TXN-001331,2025-08-21
1332,Arjun Shah,CUST-0501,Running Shoes,PROD-0014,41.04,3,TXN-001332,2025-04-26
1333,Mason Williams,CUST-0680,Travel Guide,PROD-0040,22.38,1,TXN-001333,2025-06-04
1334,Noah Malhotra,CUST-0398,Cycling Gloves,PROD-0049,31.15,4,TXN-001334,2025-06-05
1335,Aditya Patel,CUST-0384,Data Science Handbook,PROD-0032,42.44,2,TXN-001335,2024-07-02
1336,Aditya Williams,CUST-0330,Basketball,PROD-0046,39.63,1,TXN-001336,2025-12-12
1337,Noah Pillai,CUST-0495,Basketball,PROD-0046,39.63,5,TXN-001337,2025-04-30
1338,Amit Lopez,CUST-0275,History of AI,PROD-0038,15.71,2,TXN-001338,2025-08-20
1339,Divya Singh,CUST-0666,USB-C Hub,PROD-0003,61.28,1,TXN-001339,2024-07-26
1340,Suresh Miller,CUST-0463,Winter Jacket,PROD-0016,125.83,1,TXN-001340,2024-11-09
1341,Anjali Robinson,CUST-0436,Knife Set,PROD-0025,68.52,2,TXN-001341,2025-01-18
1342,Rahul Brown,CUST-0261,Self-Help Guide,PROD-0036,10.26,1,TXN-001342,2024-03-27
1343,Myra Thomas,CUST-0303,Dish Rack,PROD-0029,28.32,2,TXN-001343,2024-08-23
1344,Neha Miller,CUST-0598,USB-C Hub,PROD-0003,61.28,2,TXN-001344,2025-09-28
1345,Jennifer Lopez,CUST-0345,Cutting Board,PROD-0028,11.96,2,TXN-001345,2025-03-18
1346,John Walker,CUST-0419,Non-Stick Pan,PROD-0024,32.73,3,TXN-001346,2024-11-20
1347,Riya Pillai,CUST-0280,Knife Set,PROD-0025,68.52,1,TXN-001347,2025-03-28
1348,Susan Davis,CUST-0240,Casual Shorts,PROD-0017,29.07,2,TXN-001348,2025-01-02
1349,Sai Walker,CUST-0085,Cap,PROD-0019,12.46,3,TXN-001349,2025-06-09
1350,Matthew Chopra,CUST-0560,Dumbbells (Pair),PROD-0042,77.78,1,TXN-001350,2024-10-10
1351,Aanya Clark,CUST-0234,Keyboard Mechanical,PROD-0007,97.82,1,TXN-001351,2025-01-03
1352,Margaret Pillai,CUST-0040,Business Strategy,PROD-0035,33.11,1,TXN-001352,2024-07-20
1353,Swati Verma,CUST-0692,Blender,PROD-0022,46.5,1,TXN-001353,2025-11-30
1354,Betty Martinez,CUST-0282,Hoodie,PROD-0013,50.64,3,TXN-001354,2024-05-21
1355,Lucas Hernandez,CUST-0771,Basketball,PROD-0046,39.63,3,TXN-001355,2024-09-24
1356,Charles Moore,CUST-0009,Gym Bag,PROD-0050,52.65,1,TXN-001356,2024-12-20
1357,Swati Gupta,CUST-0414,Water Bottle,PROD-0026,17.56,3,TXN-001357,2025-11-02
1358,Rahul Brown,CUST-0013,Python Programming,PROD-0031,22.63,2,TXN-001358,2024-06-01
1359,Priya Martinez,CUST-0408,Formal Shirt,PROD-0015,57.36,1,TXN-001359,2024-08-02
1360,Reyansh King,CUST-0486,Formal Shirt,PROD-0015,57.36,2,TXN-001360,2025-07-19
1361,Lucas Singh,CUST-0776,Tea Kettle,PROD-0030,40.05,3,TXN-001361,2025-04-17
1362,Michael Brown,CUST-0349,Webcam HD,PROD-0006,72.22,1,TXN-001362,2024-07-11
1363,Sandra Rodriguez,CUST-0440,Gym Bag,PROD-0050,52.65,4,TXN-001363,2025-03-03
1364,Rajesh Anderson,CUST-0215,Dish Rack,PROD-0029,28.32,2,TXN-001364,2025-07-25
1365,Michael Malhotra,CUST-0031,Non-Stick Pan,PROD-0024,32.73,1,TXN-001365,2024-05-11
1366,Ananya King,CUST-0313,Swimming Goggles,PROD-0048,16.81,1,TXN-001366,2025-11-05
1367,Ishaan Rodriguez,CUST-0364,Blender,PROD-0022,46.5,1,TXN-001367,2025-03-11
1368,Daniel Taylor,CUST-0703,Cycling Gloves,PROD-0049,31.15,2,TXN-001368,2025-12-08
1369,Sneha Brown,CUST-0551,Scarf,PROD-0020,33.28,1,TXN-001369,2024-01-24
1370,Diya Young,CUST-0582,USB-C Hub,PROD-0003,61.28,4,TXN-001370,2024-06-06
1371,Thomas Jones,CUST-0339,Fiction Novel,PROD-0037,12.83,2,TXN-001371,2025-09-09
1372,Sara Jackson,CUST-0623,Fiction Novel,PROD-0037,12.83,4,TXN-001372,2025-01-25
1373,Mia Williams,CUST-0210,Water Bottle,PROD-0026,17.56,1,TXN-001373,2025-01-30
1374,Neha Kumar,CUST-0193,Python Programming,PROD-0031,22.63,1,TXN-001374,2025-08-06
1375,Suresh Miller,CUST-0463,Yoga Mat,PROD-0041,42.7,4,TXN-001375,2024-04-05
1376,Michael Lopez,CUST-0176,Keyboard Mechanical,PROD-0007,97.82,2,TXN-001376,2024-06-30
1377,Isha Nair,CUST-0033,Football,PROD-0045,29.05,2,TXN-001377,2024-01-28
1378,Sandra Martinez,CUST-0192,Hoodie,PROD-0013,50.64,1,TXN-001378,2025-01-30
1379,Patricia Walker,CUST-0291,Running Shoes,PROD-0014,41.04,1,TXN-001379,2025-11-06
1380,Myra Menon,CUST-0537,Smartwatch,PROD-0005,158.2,2,TXN-001380,2025-01-12
1381,Deepak Menon,CUST-0531,Wireless Mouse,PROD-0001,45.68,1,TXN-001381,2025-02-24
1382,Sophia Rao,CUST-0401,Cotton T-Shirt,PROD-0011,30.65,5,TXN-001382,2024-05-12
1383,Vikram Bhat,CUST-0550,Storage Containers,PROD-0027,35.05,2,TXN-001383,2024-03-11
1384,Aanya Miller,CUST-0399,Running Shoes,PROD-0014,41.04,1,TXN-001384,2024-07-29
1385,Pari Gupta,CUST-0318,Cutting Board,PROD-0028,11.96,3,TXN-001385,2025-11-11
1386,Meena Kumar,CUST-0487,Cotton T-Shirt,PROD-0011,30.65,2,TXN-001386,2024-11-13
1387,Mia Chopra,CUST-0602,Hoodie,PROD-0013,50.64,2,TXN-001387,2025-12-02
1388,Vikram Johnson,CUST-0470,Sports Socks (3-pack),PROD-0018,13.94,1,TXN-001388,2024-05-26
1389,Deepak Kulkarni,CUST-0457,Smartwatch,PROD-0005,158.2,3,TXN-001389,2025-09-11
1390,Anthony Kulkarni,CUST-0253,Web Development,PROD-0034,44.41,1,TXN-001390,2025-08-05
1391,Noah Pillai,CUST-0503,Tea Kettle,PROD-0030,40.05,2,TXN-001391,2024-02-10
1392,Suresh Allen,CUST-0755,Webcam HD,PROD-0006,72.22,1,TXN-001392,2025-04-12
1393,Ishaan Rodriguez,CUST-0356,Football,PROD-0045,29.05,3,TXN-001393,2024-10-31
1394,Sophia Rao,CUST-0401,Travel Guide,PROD-0040,22.38,3,TXN-001394,2024-06-28
1395,Ashley Hernandez,CUST-0426,Winter Jacket,PROD-0016,125.83,1,TXN-001395,2025-09-24
1396,Suresh Lewis,CUST-0751,Cutting Board,PROD-0028,11.96,2,TXN-001396,2025-11-05
1397,Rohit Robinson,CUST-0188,Football,PROD-0045,29.05,2,TXN-001397,2025-02-06
1398,Divya Hernandez,CUST-0716,USB-C Hub,PROD-0003,61.28,1,TXN-001398,2024-06-10
1399,Priya White,CUST-0281,Yoga Mat,PROD-0041,42.7,2,TXN-001399,2025-11-13
1400,Joseph Bhat,CUST-0069,Football,PROD-0045,29.05,3,TXN-001400,2024-08-10
1401,Patricia White,CUST-0506,Storage Containers,PROD-0027,35.05,5,TXN-001401,2025-07-20
1402,Vihaan Malhotra,CUST-0125,Non-Stick Pan,PROD-0024,32.73,1,TXN-001402,2024-04-17
1403,Elizabeth Wright,CUST-0517,Gym Bag,PROD-0050,52.65,3,TXN-001403,2025-02-23
1404,Mary Pillai,CUST-0462,Cotton T-Shirt,PROD-0011,30.65,1,TXN-001404,2025-06-02
1405,Karen Nair,CUST-0046,Tea Kettle,PROD-0030,40.05,1,TXN-001405,2025-10-16
1406,Priya Mehta,CUST-0712,Jump Rope,PROD-0044,18.67,3,TXN-001406,2025-01-25
1407,James Harris,CUST-0352,Swimming Goggles,PROD-0048,16.81,1,TXN-001407,2024-07-18
1408,Mary Clark,CUST-0407,USB-C Hub,PROD-0003,61.28,1,TXN-001408,2024-04-27
1409,Rohit Rodriguez,CUST-0727,Laptop Stand,PROD-0009,59.55,1,TXN-001409,2025-04-20
1410,Daniel Singh,CUST-0497,Tea Kettle,PROD-0030,40.05,1,TXN-001410,2025-07-15
1411,Mia Rao,CUST-0673,Winter Jacket,PROD-0016,125.83,3,TXN-001411,2025-03-24
1412,Donald King,CUST-0144,Python Programming,PROD-0031,22.63,3,TXN-001412,2024-06-14
1413,Ashley Martinez,CUST-0175,Bluetooth Headphones,PROD-0002,92.28,2,TXN-001413,2024-06-30
1414,Rohit Rao,CUST-0302,Monitor Stand,PROD-0008,53.18,2,TXN-001414,2025-02-04
1415,Oliver Gupta,CUST-0173,Smartwatch,PROD-0005,158.2,2,TXN-001415,2024-01-12
1416,Oliver Patel,CUST-0694,Sports Socks (3-pack),PROD-0018,13.94,1,TXN-001416,2025-01-01
1417,Riya Jones,CUST-0183,Running Shoes,PROD-0014,41.04,3,TXN-001417,2025-11-22
1418,Oliver Mehta,CUST-0546,Running Shoes,PROD-0014,41.04,2,TXN-001418,2024-02-18
1419,Sunita Joshi,CUST-0651,Web Development,PROD-0034,44.41,2,TXN-001419,2025-11-06
1420,John Smith,CUST-0106,Knife Set,PROD-0025,68.52,2,TXN-001420,2025-03-30
1421,Nancy Thomas,CUST-0054,Cookbook,PROD-0039,22.32,1,TXN-001421,2025-01-21
1422,Aanya Jackson,CUST-0786,Hoodie,PROD-0013,50.64,4,TXN-001422,2025-01-18
1423,Aanya Harris,CUST-0245,Hoodie,PROD-0013,50.64,1,TXN-001423,2025-03-07
1424,Neha Brown,CUST-0029,Wireless Mouse,PROD-0001,45.68,1,TXN-001424,2024-07-15
1425,Oliver Young,CUST-0697,Resistance Bands,PROD-0043,22.74,1,TXN-001425,2024-04-08
1426,David Malhotra,CUST-0681,Cotton T-Shirt,PROD-0011,30.65,3,TXN-001426,2024-02-15
1427,Ashley Hernandez,CUST-0426,Machine Learning Guide,PROD-0033,42.63,1,TXN-001427,2024-11-30
1428,Sara Wright,CUST-0331,Self-Help Guide,PROD-0036,10.26,2,TXN-001428,2025-10-01
1429,Mary Allen,CUST-0213,Business Strategy,PROD-0035,33.11,1,TXN-001429,2025-03-14
1430,Aanya Wright,CUST-0124,Formal Shirt,PROD-0015,57.36,1,TXN-001430,2024-12-31
1431,Jennifer Moore,CUST-0332,Denim Jeans,PROD-0012,82.97,1,TXN-001431,2025-10-31
1432,Aditya Lee,CUST-0324,Wireless Mouse,PROD-0001,45.68,1,TXN-001432,2025-04-14
1433,Divya Gupta,CUST-0226,Smartwatch,PROD-0005,158.2,2,TXN-001433,2024-10-12
1434,Divya Singh,CUST-0666,Travel Guide,PROD-0040,22.38,1,TXN-001434,2024-03-09
1435,Elizabeth Martinez,CUST-0224,Storage Containers,PROD-0027,35.05,1,TXN-001435,2025-09-05
1436,Sara Patel,CUST-0512,Keyboard Mechanical,PROD-0007,97.82,3,TXN-001436,2025-08-05
1437,Michael Lopez,CUST-0176,Casual Shorts,PROD-0017,29.07,5,TXN-001437,2025-09-06
1438,Lisa Robinson,CUST-0333,Yoga Mat,PROD-0041,42.7,2,TXN-001438,2025-11-25
1439,James Davis,CUST-0790,Football,PROD-0045,29.05,1,TXN-001439,2024-06-28
1440,Sunita Joshi,CUST-0651,Cycling Gloves,PROD-0049,31.15,4,TXN-001440,2024-11-21
1441,Arjun Shah,CUST-0683,Python Programming,PROD-0031,22.63,1,TXN-001441,2024-01-19
1442,Aarav Gupta,CUST-0624,History of AI,PROD-0038,15.71,2,TXN-001442,2025-06-07
1443,Reyansh Mehta,CUST-0656,Swimming Goggles,PROD-0048,16.81,1,TXN-001443,2025-08-24
1444,Charlotte White,CUST-0722,Wireless Mouse,PROD-0001,45.68,1,TXN-001444,2025-09-23
1445,Rajesh Anderson,CUST-0778,Monitor Stand,PROD-0008,53.18,1,TXN-001445,2025-03-14
1446,Lucas Singh,CUST-0776,Winter Jacket,PROD-0016,125.83,2,TXN-001446,2024-03-02
1447,Linda Anderson,CUST-0141,Non-Stick Pan,PROD-0024,32.73,2,TXN-001447,2024-07-25
1448,Ayaan Lopez,CUST-0156,Knife Set,PROD-0025,68.52,1,TXN-001448,2024-02-08
1449,Anthony White,CUST-0244,Tennis Racket,PROD-0047,61.92,2,TXN-001449,2025-03-30
1450,Daniel Singh,CUST-0757,Blender,PROD-0022,46.5,1,TXN-001450,2024-11-21
1451,Sunita Harris,CUST-0660,Cycling Gloves,PROD-0049,31.15,1,TXN-001451,2025-02-28
1452,Robert Jackson,CUST-0664,Cap,PROD-0019,12.46,3,TXN-001452,2024-08-22
1453,Suresh Lewis,CUST-0751,Blender,PROD-0022,46.5,1,TXN-001453,2024-07-29
1454,Lucas Jones,CUST-0553,Portable Charger,PROD-0004,42.05,4,TXN-001454,2025-11-11
1455,Sophia Rao,CUST-0255,Jump Rope,PROD-0044,18.67,2,TXN-001455,2024-08-15
1456,Sara Jackson,CUST-0623,Knife Set,PROD-0025,68.52,2,TXN-001456,2024-07-06
1457,Suresh Sharma,CUST-0453,Yoga Mat,PROD-0041,42.7,1,TXN-001457,2025-05-18
1458,Ashley Gupta,CUST-0072,Hoodie,PROD-0013,50.64,1,TXN-001458,2024-05-24
1459,Mia Williams,CUST-0210,Laptop Stand,PROD-0009,59.55,1,TXN-001459,2025-08-29
1460,Richard Lewis,CUST-0563,Running Shoes,PROD-0014,41.04,1,TXN-001460,2024-03-21
1461,Suresh Rao,CUST-0437,Tennis Racket,PROD-0047,61.92,2,TXN-001461,2024-06-17
1462,Vivaan Anderson,CUST-0739,Hoodie,PROD-0013,50.64,1,TXN-001462,2024-06-29
1463,Ishaan Taylor,CUST-0621,Winter Jacket,PROD-0016,125.83,1,TXN-001463,2025-08-13
1464,Pari Thomas,CUST-0460,Yoga Mat,PROD-0041,42.7,1,TXN-001464,2025-05-07
1465,Nisha Shah,CUST-0082,Non-Stick Pan,PROD-0024,32.73,1,TXN-001465,2024-06-20
1466,Patricia Menon,CUST-0483,Dish Rack,PROD-0029,28.32,2,TXN-001466,2025-09-16
1467,Myra Anderson,CUST-0753,Cutting Board,PROD-0028,11.96,3,TXN-001467,2025-05-08
1468,Michael Rao,CUST-0021,Cycling Gloves,PROD-0049,31.15,1,TXN-001468,2024-03-26
1469,Rajesh Anderson,CUST-0778,Scarf,PROD-0020,33.28,2,TXN-001469,2024-06-05
1470,Oliver Thomas,CUST-0567,Tennis Racket,PROD-0047,61.92,1,TXN-001470,2025-01-24
1471,Sunita Robinson,CUST-0475,Scarf,PROD-0020,33.28,2,TXN-001471,2025-01-19
1472,Manoj Thomas,CUST-0576,Cookbook,PROD-0039,22.32,2,TXN-001472,2024-12-07
1473,Susan Robinson,CUST-0140,Basketball,PROD-0046,39.63,2,TXN-001473,2024-06-07
1474,David Smith,CUST-0195,Wireless Mouse,PROD-0001,45.68,1,TXN-001474,2025-05-27
1475,Susan Clark,CUST-0748,Tennis Racket,PROD-0047,61.92,1,TXN-001475,2025-02-18
1476,Ashley Hernandez,CUST-0426,Water Bottle,PROD-0026,17.56,5,TXN-001476,2025-01-17
1477,Pari Walker,CUST-0394,Data Science Handbook,PROD-0032,42.44,1,TXN-001477,2025-08-25
1478,Sarah Nair,CUST-0073,Storage Containers,PROD-0027,35.05,4,TXN-001478,2024-05-07
1479,Neha White,CUST-0395,Fiction Novel,PROD-0037,12.83,1,TXN-001479,2025-03-22
1480,Lucas Patel,CUST-0262,Gym Bag,PROD-0050,52.65,4,TXN-001480,2024-12-22
1481,Pooja Martinez,CUST-0522,Basketball,PROD-0046,39.63,2,TXN-001481,2025-12-06
1482,James Young,CUST-0378,Football,PROD-0045,29.05,1,TXN-001482,2025-01-29
1483,Lisa Malhotra,CUST-0435,Swimming Goggles,PROD-0048,16.81,1,TXN-001483,2025-05-04
1484,Linda Rodriguez,CUST-0036,Non-Stick Pan,PROD-0024,32.73,2,TXN-001484,2025-11-23
1485,Neha Brown,CUST-0029,Football,PROD-0045,29.05,2,TXN-001485,2024-05-31
1486,Aarav Kulkarni,CUST-0268,Cookbook,PROD-0039,22.32,2,TXN-001486,2025-11-28
1487,Aanya Kumar,CUST-0151,Casual Shorts,PROD-0017,29.07,1,TXN-001487,2025-08-15
1488,Matthew Harris,CUST-0679,Cotton T-Shirt,PROD-0011,30.65,1,TXN-001488,2024-04-04
1489,Sunita Harris,CUST-0660,Basketball,PROD-0046,39.63,4,TXN-001489,2025-02-11
1490,Patricia Malhotra,CUST-0724,History of AI,PROD-0038,15.71,5,TXN-001490,2024-03-23
1491,Deepak Menon,CUST-0531,Hoodie,PROD-0013,50.64,4,TXN-001491,2024-06-18
1492,Mia Brown,CUST-0438,Casual Shorts,PROD-0017,29.07,2,TXN-001492,2025-05-27
1493,Oliver Mehta,CUST-0546,Resistance Bands,PROD-0043,22.74,4,TXN-001493,2025-08-23
1494,Linda Pillai,CUST-0316,Tennis Racket,PROD-0047,61.92,2,TXN-001494,2024-04-01
1495,Suresh Taylor,CUST-0112,Yoga Mat,PROD-0041,42.7,2,TXN-001495,2024-12-18
1496,Nikhil Sharma,CUST-0147,Sports Socks (3-pack),PROD-0018,13.94,3,TXN-001496,2025-02-11
1497,Divya Hernandez,CUST-0716,Scarf,PROD-0020,33.28,1,TXN-001497,2024-06-21
1498,John Jones,CUST-0504,Wireless Mouse,PROD-0001,45.68,1,TXN-001498,2025-12-14
1499,Charles Harris,CUST-0428,Web Development,PROD-0034,44.41,2,TXN-001499,2024-10-22
1500,Suresh Lewis,CUST-0751,Cutting Board,PROD-0028,11.96,1,TXN-001500,2025-01-18
1501,Anthony Thompson,CUST-0191,Basketball,PROD-0046,39.63,1,TXN-001501,2025-05-13
1502,John Martin,CUST-0187,Machine Learning Guide,PROD-0033,42.63,4,TXN-001502,2025-04-06
1503,Charles Taylor,CUST-0581,Running Shoes,PROD-0014,41.04,1,TXN-001503,2024-03-01
1504,Sunita Rao,CUST-0768,Denim Jeans,PROD-0012,82.97,3,TXN-001504,2024-07-15
1505,Aanya Chopra,CUST-0266,Storage Containers,PROD-0027,35.05,2,TXN-001505,2025-10-01
1506,Suresh Taylor,CUST-0112,Yoga Mat,PROD-0041,42.7,1,TXN-001506,2024-10-27
1507,Richard Smith,CUST-0088,Knife Set,PROD-0025,68.52,1,TXN-001507,2024-03-06
1508,Ishaan Jackson,CUST-0351,Bluetooth Headphones,PROD-0002,92.28,2,TXN-001508,2025-05-04
1509,Daniel Singh,CUST-0497,Jump Rope,PROD-0044,18.67,3,TXN-001509,2024-01-10
1510,Linda Chopra,CUST-0063,Sports Socks (3-pack),PROD-0018,13.94,3,TXN-001510,2024-01-08
1511,Aarav Robinson,CUST-0682,History of AI,PROD-0038,15.71,3,TXN-001511,2024-02-12
1512,Sunita Reddy,CUST-0100,Running Shoes,PROD-0014,41.04,2,TXN-001512,2024-01-08
1513,Kavita Thompson,CUST-0385,Cookbook,PROD-0039,22.32,2,TXN-001513,2024-09-29
1514,Sarah Harris,CUST-0498,Python Programming,PROD-0031,22.63,3,TXN-001514,2025-09-10
1515,Sandra Rodriguez,CUST-0440,Blender,PROD-0022,46.5,1,TXN-001515,2024-12-17
1516,Charles Kumar,CUST-0323,Winter Jacket,PROD-0016,125.83,4,TXN-001516,2025-11-12
1517,Nisha Lopez,CUST-0409,Knife Set,PROD-0025,68.52,2,TXN-001517,2024-12-30
1518,Thomas Jones,CUST-0339,Keyboard Mechanical,PROD-0007,97.82,1,TXN-001518,2025-12-16
1519,Emma Young,CUST-0412,Tennis Racket,PROD-0047,61.92,3,TXN-001519,2024-05-22
1520,Aarav Young,CUST-0027,Cookbook,PROD-0039,22.32,1,TXN-001520,2025-06-27
1521,Linda Chopra,CUST-0287,Football,PROD-0045,29.05,3,TXN-001521,2024-09-11
1522,James Young,CUST-0378,Dish Rack,PROD-0029,28.32,2,TXN-001522,2025-11-05
1523,Meena Kumar,CUST-0487,Machine Learning Guide,PROD-0033,42.63,2,TXN-001523,2024-07-11
1524,Mia Verma,CUST-0004,Yoga Mat,PROD-0041,42.7,5,TXN-001524,2024-11-25
1525,James Kulkarni,CUST-0018,Yoga Mat,PROD-0041,42.7,1,TXN-001525,2024-02-16
1526,Sneha Lewis,CUST-0754,Coffee Maker,PROD-0021,62.05,2,TXN-001526,2024-08-27
1527,Betty Jackson,CUST-0622,Data Science Handbook,PROD-0032,42.44,2,TXN-001527,2025-09-19
1528,Margaret Reddy,CUST-0084,Toaster,PROD-0023,31.12,2,TXN-001528,2025-05-02
1529,Priya Smith,CUST-0675,Football,PROD-0045,29.05,4,TXN-001529,2025-01-29
1530,Michael Malhotra,CUST-0301,Cookbook,PROD-0039,22.32,1,TXN-001530,2024-05-26
1531,Donald Thomas,CUST-0533,Fiction Novel,PROD-0037,12.83,3,TXN-001531,2025-05-31
1532,Isha Nair,CUST-0033,Laptop Stand,PROD-0009,59.55,2,TXN-001532,2024-03-30
1533,Rohit Brown,CUST-0309,Jump Rope,PROD-0044,18.67,5,TXN-001533,2025-04-23
1534,Oliver Gupta,CUST-0173,Dish Rack,PROD-0029,28.32,5,TXN-001534,2025-05-08
1535,Matthew Harris,CUST-0679,Business Strategy,PROD-0035,33.11,1,TXN-001535,2024-08-04
1536,Ashley Martinez,CUST-0175,Cycling Gloves,PROD-0049,31.15,4,TXN-001536,2025-12-17
1537,Lisa Rodriguez,CUST-0092,Keyboard Mechanical,PROD-0007,97.82,2,TXN-001537,2024-01-30
1538,Nikhil Robinson,CUST-0165,Coffee Maker,PROD-0021,62.05,4,TXN-001538,2024-10-14
1539,Divya Gupta,CUST-0226,Tennis Racket,PROD-0047,61.92,1,TXN-001539,2025-05-02
1540,Nisha Kulkarni,CUST-0687,Monitor Stand,PROD-0008,53.18,2,TXN-001540,2025-07-01
1541,Reyansh Lewis,CUST-0649,Tennis Racket,PROD-0047,61.92,2,TXN-001541,2025-12-09
1542,Joseph Patel,CUST-0341,Formal Shirt,PROD-0015,57.36,4,TXN-001542,2025-09-07
1543,Mia Kulkarni,CUST-0067,Dumbbells (Pair),PROD-0042,77.78,1,TXN-001543,2025-01-25
1544,Jennifer Thompson,CUST-0670,Dumbbells (Pair),PROD-0042,77.78,3,TXN-001544,2025-03-23
1545,Mark Malhotra,CUST-0239,Formal Shirt,PROD-0015,57.36,1,TXN-001545,2024-10-24
1546,Nikhil Garcia,CUST-0090,Monitor Stand,PROD-0008,53.18,1,TXN-001546,2025-08-29
1547,Neha Kumar,CUST-0193,Swimming Goggles,PROD-0048,16.81,4,TXN-001547,2025-08-09
1548,Vikram Johnson,CUST-0377,Laptop Stand,PROD-0009,59.55,4,TXN-001548,2025-01-24
1549,Myra Sharma,CUST-0591,Swimming Goggles,PROD-0048,16.81,1,TXN-001549,2024-03-04
1550,Betty Lee,CUST-0605,Business Strategy,PROD-0035,33.11,1,TXN-001550,2025-02-01
1551,Michael Robinson,CUST-0434,Coffee Maker,PROD-0021,62.05,3,TXN-001551,2025-11-26
1552,Sara Davis,CUST-0130,Web Development,PROD-0034,44.41,2,TXN-001552,2025-08-27
1553,Jennifer Singh,CUST-0228,Keyboard Mechanical,PROD-0007,97.82,1,TXN-001553,2025-07-05
1554,Mia White,CUST-0472,Coffee Maker,PROD-0021,62.05,1,TXN-001554,2024-10-30
1555,Neha Miller,CUST-0225,Data Science Handbook,PROD-0032,42.44,2,TXN-001555,2024-05-30
1556,Ayaan Malhotra,CUST-0616,Cap,PROD-0019,12.46,1,TXN-001556,2025-11-12
1557,Richard Menon,CUST-0720,USB-C Hub,PROD-0003,61.28,2,TXN-001557,2024-11-12
1558,Vihaan Patel,CUST-0515,Football,PROD-0045,29.05,1,TXN-001558,2025-12-24
1559,Rahul Bhat,CUST-0588,Python Programming,PROD-0031,22.63,2,TXN-001559,2024-08-08
1560,Vihaan Lee,CUST-0507,Cap,PROD-0019,12.46,3,TXN-001560,2025-01-20
1561,Charlotte Jackson,CUST-0061,Blender,PROD-0022,46.5,1,TXN-001561,2024-08-03
1562,Suresh Lewis,CUST-0751,Formal Shirt,PROD-0015,57.36,3,TXN-001562,2024-02-23
1563,Aanya Nair,CUST-0795,Denim Jeans,PROD-0012,82.97,4,TXN-001563,2025-02-05
1564,Deepak Rodriguez,CUST-0307,Resistance Bands,PROD-0043,22.74,4,TXN-001564,2024-06-12
1565,Joseph White,CUST-0023,Self-Help Guide,PROD-0036,10.26,1,TXN-001565,2025-03-08
1566,Vihaan Davis,CUST-0695,Python Programming,PROD-0031,22.63,5,TXN-001566,2025-02-04
1567,Sophia Rao,CUST-0401,Smartwatch,PROD-0005,158.2,2,TXN-001567,2024-10-16
1568,Daniel Thomas,CUST-0290,Football,PROD-0045,29.05,4,TXN-001568,2025-12-18
1569,Rohit Jones,CUST-0562,Water Bottle,PROD-0026,17.56,1,TXN-001569,2024-11-27
1570,Lucas Hernandez,CUST-0771,History of AI,PROD-0038,15.71,4,TXN-001570,2024-02-25
1571,Rohit Rodriguez,CUST-0727,Scarf,PROD-0020,33.28,2,TXN-001571,2024-06-16
1572,Isabella Rao,CUST-0592,Laptop Stand,PROD-0009,59.55,2,TXN-001572,2025-05-09
1573,David Harris,CUST-0299,External SSD 1TB,PROD-0010,77.83,1,TXN-001573,2024-07-19
1574,Myra Anderson,CUST-0753,Dumbbells (Pair),PROD-0042,77.78,1,TXN-001574,2025-08-12
1575,Divya Rodriguez,CUST-0105,Jump Rope,PROD-0044,18.67,3,TXN-001575,2024-05-31
1576,Betty White,CUST-0386,Cutting Board,PROD-0028,11.96,2,TXN-001576,2024-06-21
1577,Liam Jackson,CUST-0058,Keyboard Mechanical,PROD-0007,97.82,1,TXN-001577,2025-04-30
1578,Pari Kumar,CUST-0184,Portable Charger,PROD-0004,42.05,1,TXN-001578,2025-06-11
1579,Divya Singh,CUST-0666,Blender,PROD-0022,46.5,2,TXN-001579,2024-06-01
1580,Pooja Nair,CUST-0643,Tennis Racket,PROD-0047,61.92,2,TXN-001580,2024-02-04
1581,Aanya Jackson,CUST-0122,Winter Jacket,PROD-0016,125.83,1,TXN-001581,2024-11-05
1582,Karen Gupta,CUST-0705,Cookbook,PROD-0039,22.32,5,TXN-001582,2025-10-30
1583,Matthew King,CUST-0764,Knife Set,PROD-0025,68.52,3,TXN-001583,2025-11-17
1584,Priya Smith,CUST-0675,Webcam HD,PROD-0006,72.22,3,TXN-001584,2025-10-27
1585,Patricia Martin,CUST-0392,Sports Socks (3-pack),PROD-0018,13.94,2,TXN-001585,2025-03-31
1586,Vikram Johnson,CUST-0377,Wireless Mouse,PROD-0001,45.68,1,TXN-001586,2024-03-25
1587,Vihaan Malhotra,CUST-0125,Data Science Handbook,PROD-0032,42.44,2,TXN-001587,2025-06-05
1588,Oliver Kulkarni,CUST-0231,Bluetooth Headphones,PROD-0002,92.28,2,TXN-001588,2025-08-09
1589,Sarah Shah,CUST-0492,Sports Socks (3-pack),PROD-0018,13.94,2,TXN-001589,2024-04-06
1590,Aditya Thompson,CUST-0608,Denim Jeans,PROD-0012,82.97,1,TXN-001590,2025-10-22
1591,Richard Menon,CUST-0720,Cutting Board,PROD-0028,11.96,1,TXN-001591,2024-05-08
1592,Mason Young,CUST-0102,Coffee Maker,PROD-0021,62.05,1,TXN-001592,2025-07-04
1593,Elizabeth Clark,CUST-0190,Water Bottle,PROD-0026,17.56,3,TXN-001593,2024-01-21
1594,Thomas Smith,CUST-0404,Self-Help Guide,PROD-0036,10.26,3,TXN-001594,2025-06-26
1595,Arjun Shah,CUST-0501,Smartwatch,PROD-0005,158.2,2,TXN-001595,2025-08-21
1596,Nisha Clark,CUST-0552,Basketball,PROD-0046,39.63,3,TXN-001596,2025-10-29
1597,Sai Williams,CUST-0128,Cycling Gloves,PROD-0049,31.15,3,TXN-001597,2025-11-05
1598,Aditya Lopez,CUST-0121,Denim Jeans,PROD-0012,82.97,4,TXN-001598,2025-12-12
1599,Manoj Sharma,CUST-0185,Wireless Mouse,PROD-0001,45.68,2,TXN-001599,2024-11-17
1600,Pooja Kumar,CUST-0126,USB-C Hub,PROD-0003,61.28,1,TXN-001600,2024-07-30
1601,Jennifer Shah,CUST-0669,Cotton T-Shirt,PROD-0011,30.65,1,TXN-001601,2024-09-19
1602,Patricia Taylor,CUST-0772,USB-C Hub,PROD-0003,61.28,1,TXN-001602,2024-05-07
1603,Nikhil Bhat,CUST-0519,Scarf,PROD-0020,33.28,1,TXN-001603,2025-07-11
1604,Michael Lopez,CUST-0176,Cutting Board,PROD-0028,11.96,5,TXN-001604,2025-11-04
1605,Aanya Verma,CUST-0001,Winter Jacket,PROD-0016,125.83,1,TXN-001605,2025-06-15
1606,Michael Malhotra,CUST-0301,Resistance Bands,PROD-0043,22.74,2,TXN-001606,2024-05-23
1607,Myra Sharma,CUST-0591,Data Science Handbook,PROD-0032,42.44,2,TXN-001607,2025-06-19
1608,Linda Martinez,CUST-0361,Cookbook,PROD-0039,22.32,2,TXN-001608,2024-08-02
1609,Karen Gupta,CUST-0705,Keyboard Mechanical,PROD-0007,97.82,2,TXN-001609,2024-02-15
1610,Mary Jones,CUST-0243,USB-C Hub,PROD-0003,61.28,1,TXN-001610,2024-11-02
1611,Mason Rao,CUST-0221,Laptop Stand,PROD-0009,59.55,2,TXN-001611,2024-08-09
1612,Michael Smith,CUST-0606,Toaster,PROD-0023,31.12,1,TXN-001612,2025-09-29
1613,John Malhotra,CUST-0433,Smartwatch,PROD-0005,158.2,2,TXN-001613,2024-09-23
1614,Mason Reddy,CUST-0391,Dumbbells (Pair),PROD-0042,77.78,4,TXN-001614,2025-02-13
1615,Riya Martinez,CUST-0468,Webcam HD,PROD-0006,72.22,4,TXN-001615,2025-11-23
1616,Anjali Robinson,CUST-0436,Football,PROD-0045,29.05,1,TXN-001616,2024-07-27
1617,Sarah Nair,CUST-0073,Yoga Mat,PROD-0041,42.7,3,TXN-001617,2025-10-10
1618,Riya White,CUST-0714,Dumbbells (Pair),PROD-0042,77.78,1,TXN-001618,2025-01-16
1619,Mary Pillai,CUST-0578,Resistance Bands,PROD-0043,22.74,2,TXN-001619,2025-06-07
1620,Manoj Hernandez,CUST-0620,Cotton T-Shirt,PROD-0011,30.65,2,TXN-001620,2024-06-06
1621,Aditya Lee,CUST-0324,Cutting Board,PROD-0028,11.96,1,TXN-001621,2025-09-10
1622,Robert Martin,CUST-0254,Smartwatch,PROD-0005,158.2,1,TXN-001622,2025-06-28
1623,Vihaan Jones,CUST-0113,Jump Rope,PROD-0044,18.67,2,TXN-001623,2024-03-08
1624,Manoj Reddy,CUST-0338,Yoga Mat,PROD-0041,42.7,1,TXN-001624,2024-12-07
1625,David Wright,CUST-0797,Sports Socks (3-pack),PROD-0018,13.94,1,TXN-001625,2024-08-19
1626,Priya White,CUST-0281,Wireless Mouse,PROD-0001,45.68,1,TXN-001626,2024-08-15
1627,Susan Brown,CUST-0388,Keyboard Mechanical,PROD-0007,97.82,3,TXN-001627,2024-05-06
1628,Diya Rao,CUST-0180,Web Development,PROD-0034,44.41,3,TXN-001628,2024-11-09
1629,Mia Thomas,CUST-0603,Data Science Handbook,PROD-0032,42.44,1,TXN-001629,2024-12-23
1630,Neha Iyer,CUST-0718,Fiction Novel,PROD-0037,12.83,4,TXN-001630,2025-07-18
1631,Amit Kumar,CUST-0278,Cookbook,PROD-0039,22.32,1,TXN-001631,2024-02-19
1632,Ashley Martinez,CUST-0175,Coffee Maker,PROD-0021,62.05,4,TXN-001632,2025-02-02
1633,Matthew Iyer,CUST-0186,Toaster,PROD-0023,31.12,3,TXN-001633,2025-11-25
1634,Sara Lewis,CUST-0545,Self-Help Guide,PROD-0036,10.26,2,TXN-001634,2025-02-16
1635,Mason Anderson,CUST-0489,History of AI,PROD-0038,15.71,1,TXN-001635,2024-01-10
1636,Elizabeth Shah,CUST-0704,Machine Learning Guide,PROD-0033,42.63,3,TXN-001636,2025-11-04
1637,Sara Davis,CUST-0130,External SSD 1TB,PROD-0010,77.83,1,TXN-001637,2024-09-30
1638,Ananya Shah,CUST-0055,Tennis Racket,PROD-0047,61.92,2,TXN-001638,2025-01-14
1639,Myra Rao,CUST-0725,Gym Bag,PROD-0050,52.65,1,TXN-001639,2025-09-15
1640,Patricia Chopra,CUST-0429,Basketball,PROD-0046,39.63,2,TXN-001640,2025-03-25
1641,Richard Jackson,CUST-0363,Tea Kettle,PROD-0030,40.05,2,TXN-001641,2024-10-09
1642,Kavita King,CUST-0439,Web Development,PROD-0034,44.41,4,TXN-001642,2024-08-22
1643,Ananya King,CUST-0313,Yoga Mat,PROD-0041,42.7,4,TXN-001643,2024-11-08
1644,Isabella Pillai,CUST-0417,Gym Bag,PROD-0050,52.65,1,TXN-001644,2024-04-02
1645,Vihaan Garcia,CUST-0650,Webcam HD,PROD-0006,72.22,1,TXN-001645,2024-09-02
1646,Daniel Lopez,CUST-0096,Cotton T-Shirt,PROD-0011,30.65,2,TXN-001646,2024-03-27
1647,Priya Smith,CUST-0762,Cap,PROD-0019,12.46,2,TXN-001647,2025-05-19
1648,Krishna Gupta,CUST-0011,Cutting Board,PROD-0028,11.96,2,TXN-001648,2024-05-19
1649,Sarah Shah,CUST-0492,Data Science Handbook,PROD-0032,42.44,2,TXN-001649,2025-11-24
1650,Oliver Mehta,CUST-0546,Football,PROD-0045,29.05,1,TXN-001650,2024-01-15
1651,Sunita Martinez,CUST-0632,Hoodie,PROD-0013,50.64,4,TXN-001651,2024-01-08
1652,Pooja Bhat,CUST-0732,Cutting Board,PROD-0028,11.96,3,TXN-001652,2024-12-19
1653,Aadhya Miller,CUST-0251,Swimming Goggles,PROD-0048,16.81,2,TXN-001653,2025-06-24
1654,Myra Verma,CUST-0701,Cookbook,PROD-0039,22.32,1,TXN-001654,2025-04-04
1655,Oliver Gupta,CUST-0173,Jump Rope,PROD-0044,18.67,4,TXN-001655,2025-06-20
1656,Oliver Kulkarni,CUST-0231,Denim Jeans,PROD-0012,82.97,1,TXN-001656,2024-05-16
1657,Mary Jones,CUST-0527,Toaster,PROD-0023,31.12,5,TXN-001657,2025-03-08
1658,Jennifer Martin,CUST-0508,Knife Set,PROD-0025,68.52,1,TXN-001658,2024-04-25
1659,Rahul Verma,CUST-0347,Jump Rope,PROD-0044,18.67,1,TXN-001659,2025-07-06
1660,John Pillai,CUST-0785,Monitor Stand,PROD-0008,53.18,1,TXN-001660,2025-05-09
1661,Michael Malhotra,CUST-0301,Casual Shorts,PROD-0017,29.07,1,TXN-001661,2025-10-08
1662,William Kulkarni,CUST-0583,Water Bottle,PROD-0026,17.56,1,TXN-001662,2024-11-08
1663,Karen Iyer,CUST-0659,Machine Learning Guide,PROD-0033,42.63,3,TXN-001663,2024-02-06
1664,Sunita Robinson,CUST-0475,Travel Guide,PROD-0040,22.38,3,TXN-001664,2024-02-28
1665,Oliver Lee,CUST-0365,Wireless Mouse,PROD-0001,45.68,2,TXN-001665,2024-12-02
1666,Thomas Gupta,CUST-0306,Toaster,PROD-0023,31.12,1,TXN-001666,2024-12-24
1667,Suresh Menon,CUST-0740,Denim Jeans,PROD-0012,82.97,2,TXN-001667,2024-01-10
1668,Divya Wright,CUST-0104,Cutting Board,PROD-0028,11.96,2,TXN-001668,2024-03-27
1669,Charles Kulkarni,CUST-0542,Machine Learning Guide,PROD-0033,42.63,4,TXN-001669,2025-02-24
1670,Nikhil Lewis,CUST-0127,Data Science Handbook,PROD-0032,42.44,1,TXN-001670,2025-11-03
1671,Manoj Verma,CUST-0257,Formal Shirt,PROD-0015,57.36,2,TXN-001671,2025-01-18
1672,Deepak Rodriguez,CUST-0307,Non-Stick Pan,PROD-0024,32.73,2,TXN-001672,2024-07-05
1673,Vikram Bhat,CUST-0550,Sports Socks (3-pack),PROD-0018,13.94,1,TXN-001673,2025-03-25
1674,Mia Rao,CUST-0673,Dish Rack,PROD-0029,28.32,1,TXN-001674,2024-12-28
1675,Arjun Moore,CUST-0766,Cutting Board,PROD-0028,11.96,1,TXN-001675,2025-12-27
1676,Karan Lewis,CUST-0204,Monitor Stand,PROD-0008,53.18,1,TXN-001676,2024-02-11
1677,Mark Desai,CUST-0137,Water Bottle,PROD-0026,17.56,2,TXN-001677,2024-12-05
1678,Isha Nair,CUST-0033,Cotton T-Shirt,PROD-0011,30.65,2,TXN-001678,2025-05-05
1679,Aarav Robinson,CUST-0682,Sports Socks (3-pack),PROD-0018,13.94,1,TXN-001679,2025-05-15
1680,Matthew Mehta,CUST-0564,Data Science Handbook,PROD-0032,42.44,3,TXN-001680,2024-05-10
1681,Lisa Robinson,CUST-0333,Cycling Gloves,PROD-0049,31.15,3,TXN-001681,2025-02-13
1682,Karen Martin,CUST-0514,Tennis Racket,PROD-0047,61.92,4,TXN-001682,2025-02-02
1683,Mary Shah,CUST-0135,Monitor Stand,PROD-0008,53.18,5,TXN-001683,2024-01-22
1684,Sara Davis,CUST-0130,External SSD 1TB,PROD-0010,77.83,1,TXN-001684,2024-01-14
1685,Aanya Jackson,CUST-0786,Jump Rope,PROD-0044,18.67,1,TXN-001685,2025-11-25
1686,Ishaan Jackson,CUST-0351,Cutting Board,PROD-0028,11.96,5,TXN-001686,2024-01-09
1687,Jessica Martinez,CUST-0445,Python Programming,PROD-0031,22.63,1,TXN-001687,2025-05-12
1688,Sai Walker,CUST-0085,Cycling Gloves,PROD-0049,31.15,2,TXN-001688,2025-09-24
1689,Nisha Clark,CUST-0157,Tennis Racket,PROD-0047,61.92,2,TXN-001689,2024-09-12
1690,Anthony Jones,CUST-0288,Gym Bag,PROD-0050,52.65,1,TXN-001690,2024-09-26
1691,Neha Iyer,CUST-0718,Winter Jacket,PROD-0016,125.83,2,TXN-001691,2025-03-15
1692,Karan Lewis,CUST-0204,Python Programming,PROD-0031,22.63,3,TXN-001692,2024-04-15
1693,Neha Iyer,CUST-0718,Tennis Racket,PROD-0047,61.92,2,TXN-001693,2024-07-04
1694,William Harris,CUST-0194,History of AI,PROD-0038,15.71,2,TXN-001694,2024-06-01
1695,Deepak Thompson,CUST-0235,Monitor Stand,PROD-0008,53.18,1,TXN-001695,2024-02-09
1696,Priya White,CUST-0281,Hoodie,PROD-0013,50.64,4,TXN-001696,2025-03-12
1697,Riya Menon,CUST-0019,Travel Guide,PROD-0040,22.38,1,TXN-001697,2024-02-22
1698,Elizabeth Thomas,CUST-0390,Storage Containers,PROD-0027,35.05,2,TXN-001698,2025-12-17
1699,Reyansh Lewis,CUST-0649,Formal Shirt,PROD-0015,57.36,1,TXN-001699,2025-03-12
1700,Divya Moore,CUST-0491,Portable Charger,PROD-0004,42.05,2,TXN-001700,2025-10-21
1701,Ayaan Allen,CUST-0053,Scarf,PROD-0020,33.28,1,TXN-001701,2025-01-07
1702,Anthony Jones,CUST-0288,Toaster,PROD-0023,31.12,3,TXN-001702,2024-09-09
1703,Anthony Thomas,CUST-0328,Portable Charger,PROD-0004,42.05,1,TXN-001703,2024-01-01
1704,Nancy Thomas,CUST-0054,Resistance Bands,PROD-0043,22.74,3,TXN-001704,2024-08-05
1705,Mason Mehta,CUST-0293,Python Programming,PROD-0031,22.63,1,TXN-001705,2025-09-13
1706,Divya Wright,CUST-0104,Cutting Board,PROD-0028,11.96,1,TXN-001706,2025-05-18
1707,Nisha Harris,CUST-0373,Blender,PROD-0022,46.5,1,TXN-001707,2024-04-09
1708,Amit Lee,CUST-0686,Wireless Mouse,PROD-0001,45.68,2,TXN-001708,2024-05-13
1709,Betty Brown,CUST-0340,Non-Stick Pan,PROD-0024,32.73,3,TXN-001709,2025-01-05
1710,James Walker,CUST-0761,Gym Bag,PROD-0050,52.65,2,TXN-001710,2025-09-11
1711,Reyansh Chopra,CUST-0381,Winter Jacket,PROD-0016,125.83,2,TXN-001711,2024-08-03
1712,Myra Nair,CUST-0599,Knife Set,PROD-0025,68.52,1,TXN-001712,2024-04-18
1713,Noah Lopez,CUST-0134,Yoga Mat,PROD-0041,42.7,3,TXN-001713,2024-05-03
1714,Sarah Williams,CUST-0043,History of AI,PROD-0038,15.71,5,TXN-001714,2025-11-01
1715,Krishna Pillai,CUST-0196,Hoodie,PROD-0013,50.64,3,TXN-001715,2024-04-11
1716,Sunita Bhat,CUST-0077,Business Strategy,PROD-0035,33.11,2,TXN-001716,2024-11-04
1717,William Thompson,CUST-0743,Python Programming,PROD-0031,22.63,5,TXN-001717,2024-07-25
1718,Meena Garcia,CUST-0547,Tennis Racket,PROD-0047,61.92,1,TXN-001718,2024-05-10
1719,Sarah Joshi,CUST-0197,Storage Containers,PROD-0027,35.05,2,TXN-001719,2024-09-15
1720,Rajesh Anderson,CUST-0778,Self-Help Guide,PROD-0036,10.26,5,TXN-001720,2025-01-09
1721,Pari Thomas,CUST-0460,Yoga Mat,PROD-0041,42.7,3,TXN-001721,2025-03-22
1722,Nisha Mehta,CUST-0070,Python Programming,PROD-0031,22.63,2,TXN-001722,2025-05-30
1723,Joseph White,CUST-0023,Cotton T-Shirt,PROD-0011,30.65,2,TXN-001723,2025-12-14
1724,Sunita Patel,CUST-0133,Cap,PROD-0019,12.46,1,TXN-001724,2025-08-02
1725,Linda Chopra,CUST-0063,Football,PROD-0045,29.05,1,TXN-001725,2025-02-11
1726,Vihaan Lee,CUST-0507,Jump Rope,PROD-0044,18.67,2,TXN-001726,2025-06-09
1727,Sunita Bhat,CUST-0077,Cotton T-Shirt,PROD-0011,30.65,2,TXN-001727,2025-06-05
1728,Pari Walker,CUST-0394,Self-Help Guide,PROD-0036,10.26,3,TXN-001728,2025-02-14
1729,Betty Jackson,CUST-0622,Sports Socks (3-pack),PROD-0018,13.94,1,TXN-001729,2024-01-04
1730,Noah Chopra,CUST-0164,Fiction Novel,PROD-0037,12.83,1,TXN-001730,2025-12-14
1731,Swati Lee,CUST-0010,Machine Learning Guide,PROD-0033,42.63,2,TXN-001731,2025-12-25
1732,Vikram Bhat,CUST-0738,Web Development,PROD-0034,44.41,1,TXN-001732,2024-08-13
1733,Patricia Wright,CUST-0304,Basketball,PROD-0046,39.63,1,TXN-001733,2024-05-01
1734,Michael Lopez,CUST-0176,Formal Shirt,PROD-0015,57.36,1,TXN-001734,2024-08-31
1735,David Harris,CUST-0299,USB-C Hub,PROD-0003,61.28,2,TXN-001735,2024-10-11
1736,Mark Desai,CUST-0137,Sports Socks (3-pack),PROD-0018,13.94,4,TXN-001736,2024-02-22
1737,Priya Williams,CUST-0658,Winter Jacket,PROD-0016,125.83,5,TXN-001737,2024-08-03
1738,Sarah Garcia,CUST-0548,Monitor Stand,PROD-0008,53.18,1,TXN-001738,2024-12-21
1739,Riya Patel,CUST-0648,Cookbook,PROD-0039,22.32,5,TXN-001739,2024-11-28
1740,Pooja Brown,CUST-0086,Basketball,PROD-0046,39.63,4,TXN-001740,2024-09-27
1741,Suresh Menon,CUST-0740,Laptop Stand,PROD-0009,59.55,2,TXN-001741,2025-09-18
1742,Rohit Rao,CUST-0302,Coffee Maker,PROD-0021,62.05,5,TXN-001742,2025-10-02
1743,Krishna Gupta,CUST-0011,Toaster,PROD-0023,31.12,1,TXN-001743,2024-10-13
1744,Neha Taylor,CUST-0181,Casual Shorts,PROD-0017,29.07,5,TXN-001744,2025-07-04
1745,John Lopez,CUST-0674,Gym Bag,PROD-0050,52.65,4,TXN-001745,2025-08-20
1746,Vikram Miller,CUST-0109,Tennis Racket,PROD-0047,61.92,3,TXN-001746,2025-01-26
1747,Jennifer Thompson,CUST-0670,Casual Shorts,PROD-0017,29.07,4,TXN-001747,2025-10-11
1748,Manoj Young,CUST-0619,Self-Help Guide,PROD-0036,10.26,1,TXN-001748,2025-03-28
1749,Divya Gupta,CUST-0226,Coffee Maker,PROD-0021,62.05,1,TXN-001749,2025-08-18
1750,Donald Williams,CUST-0645,Cycling Gloves,PROD-0049,31.15,1,TXN-001750,2025-04-01
1751,Sara Rodriguez,CUST-0238,Tennis Racket,PROD-0047,61.92,3,TXN-001751,2025-01-12
1752,Reyansh Iyer,CUST-0152,Python Programming,PROD-0031,22.63,1,TXN-001752,2024-07-04
1753,Donald Young,CUST-0471,Denim Jeans,PROD-0012,82.97,3,TXN-001753,2024-06-29
1754,William Harris,CUST-0194,Fiction Novel,PROD-0037,12.83,2,TXN-001754,2024-07-03
1755,Robert Jackson,CUST-0664,Cap,PROD-0019,12.46,1,TXN-001755,2024-06-15
1756,Jessica Anderson,CUST-0182,Water Bottle,PROD-0026,17.56,2,TXN-001756,2024-07-11
1757,Ashley Gupta,CUST-0072,External SSD 1TB,PROD-0010,77.83,1,TXN-001757,2024-09-08
1758,Jessica Miller,CUST-0466,Dumbbells (Pair),PROD-0042,77.78,5,TXN-001758,2024-04-12
1759,Kavita Martinez,CUST-0742,Web Development,PROD-0034,44.41,1,TXN-001759,2024-01-13
1760,Mark Hernandez,CUST-0618,Keyboard Mechanical,PROD-0007,97.82,1,TXN-001760,2024-01-22
1761,Vihaan Jones,CUST-0113,Wireless Mouse,PROD-0001,45.68,3,TXN-001761,2025-10-21
1762,Patricia Joshi,CUST-0045,Laptop Stand,PROD-0009,59.55,1,TXN-001762,2024-03-26
1763,Amit Lopez,CUST-0275,External SSD 1TB,PROD-0010,77.83,4,TXN-001763,2025-09-06
1764,Ishaan White,CUST-0014,Wireless Mouse,PROD-0001,45.68,5,TXN-001764,2024-04-18
1765,James Reddy,CUST-0556,Swimming Goggles,PROD-0048,16.81,3,TXN-001765,2025-12-25
1766,Richard Smith,CUST-0088,Hoodie,PROD-0013,50.64,1,TXN-001766,2025-07-30
1767,Sunita Martinez,CUST-0455,Cotton T-Shirt,PROD-0011,30.65,1,TXN-001767,2025-05-05
1768,Lucas Anderson,CUST-0159,Winter Jacket,PROD-0016,125.83,1,TXN-001768,2025-12-09
1769,Jessica Chopra,CUST-0274,Yoga Mat,PROD-0041,42.7,2,TXN-001769,2024-01-22
1770,Karen Nair,CUST-0046,Keyboard Mechanical,PROD-0007,97.82,2,TXN-001770,2024-04-15
1771,Thomas Johnson,CUST-0524,Storage Containers,PROD-0027,35.05,1,TXN-001771,2024-08-17
1772,Aanya Lewis,CUST-0025,Formal Shirt,PROD-0015,57.36,2,TXN-001772,2024-05-30
1773,Krishna Malhotra,CUST-0362,Dumbbells (Pair),PROD-0042,77.78,1,TXN-001773,2025-12-01
1774,Pari Walker,CUST-0394,Jump Rope,PROD-0044,18.67,4,TXN-001774,2024-04-25
1775,John Jones,CUST-0504,Cotton T-Shirt,PROD-0011,30.65,5,TXN-001775,2024-08-17
1776,Divya Rodriguez,CUST-0105,Cap,PROD-0019,12.46,1,TXN-001776,2025-09-22
1777,Ashley Chopra,CUST-0342,Monitor Stand,PROD-0008,53.18,1,TXN-001777,2024-03-27
1778,Patricia Joshi,CUST-0045,Cookbook,PROD-0039,22.32,1,TXN-001778,2025-03-14
1779,Sai Walker,CUST-0544,Blender,PROD-0022,46.5,2,TXN-001779,2025-11-26
1780,Anjali Robinson,CUST-0436,External SSD 1TB,PROD-0010,77.83,4,TXN-001780,2025-12-04
1781,Rohit Brown,CUST-0309,Travel Guide,PROD-0040,22.38,3,TXN-001781,2024-12-22
1782,Meena Jones,CUST-0107,Sports Socks (3-pack),PROD-0018,13.94,4,TXN-001782,2025-11-08
1783,James Young,CUST-0378,Casual Shorts,PROD-0017,29.07,3,TXN-001783,2025-12-29
1784,Meena Rao,CUST-0079,Wireless Mouse,PROD-0001,45.68,4,TXN-001784,2024-06-01
1785,David Wright,CUST-0797,Dumbbells (Pair),PROD-0042,77.78,1,TXN-001785,2024-05-31
1786,Vihaan White,CUST-0400,Dish Rack,PROD-0029,28.32,3,TXN-001786,2025-05-04
1787,Joseph Bhat,CUST-0069,Monitor Stand,PROD-0008,53.18,2,TXN-001787,2024-10-12
1788,Sara Sharma,CUST-0149,Webcam HD,PROD-0006,72.22,1,TXN-001788,2024-05-10
1789,John Martin,CUST-0187,Gym Bag,PROD-0050,52.65,1,TXN-001789,2024-11-22
1790,Vihaan Lee,CUST-0507,Cutting Board,PROD-0028,11.96,2,TXN-001790,2025-02-27
1791,Pari Robinson,CUST-0617,Yoga Mat,PROD-0041,42.7,1,TXN-001791,2025-10-31
1792,Karan White,CUST-0252,Knife Set,PROD-0025,68.52,2,TXN-001792,2025-05-24
1793,Nisha Clark,CUST-0552,Business Strategy,PROD-0035,33.11,2,TXN-001793,2025-07-03
1794,Reyansh Nair,CUST-0236,Knife Set,PROD-0025,68.52,1,TXN-001794,2025-03-07
1795,Vihaan Anderson,CUST-0540,Fiction Novel,PROD-0037,12.83,3,TXN-001795,2024-08-12
1796,Richard Menon,CUST-0720,Webcam HD,PROD-0006,72.22,1,TXN-001796,2024-01-03
1797,Reyansh White,CUST-0209,Bluetooth Headphones,PROD-0002,92.28,1,TXN-001797,2025-04-30
1798,Mark Desai,CUST-0137,Monitor Stand,PROD-0008,53.18,1,TXN-001798,2024-12-23
1799,Diya Thomas,CUST-0370,Gym Bag,PROD-0050,52.65,3,TXN-001799,2024-10-28
1800,Mia White,CUST-0472,External SSD 1TB,PROD-0010,77.83,3,TXN-001800,2025-07-18
1801,Aarav Menon,CUST-0432,Winter Jacket,PROD-0016,125.83,1,TXN-001801,2024-08-17
1802,Liam Jackson,CUST-0058,Swimming Goggles,PROD-0048,16.81,1,TXN-001802,2025-12-13
1803,Daniel Gupta,CUST-0721,External SSD 1TB,PROD-0010,77.83,1,TXN-001803,2024-01-27
1804,Joseph Patel,CUST-0713,Cutting Board,PROD-0028,11.96,1,TXN-001804,2025-12-19
1805,Vikram Miller,CUST-0109,Resistance Bands,PROD-0043,22.74,2,TXN-001805,2025-05-03
1806,Sai Singh,CUST-0609,Cotton T-Shirt,PROD-0011,30.65,1,TXN-001806,2025-01-09
1807,Nancy Bhat,CUST-0145,Webcam HD,PROD-0006,72.22,1,TXN-001807,2024-01-13
1808,William Kulkarni,CUST-0583,Storage Containers,PROD-0027,35.05,1,TXN-001808,2024-07-05
1809,David Jackson,CUST-0482,Swimming Goggles,PROD-0048,16.81,1,TXN-001809,2025-06-24
1810,Divya Hernandez,CUST-0716,Scarf,PROD-0020,33.28,2,TXN-001810,2024-12-11
1811,Sunita Martinez,CUST-0455,Dumbbells (Pair),PROD-0042,77.78,2,TXN-001811,2024-10-20
1812,Lisa Nair,CUST-0114,External SSD 1TB,PROD-0010,77.83,1,TXN-001812,2025-10-19
1813,Isha Nair,CUST-0033,Cookbook,PROD-0039,22.32,3,TXN-001813,2025-05-30
1814,Nikhil Robinson,CUST-0165,Wireless Mouse,PROD-0001,45.68,1,TXN-001814,2025-03-09
1815,Oliver Young,CUST-0697,Tea Kettle,PROD-0030,40.05,2,TXN-001815,2024-09-21
1816,Charles Verma,CUST-0586,Machine Learning Guide,PROD-0033,42.63,1,TXN-001816,2024-08-20
1817,Michael Robinson,CUST-0434,Cotton T-Shirt,PROD-0011,30.65,1,TXN-001817,2024-04-04
1818,Jennifer Mehta,CUST-0535,Knife Set,PROD-0025,68.52,5,TXN-001818,2024-05-08
1819,James Walker,CUST-0761,Running Shoes,PROD-0014,41.04,2,TXN-001819,2024-02-27
1820,Neha Miller,CUST-0225,Water Bottle,PROD-0026,17.56,1,TXN-001820,2025-07-26
1821,Manoj Hernandez,CUST-0620,Smartwatch,PROD-0005,158.2,3,TXN-001821,2025-04-24
1822,Mason Anderson,CUST-0489,Coffee Maker,PROD-0021,62.05,2,TXN-001822,2025-02-18
1823,Elizabeth Thomas,CUST-0390,Cotton T-Shirt,PROD-0011,30.65,1,TXN-001823,2025-01-15
1824,Aditya Jones,CUST-0663,Cutting Board,PROD-0028,11.96,1,TXN-001824,2024-04-21
1825,Meena Jones,CUST-0107,Smartwatch,PROD-0005,158.2,1,TXN-001825,2024-12-09
1826,Neha Brown,CUST-0029,Winter Jacket,PROD-0016,125.83,1,TXN-001826,2025-07-08
1827,Sophia Jones,CUST-0110,Smartwatch,PROD-0005,158.2,1,TXN-001827,2024-01-12
1828,Arjun Jones,CUST-0775,Scarf,PROD-0020,33.28,1,TXN-001828,2024-07-25
1829,Ishaan Verma,CUST-0654,USB-C Hub,PROD-0003,61.28,1,TXN-001829,2024-03-28
1830,Mary Chopra,CUST-0584,Fiction Novel,PROD-0037,12.83,1,TXN-001830,2025-05-10
1831,Sunita Kumar,CUST-0047,Portable Charger,PROD-0004,42.05,1,TXN-001831,2024-11-12
1832,Charles Moore,CUST-0009,Toaster,PROD-0023,31.12,3,TXN-001832,2025-02-11
1833,Manoj Joshi,CUST-0513,Hoodie,PROD-0013,50.64,1,TXN-001833,2025-02-04
1834,Linda Martin,CUST-0744,Toaster,PROD-0023,31.12,5,TXN-001834,2025-12-20
1835,Suresh Mehta,CUST-0691,Keyboard Mechanical,PROD-0007,97.82,1,TXN-001835,2025-05-30
1836,Divya Wright,CUST-0104,Machine Learning Guide,PROD-0033,42.63,3,TXN-001836,2024-06-02
1837,Aanya Lewis,CUST-0025,History of AI,PROD-0038,15.71,3,TXN-001837,2025-05-03
1838,Ananya Pillai,CUST-0601,USB-C Hub,PROD-0003,61.28,1,TXN-001838,2024-06-04
1839,Oliver Taylor,CUST-0699,Tea Kettle,PROD-0030,40.05,1,TXN-001839,2025-10-02
1840,Daniel Lopez,CUST-0096,Basketball,PROD-0046,39.63,1,TXN-001840,2024-08-08
1841,Nikhil Pillai,CUST-0698,Dumbbells (Pair),PROD-0042,77.78,1,TXN-001841,2024-06-13
1842,Karen Martin,CUST-0514,Web Development,PROD-0034,44.41,5,TXN-001842,2025-09-15
1843,Manoj Moore,CUST-0668,Web Development,PROD-0034,44.41,4,TXN-001843,2024-12-15
1844,Susan Rodriguez,CUST-0459,Laptop Stand,PROD-0009,59.55,1,TXN-001844,2025-01-03
1845,Ananya Thompson,CUST-0639,Cutting Board,PROD-0028,11.96,1,TXN-001845,2025-12-30
1846,Sneha Reddy,CUST-0793,Jump Rope,PROD-0044,18.67,1,TXN-001846,2024-08-01
1847,Jessica Rao,CUST-0626,Cookbook,PROD-0039,22.32,1,TXN-001847,2024-06-05
1848,Charles Taylor,CUST-0581,Yoga Mat,PROD-0041,42.7,5,TXN-001848,2024-04-09
1849,Emma Rao,CUST-0016,External SSD 1TB,PROD-0010,77.83,3,TXN-001849,2024-11-12
1850,Charlotte Singh,CUST-0561,Webcam HD,PROD-0006,72.22,2,TXN-001850,2025-04-10
1851,Aadhya Singh,CUST-0322,Cotton T-Shirt,PROD-0011,30.65,4,TXN-001851,2024-06-14
1852,Nisha Mehta,CUST-0070,Sports Socks (3-pack),PROD-0018,13.94,2,TXN-001852,2024-12-27
1853,Lisa Rodriguez,CUST-0092,Smartwatch,PROD-0005,158.2,1,TXN-001853,2025-04-16
1854,Kavita King,CUST-0265,Python Programming,PROD-0031,22.63,5,TXN-001854,2025-03-28
1855,Divya Singh,CUST-0666,Laptop Stand,PROD-0009,59.55,4,TXN-001855,2025-08-05
1856,Sai Kumar,CUST-0500,USB-C Hub,PROD-0003,61.28,1,TXN-001856,2024-10-20
1857,Vikram Robinson,CUST-0411,Storage Containers,PROD-0027,35.05,4,TXN-001857,2025-11-27
1858,Sunita Patel,CUST-0133,Dish Rack,PROD-0029,28.32,1,TXN-001858,2025-10-01
1859,Aadhya Singh,CUST-0322,Non-Stick Pan,PROD-0024,32.73,1,TXN-001859,2025-02-27
1860,Nikhil Bhat,CUST-0519,Dish Rack,PROD-0029,28.32,1,TXN-001860,2025-11-29
1861,Reyansh Lewis,CUST-0044,Travel Guide,PROD-0040,22.38,5,TXN-001861,2024-02-28
1862,Sandra Malhotra,CUST-0759,Winter Jacket,PROD-0016,125.83,2,TXN-001862,2025-07-28
1863,Charles Moore,CUST-0009,External SSD 1TB,PROD-0010,77.83,4,TXN-001863,2024-10-24
1864,Kavita Thompson,CUST-0385,Cotton T-Shirt,PROD-0011,30.65,2,TXN-001864,2024-03-15
1865,Charles Patel,CUST-0229,Knife Set,PROD-0025,68.52,4,TXN-001865,2025-11-16
1866,Daniel Lopez,CUST-0096,Toaster,PROD-0023,31.12,2,TXN-001866,2025-10-19
1867,Sarah Garcia,CUST-0548,Tea Kettle,PROD-0030,40.05,1,TXN-001867,2024-07-03
1868,Arjun Thompson,CUST-0750,Keyboard Mechanical,PROD-0007,97.82,4,TXN-001868,2025-02-10
1869,Ishaan Young,CUST-0787,Cutting Board,PROD-0028,11.96,1,TXN-001869,2024-12-02
1870,Mia Kulkarni,CUST-0067,Coffee Maker,PROD-0021,62.05,1,TXN-001870,2025-09-10
1871,Sarah Harris,CUST-0498,Running Shoes,PROD-0014,41.04,3,TXN-001871,2025-05-02
1872,Divya King,CUST-0118,Sports Socks (3-pack),PROD-0018,13.94,2,TXN-001872,2025-07-12
1873,Karan Robinson,CUST-0160,Python Programming,PROD-0031,22.63,1,TXN-001873,2024-08-06
1874,Anthony Thomas,CUST-0328,Fiction Novel,PROD-0037,12.83,1,TXN-001874,2025-09-07
1875,Sneha Reddy,CUST-0793,Knife Set,PROD-0025,68.52,1,TXN-001875,2025-01-05
1876,Aanya Singh,CUST-0441,Python Programming,PROD-0031,22.63,1,TXN-001876,2024-08-04
1877,Lisa Hernandez,CUST-0024,Cycling Gloves,PROD-0049,31.15,2,TXN-001877,2024-10-03
1878,Susan Kumar,CUST-0259,Yoga Mat,PROD-0041,42.7,1,TXN-001878,2024-05-25
1879,Emma Sharma,CUST-0071,Sports Socks (3-pack),PROD-0018,13.94,2,TXN-001879,2024-11-01
1880,Noah Verma,CUST-0730,Dish Rack,PROD-0029,28.32,4,TXN-001880,2025-06-21
1881,Meena Anderson,CUST-0220,Resistance Bands,PROD-0043,22.74,4,TXN-001881,2024-07-07
1882,Deepak Garcia,CUST-0056,Webcam HD,PROD-0006,72.22,4,TXN-001882,2025-03-14
1883,Ishaan Jackson,CUST-0351,Cycling Gloves,PROD-0049,31.15,1,TXN-001883,2024-07-22
1884,Swati Malhotra,CUST-0358,Storage Containers,PROD-0027,35.05,2,TXN-001884,2025-07-02
1885,Suresh Bhat,CUST-0706,Cotton T-Shirt,PROD-0011,30.65,5,TXN-001885,2025-03-23
1886,Ishaan Rodriguez,CUST-0364,Football,PROD-0045,29.05,2,TXN-001886,2024-01-11
1887,Donald Mehta,CUST-0575,Cookbook,PROD-0039,22.32,1,TXN-001887,2025-11-14
1888,Patricia Reddy,CUST-0593,Travel Guide,PROD-0040,22.38,1,TXN-001888,2025-11-11
1889,Anthony Malhotra,CUST-0752,Swimming Goggles,PROD-0048,16.81,3,TXN-001889,2024-11-20
1890,Rahul Martinez,CUST-0015,External SSD 1TB,PROD-0010,77.83,4,TXN-001890,2024-05-31
1891,Sara Patel,CUST-0512,Coffee Maker,PROD-0021,62.05,1,TXN-001891,2025-11-21
1892,Isabella Pillai,CUST-0417,Casual Shorts,PROD-0017,29.07,2,TXN-001892,2024-01-04
1893,Mary Pillai,CUST-0462,Laptop Stand,PROD-0009,59.55,2,TXN-001893,2025-10-16
1894,Patricia Reddy,CUST-0593,Keyboard Mechanical,PROD-0007,97.82,1,TXN-001894,2024-07-11
1895,Myra Shah,CUST-0431,Football,PROD-0045,29.05,2,TXN-001895,2024-06-19
1896,Ayaan Malhotra,CUST-0616,Knife Set,PROD-0025,68.52,1,TXN-001896,2024-08-02
1897,Krishna Pillai,CUST-0196,Jump Rope,PROD-0044,18.67,2,TXN-001897,2024-01-15
1898,Aadhya Bhat,CUST-0380,Non-Stick Pan,PROD-0024,32.73,1,TXN-001898,2024-11-10
1899,Vihaan Patel,CUST-0515,Monitor Stand,PROD-0008,53.18,2,TXN-001899,2025-10-26
1900,Donald Anderson,CUST-0467,Storage Containers,PROD-0027,35.05,2,TXN-001900,2024-12-26
1901,James Reddy,CUST-0556,Cutting Board,PROD-0028,11.96,2,TXN-001901,2024-12-09
1902,Mary Kulkarni,CUST-0117,Denim Jeans,PROD-0012,82.97,2,TXN-001902,2025-01-17
1903,Jessica Anderson,CUST-0182,Self-Help Guide,PROD-0036,10.26,2,TXN-001903,2025-07-09
1904,Kavita Thompson,CUST-0447,Knife Set,PROD-0025,68.52,1,TXN-001904,2025-11-06
1905,Suresh Bhat,CUST-0706,Jump Rope,PROD-0044,18.67,2,TXN-001905,2024-10-17
1906,Sara Jackson,CUST-0719,Travel Guide,PROD-0040,22.38,4,TXN-001906,2024-04-11
1907,Nikhil Garcia,CUST-0090,Keyboard Mechanical,PROD-0007,97.82,1,TXN-001907,2024-01-17
1908,Sunita Martinez,CUST-0632,Storage Containers,PROD-0027,35.05,1,TXN-001908,2025-09-30
1909,Lucas Nair,CUST-0558,Keyboard Mechanical,PROD-0007,97.82,2,TXN-001909,2025-05-30
1910,Riya Kumar,CUST-0596,USB-C Hub,PROD-0003,61.28,2,TXN-001910,2025-03-06
1911,William Martin,CUST-0217,Formal Shirt,PROD-0015,57.36,3,TXN-001911,2025-07-18
1912,Mason Reddy,CUST-0391,Monitor Stand,PROD-0008,53.18,1,TXN-001912,2025-04-25
1913,Sai Williams,CUST-0128,Toaster,PROD-0023,31.12,5,TXN-001913,2025-04-20
1914,Arjun Shah,CUST-0423,Dumbbells (Pair),PROD-0042,77.78,3,TXN-001914,2025-02-09
1915,Myra Williams,CUST-0008,Non-Stick Pan,PROD-0024,32.73,3,TXN-001915,2025-06-03
1916,Patricia Walker,CUST-0291,Sports Socks (3-pack),PROD-0018,13.94,4,TXN-001916,2024-09-27
1917,Robert Verma,CUST-0315,Storage Containers,PROD-0027,35.05,2,TXN-001917,2024-01-05
1918,Noah White,CUST-0425,USB-C Hub,PROD-0003,61.28,1,TXN-001918,2024-06-06
1919,Aditya Patel,CUST-0384,Web Development,PROD-0034,44.41,3,TXN-001919,2025-09-06
1920,Deepak Jackson,CUST-0326,Blender,PROD-0022,46.5,1,TXN-001920,2025-08-08
1921,Aanya Singh,CUST-0441,Winter Jacket,PROD-0016,125.83,2,TXN-001921,2025-02-04
1922,Nikhil Verma,CUST-0198,Travel Guide,PROD-0040,22.38,2,TXN-001922,2024-02-22
1923,Isabella Rao,CUST-0592,Cutting Board,PROD-0028,11.96,1,TXN-001923,2025-10-13
1924,Vihaan White,CUST-0400,Tennis Racket,PROD-0047,61.92,1,TXN-001924,2024-11-21
1925,Krishna Miller,CUST-0530,Cotton T-Shirt,PROD-0011,30.65,2,TXN-001925,2024-04-11
1926,Mark Brown,CUST-0728,Laptop Stand,PROD-0009,59.55,2,TXN-001926,2025-10-08
1927,Myra Sharma,CUST-0591,Water Bottle,PROD-0026,17.56,3,TXN-001927,2025-10-04
1928,Anjali Gupta,CUST-0267,Self-Help Guide,PROD-0036,10.26,1,TXN-001928,2024-11-26
1929,Reyansh White,CUST-0209,Webcam HD,PROD-0006,72.22,1,TXN-001929,2025-03-23
1930,Myra Jones,CUST-0012,Yoga Mat,PROD-0041,42.7,3,TXN-001930,2024-06-05
1931,Neha Brown,CUST-0029,Travel Guide,PROD-0040,22.38,3,TXN-001931,2024-03-21
1932,Charles Verma,CUST-0586,Knife Set,PROD-0025,68.52,1,TXN-001932,2024-05-13
1933,Reyansh Williams,CUST-0465,Yoga Mat,PROD-0041,42.7,2,TXN-001933,2025-01-01
1934,Sandra Martinez,CUST-0192,Winter Jacket,PROD-0016,125.83,2,TXN-001934,2024-08-15
1935,Neha Mehta,CUST-0305,Hoodie,PROD-0013,50.64,2,TXN-001935,2024-09-08
1936,Linda Martin,CUST-0744,Gym Bag,PROD-0050,52.65,3,TXN-001936,2025-01-22
1937,Priya Gupta,CUST-0789,Casual Shorts,PROD-0017,29.07,2,TXN-001937,2024-10-08
1938,Sai Walker,CUST-0085,External SSD 1TB,PROD-0010,77.83,2,TXN-001938,2025-10-15
1939,Meena Jones,CUST-0594,Keyboard Mechanical,PROD-0007,97.82,1,TXN-001939,2025-09-02
1940,Pooja Kumar,CUST-0126,Keyboard Mechanical,PROD-0007,97.82,1,TXN-001940,2024-09-25
1941,Manoj Sharma,CUST-0185,Webcam HD,PROD-0006,72.22,1,TXN-001941,2025-01-05
1942,Mary Allen,CUST-0213,Water Bottle,PROD-0026,17.56,1,TXN-001942,2024-01-23
1943,Betty Shah,CUST-0424,Smartwatch,PROD-0005,158.2,2,TXN-001943,2025-10-02
1944,Meena Rao,CUST-0079,Running Shoes,PROD-0014,41.04,2,TXN-001944,2025-01-19
1945,Aadhya Singh,CUST-0322,Yoga Mat,PROD-0041,42.7,4,TXN-001945,2024-06-13
1946,Manoj Sharma,CUST-0185,Scarf,PROD-0020,33.28,1,TXN-001946,2024-07-01
1947,Riya Wright,CUST-0676,Fiction Novel,PROD-0037,12.83,2,TXN-001947,2024-02-02
1948,Aditya Lopez,CUST-0121,Blender,PROD-0022,46.5,5,TXN-001948,2025-05-10
1949,Sai Garcia,CUST-0629,Cookbook,PROD-0039,22.32,2,TXN-001949,2024-06-11
1950,Jennifer Mehta,CUST-0535,Swimming Goggles,PROD-0048,16.81,1,TXN-001950,2024-05-04
1951,Nikhil Verma,CUST-0198,Cookbook,PROD-0039,22.32,1,TXN-001951,2024-01-24
1952,Deepak Menon,CUST-0531,Machine Learning Guide,PROD-0033,42.63,3,TXN-001952,2024-08-09
1953,Vihaan Taylor,CUST-0374,Monitor Stand,PROD-0008,53.18,4,TXN-001953,2024-01-31
1954,William Moore,CUST-0336,Laptop Stand,PROD-0009,59.55,1,TXN-001954,2025-12-09
1955,Sara Davis,CUST-0130,Sports Socks (3-pack),PROD-0018,13.94,1,TXN-001955,2024-07-23
1956,Suresh Desai,CUST-0095,Toaster,PROD-0023,31.12,3,TXN-001956,2025-10-29
1957,Rohit Rao,CUST-0302,Tea Kettle,PROD-0030,40.05,3,TXN-001957,2025-05-22
1958,Kavita Thompson,CUST-0447,Machine Learning Guide,PROD-0033,42.63,4,TXN-001958,2024-07-16
1959,Manoj Verma,CUST-0257,Denim Jeans,PROD-0012,82.97,1,TXN-001959,2024-10-14
1960,Sunita Gupta,CUST-0403,Keyboard Mechanical,PROD-0007,97.82,2,TXN-001960,2025-08-24
1961,Rajesh Kulkarni,CUST-0320,Cotton T-Shirt,PROD-0011,30.65,3,TXN-001961,2025-05-14
1962,Margaret Rodriguez,CUST-0444,Dish Rack,PROD-0029,28.32,2,TXN-001962,2024-10-05
1963,Ananya Hernandez,CUST-0327,Travel Guide,PROD-0040,22.38,1,TXN-001963,2025-01-27
1964,Sandra Rodriguez,CUST-0440,Hoodie,PROD-0013,50.64,2,TXN-001964,2025-01-17
1965,Riya Patel,CUST-0648,Smartwatch,PROD-0005,158.2,2,TXN-001965,2024-02-04
1966,Thomas Johnson,CUST-0524,Casual Shorts,PROD-0017,29.07,2,TXN-001966,2024-10-27
1967,Manoj Young,CUST-0619,Dumbbells (Pair),PROD-0042,77.78,5,TXN-001967,2025-06-27
1968,Linda Martinez,CUST-0361,Water Bottle,PROD-0026,17.56,1,TXN-001968,2024-07-03
1969,Sara Wright,CUST-0331,Cutting Board,PROD-0028,11.96,3,TXN-001969,2025-01-01
1970,Karan White,CUST-0252,Smartwatch,PROD-0005,158.2,1,TXN-001970,2025-01-15
1971,Reyansh Chopra,CUST-0381,External SSD 1TB,PROD-0010,77.83,3,TXN-001971,2024-05-05
1972,Swati Lee,CUST-0010,Coffee Maker,PROD-0021,62.05,2,TXN-001972,2024-12-02
1973,Nisha Thompson,CUST-0219,Tea Kettle,PROD-0030,40.05,2,TXN-001973,2024-11-25
1974,Mark Malhotra,CUST-0239,Self-Help Guide,PROD-0036,10.26,1,TXN-001974,2024-10-17
1975,Pari Robinson,CUST-0617,Running Shoes,PROD-0014,41.04,2,TXN-001975,2024-04-15
1976,Donald Mehta,CUST-0575,Sports Socks (3-pack),PROD-0018,13.94,3,TXN-001976,2025-11-18
1977,Sunita Bhat,CUST-0077,Fiction Novel,PROD-0037,12.83,4,TXN-001977,2025-03-07
1978,Oliver Taylor,CUST-0699,Cycling Gloves,PROD-0049,31.15,2,TXN-001978,2024-11-23
1979,Rajesh Martinez,CUST-0203,Hoodie,PROD-0013,50.64,1,TXN-001979,2025-05-20
1980,David Walker,CUST-0511,USB-C Hub,PROD-0003,61.28,5,TXN-001980,2025-03-07
1981,Linda Mehta,CUST-0123,Monitor Stand,PROD-0008,53.18,2,TXN-001981,2025-09-07
1982,Sai Desai,CUST-0335,History of AI,PROD-0038,15.71,1,TXN-001982,2025-08-13
1983,Reyansh Reddy,CUST-0022,Cap,PROD-0019,12.46,1,TXN-001983,2025-08-12
1984,Ashley Miller,CUST-0005,Tea Kettle,PROD-0030,40.05,1,TXN-001984,2025-02-16
1985,Meena Thompson,CUST-0038,Business Strategy,PROD-0035,33.11,4,TXN-001985,2024-02-10
1986,Ishaan Clark,CUST-0346,Dumbbells (Pair),PROD-0042,77.78,1,TXN-001986,2025-04-26
1987,Riya Harris,CUST-0098,Storage Containers,PROD-0027,35.05,3,TXN-001987,2024-10-08
1988,Riya Chopra,CUST-0325,Cycling Gloves,PROD-0049,31.15,1,TXN-001988,2024-03-22
1989,Sunita Malhotra,CUST-0570,Gym Bag,PROD-0050,52.65,1,TXN-001989,2025-09-19
1990,Matthew Anderson,CUST-0049,Water Bottle,PROD-0026,17.56,1,TXN-001990,2025-04-10
1991,Patricia White,CUST-0506,Dumbbells (Pair),PROD-0042,77.78,5,TXN-001991,2024-05-04
1992,Betty Thomas,CUST-0383,Travel Guide,PROD-0040,22.38,1,TXN-001992,2024-08-17
1993,Matthew Anderson,CUST-0049,Wireless Mouse,PROD-0001,45.68,1,TXN-001993,2024-11-26
1994,Karen Gupta,CUST-0705,Tennis Racket,PROD-0047,61.92,2,TXN-001994,2024-06-23
1995,Vikram Davis,CUST-0091,Hoodie,PROD-0013,50.64,3,TXN-001995,2025-01-12
1996,Sneha Brown,CUST-0551,Wireless Mouse,PROD-0001,45.68,4,TXN-001996,2024-02-23
1997,Aanya Chopra,CUST-0266,USB-C Hub,PROD-0003,61.28,1,TXN-001997,2024-11-07
1998,Sunita Bhat,CUST-0077,Casual Shorts,PROD-0017,29.07,1,TXN-001998,2025-09-19
1999,Emma Desai,CUST-0389,Sports Socks (3-pack),PROD-0018,13.94,2,TXN-001999,2024-05-21
2000,Neha Miller,CUST-0598,Tea Kettle,PROD-0030,40.05,1,TXN-002000,2024-11-22
2001,Reyansh Iyer,CUST-0152,Cycling Gloves,PROD-0049,31.15,2,TXN-002001,2025-02-27
2002,Susan Brown,CUST-0653,Dish Rack,PROD-0029,28.32,2,TXN-002002,2025-06-18
2003,Aanya Young,CUST-0541,Winter Jacket,PROD-0016,125.83,2,TXN-002003,2025-11-08
2004,Riya King,CUST-0502,Sports Socks (3-pack),PROD-0018,13.94,1,TXN-002004,2025-05-09
2005,John Wright,CUST-0232,Webcam HD,PROD-0006,72.22,1,TXN-002005,2024-10-30
2006,Krishna Malhotra,CUST-0729,Webcam HD,PROD-0006,72.22,1,TXN-002006,2024-09-05
2007,Riya Wright,CUST-0676,Dumbbells (Pair),PROD-0042,77.78,3,TXN-002007,2024-07-29
2008,Priya Mehta,CUST-0712,Smartwatch,PROD-0005,158.2,1,TXN-002008,2025-05-21
2009,Anthony Menon,CUST-0062,Running Shoes,PROD-0014,41.04,1,TXN-002009,2024-08-09
2010,Riya Verma,CUST-0480,Knife Set,PROD-0025,68.52,1,TXN-002010,2024-04-17
2011,Michael Brown,CUST-0349,Running Shoes,PROD-0014,41.04,3,TXN-002011,2025-06-24
2012,Mary Jones,CUST-0527,Coffee Maker,PROD-0021,62.05,3,TXN-002012,2024-11-15
2013,Mary Bhat,CUST-0726,Tea Kettle,PROD-0030,40.05,2,TXN-002013,2025-05-31
2014,Vikram Miller,CUST-0109,Laptop Stand,PROD-0009,59.55,1,TXN-002014,2025-01-07
2015,Neha White,CUST-0395,Dish Rack,PROD-0029,28.32,4,TXN-002015,2025-06-09
2016,Swati Verma,CUST-0208,Gym Bag,PROD-0050,52.65,2,TXN-002016,2024-03-11
2017,Nikhil Bhat,CUST-0285,Cutting Board,PROD-0028,11.96,1,TXN-002017,2024-11-10
2018,Isabella Rao,CUST-0592,Dumbbells (Pair),PROD-0042,77.78,1,TXN-002018,2025-04-17
2019,Sophia Jones,CUST-0110,Swimming Goggles,PROD-0048,16.81,1,TXN-002019,2024-01-17
2020,Mia White,CUST-0472,Denim Jeans,PROD-0012,82.97,1,TXN-002020,2025-05-02
2021,Nikhil Smith,CUST-0678,Web Development,PROD-0034,44.41,2,TXN-002021,2024-09-28
2022,Aanya Jackson,CUST-0122,Self-Help Guide,PROD-0036,10.26,1,TXN-002022,2025-03-17
2023,Vivaan Menon,CUST-0218,External SSD 1TB,PROD-0010,77.83,1,TXN-002023,2025-03-17
2024,Michael Menon,CUST-0521,Blender,PROD-0022,46.5,1,TXN-002024,2024-10-06
2025,Margaret Martin,CUST-0379,Keyboard Mechanical,PROD-0007,97.82,1,TXN-002025,2025-01-26
2026,Arjun Thompson,CUST-0750,Cutting Board,PROD-0028,11.96,1,TXN-002026,2024-07-12
2027,Ashley Jones,CUST-0413,Denim Jeans,PROD-0012,82.97,2,TXN-002027,2025-06-26
2028,Sara Jackson,CUST-0623,Data Science Handbook,PROD-0032,42.44,2,TXN-002028,2024-04-21
2029,Nikhil Pillai,CUST-0698,Portable Charger,PROD-0004,42.05,2,TXN-002029,2024-04-23
2030,Neha Miller,CUST-0225,Monitor Stand,PROD-0008,53.18,1,TXN-002030,2024-02-06
2031,Anjali Young,CUST-0590,Sports Socks (3-pack),PROD-0018,13.94,1,TXN-002031,2025-06-28
2032,Divya Wright,CUST-0104,Sports Socks (3-pack),PROD-0018,13.94,1,TXN-002032,2025-09-27
2033,Charlotte Thompson,CUST-0717,Basketball,PROD-0046,39.63,2,TXN-002033,2025-02-06
2034,Divya Wright,CUST-0104,Formal Shirt,PROD-0015,57.36,3,TXN-002034,2025-12-09
2035,Amit Lopez,CUST-0275,Data Science Handbook,PROD-0032,42.44,1,TXN-002035,2024-07-27
2036,Ishaan Rodriguez,CUST-0356,Yoga Mat,PROD-0041,42.7,1,TXN-002036,2025-09-02
2037,John Kumar,CUST-0295,Tennis Racket,PROD-0047,61.92,1,TXN-002037,2024-07-08
2038,Lucas Smith,CUST-0516,Football,PROD-0045,29.05,2,TXN-002038,2024-11-08
2039,Karen Gupta,CUST-0705,Winter Jacket,PROD-0016,125.83,1,TXN-002039,2025-11-28
2040,Ashley Gupta,CUST-0072,Cotton T-Shirt,PROD-0011,30.65,1,TXN-002040,2025-04-11
2041,Myra Desai,CUST-0146,Wireless Mouse,PROD-0001,45.68,2,TXN-002041,2025-03-14
2042,Swati Malhotra,CUST-0343,Bluetooth Headphones,PROD-0002,92.28,1,TXN-002042,2024-09-27
2043,Meena Rao,CUST-0079,Cotton T-Shirt,PROD-0011,30.65,2,TXN-002043,2024-01-10
2044,Sai Singh,CUST-0609,Toaster,PROD-0023,31.12,5,TXN-002044,2025-08-20
2045,Sara Lewis,CUST-0002,Data Science Handbook,PROD-0032,42.44,4,TXN-002045,2025-04-28
2046,Vihaan Jones,CUST-0113,USB-C Hub,PROD-0003,61.28,3,TXN-002046,2025-08-03
2047,Oliver Young,CUST-0697,Cap,PROD-0019,12.46,3,TXN-002047,2025-06-21
2048,Lucas Smith,CUST-0516,Cotton T-Shirt,PROD-0011,30.65,3,TXN-002048,2024-04-06
2049,Rahul Allen,CUST-0103,Scarf,PROD-0020,33.28,3,TXN-002049,2024-12-09
2050,Isabella Allen,CUST-0464,Data Science Handbook,PROD-0032,42.44,3,TXN-002050,2025-07-12
2051,Joseph Taylor,CUST-0264,Resistance Bands,PROD-0043,22.74,2,TXN-002051,2025-01-08
2052,Vikram Johnson,CUST-0470,Wireless Mouse,PROD-0001,45.68,3,TXN-002052,2024-11-04
2053,Mark Brown,CUST-0728,Blender,PROD-0022,46.5,4,TXN-002053,2025-11-10
2054,Ananya Lee,CUST-0611,Python Programming,PROD-0031,22.63,1,TXN-002054,2025-12-03
2055,Ishaan Rodriguez,CUST-0532,Tennis Racket,PROD-0047,61.92,2,TXN-002055,2024-05-31
2056,Nancy Harris,CUST-0421,Formal Shirt,PROD-0015,57.36,2,TXN-002056,2024-05-25
2057,Sarah Thomas,CUST-0366,Data Science Handbook,PROD-0032,42.44,1,TXN-002057,2025-08-14
2058,Sandra Malhotra,CUST-0759,Football,PROD-0045,29.05,5,TXN-002058,2025-01-03
2059,Arjun Thompson,CUST-0212,Swimming Goggles,PROD-0048,16.81,1,TXN-002059,2025-01-21
2060,Isha Patel,CUST-0655,Keyboard Mechanical,PROD-0007,97.82,5,TXN-002060,2025-10-03
2061,Reyansh Joshi,CUST-0696,Business Strategy,PROD-0035,33.11,4,TXN-002061,2025-04-05
2062,Vihaan Anderson,CUST-0540,Denim Jeans,PROD-0012,82.97,1,TXN-002062,2025-11-26
2063,Swati Malhotra,CUST-0358,Blender,PROD-0022,46.5,1,TXN-002063,2025-03-03
2064,Noah Harris,CUST-0283,Scarf,PROD-0020,33.28,1,TXN-002064,2025-08-16
2065,Donald Thomas,CUST-0533,Football,PROD-0045,29.05,1,TXN-002065,2025-09-19
2066,Pooja Kumar,CUST-0126,Cutting Board,PROD-0028,11.96,3,TXN-002066,2025-08-03
2067,Ishaan Rodriguez,CUST-0356,Cap,PROD-0019,12.46,1,TXN-002067,2024-01-09
2068,David Walker,CUST-0511,Jump Rope,PROD-0044,18.67,1,TXN-002068,2025-11-28
2069,Charlotte Rao,CUST-0154,Web Development,PROD-0034,44.41,5,TXN-002069,2025-09-30
2070,Isabella Robinson,CUST-0572,Resistance Bands,PROD-0043,22.74,1,TXN-002070,2025-05-13
2071,Elizabeth Chopra,CUST-0296,Smartwatch,PROD-0005,158.2,3,TXN-002071,2024-01-16
2072,Reyansh Williams,CUST-0465,USB-C Hub,PROD-0003,61.28,1,TXN-002072,2025-08-30
2073,Nikhil Lewis,CUST-0127,Portable Charger,PROD-0004,42.05,2,TXN-002073,2024-01-06
2074,Aanya Singh,CUST-0441,Toaster,PROD-0023,31.12,2,TXN-002074,2024-01-01
2075,Swati Kulkarni,CUST-0052,Casual Shorts,PROD-0017,29.07,1,TXN-002075,2024-10-17
2076,Vihaan Patel,CUST-0515,Resistance Bands,PROD-0043,22.74,5,TXN-002076,2025-07-28
2077,Lucas Anderson,CUST-0159,Webcam HD,PROD-0006,72.22,3,TXN-002077,2024-05-26
2078,Suresh Lewis,CUST-0751,Hoodie,PROD-0013,50.64,2,TXN-002078,2024-03-23
2079,William Nair,CUST-0298,Formal Shirt,PROD-0015,57.36,1,TXN-002079,2024-12-29
2080,Sophia Rao,CUST-0255,Jump Rope,PROD-0044,18.67,2,TXN-002080,2025-03-08
2081,Nisha Lopez,CUST-0409,Keyboard Mechanical,PROD-0007,97.82,4,TXN-002081,2024-11-05
2082,Divya Patel,CUST-0612,Scarf,PROD-0020,33.28,1,TXN-002082,2025-03-22
2083,Reyansh Joshi,CUST-0696,Coffee Maker,PROD-0021,62.05,3,TXN-002083,2024-05-22
2084,Joseph Patel,CUST-0700,Gym Bag,PROD-0050,52.65,1,TXN-002084,2024-05-18
2085,Manoj Desai,CUST-0427,Self-Help Guide,PROD-0036,10.26,1,TXN-002085,2024-11-08
2086,Richard Smith,CUST-0088,Scarf,PROD-0020,33.28,2,TXN-002086,2025-10-05
2087,Emma Kulkarni,CUST-0473,Business Strategy,PROD-0035,33.11,1,TXN-002087,2025-03-23
2088,Suresh Shah,CUST-0099,Laptop Stand,PROD-0009,59.55,2,TXN-002088,2025-12-11
2089,Sandra Davis,CUST-0321,Machine Learning Guide,PROD-0033,42.63,4,TXN-002089,2025-12-30
2090,Nikhil Mehta,CUST-0367,Tea Kettle,PROD-0030,40.05,1,TXN-002090,2025-04-22
2091,Myra Shah,CUST-0431,Storage Containers,PROD-0027,35.05,2,TXN-002091,2025-07-26
2092,Anthony Joshi,CUST-0028,Gym Bag,PROD-0050,52.65,2,TXN-002092,2024-05-23
2093,Mary Patel,CUST-0630,Scarf,PROD-0020,33.28,3,TXN-002093,2025-08-17
2094,Mary White,CUST-0525,Non-Stick Pan,PROD-0024,32.73,1,TXN-002094,2025-07-10
2095,Diya Garcia,CUST-0580,Cap,PROD-0019,12.46,1,TXN-002095,2025-02-06
2096,Krishna Thomas,CUST-0129,Water Bottle,PROD-0026,17.56,2,TXN-002096,2025-04-18
2097,Sara Taylor,CUST-0782,Web Development,PROD-0034,44.41,2,TXN-002097,2024-02-25
2098,Charlotte Smith,CUST-0087,Portable Charger,PROD-0004,42.05,1,TXN-002098,2025-10-27
2099,Sophia Jones,CUST-0110,Blender,PROD-0022,46.5,2,TXN-002099,2024-10-24
2100,Diya Garcia,CUST-0580,Python Programming,PROD-0031,22.63,2,TXN-002100,2024-03-03
2101,Vihaan Malhotra,CUST-0125,Swimming Goggles,PROD-0048,16.81,2,TXN-002101,2025-06-07
2102,Daniel Desai,CUST-0758,Basketball,PROD-0046,39.63,1,TXN-002102,2024-07-28
2103,Oliver Verma,CUST-0529,External SSD 1TB,PROD-0010,77.83,2,TXN-002103,2025-05-22
2104,Susan Robinson,CUST-0140,Formal Shirt,PROD-0015,57.36,4,TXN-002104,2025-10-17
2105,Lucas Anderson,CUST-0159,Scarf,PROD-0020,33.28,2,TXN-002105,2024-01-07
2106,Daniel Singh,CUST-0497,Travel Guide,PROD-0040,22.38,2,TXN-002106,2024-04-27
2107,Joseph Bhat,CUST-0069,Wireless Mouse,PROD-0001,45.68,1,TXN-002107,2024-05-03
2108,Donald Thomas,CUST-0533,Keyboard Mechanical,PROD-0007,97.82,1,TXN-002108,2024-04-16
2109,Reyansh King,CUST-0486,Bluetooth Headphones,PROD-0002,92.28,3,TXN-002109,2025-03-30
2110,Sophia Rao,CUST-0401,Portable Charger,PROD-0004,42.05,4,TXN-002110,2024-11-03
2111,Rajesh Allen,CUST-0415,Python Programming,PROD-0031,22.63,5,TXN-002111,2024-08-28
2112,Matthew Chopra,CUST-0560,Casual Shorts,PROD-0017,29.07,3,TXN-002112,2025-11-28
2113,Jessica Brown,CUST-0450,Resistance Bands,PROD-0043,22.74,2,TXN-002113,2025-03-18
2114,Thomas Johnson,CUST-0150,Yoga Mat,PROD-0041,42.7,1,TXN-002114,2024-05-25
2115,Vikram King,CUST-0763,Resistance Bands,PROD-0043,22.74,1,TXN-002115,2025-06-07
2116,Pooja Johnson,CUST-0760,Football,PROD-0045,29.05,2,TXN-002116,2025-05-02
2117,Sarah Shah,CUST-0492,Cap,PROD-0019,12.46,1,TXN-002117,2024-04-12
2118,Mia Thomas,CUST-0603,Data Science Handbook,PROD-0032,42.44,1,TXN-002118,2024-10-08
2119,Sophia Rao,CUST-0401,Knife Set,PROD-0025,68.52,2,TXN-002119,2024-04-19
2120,Oliver Smith,CUST-0476,Storage Containers,PROD-0027,35.05,3,TXN-002120,2024-05-31
2121,Neha Brown,CUST-0029,Cap,PROD-0019,12.46,2,TXN-002121,2025-07-31
2122,Aanya Miller,CUST-0399,Wireless Mouse,PROD-0001,45.68,2,TXN-002122,2024-02-04
2123,Nancy Singh,CUST-0661,Dumbbells (Pair),PROD-0042,77.78,4,TXN-002123,2025-09-26
2124,Aanya Gupta,CUST-0456,USB-C Hub,PROD-0003,61.28,4,TXN-002124,2024-12-29
2125,Rajesh Rao,CUST-0143,Tea Kettle,PROD-0030,40.05,4,TXN-002125,2025-04-14
2126,Neha Rodriguez,CUST-0284,Wireless Mouse,PROD-0001,45.68,5,TXN-002126,2025-01-01
2127,Manoj Joshi,CUST-0513,Machine Learning Guide,PROD-0033,42.63,1,TXN-002127,2025-12-24
2128,Emma Thompson,CUST-0538,Knife Set,PROD-0025,68.52,2,TXN-002128,2024-06-27
2129,Priya Taylor,CUST-0672,External SSD 1TB,PROD-0010,77.83,1,TXN-002129,2025-07-30
2130,Arjun Nair,CUST-0348,Tea Kettle,PROD-0030,40.05,3,TXN-002130,2024-05-23
2131,Ishaan Malhotra,CUST-0286,Cycling Gloves,PROD-0049,31.15,2,TXN-002131,2025-02-07
2132,Nisha Mehta,CUST-0070,Dumbbells (Pair),PROD-0042,77.78,2,TXN-002132,2025-04-28
2133,Ishaan Taylor,CUST-0621,Resistance Bands,PROD-0043,22.74,1,TXN-002133,2025-12-26
2134,Sarah Bhat,CUST-0520,Gym Bag,PROD-0050,52.65,2,TXN-002134,2024-09-22
2135,Sunita Patel,CUST-0133,Football,PROD-0045,29.05,1,TXN-002135,2025-08-17
2136,James Clark,CUST-0357,History of AI,PROD-0038,15.71,2,TXN-002136,2025-02-17
2137,Nisha Mehta,CUST-0070,USB-C Hub,PROD-0003,61.28,1,TXN-002137,2024-06-11
2138,Sara Rodriguez,CUST-0238,Keyboard Mechanical,PROD-0007,97.82,2,TXN-002138,2025-05-26
2139,Reyansh Joshi,CUST-0696,Python Programming,PROD-0031,22.63,1,TXN-002139,2024-08-25
2140,Vivaan Nair,CUST-0791,Tennis Racket,PROD-0047,61.92,3,TXN-002140,2024-04-17
2141,Rahul Malhotra,CUST-0179,Tennis Racket,PROD-0047,61.92,4,TXN-002141,2025-03-06
2142,Sara Allen,CUST-0066,Portable Charger,PROD-0004,42.05,2,TXN-002142,2024-04-27
2143,Ayaan Rao,CUST-0039,Swimming Goggles,PROD-0048,16.81,1,TXN-002143,2025-01-18
2144,Betty Jackson,CUST-0622,Yoga Mat,PROD-0041,42.7,3,TXN-002144,2024-06-27
2145,Sai Lee,CUST-0329,Keyboard Mechanical,PROD-0007,97.82,2,TXN-002145,2025-01-21
2146,Mark Desai,CUST-0137,Yoga Mat,PROD-0041,42.7,2,TXN-002146,2024-07-23
2147,Ananya Lopez,CUST-0201,Casual Shorts,PROD-0017,29.07,2,TXN-002147,2025-11-26
2148,Mason Mehta,CUST-0293,Formal Shirt,PROD-0015,57.36,1,TXN-002148,2024-06-14
2149,Jessica Martinez,CUST-0445,Web Development,PROD-0034,44.41,3,TXN-002149,2024-07-15
2150,Rohit Miller,CUST-0089,History of AI,PROD-0038,15.71,1,TXN-002150,2025-11-15
2151,Suresh Shah,CUST-0099,Running Shoes,PROD-0014,41.04,1,TXN-002151,2024-05-23
2152,Aarav King,CUST-0006,Non-Stick Pan,PROD-0024,32.73,3,TXN-002152,2025-08-04
2153,Matthew Chopra,CUST-0560,Smartwatch,PROD-0005,158.2,1,TXN-002153,2025-11-29
2154,Susan Clark,CUST-0748,Tennis Racket,PROD-0047,61.92,2,TXN-002154,2025-05-23
2155,David Smith,CUST-0195,Running Shoes,PROD-0014,41.04,2,TXN-002155,2025-04-30
2156,Manoj Joshi,CUST-0513,Toaster,PROD-0023,31.12,1,TXN-002156,2025-07-26
2157,Oliver Johnson,CUST-0142,Smartwatch,PROD-0005,158.2,2,TXN-002157,2025-10-02
2158,Betty White,CUST-0386,Smartwatch,PROD-0005,158.2,2,TXN-002158,2024-05-10
2159,Krishna Miller,CUST-0530,Scarf,PROD-0020,33.28,1,TXN-002159,2025-05-25
2160,Krishna Anderson,CUST-0237,Portable Charger,PROD-0004,42.05,2,TXN-002160,2024-12-04
2161,Lisa Hernandez,CUST-0024,Formal Shirt,PROD-0015,57.36,3,TXN-002161,2024-10-23
2162,Patricia Williams,CUST-0258,Knife Set,PROD-0025,68.52,3,TXN-002162,2024-03-10
2163,Ashley Rao,CUST-0162,Cap,PROD-0019,12.46,1,TXN-002163,2025-08-12
2164,Linda Iyer,CUST-0248,Web Development,PROD-0034,44.41,4,TXN-002164,2025-05-27
2165,Rajesh Kulkarni,CUST-0320,Water Bottle,PROD-0026,17.56,2,TXN-002165,2025-07-13
2166,Diya Jones,CUST-0715,Monitor Stand,PROD-0008,53.18,2,TXN-002166,2024-09-26
2167,Jennifer Shah,CUST-0669,Bluetooth Headphones,PROD-0002,92.28,1,TXN-002167,2025-03-07
2168,Aarav Kulkarni,CUST-0268,Hoodie,PROD-0013,50.64,1,TXN-002168,2024-03-01
2169,Rajesh Rao,CUST-0143,Running Shoes,PROD-0014,41.04,2,TXN-002169,2024-12-03
2170,Lucas Singh,CUST-0776,Resistance Bands,PROD-0043,22.74,4,TXN-002170,2024-03-04
2171,Isha Bhat,CUST-0242,Data Science Handbook,PROD-0032,42.44,1,TXN-002171,2025-07-31
2172,Michael Jones,CUST-0625,Football,PROD-0045,29.05,3,TXN-002172,2024-02-06
2173,Karan Robinson,CUST-0355,Smartwatch,PROD-0005,158.2,4,TXN-002173,2025-09-04
2174,Daniel Desai,CUST-0758,Travel Guide,PROD-0040,22.38,4,TXN-002174,2025-07-18
2175,Divya Moore,CUST-0491,Laptop Stand,PROD-0009,59.55,1,TXN-002175,2024-02-12
2176,Meena Jones,CUST-0107,USB-C Hub,PROD-0003,61.28,2,TXN-002176,2024-08-18
2177,Divya Singh,CUST-0666,Toaster,PROD-0023,31.12,2,TXN-002177,2024-11-06
2178,Aanya Clark,CUST-0234,Bluetooth Headphones,PROD-0002,92.28,4,TXN-002178,2024-01-27
2179,Sneha Reddy,CUST-0793,Hoodie,PROD-0013,50.64,2,TXN-002179,2025-01-23
2180,Oliver Taylor,CUST-0699,Jump Rope,PROD-0044,18.67,3,TXN-002180,2025-07-19
2181,Manoj Garcia,CUST-0494,Portable Charger,PROD-0004,42.05,1,TXN-002181,2025-01-21
2182,Joseph Patel,CUST-0713,Laptop Stand,PROD-0009,59.55,2,TXN-002182,2025-03-13
2183,Richard Lewis,CUST-0563,Laptop Stand,PROD-0009,59.55,1,TXN-002183,2024-04-30
2184,Pooja Chopra,CUST-0631,Non-Stick Pan,PROD-0024,32.73,1,TXN-002184,2024-12-17
2185,Krishna Moore,CUST-0448,Portable Charger,PROD-0004,42.05,1,TXN-002185,2024-04-04
2186,Mia Thomas,CUST-0603,Wireless Mouse,PROD-0001,45.68,1,TXN-002186,2025-07-03
2187,Diya Young,CUST-0582,USB-C Hub,PROD-0003,61.28,5,TXN-002187,2024-01-16
2188,Vikram Bhat,CUST-0738,Winter Jacket,PROD-0016,125.83,3,TXN-002188,2024-03-19
2189,James Pillai,CUST-0059,Laptop Stand,PROD-0009,59.55,2,TXN-002189,2024-10-16
2190,Patricia Joshi,CUST-0045,Coffee Maker,PROD-0021,62.05,1,TXN-002190,2025-11-01
2191,Aadhya Miller,CUST-0251,Cap,PROD-0019,12.46,1,TXN-002191,2025-02-11
2192,Divya Moore,CUST-0491,Resistance Bands,PROD-0043,22.74,1,TXN-002192,2024-03-19
2193,Meena Rao,CUST-0079,Casual Shorts,PROD-0017,29.07,4,TXN-002193,2024-07-29
2194,Vihaan Lee,CUST-0507,Basketball,PROD-0046,39.63,3,TXN-002194,2024-12-31
2195,Divya Gupta,CUST-0226,Dish Rack,PROD-0029,28.32,3,TXN-002195,2025-01-10
2196,Sai Kumar,CUST-0799,Self-Help Guide,PROD-0036,10.26,1,TXN-002196,2025-10-31
2197,Aadhya Miller,CUST-0251,Web Development,PROD-0034,44.41,4,TXN-002197,2024-11-22
2198,Diya Jones,CUST-0715,Business Strategy,PROD-0035,33.11,2,TXN-002198,2024-02-25
2199,Karan Robinson,CUST-0355,Storage Containers,PROD-0027,35.05,3,TXN-002199,2025-09-28
2200,Sarah Harris,CUST-0498,Sports Socks (3-pack),PROD-0018,13.94,1,TXN-002200,2024-05-20
2201,Donald White,CUST-0534,Formal Shirt,PROD-0015,57.36,1,TXN-002201,2025-07-20
2202,Lisa Kumar,CUST-0216,Monitor Stand,PROD-0008,53.18,1,TXN-002202,2024-05-25
2203,Suresh Kumar,CUST-0037,Winter Jacket,PROD-0016,125.83,2,TXN-002203,2025-10-27
2204,Mark Desai,CUST-0783,Tea Kettle,PROD-0030,40.05,5,TXN-002204,2024-01-22
2205,David Walker,CUST-0511,USB-C Hub,PROD-0003,61.28,1,TXN-002205,2025-08-25
2206,Pari Walker,CUST-0394,Scarf,PROD-0020,33.28,3,TXN-002206,2024-03-27
2207,Anthony Menon,CUST-0062,Sports Socks (3-pack),PROD-0018,13.94,4,TXN-002207,2025-01-28
2208,Jennifer Martin,CUST-0508,Bluetooth Headphones,PROD-0002,92.28,4,TXN-002208,2025-01-28
2209,Sunita Martinez,CUST-0455,USB-C Hub,PROD-0003,61.28,1,TXN-002209,2025-01-23
2210,Richard Gupta,CUST-0189,Resistance Bands,PROD-0043,22.74,2,TXN-002210,2024-02-23
2211,Linda Walker,CUST-0677,Scarf,PROD-0020,33.28,1,TXN-002211,2024-12-22
2212,Aarav Young,CUST-0027,Cookbook,PROD-0039,22.32,3,TXN-002212,2024-12-10
2213,Rajesh Chopra,CUST-0269,Cycling Gloves,PROD-0049,31.15,2,TXN-002213,2024-01-29
2214,Neha Lewis,CUST-0350,Tennis Racket,PROD-0047,61.92,3,TXN-002214,2025-03-20
2215,Mia Brown,CUST-0438,Tennis Racket,PROD-0047,61.92,4,TXN-002215,2024-02-28
2216,Suresh Taylor,CUST-0112,Self-Help Guide,PROD-0036,10.26,1,TXN-002216,2025-11-25
2217,John Kumar,CUST-0295,Business Strategy,PROD-0035,33.11,2,TXN-002217,2025-08-09
2218,Sophia Wright,CUST-0737,Fiction Novel,PROD-0037,12.83,3,TXN-002218,2024-09-23
2219,Mary White,CUST-0167,Knife Set,PROD-0025,68.52,2,TXN-002219,2024-08-31
2220,Patricia Bhat,CUST-0136,Wireless Mouse,PROD-0001,45.68,1,TXN-002220,2025-11-29
2221,Priya White,CUST-0281,Webcam HD,PROD-0006,72.22,5,TXN-002221,2025-07-09
2222,Myra Thomas,CUST-0303,Blender,PROD-0022,46.5,2,TXN-002222,2024-02-09
2223,Pooja Chopra,CUST-0631,Sports Socks (3-pack),PROD-0018,13.94,1,TXN-002223,2025-11-06
2224,Manoj Verma,CUST-0257,Dumbbells (Pair),PROD-0042,77.78,3,TXN-002224,2025-09-14
2225,Rahul Brown,CUST-0013,Monitor Stand,PROD-0008,53.18,1,TXN-002225,2025-11-07
2226,Sai Lee,CUST-0329,Casual Shorts,PROD-0017,29.07,3,TXN-002226,2025-03-30
2227,Vivaan Kulkarni,CUST-0474,Bluetooth Headphones,PROD-0002,92.28,2,TXN-002227,2025-04-22
2228,Meena Thompson,CUST-0038,Toaster,PROD-0023,31.12,2,TXN-002228,2025-07-23
2229,Elizabeth Martinez,CUST-0224,Storage Containers,PROD-0027,35.05,1,TXN-002229,2024-03-22
2230,Neha Rodriguez,CUST-0284,Travel Guide,PROD-0040,22.38,2,TXN-002230,2024-03-06
2231,Aadhya Shah,CUST-0452,Denim Jeans,PROD-0012,82.97,1,TXN-002231,2024-10-09
2232,Aanya Chopra,CUST-0266,Data Science Handbook,PROD-0032,42.44,1,TXN-002232,2025-10-07
2233,Rahul Malhotra,CUST-0179,External SSD 1TB,PROD-0010,77.83,4,TXN-002233,2025-11-02
2234,Karan Davis,CUST-0051,Formal Shirt,PROD-0015,57.36,1,TXN-002234,2024-02-09
2235,Richard Gupta,CUST-0189,Jump Rope,PROD-0044,18.67,2,TXN-002235,2025-03-26
2236,Meena Jones,CUST-0594,Coffee Maker,PROD-0021,62.05,1,TXN-002236,2024-08-21
2237,Linda Chopra,CUST-0063,Basketball,PROD-0046,39.63,5,TXN-002237,2024-09-20
2238,James Garcia,CUST-0017,Jump Rope,PROD-0044,18.67,3,TXN-002238,2024-12-27
2239,Robert Williams,CUST-0554,Basketball,PROD-0046,39.63,1,TXN-002239,2024-08-28
2240,Margaret Rao,CUST-0359,Keyboard Mechanical,PROD-0007,97.82,1,TXN-002240,2025-03-30
2241,Pari Martinez,CUST-0116,Machine Learning Guide,PROD-0033,42.63,1,TXN-002241,2024-07-27
2242,Krishna Walker,CUST-0334,Fiction Novel,PROD-0037,12.83,1,TXN-002242,2025-11-28
2243,Ashley Hernandez,CUST-0426,Smartwatch,PROD-0005,158.2,2,TXN-002243,2024-10-16
2244,Nikhil Sharma,CUST-0147,Bluetooth Headphones,PROD-0002,92.28,1,TXN-002244,2025-01-03
2245,Amit Robinson,CUST-0344,Storage Containers,PROD-0027,35.05,4,TXN-002245,2025-01-18
2246,David Jackson,CUST-0482,Cap,PROD-0019,12.46,2,TXN-002246,2024-06-13
2247,James Young,CUST-0378,USB-C Hub,PROD-0003,61.28,1,TXN-002247,2024-06-02
2248,Michael Smith,CUST-0606,Bluetooth Headphones,PROD-0002,92.28,1,TXN-002248,2024-08-04
2249,Sandra Davis,CUST-0321,Machine Learning Guide,PROD-0033,42.63,3,TXN-002249,2025-06-04
2250,Riya Kumar,CUST-0596,Basketball,PROD-0046,39.63,1,TXN-002250,2024-08-08
2251,Susan Brown,CUST-0388,History of AI,PROD-0038,15.71,1,TXN-002251,2024-06-02
2252,Mason Reddy,CUST-0391,Cycling Gloves,PROD-0049,31.15,5,TXN-002252,2024-03-21
2253,Divya Kumar,CUST-0080,Formal Shirt,PROD-0015,57.36,2,TXN-002253,2025-08-11
2254,Nisha Reddy,CUST-0646,Self-Help Guide,PROD-0036,10.26,3,TXN-002254,2025-07-05
2255,Suresh Lewis,CUST-0751,Monitor Stand,PROD-0008,53.18,3,TXN-002255,2025-06-24
2256,Ayaan Allen,CUST-0053,Cookbook,PROD-0039,22.32,2,TXN-002256,2025-06-21
2257,Donald Thomas,CUST-0533,Dish Rack,PROD-0029,28.32,1,TXN-002257,2024-07-18
2258,Anjali Young,CUST-0590,Cap,PROD-0019,12.46,4,TXN-002258,2024-12-02
2259,Diya Davis,CUST-0249,Gym Bag,PROD-0050,52.65,5,TXN-002259,2024-08-24
2260,Donald Anderson,CUST-0467,Coffee Maker,PROD-0021,62.05,3,TXN-002260,2024-04-28
2261,Nikhil Patel,CUST-0710,Winter Jacket,PROD-0016,125.83,2,TXN-002261,2025-02-23
2262,Amit Clark,CUST-0371,Webcam HD,PROD-0006,72.22,1,TXN-002262,2025-06-01
2263,Meena Rao,CUST-0079,Non-Stick Pan,PROD-0024,32.73,2,TXN-002263,2025-09-11
2264,Reyansh Nair,CUST-0236,Dish Rack,PROD-0029,28.32,3,TXN-002264,2024-08-23
2265,Mary Chopra,CUST-0584,Laptop Stand,PROD-0009,59.55,4,TXN-002265,2024-09-07
2266,Isabella Anderson,CUST-0796,Storage Containers,PROD-0027,35.05,2,TXN-002266,2025-11-12
2267,Oliver Johnson,CUST-0142,Cookbook,PROD-0039,22.32,1,TXN-002267,2024-10-20
2268,Neha Lewis,CUST-0350,Coffee Maker,PROD-0021,62.05,1,TXN-002268,2025-02-22
2269,Aarav Menon,CUST-0432,Machine Learning Guide,PROD-0033,42.63,5,TXN-002269,2025-08-12
2270,Vihaan Lee,CUST-0507,Yoga Mat,PROD-0041,42.7,4,TXN-002270,2024-07-21
2271,Manoj Sharma,CUST-0185,Tea Kettle,PROD-0030,40.05,1,TXN-002271,2024-05-03
2272,Patricia Chopra,CUST-0429,Casual Shorts,PROD-0017,29.07,3,TXN-002272,2025-12-29
2273,David Jackson,CUST-0482,Swimming Goggles,PROD-0048,16.81,1,TXN-002273,2024-02-04
2274,Donald Iyer,CUST-0442,Bluetooth Headphones,PROD-0002,92.28,2,TXN-002274,2024-03-15
2275,Patricia Bhat,CUST-0136,Machine Learning Guide,PROD-0033,42.63,4,TXN-002275,2025-02-01
2276,John Malhotra,CUST-0433,Toaster,PROD-0023,31.12,1,TXN-002276,2025-12-14
2277,Diya Rodriguez,CUST-0571,Winter Jacket,PROD-0016,125.83,3,TXN-002277,2024-05-01
2278,Jennifer Lopez,CUST-0345,Blender,PROD-0022,46.5,2,TXN-002278,2025-09-23
2279,Elizabeth Miller,CUST-0111,Tennis Racket,PROD-0047,61.92,1,TXN-002279,2024-12-29
2280,Pari Thomas,CUST-0460,Storage Containers,PROD-0027,35.05,2,TXN-002280,2025-03-22
2281,Ananya Thompson,CUST-0297,Cycling Gloves,PROD-0049,31.15,2,TXN-002281,2024-05-17
2282,Anthony Malhotra,CUST-0752,Denim Jeans,PROD-0012,82.97,3,TXN-002282,2025-08-26
2283,Pooja Martinez,CUST-0522,Webcam HD,PROD-0006,72.22,1,TXN-002283,2024-01-08
2284,Aditya Thompson,CUST-0608,History of AI,PROD-0038,15.71,1,TXN-002284,2025-10-26
2285,Reyansh Williams,CUST-0465,Knife Set,PROD-0025,68.52,1,TXN-002285,2024-06-29
2286,Michael Menon,CUST-0521,Tennis Racket,PROD-0047,61.92,2,TXN-002286,2024-04-09
2287,Sara Rodriguez,CUST-0238,Scarf,PROD-0020,33.28,2,TXN-002287,2024-02-19
2288,Mary Pillai,CUST-0578,Web Development,PROD-0034,44.41,4,TXN-002288,2025-08-16
2289,Michael Menon,CUST-0521,Cutting Board,PROD-0028,11.96,1,TXN-002289,2025-01-28
2290,Ananya Hernandez,CUST-0327,Cycling Gloves,PROD-0049,31.15,1,TXN-002290,2024-05-26
2291,Sarah Williams,CUST-0043,Swimming Goggles,PROD-0048,16.81,4,TXN-002291,2024-08-03
2292,Aanya Singh,CUST-0441,Web Development,PROD-0034,44.41,1,TXN-002292,2025-09-22
2293,Aadhya Singh,CUST-0322,Keyboard Mechanical,PROD-0007,97.82,1,TXN-002293,2024-06-18
2294,Aanya Jackson,CUST-0122,Cap,PROD-0019,12.46,1,TXN-002294,2025-03-25
2295,John Pillai,CUST-0230,Cotton T-Shirt,PROD-0011,30.65,1,TXN-002295,2024-09-22
2296,Ishaan Taylor,CUST-0621,Cycling Gloves,PROD-0049,31.15,1,TXN-002296,2024-08-25
2297,Arjun Shah,CUST-0683,Sports Socks (3-pack),PROD-0018,13.94,1,TXN-002297,2024-07-30
2298,Amit Wright,CUST-0566,Machine Learning Guide,PROD-0033,42.63,3,TXN-002298,2024-01-29
2299,Neha Moore,CUST-0613,USB-C Hub,PROD-0003,61.28,5,TXN-002299,2025-07-06
2300,Sneha Brown,CUST-0551,Hoodie,PROD-0013,50.64,1,TXN-002300,2024-01-27
2301,Margaret Martin,CUST-0379,Running Shoes,PROD-0014,41.04,1,TXN-002301,2025-08-07
2302,Suresh Rao,CUST-0437,Tennis Racket,PROD-0047,61.92,2,TXN-002302,2024-05-09
2303,Reyansh Williams,CUST-0465,Cap,PROD-0019,12.46,4,TXN-002303,2025-12-24
2304,Linda Mehta,CUST-0123,Dish Rack,PROD-0029,28.32,4,TXN-002304,2025-05-20
2305,Sarah Shah,CUST-0270,Webcam HD,PROD-0006,72.22,4,TXN-002305,2024-10-12
2306,Arjun Thompson,CUST-0750,Resistance Bands,PROD-0043,22.74,1,TXN-002306,2024-12-28
2307,Susan Lewis,CUST-0081,Swimming Goggles,PROD-0048,16.81,3,TXN-002307,2024-03-17
2308,Sai Desai,CUST-0335,Cotton T-Shirt,PROD-0011,30.65,2,TXN-002308,2024-10-09
2309,Reyansh Williams,CUST-0465,Yoga Mat,PROD-0041,42.7,3,TXN-002309,2025-11-19
2310,Isabella Anderson,CUST-0796,Smartwatch,PROD-0005,158.2,3,TXN-002310,2024-11-18
2311,Margaret Pillai,CUST-0040,Cutting Board,PROD-0028,11.96,1,TXN-002311,2025-12-23
2312,Donald White,CUST-0534,Coffee Maker,PROD-0021,62.05,1,TXN-002312,2025-07-25
2313,Linda Walker,CUST-0677,Yoga Mat,PROD-0041,42.7,1,TXN-002313,2025-10-11
2314,Pooja Nair,CUST-0643,Wireless Mouse,PROD-0001,45.68,1,TXN-002314,2025-08-23
2315,Betty White,CUST-0386,Formal Shirt,PROD-0015,57.36,2,TXN-002315,2024-09-28
2316,David Jackson,CUST-0482,External SSD 1TB,PROD-0010,77.83,2,TXN-002316,2024-07-10
2317,Anthony Malhotra,CUST-0752,Data Science Handbook,PROD-0032,42.44,1,TXN-002317,2024-07-22
2318,Sunita Joshi,CUST-0651,Webcam HD,PROD-0006,72.22,5,TXN-002318,2024-08-07
2319,Mia Verma,CUST-0004,Cutting Board,PROD-0028,11.96,1,TXN-002319,2025-07-25
2320,Jessica Rao,CUST-0626,Running Shoes,PROD-0014,41.04,3,TXN-002320,2024-02-09
2321,Patricia Chopra,CUST-0429,Football,PROD-0045,29.05,1,TXN-002321,2025-01-24
2322,Nikhil Walker,CUST-0647,History of AI,PROD-0038,15.71,1,TXN-002322,2024-12-23
2323,Arjun Patel,CUST-0496,Web Development,PROD-0034,44.41,2,TXN-002323,2024-07-03
2324,Karen Rao,CUST-0308,Formal Shirt,PROD-0015,57.36,4,TXN-002324,2025-11-15
2325,Daniel Singh,CUST-0497,Data Science Handbook,PROD-0032,42.44,3,TXN-002325,2025-02-05
2326,Neha Moore,CUST-0613,Toaster,PROD-0023,31.12,2,TXN-002326,2024-10-29
2327,Suresh Shah,CUST-0099,Formal Shirt,PROD-0015,57.36,1,TXN-002327,2024-10-21
2328,Susan Davis,CUST-0430,Dish Rack,PROD-0029,28.32,1,TXN-002328,2025-11-09
2329,Anjali Robinson,CUST-0436,Monitor Stand,PROD-0008,53.18,1,TXN-002329,2024-11-22
2330,Linda Walker,CUST-0677,Monitor Stand,PROD-0008,53.18,1,TXN-002330,2025-02-11
2331,Charlotte White,CUST-0722,Laptop Stand,PROD-0009,59.55,3,TXN-002331,2025-05-10
2332,Arjun Shah,CUST-0501,Cookbook,PROD-0039,22.32,2,TXN-002332,2024-08-28
2333,Aarav White,CUST-0030,Cap,PROD-0019,12.46,1,TXN-002333,2024-08-08
2334,John Walker,CUST-0419,Portable Charger,PROD-0004,42.05,2,TXN-002334,2024-11-26
2335,Aarav Kulkarni,CUST-0268,Jump Rope,PROD-0044,18.67,1,TXN-002335,2025-02-04
2336,Suresh Sharma,CUST-0453,Cutting Board,PROD-0028,11.96,1,TXN-002336,2024-02-25
2337,Amit Lopez,CUST-0275,Data Science Handbook,PROD-0032,42.44,3,TXN-002337,2024-12-13
2338,Aadhya Sharma,CUST-0652,USB-C Hub,PROD-0003,61.28,1,TXN-002338,2025-02-23
2339,Deepak Brown,CUST-0227,Fiction Novel,PROD-0037,12.83,4,TXN-002339,2025-07-02
2340,Arjun Thompson,CUST-0212,Gym Bag,PROD-0050,52.65,2,TXN-002340,2025-09-20
2341,Jessica Rao,CUST-0626,Blender,PROD-0022,46.5,1,TXN-002341,2025-07-06
2342,Michael Rao,CUST-0021,Tennis Racket,PROD-0047,61.92,1,TXN-002342,2025-01-23
2343,Amit Clark,CUST-0093,Gym Bag,PROD-0050,52.65,3,TXN-002343,2024-12-27
2344,Aanya Jackson,CUST-0786,Gym Bag,PROD-0050,52.65,2,TXN-002344,2025-11-01
2345,Karan Davis,CUST-0051,Web Development,PROD-0034,44.41,1,TXN-002345,2025-07-02
2346,Karan Lewis,CUST-0204,Cotton T-Shirt,PROD-0011,30.65,3,TXN-002346,2025-02-09
2347,Diya Chopra,CUST-0736,Formal Shirt,PROD-0015,57.36,1,TXN-002347,2024-06-14
2348,Betty Thomas,CUST-0383,Blender,PROD-0022,46.5,2,TXN-002348,2025-07-20
2349,Suresh Lewis,CUST-0751,Winter Jacket,PROD-0016,125.83,4,TXN-002349,2024-02-06
2350,Michael Rao,CUST-0021,Cycling Gloves,PROD-0049,31.15,4,TXN-002350,2024-04-14
2351,Karen Martin,CUST-0514,Water Bottle,PROD-0026,17.56,3,TXN-002351,2024-02-13
2352,Nisha Lee,CUST-0161,Cap,PROD-0019,12.46,1,TXN-002352,2024-08-23
2353,Nikhil Walker,CUST-0647,Gym Bag,PROD-0050,52.65,2,TXN-002353,2024-02-04
2354,Rohit Wright,CUST-0279,Swimming Goggles,PROD-0048,16.81,1,TXN-002354,2025-01-21
2355,Priya Taylor,CUST-0672,Water Bottle,PROD-0026,17.56,1,TXN-002355,2024-10-03
2356,Charlotte Smith,CUST-0087,Smartwatch,PROD-0005,158.2,1,TXN-002356,2025-12-21
2357,Margaret Young,CUST-0781,Tennis Racket,PROD-0047,61.92,2,TXN-002357,2024-01-16
2358,James Walker,CUST-0761,Business Strategy,PROD-0035,33.11,2,TXN-002358,2024-06-04
2359,Riya Harris,CUST-0098,Swimming Goggles,PROD-0048,16.81,2,TXN-002359,2025-02-04
2360,Swati Williams,CUST-0199,Cookbook,PROD-0039,22.32,4,TXN-002360,2024-11-27
2361,Anjali Robinson,CUST-0436,Machine Learning Guide,PROD-0033,42.63,3,TXN-002361,2024-11-05
2362,Priya White,CUST-0281,Tea Kettle,PROD-0030,40.05,1,TXN-002362,2024-09-27
2363,Priya Taylor,CUST-0672,Fiction Novel,PROD-0037,12.83,2,TXN-002363,2024-10-25
2364,Sandra Rodriguez,CUST-0440,Webcam HD,PROD-0006,72.22,1,TXN-002364,2025-02-20
2365,Donald Mehta,CUST-0575,Sports Socks (3-pack),PROD-0018,13.94,2,TXN-002365,2025-12-20
2366,Meena Garcia,CUST-0547,Machine Learning Guide,PROD-0033,42.63,1,TXN-002366,2024-01-18
2367,Liam Clark,CUST-0509,Tennis Racket,PROD-0047,61.92,1,TXN-002367,2025-01-16
2368,Sara Taylor,CUST-0782,Business Strategy,PROD-0035,33.11,3,TXN-002368,2025-04-08
2369,John Pillai,CUST-0230,Fiction Novel,PROD-0037,12.83,5,TXN-002369,2025-02-10
2370,James Davis,CUST-0790,Formal Shirt,PROD-0015,57.36,2,TXN-002370,2025-05-03
2371,Ayaan Bhat,CUST-0577,Keyboard Mechanical,PROD-0007,97.82,2,TXN-002371,2024-12-06
2372,Reyansh Martin,CUST-0148,Yoga Mat,PROD-0041,42.7,5,TXN-002372,2024-04-07
2373,Donald Mehta,CUST-0575,Cotton T-Shirt,PROD-0011,30.65,1,TXN-002373,2025-05-16
2374,Aditya Thompson,CUST-0608,Winter Jacket,PROD-0016,125.83,1,TXN-002374,2025-02-16
2375,Sunita Martinez,CUST-0632,Python Programming,PROD-0031,22.63,2,TXN-002375,2025-08-03
2376,Vivaan Malhotra,CUST-0779,Formal Shirt,PROD-0015,57.36,1,TXN-002376,2025-05-20
2377,Susan Kumar,CUST-0259,Storage Containers,PROD-0027,35.05,1,TXN-002377,2024-12-11
2378,Nikhil Thompson,CUST-0155,USB-C Hub,PROD-0003,61.28,1,TXN-002378,2025-08-01
2379,Krishna Malhotra,CUST-0614,Storage Containers,PROD-0027,35.05,4,TXN-002379,2024-10-01
2380,Myra Patel,CUST-0707,Running Shoes,PROD-0014,41.04,3,TXN-002380,2025-05-15
2381,Matthew Lee,CUST-0559,Data Science Handbook,PROD-0032,42.44,1,TXN-002381,2025-10-29
2382,Isha Bhat,CUST-0242,Coffee Maker,PROD-0021,62.05,2,TXN-002382,2025-05-09
2383,Mary Jones,CUST-0527,Self-Help Guide,PROD-0036,10.26,4,TXN-002383,2024-03-24
2384,Richard Johnson,CUST-0108,Cutting Board,PROD-0028,11.96,2,TXN-002384,2025-01-19
2385,Sarah Shah,CUST-0131,Cycling Gloves,PROD-0049,31.15,1,TXN-002385,2025-06-16
2386,Sandra Desai,CUST-0767,Monitor Stand,PROD-0008,53.18,1,TXN-002386,2025-03-24
2387,Mary Kulkarni,CUST-0117,USB-C Hub,PROD-0003,61.28,4,TXN-002387,2025-05-22
2388,Ashley Martinez,CUST-0175,Yoga Mat,PROD-0041,42.7,3,TXN-002388,2025-05-13
2389,Donald King,CUST-0144,Swimming Goggles,PROD-0048,16.81,4,TXN-002389,2025-03-04
2390,Nisha Lopez,CUST-0409,Wireless Mouse,PROD-0001,45.68,1,TXN-002390,2025-03-21
2391,Rohit Rao,CUST-0302,Tennis Racket,PROD-0047,61.92,4,TXN-002391,2025-11-23
2392,Amit Kumar,CUST-0278,Web Development,PROD-0034,44.41,1,TXN-002392,2025-01-15
2393,Mary Pillai,CUST-0578,Dumbbells (Pair),PROD-0042,77.78,1,TXN-002393,2024-10-24
2394,Susan King,CUST-0536,Jump Rope,PROD-0044,18.67,1,TXN-002394,2025-09-20
2395,Pooja Bhat,CUST-0732,Non-Stick Pan,PROD-0024,32.73,2,TXN-002395,2024-09-14
2396,Jennifer Mehta,CUST-0484,Tea Kettle,PROD-0030,40.05,1,TXN-002396,2024-12-04
2397,Joseph Garcia,CUST-0765,Tennis Racket,PROD-0047,61.92,5,TXN-002397,2024-05-18
2398,Priya Anderson,CUST-0169,Web Development,PROD-0034,44.41,3,TXN-002398,2025-04-30
2399,Krishna Gupta,CUST-0011,Coffee Maker,PROD-0021,62.05,2,TXN-002399,2024-06-02
2400,David Jackson,CUST-0482,Smartwatch,PROD-0005,158.2,5,TXN-002400,2024-01-06
2401,Rajesh Kulkarni,CUST-0320,Football,PROD-0045,29.05,1,TXN-002401,2025-12-11
2402,Sophia Desai,CUST-0097,Business Strategy,PROD-0035,33.11,2,TXN-002402,2024-04-06
2403,Linda Chopra,CUST-0063,Travel Guide,PROD-0040,22.38,2,TXN-002403,2024-06-09
2404,Joseph Bhat,CUST-0069,Toaster,PROD-0023,31.12,2,TXN-002404,2024-08-19
2405,Nisha Wright,CUST-0354,Yoga Mat,PROD-0041,42.7,1,TXN-002405,2024-07-16
2406,Betty Martinez,CUST-0282,Cap,PROD-0019,12.46,3,TXN-002406,2025-03-12
2407,Myra Nair,CUST-0599,Tennis Racket,PROD-0047,61.92,1,TXN-002407,2025-10-01
2408,Aanya Jackson,CUST-0786,Water Bottle,PROD-0026,17.56,4,TXN-002408,2025-07-28
2409,Nikhil Lopez,CUST-0555,Dumbbells (Pair),PROD-0042,77.78,2,TXN-002409,2024-03-20
2410,Michael Moore,CUST-0607,External SSD 1TB,PROD-0010,77.83,1,TXN-002410,2024-08-09
2411,Linda Chopra,CUST-0287,Denim Jeans,PROD-0012,82.97,1,TXN-002411,2024-04-14
2412,Sara Davis,CUST-0130,Web Development,PROD-0034,44.41,2,TXN-002412,2025-01-27
2413,Thomas Jones,CUST-0339,Fiction Novel,PROD-0037,12.83,3,TXN-002413,2025-08-29
2414,Manoj Hernandez,CUST-0620,Sports Socks (3-pack),PROD-0018,13.94,5,TXN-002414,2025-09-22
2415,John Allen,CUST-0685,Python Programming,PROD-0031,22.63,1,TXN-002415,2024-01-03
2416,Sara Rodriguez,CUST-0238,Running Shoes,PROD-0014,41.04,1,TXN-002416,2025-09-21
2417,Aanya Kumar,CUST-0151,External SSD 1TB,PROD-0010,77.83,1,TXN-002417,2024-01-01
2418,Jennifer Moore,CUST-0332,Smartwatch,PROD-0005,158.2,4,TXN-002418,2024-02-23
2419,Linda Anderson,CUST-0141,Machine Learning Guide,PROD-0033,42.63,3,TXN-002419,2025-03-11
2420,David Malhotra,CUST-0681,Python Programming,PROD-0031,22.63,1,TXN-002420,2025-05-27
2421,Vivaan Malhotra,CUST-0779,Monitor Stand,PROD-0008,53.18,1,TXN-002421,2025-02-06
2422,Sara Davis,CUST-0387,Gym Bag,PROD-0050,52.65,1,TXN-002422,2025-04-30
2423,Ishaan Rodriguez,CUST-0364,Scarf,PROD-0020,33.28,3,TXN-002423,2024-11-20
2424,Sai Walker,CUST-0544,Webcam HD,PROD-0006,72.22,4,TXN-002424,2024-08-07
2425,Richard Johnson,CUST-0171,Yoga Mat,PROD-0041,42.7,3,TXN-002425,2025-12-29
2426,Nikhil Sharma,CUST-0147,Cutting Board,PROD-0028,11.96,2,TXN-002426,2025-05-16
2427,Priya Mehta,CUST-0712,Casual Shorts,PROD-0017,29.07,2,TXN-002427,2025-07-25
2428,Anjali Young,CUST-0446,Dumbbells (Pair),PROD-0042,77.78,1,TXN-002428,2024-01-26
2429,Nancy Pillai,CUST-0375,Tea Kettle,PROD-0030,40.05,3,TXN-002429,2024-12-20
2430,Mary Bhat,CUST-0746,Cutting Board,PROD-0028,11.96,1,TXN-002430,2025-07-27
2431,Krishna Pillai,CUST-0196,Knife Set,PROD-0025,68.52,1,TXN-002431,2024-01-11
2432,Ananya Lopez,CUST-0201,Dish Rack,PROD-0029,28.32,1,TXN-002432,2024-07-18
2433,Aarav King,CUST-0006,History of AI,PROD-0038,15.71,1,TXN-002433,2024-04-06
2434,James Young,CUST-0378,Casual Shorts,PROD-0017,29.07,2,TXN-002434,2024-01-14
2435,Betty Jackson,CUST-0622,Sports Socks (3-pack),PROD-0018,13.94,1,TXN-002435,2024-10-08
2436,Priya Williams,CUST-0658,Python Programming,PROD-0031,22.63,1,TXN-002436,2025-12-13
2437,Charlotte White,CUST-0722,Casual Shorts,PROD-0017,29.07,1,TXN-002437,2024-02-28
2438,Charles Verma,CUST-0586,Bluetooth Headphones,PROD-0002,92.28,4,TXN-002438,2025-04-27
2439,Sara Jackson,CUST-0623,Yoga Mat,PROD-0041,42.7,2,TXN-002439,2024-06-26
2440,Ashley Harris,CUST-0485,Swimming Goggles,PROD-0048,16.81,4,TXN-002440,2025-07-12
2441,Meena Jones,CUST-0107,USB-C Hub,PROD-0003,61.28,1,TXN-002441,2025-09-19
2442,Sunita Gupta,CUST-0731,External SSD 1TB,PROD-0010,77.83,3,TXN-002442,2024-06-30
2443,Mary Shah,CUST-0135,Webcam HD,PROD-0006,72.22,2,TXN-002443,2024-05-02
2444,Liam Jackson,CUST-0058,Dish Rack,PROD-0029,28.32,2,TXN-002444,2024-03-04
2445,Aadhya Singh,CUST-0322,Keyboard Mechanical,PROD-0007,97.82,4,TXN-002445,2024-10-11
2446,Swati Williams,CUST-0199,Dumbbells (Pair),PROD-0042,77.78,2,TXN-002446,2024-01-18
2447,Joseph Patel,CUST-0341,Jump Rope,PROD-0044,18.67,3,TXN-002447,2024-11-20
2448,Rohit Rodriguez,CUST-0727,Cotton T-Shirt,PROD-0011,30.65,4,TXN-002448,2025-08-23
2449,Suresh Menon,CUST-0740,Non-Stick Pan,PROD-0024,32.73,2,TXN-002449,2025-11-11
2450,Ashley Jones,CUST-0413,Storage Containers,PROD-0027,35.05,3,TXN-002450,2025-11-16
2451,Linda Chopra,CUST-0063,Smartwatch,PROD-0005,158.2,1,TXN-002451,2025-05-28
2452,Reyansh Iyer,CUST-0152,Tennis Racket,PROD-0047,61.92,1,TXN-002452,2024-06-25
2453,Sunita Martinez,CUST-0455,USB-C Hub,PROD-0003,61.28,1,TXN-002453,2024-07-22
2454,Suresh Bhat,CUST-0706,Machine Learning Guide,PROD-0033,42.63,2,TXN-002454,2025-10-12
2455,Joseph Garcia,CUST-0765,Wireless Mouse,PROD-0001,45.68,1,TXN-002455,2025-07-28
2456,Deepak Taylor,CUST-0360,Monitor Stand,PROD-0008,53.18,1,TXN-002456,2025-08-04
2457,Riya White,CUST-0714,Webcam HD,PROD-0006,72.22,2,TXN-002457,2025-04-19
2458,Vikram Davis,CUST-0091,Monitor Stand,PROD-0008,53.18,4,TXN-002458,2024-07-05
2459,Susan Clark,CUST-0748,Webcam HD,PROD-0006,72.22,1,TXN-002459,2025-08-28
2460,Mary Smith,CUST-0642,Bluetooth Headphones,PROD-0002,92.28,3,TXN-002460,2024-01-11
2461,Betty Reddy,CUST-0223,Yoga Mat,PROD-0041,42.7,1,TXN-002461,2024-03-24
2462,Kavita Martinez,CUST-0742,Winter Jacket,PROD-0016,125.83,1,TXN-002462,2025-11-28
2463,Priya Williams,CUST-0658,Hoodie,PROD-0013,50.64,3,TXN-002463,2024-05-15
2464,Pari Gupta,CUST-0318,Portable Charger,PROD-0004,42.05,1,TXN-002464,2024-10-20
2465,Riya Jones,CUST-0183,Sports Socks (3-pack),PROD-0018,13.94,1,TXN-002465,2024-11-19
2466,Betty Shah,CUST-0424,Formal Shirt,PROD-0015,57.36,3,TXN-002466,2024-10-06
2467,Robert Thompson,CUST-0205,Denim Jeans,PROD-0012,82.97,5,TXN-002467,2024-09-22
2468,Diya Jones,CUST-0715,Dish Rack,PROD-0029,28.32,1,TXN-002468,2025-05-16
2469,Ishaan Rodriguez,CUST-0364,History of AI,PROD-0038,15.71,1,TXN-002469,2025-10-19
2470,Susan King,CUST-0536,Dish Rack,PROD-0029,28.32,3,TXN-002470,2025-12-04
2471,Ashley Martinez,CUST-0175,USB-C Hub,PROD-0003,61.28,4,TXN-002471,2025-08-22
2472,Neha White,CUST-0395,External SSD 1TB,PROD-0010,77.83,2,TXN-002472,2024-08-03
2473,Richard Menon,CUST-0720,Cutting Board,PROD-0028,11.96,1,TXN-002473,2025-11-29
2474,Elizabeth Chopra,CUST-0296,Running Shoes,PROD-0014,41.04,1,TXN-002474,2025-05-30
2475,Swati Gupta,CUST-0565,Swimming Goggles,PROD-0048,16.81,3,TXN-002475,2024-04-02
2476,William Smith,CUST-0526,Gym Bag,PROD-0050,52.65,1,TXN-002476,2024-08-11
2477,James Miller,CUST-0479,Casual Shorts,PROD-0017,29.07,1,TXN-002477,2024-04-28
2478,Krishna Miller,CUST-0530,Resistance Bands,PROD-0043,22.74,2,TXN-002478,2025-05-01
2479,Donald King,CUST-0144,Tea Kettle,PROD-0030,40.05,2,TXN-002479,2025-01-16
2480,Mary Pillai,CUST-0578,Knife Set,PROD-0025,68.52,2,TXN-002480,2024-02-04
2481,Sara Wright,CUST-0331,Football,PROD-0045,29.05,1,TXN-002481,2025-01-02
2482,Charles Moore,CUST-0009,Cotton T-Shirt,PROD-0011,30.65,2,TXN-002482,2024-12-08
2483,Jennifer Lopez,CUST-0345,Dumbbells (Pair),PROD-0042,77.78,4,TXN-002483,2024-07-10
2484,Nikhil Mehta,CUST-0367,Scarf,PROD-0020,33.28,1,TXN-002484,2025-07-13
2485,Anthony Thompson,CUST-0191,Cycling Gloves,PROD-0049,31.15,1,TXN-002485,2025-09-23
2486,Riya Martinez,CUST-0468,History of AI,PROD-0038,15.71,2,TXN-002486,2025-03-21
2487,Betty Chopra,CUST-0749,Water Bottle,PROD-0026,17.56,2,TXN-002487,2024-09-06
2488,Susan Kumar,CUST-0259,Tennis Racket,PROD-0047,61.92,1,TXN-002488,2024-12-11
2489,Noah Pillai,CUST-0495,Jump Rope,PROD-0044,18.67,2,TXN-002489,2024-02-11
2490,Susan Davis,CUST-0240,Cycling Gloves,PROD-0049,31.15,4,TXN-002490,2025-06-03
2491,Elizabeth Miller,CUST-0111,Storage Containers,PROD-0027,35.05,2,TXN-002491,2024-10-02
2492,Isabella Rao,CUST-0592,Water Bottle,PROD-0026,17.56,2,TXN-002492,2024-06-16
2493,Mary White,CUST-0525,Cotton T-Shirt,PROD-0011,30.65,4,TXN-002493,2025-09-03
2494,Diya Jones,CUST-0715,Web Development,PROD-0034,44.41,1,TXN-002494,2025-08-04
2495,Sai Malhotra,CUST-0770,Laptop Stand,PROD-0009,59.55,1,TXN-002495,2024-12-07
2496,Deepak Garcia,CUST-0056,Webcam HD,PROD-0006,72.22,1,TXN-002496,2024-05-24
2497,Karan Robinson,CUST-0355,Tea Kettle,PROD-0030,40.05,1,TXN-002497,2025-04-16
2498,Aanya Verma,CUST-0001,Resistance Bands,PROD-0043,22.74,1,TXN-002498,2024-06-25
2499,Rohit Brown,CUST-0309,Scarf,PROD-0020,33.28,1,TXN-002499,2024-08-29
2500,Reyansh White,CUST-0209,Cutting Board,PROD-0028,11.96,1,TXN-002500,2024-09-07
2501,Oliver Kumar,CUST-0158,Jump Rope,PROD-0044,18.67,2,TXN-002501,2025-01-18
2502,Aarav King,CUST-0006,Python Programming,PROD-0031,22.63,1,TXN-002502,2024-04-12
2503,Patricia Menon,CUST-0483,Self-Help Guide,PROD-0036,10.26,2,TXN-002503,2025-12-16
2504,Vivaan Menon,CUST-0218,Python Programming,PROD-0031,22.63,2,TXN-002504,2025-04-19
2505,Patricia Malhotra,CUST-0724,Winter Jacket,PROD-0016,125.83,3,TXN-002505,2024-04-08
2506,Isabella Johnson,CUST-0397,Laptop Stand,PROD-0009,59.55,1,TXN-002506,2024-05-16
2507,Emma Malhotra,CUST-0410,Gym Bag,PROD-0050,52.65,1,TXN-002507,2024-10-16
2508,Suresh Mehta,CUST-0691,Tennis Racket,PROD-0047,61.92,4,TXN-002508,2025-09-03
2509,Thomas Smith,CUST-0404,Business Strategy,PROD-0035,33.11,1,TXN-002509,2025-05-15
2510,Amit Lee,CUST-0686,Swimming Goggles,PROD-0048,16.81,5,TXN-002510,2024-01-28
2511,Jennifer Singh,CUST-0228,Cookbook,PROD-0039,22.32,1,TXN-002511,2024-08-28
2512,James Young,CUST-0378,Non-Stick Pan,PROD-0024,32.73,1,TXN-002512,2024-01-02
2513,Jessica Rao,CUST-0626,Cookbook,PROD-0039,22.32,3,TXN-002513,2024-03-20
2514,Jessica Desai,CUST-0662,Formal Shirt,PROD-0015,57.36,1,TXN-002514,2024-07-11
2515,Karen Nair,CUST-0046,Running Shoes,PROD-0014,41.04,1,TXN-002515,2024-04-05
2516,Arjun Nair,CUST-0348,Knife Set,PROD-0025,68.52,2,TXN-002516,2025-03-11
2517,Nikhil Thompson,CUST-0155,Cap,PROD-0019,12.46,1,TXN-002517,2025-11-22
2518,Deepak Desai,CUST-0493,USB-C Hub,PROD-0003,61.28,1,TXN-002518,2025-03-07
2519,Pari Kumar,CUST-0184,Cotton T-Shirt,PROD-0011,30.65,1,TXN-002519,2025-06-13
2520,Vikram Miller,CUST-0109,Tea Kettle,PROD-0030,40.05,3,TXN-002520,2024-12-20
2521,Daniel Taylor,CUST-0703,Tennis Racket,PROD-0047,61.92,1,TXN-002521,2025-02-18
2522,Rahul Brown,CUST-0013,Cotton T-Shirt,PROD-0011,30.65,1,TXN-002522,2025-08-11
2523,Sarah Bhat,CUST-0520,Knife Set,PROD-0025,68.52,2,TXN-002523,2024-01-12
2524,Sarah Harris,CUST-0498,Dumbbells (Pair),PROD-0042,77.78,5,TXN-002524,2025-02-15
2525,John Malhotra,CUST-0433,Gym Bag,PROD-0050,52.65,1,TXN-002525,2025-03-11
2526,Kavita King,CUST-0265,Swimming Goggles,PROD-0048,16.81,2,TXN-002526,2025-09-10
2527,Mary Pillai,CUST-0462,Machine Learning Guide,PROD-0033,42.63,1,TXN-002527,2025-04-29
2528,Noah Verma,CUST-0730,Blender,PROD-0022,46.5,3,TXN-002528,2025-01-08
2529,Isabella Jackson,CUST-0115,Denim Jeans,PROD-0012,82.97,5,TXN-002529,2025-06-28
2530,Rajesh Anderson,CUST-0778,Knife Set,PROD-0025,68.52,4,TXN-002530,2024-03-22
2531,Charlotte Rao,CUST-0154,Wireless Mouse,PROD-0001,45.68,1,TXN-002531,2025-12-25
2532,Betty Lee,CUST-0605,Casual Shorts,PROD-0017,29.07,1,TXN-002532,2025-09-21
2533,Mary Bhat,CUST-0746,Tea Kettle,PROD-0030,40.05,2,TXN-002533,2025-04-20
2534,Sai Rodriguez,CUST-0289,USB-C Hub,PROD-0003,61.28,1,TXN-002534,2025-05-16
2535,Mia White,CUST-0472,Non-Stick Pan,PROD-0024,32.73,1,TXN-002535,2025-09-05
2536,Daniel Taylor,CUST-0703,Non-Stick Pan,PROD-0024,32.73,1,TXN-002536,2024-12-11
2537,Swati Verma,CUST-0692,Cap,PROD-0019,12.46,3,TXN-002537,2024-01-25
2538,James Reddy,CUST-0556,Sports Socks (3-pack),PROD-0018,13.94,1,TXN-002538,2024-12-31
2539,Charles Harris,CUST-0428,Bluetooth Headphones,PROD-0002,92.28,2,TXN-002539,2024-10-31
2540,Aadhya Sharma,CUST-0652,USB-C Hub,PROD-0003,61.28,2,TXN-002540,2024-12-31
2541,Arjun Thompson,CUST-0750,USB-C Hub,PROD-0003,61.28,2,TXN-002541,2025-02-09
2542,Sophia Rao,CUST-0255,Denim Jeans,PROD-0012,82.97,1,TXN-002542,2024-04-06
2543,Sara Davis,CUST-0130,Tennis Racket,PROD-0047,61.92,1,TXN-002543,2025-05-20
2544,Donald Iyer,CUST-0442,Sports Socks (3-pack),PROD-0018,13.94,1,TXN-002544,2025-04-14
2545,Suresh Bhat,CUST-0706,Travel Guide,PROD-0040,22.38,1,TXN-002545,2025-06-20
2546,William Kulkarni,CUST-0583,Tea Kettle,PROD-0030,40.05,1,TXN-002546,2024-11-30
2547,Rahul Smith,CUST-0382,USB-C Hub,PROD-0003,61.28,1,TXN-002547,2025-10-15
2548,Divya Wright,CUST-0104,Knife Set,PROD-0025,68.52,2,TXN-002548,2024-03-21
2549,Ishaan Clark,CUST-0346,Yoga Mat,PROD-0041,42.7,3,TXN-002549,2025-03-08
2550,Vikram Robinson,CUST-0411,Bluetooth Headphones,PROD-0002,92.28,1,TXN-002550,2024-09-20
2551,Vivaan Anderson,CUST-0739,Dumbbells (Pair),PROD-0042,77.78,3,TXN-002551,2024-03-22
2552,Margaret Rodriguez,CUST-0444,Monitor Stand,PROD-0008,53.18,3,TXN-002552,2025-08-07
2553,Aarav Kulkarni,CUST-0268,Scarf,PROD-0020,33.28,2,TXN-002553,2025-07-06
2554,Emma Singh,CUST-0250,Football,PROD-0045,29.05,3,TXN-002554,2025-01-18
2555,Rahul Bhat,CUST-0588,Python Programming,PROD-0031,22.63,1,TXN-002555,2025-03-23
2556,Betty Martinez,CUST-0282,Swimming Goggles,PROD-0048,16.81,2,TXN-002556,2024-07-09
2557,Neha Rodriguez,CUST-0284,Machine Learning Guide,PROD-0033,42.63,2,TXN-002557,2025-09-11
2558,Nisha Lopez,CUST-0409,Denim Jeans,PROD-0012,82.97,2,TXN-002558,2024-10-06
2559,Aarav King,CUST-0006,Storage Containers,PROD-0027,35.05,1,TXN-002559,2025-02-28
2560,Mia Rao,CUST-0673,Laptop Stand,PROD-0009,59.55,1,TXN-002560,2025-04-18
2561,Krishna Malhotra,CUST-0614,Yoga Mat,PROD-0041,42.7,1,TXN-002561,2024-08-14
2562,Oliver Kulkarni,CUST-0231,Bluetooth Headphones,PROD-0002,92.28,3,TXN-002562,2024-08-14
2563,Sara Allen,CUST-0066,Travel Guide,PROD-0040,22.38,1,TXN-002563,2025-12-30
2564,Aarav Gupta,CUST-0624,Tea Kettle,PROD-0030,40.05,2,TXN-002564,2025-10-12
2565,Anthony Wright,CUST-0610,Blender,PROD-0022,46.5,2,TXN-002565,2025-05-02
2566,Isabella Robinson,CUST-0572,Wireless Mouse,PROD-0001,45.68,1,TXN-002566,2024-11-23
2567,Karan Robinson,CUST-0355,Dish Rack,PROD-0029,28.32,1,TXN-002567,2025-05-25
2568,Lisa Kumar,CUST-0216,Business Strategy,PROD-0035,33.11,2,TXN-002568,2025-11-20
2569,Vihaan White,CUST-0400,Casual Shorts,PROD-0017,29.07,2,TXN-002569,2025-11-07
2570,Charles Verma,CUST-0586,Webcam HD,PROD-0006,72.22,2,TXN-002570,2025-07-28
2571,Nisha Wright,CUST-0354,Webcam HD,PROD-0006,72.22,1,TXN-002571,2025-06-26
2572,Margaret Martin,CUST-0379,Scarf,PROD-0020,33.28,1,TXN-002572,2024-11-18
2573,Suresh Miller,CUST-0463,Jump Rope,PROD-0044,18.67,2,TXN-002573,2024-06-08
2574,William Kumar,CUST-0640,History of AI,PROD-0038,15.71,1,TXN-002574,2024-12-26
2575,Manoj Lee,CUST-0579,Cutting Board,PROD-0028,11.96,2,TXN-002575,2024-01-24
2576,Sai Malhotra,CUST-0770,Cap,PROD-0019,12.46,2,TXN-002576,2025-05-17
2577,Ishaan Patel,CUST-0241,Knife Set,PROD-0025,68.52,4,TXN-002577,2024-05-14
2578,Susan Brown,CUST-0388,Cookbook,PROD-0039,22.32,4,TXN-002578,2024-05-06
2579,Sunita Reddy,CUST-0100,Water Bottle,PROD-0026,17.56,1,TXN-002579,2024-04-23
2580,Noah Taylor,CUST-0585,Cap,PROD-0019,12.46,1,TXN-002580,2024-06-11
2581,Aanya Jackson,CUST-0786,Gym Bag,PROD-0050,52.65,5,TXN-002581,2025-02-14
2582,Matthew Mehta,CUST-0564,Storage Containers,PROD-0027,35.05,1,TXN-002582,2024-08-10
2583,Patricia Chopra,CUST-0429,Cookbook,PROD-0039,22.32,1,TXN-002583,2025-01-06
2584,Nisha Reddy,CUST-0646,Keyboard Mechanical,PROD-0007,97.82,2,TXN-002584,2025-12-04
2585,Reyansh Lewis,CUST-0649,Cycling Gloves,PROD-0049,31.15,2,TXN-002585,2025-05-29
2586,Isabella Davis,CUST-0549,Business Strategy,PROD-0035,33.11,1,TXN-002586,2025-02-17
2587,Vihaan Lee,CUST-0507,Cycling Gloves,PROD-0049,31.15,2,TXN-002587,2025-04-05
2588,Nisha Lee,CUST-0161,Denim Jeans,PROD-0012,82.97,2,TXN-002588,2024-01-04
2589,Oliver Mehta,CUST-0546,Blender,PROD-0022,46.5,3,TXN-002589,2025-11-02
2590,Vikram Bhat,CUST-0177,Jump Rope,PROD-0044,18.67,4,TXN-002590,2025-01-27
2591,Linda Malhotra,CUST-0595,Dumbbells (Pair),PROD-0042,77.78,2,TXN-002591,2025-03-04
2592,Nancy Harris,CUST-0421,Hoodie,PROD-0013,50.64,2,TXN-002592,2025-09-25
2593,John Pillai,CUST-0230,Laptop Stand,PROD-0009,59.55,2,TXN-002593,2025-05-30
2594,Lucas Davis,CUST-0083,Cookbook,PROD-0039,22.32,2,TXN-002594,2025-02-22
2595,Lisa Hernandez,CUST-0024,Coffee Maker,PROD-0021,62.05,2,TXN-002595,2024-06-19
2596,William Kulkarni,CUST-0583,Yoga Mat,PROD-0041,42.7,2,TXN-002596,2024-04-03
2597,Aadhya Bhat,CUST-0380,Bluetooth Headphones,PROD-0002,92.28,3,TXN-002597,2025-10-31
2598,Aanya Miller,CUST-0399,Self-Help Guide,PROD-0036,10.26,2,TXN-002598,2024-07-16
2599,Betty Rodriguez,CUST-0166,Tea Kettle,PROD-0030,40.05,1,TXN-002599,2024-09-02
2600,Diya Rao,CUST-0180,Python Programming,PROD-0031,22.63,4,TXN-002600,2024-07-23
2601,Sara Wright,CUST-0331,Laptop Stand,PROD-0009,59.55,1,TXN-002601,2024-02-01
2602,Arjun Thompson,CUST-0212,Fiction Novel,PROD-0037,12.83,2,TXN-002602,2024-09-07
2603,Myra Verma,CUST-0701,Cookbook,PROD-0039,22.32,2,TXN-002603,2024-09-04
2604,Jessica Anderson,CUST-0182,Tea Kettle,PROD-0030,40.05,2,TXN-002604,2024-04-23
2605,Manoj Young,CUST-0619,Blender,PROD-0022,46.5,4,TXN-002605,2024-06-12
2606,Aadhya Miller,CUST-0251,Tea Kettle,PROD-0030,40.05,3,TXN-002606,2024-03-12
2607,Myra Williams,CUST-0008,Swimming Goggles,PROD-0048,16.81,1,TXN-002607,2025-11-24
2608,Isabella Pillai,CUST-0417,Web Development,PROD-0034,44.41,5,TXN-002608,2025-01-29
2609,Sarah Nair,CUST-0073,Storage Containers,PROD-0027,35.05,5,TXN-002609,2025-07-04
2610,Aanya Wright,CUST-0124,Basketball,PROD-0046,39.63,3,TXN-002610,2025-10-24
2611,Meena Garcia,CUST-0547,Basketball,PROD-0046,39.63,1,TXN-002611,2025-05-07
2612,Linda Martin,CUST-0744,Portable Charger,PROD-0004,42.05,1,TXN-002612,2025-02-11
2613,William Thompson,CUST-0743,Gym Bag,PROD-0050,52.65,1,TXN-002613,2025-02-13
2614,Lucas Rodriguez,CUST-0734,Machine Learning Guide,PROD-0033,42.63,2,TXN-002614,2025-03-26
2615,Kavita King,CUST-0439,Monitor Stand,PROD-0008,53.18,1,TXN-002615,2024-09-25
2616,Aanya Miller,CUST-0777,History of AI,PROD-0038,15.71,3,TXN-002616,2024-04-24
2617,Suresh Menon,CUST-0740,Cotton T-Shirt,PROD-0011,30.65,1,TXN-002617,2025-11-03
2618,Arjun Nair,CUST-0348,External SSD 1TB,PROD-0010,77.83,4,TXN-002618,2025-05-09
2619,Lisa Kumar,CUST-0216,Casual Shorts,PROD-0017,29.07,1,TXN-002619,2025-10-19
2620,Mark Jackson,CUST-0711,Smartwatch,PROD-0005,158.2,2,TXN-002620,2025-12-27
2621,John Jones,CUST-0504,Cycling Gloves,PROD-0049,31.15,1,TXN-002621,2024-09-23
2622,Ishaan Jackson,CUST-0351,Cap,PROD-0019,12.46,2,TXN-002622,2024-12-04
2623,Mary Pillai,CUST-0462,Football,PROD-0045,29.05,1,TXN-002623,2024-10-08
2624,Sai Singh,CUST-0609,USB-C Hub,PROD-0003,61.28,3,TXN-002624,2024-05-31
2625,Jennifer Mehta,CUST-0535,Cap,PROD-0019,12.46,1,TXN-002625,2025-01-14
2626,Mary Pillai,CUST-0578,Non-Stick Pan,PROD-0024,32.73,3,TXN-002626,2024-11-10
2627,Lucas Rodriguez,CUST-0734,Cotton T-Shirt,PROD-0011,30.65,2,TXN-002627,2024-11-08
2628,Meena Kumar,CUST-0487,Basketball,PROD-0046,39.63,2,TXN-002628,2024-10-28
2629,Lucas Anderson,CUST-0159,Swimming Goggles,PROD-0048,16.81,3,TXN-002629,2024-05-11
2630,Aanya Kumar,CUST-0151,Cookbook,PROD-0039,22.32,1,TXN-002630,2025-01-28
2631,Joseph Taylor,CUST-0264,Yoga Mat,PROD-0041,42.7,1,TXN-002631,2024-08-04
2632,Neha Miller,CUST-0598,Scarf,PROD-0020,33.28,1,TXN-002632,2024-01-13
2633,Aanya Chopra,CUST-0266,Non-Stick Pan,PROD-0024,32.73,3,TXN-002633,2025-06-13
2634,Manoj Martin,CUST-0416,Python Programming,PROD-0031,22.63,2,TXN-002634,2024-06-23
2635,Sneha Taylor,CUST-0353,Dumbbells (Pair),PROD-0042,77.78,1,TXN-002635,2025-05-28
2636,Aadhya Singh,CUST-0322,Web Development,PROD-0034,44.41,1,TXN-002636,2025-05-11
2637,Robert Jackson,CUST-0664,Cotton T-Shirt,PROD-0011,30.65,4,TXN-002637,2025-05-08
2638,Diya Rao,CUST-0180,Python Programming,PROD-0031,22.63,4,TXN-002638,2024-01-15
2639,John Allen,CUST-0685,Smartwatch,PROD-0005,158.2,1,TXN-002639,2024-11-12
2640,Arjun Thompson,CUST-0212,Formal Shirt,PROD-0015,57.36,1,TXN-002640,2025-09-15
2641,David Wright,CUST-0797,Tennis Racket,PROD-0047,61.92,3,TXN-002641,2025-10-27
2642,Betty Thompson,CUST-0202,Toaster,PROD-0023,31.12,2,TXN-002642,2025-08-06
2643,Ishaan Verma,CUST-0654,Wireless Mouse,PROD-0001,45.68,3,TXN-002643,2025-06-20
2644,Aanya Clark,CUST-0234,Swimming Goggles,PROD-0048,16.81,1,TXN-002644,2025-11-11
2645,Sandra White,CUST-0034,Water Bottle,PROD-0026,17.56,2,TXN-002645,2024-12-03
2646,Sarah Bhat,CUST-0520,Smartwatch,PROD-0005,158.2,1,TXN-002646,2025-07-01
2647,Pooja Johnson,CUST-0760,Business Strategy,PROD-0035,33.11,4,TXN-002647,2024-02-27
2648,Karen White,CUST-0458,Fiction Novel,PROD-0037,12.83,2,TXN-002648,2024-09-07
2649,Reyansh Lewis,CUST-0263,Swimming Goggles,PROD-0048,16.81,1,TXN-002649,2025-10-28
2650,Aadhya Miller,CUST-0251,Formal Shirt,PROD-0015,57.36,2,TXN-002650,2025-04-12
2651,Jessica Anderson,CUST-0182,USB-C Hub,PROD-0003,61.28,5,TXN-002651,2024-09-29
2652,Amit Wright,CUST-0566,Sports Socks (3-pack),PROD-0018,13.94,1,TXN-002652,2024-07-13
2653,Suresh Lewis,CUST-0751,Smartwatch,PROD-0005,158.2,4,TXN-002653,2024-05-15
2654,Susan King,CUST-0536,Scarf,PROD-0020,33.28,1,TXN-002654,2024-08-21
2655,Emma Singh,CUST-0250,History of AI,PROD-0038,15.71,3,TXN-002655,2025-05-03
2656,Oliver Smith,CUST-0476,Keyboard Mechanical,PROD-0007,97.82,2,TXN-002656,2024-02-22
2657,Ananya Hernandez,CUST-0327,Yoga Mat,PROD-0041,42.7,1,TXN-002657,2025-05-04
2658,Krishna Wright,CUST-0120,Dish Rack,PROD-0029,28.32,1,TXN-002658,2024-07-21
2659,Rahul Allen,CUST-0103,Business Strategy,PROD-0035,33.11,2,TXN-002659,2025-09-04
2660,Sai Rao,CUST-0499,Scarf,PROD-0020,33.28,2,TXN-002660,2025-08-18
2661,Aanya Singh,CUST-0441,Monitor Stand,PROD-0008,53.18,3,TXN-002661,2025-03-29
2662,David Wright,CUST-0797,Dumbbells (Pair),PROD-0042,77.78,1,TXN-002662,2025-10-12
2663,Mary Patel,CUST-0630,Cycling Gloves,PROD-0049,31.15,2,TXN-002663,2024-01-01
2664,Patricia Williams,CUST-0258,Cycling Gloves,PROD-0049,31.15,2,TXN-002664,2024-10-04
2665,Robert Singh,CUST-0505,Yoga Mat,PROD-0041,42.7,1,TXN-002665,2025-06-03
2666,Noah Pillai,CUST-0495,Machine Learning Guide,PROD-0033,42.63,1,TXN-002666,2025-10-22
2667,Deepak Rodriguez,CUST-0307,Casual Shorts,PROD-0017,29.07,4,TXN-002667,2024-09-11
2668,Neha Lewis,CUST-0350,Sports Socks (3-pack),PROD-0018,13.94,2,TXN-002668,2025-05-30
2669,Vihaan Smith,CUST-0317,Yoga Mat,PROD-0041,42.7,2,TXN-002669,2024-07-05
2670,Sai Kumar,CUST-0500,Wireless Mouse,PROD-0001,45.68,1,TXN-002670,2025-06-05
2671,David Jackson,CUST-0482,Data Science Handbook,PROD-0032,42.44,1,TXN-002671,2024-03-08
2672,Vivaan Malhotra,CUST-0779,Cutting Board,PROD-0028,11.96,2,TXN-002672,2024-04-06
2673,Ashley Davis,CUST-0454,Blender,PROD-0022,46.5,2,TXN-002673,2025-07-05
2674,Rohit Robinson,CUST-0188,Hoodie,PROD-0013,50.64,3,TXN-002674,2024-08-25
2675,Nisha Thompson,CUST-0219,Scarf,PROD-0020,33.28,2,TXN-002675,2024-11-23
2676,John Pillai,CUST-0785,Web Development,PROD-0034,44.41,2,TXN-002676,2025-12-02
2677,Karen Rao,CUST-0308,Travel Guide,PROD-0040,22.38,1,TXN-002677,2025-11-19
2678,Lucas Anderson,CUST-0159,Coffee Maker,PROD-0021,62.05,1,TXN-002678,2025-02-09
2679,Michael Lopez,CUST-0176,Cotton T-Shirt,PROD-0011,30.65,2,TXN-002679,2024-06-09
2680,Krishna Walker,CUST-0334,Web Development,PROD-0034,44.41,5,TXN-002680,2025-10-31
2681,Anthony Wright,CUST-0610,Storage Containers,PROD-0027,35.05,3,TXN-002681,2024-10-02
2682,Deepak Thompson,CUST-0235,Casual Shorts,PROD-0017,29.07,2,TXN-002682,2024-11-06
2683,Aadhya Bhat,CUST-0380,External SSD 1TB,PROD-0010,77.83,1,TXN-002683,2024-12-28
2684,Matthew King,CUST-0764,Coffee Maker,PROD-0021,62.05,2,TXN-002684,2025-03-11
2685,Ayaan Bhat,CUST-0577,Water Bottle,PROD-0026,17.56,3,TXN-002685,2024-01-06
2686,Margaret Young,CUST-0781,Water Bottle,PROD-0026,17.56,1,TXN-002686,2025-02-22
2687,Richard Jackson,CUST-0363,Dumbbells (Pair),PROD-0042,77.78,3,TXN-002687,2025-04-12
2688,Aanya Jackson,CUST-0786,Sports Socks (3-pack),PROD-0018,13.94,1,TXN-002688,2025-12-22
2689,Swati Verma,CUST-0208,Running Shoes,PROD-0014,41.04,2,TXN-002689,2024-09-19
2690,Rohit Rao,CUST-0302,Non-Stick Pan,PROD-0024,32.73,1,TXN-002690,2025-03-13
2691,Patricia Martin,CUST-0392,Coffee Maker,PROD-0021,62.05,2,TXN-002691,2024-07-23
2692,Mason Rao,CUST-0221,Travel Guide,PROD-0040,22.38,2,TXN-002692,2024-10-07
2693,Sophia Jones,CUST-0110,Smartwatch,PROD-0005,158.2,1,TXN-002693,2024-11-29
2694,Divya Davis,CUST-0741,Python Programming,PROD-0031,22.63,4,TXN-002694,2025-08-30
2695,David Jackson,CUST-0482,USB-C Hub,PROD-0003,61.28,3,TXN-002695,2025-02-03
2696,Karen Gupta,CUST-0705,Basketball,PROD-0046,39.63,2,TXN-002696,2024-10-13
2697,Betty Jackson,CUST-0622,History of AI,PROD-0038,15.71,1,TXN-002697,2024-04-13
2698,Liam Jackson,CUST-0058,Yoga Mat,PROD-0041,42.7,1,TXN-002698,2025-07-04
2699,Margaret Martin,CUST-0379,Dish Rack,PROD-0029,28.32,4,TXN-002699,2024-04-23
2700,Jennifer Mehta,CUST-0484,Laptop Stand,PROD-0009,59.55,4,TXN-002700,2024-03-16
2701,Lisa Robinson,CUST-0333,Gym Bag,PROD-0050,52.65,3,TXN-002701,2024-06-04
2702,Nikhil Thompson,CUST-0155,History of AI,PROD-0038,15.71,1,TXN-002702,2024-07-23
2703,Manoj Thomas,CUST-0576,Webcam HD,PROD-0006,72.22,2,TXN-002703,2024-12-01
2704,Aarav Davis,CUST-0587,Business Strategy,PROD-0035,33.11,3,TXN-002704,2024-09-23
2705,Diya Rodriguez,CUST-0571,Web Development,PROD-0034,44.41,3,TXN-002705,2025-12-07
2706,Joseph White,CUST-0023,Laptop Stand,PROD-0009,59.55,3,TXN-002706,2024-03-10
2707,Charlotte Thompson,CUST-0717,Basketball,PROD-0046,39.63,3,TXN-002707,2025-01-04
2708,Charlotte Bhat,CUST-0792,Dish Rack,PROD-0029,28.32,3,TXN-002708,2024-08-07
2709,Richard Gupta,CUST-0189,Coffee Maker,PROD-0021,62.05,2,TXN-002709,2025-04-16
2710,Amit Clark,CUST-0371,Blender,PROD-0022,46.5,1,TXN-002710,2025-12-21
2711,Aanya Chopra,CUST-0266,Casual Shorts,PROD-0017,29.07,2,TXN-002711,2024-01-24
2712,Donald King,CUST-0144,Monitor Stand,PROD-0008,53.18,2,TXN-002712,2025-03-13
2713,Ayaan Walker,CUST-0406,Data Science Handbook,PROD-0032,42.44,3,TXN-002713,2025-06-25
2714,Anthony Menon,CUST-0062,Machine Learning Guide,PROD-0033,42.63,1,TXN-002714,2025-08-02
2715,Krishna Moore,CUST-0448,USB-C Hub,PROD-0003,61.28,5,TXN-002715,2024-11-30
2716,Nisha Clark,CUST-0552,Data Science Handbook,PROD-0032,42.44,1,TXN-002716,2024-12-07
2717,Vihaan Garcia,CUST-0650,Smartwatch,PROD-0005,158.2,3,TXN-002717,2025-08-01
2718,Suresh Desai,CUST-0095,Self-Help Guide,PROD-0036,10.26,3,TXN-002718,2025-06-28
2719,Ishaan Singh,CUST-0163,Machine Learning Guide,PROD-0033,42.63,3,TXN-002719,2024-03-30
2720,Rahul Bhat,CUST-0588,Tea Kettle,PROD-0030,40.05,2,TXN-002720,2024-07-14
2721,Sai Malhotra,CUST-0770,Smartwatch,PROD-0005,158.2,3,TXN-002721,2025-03-17
2722,Neha Rodriguez,CUST-0284,Tea Kettle,PROD-0030,40.05,2,TXN-002722,2024-06-04
2723,Meena Mehta,CUST-0667,Blender,PROD-0022,46.5,1,TXN-002723,2025-10-25
2724,Anjali Young,CUST-0590,Blender,PROD-0022,46.5,2,TXN-002724,2025-12-10
2725,Daniel Desai,CUST-0758,Cutting Board,PROD-0028,11.96,4,TXN-002725,2025-02-15
2726,Linda Clark,CUST-0589,Cap,PROD-0019,12.46,1,TXN-002726,2025-02-03
2727,Donald Menon,CUST-0020,Wireless Mouse,PROD-0001,45.68,1,TXN-002727,2025-03-13
2728,Nikhil Thompson,CUST-0155,Casual Shorts,PROD-0017,29.07,4,TXN-002728,2025-08-21
2729,Suresh Mehta,CUST-0691,Gym Bag,PROD-0050,52.65,1,TXN-002729,2025-04-13
2730,Jennifer Thompson,CUST-0670,Resistance Bands,PROD-0043,22.74,1,TXN-002730,2025-08-11
2731,Ishaan Rodriguez,CUST-0364,Basketball,PROD-0046,39.63,4,TXN-002731,2024-06-05
2732,William Harris,CUST-0194,Gym Bag,PROD-0050,52.65,1,TXN-002732,2024-11-11
2733,Matthew Iyer,CUST-0186,Keyboard Mechanical,PROD-0007,97.82,1,TXN-002733,2025-09-08
2734,Isha Young,CUST-0041,Gym Bag,PROD-0050,52.65,1,TXN-002734,2024-12-22
2735,Emma Sharma,CUST-0071,Coffee Maker,PROD-0021,62.05,4,TXN-002735,2024-08-23
2736,John Lopez,CUST-0674,Running Shoes,PROD-0014,41.04,1,TXN-002736,2024-06-16
2737,Lisa Malhotra,CUST-0435,Sports Socks (3-pack),PROD-0018,13.94,1,TXN-002737,2024-08-10
2738,Vivaan Nair,CUST-0791,Toaster,PROD-0023,31.12,1,TXN-002738,2025-03-26
2739,Nikhil Lewis,CUST-0127,Knife Set,PROD-0025,68.52,1,TXN-002739,2024-08-01
2740,Elizabeth Thomas,CUST-0390,Portable Charger,PROD-0004,42.05,2,TXN-002740,2025-02-12
2741,Karan Lewis,CUST-0204,Running Shoes,PROD-0014,41.04,3,TXN-002741,2025-08-27
2742,Sai Williams,CUST-0128,Webcam HD,PROD-0006,72.22,5,TXN-002742,2025-06-02
2743,Patricia Reddy,CUST-0593,Tennis Racket,PROD-0047,61.92,2,TXN-002743,2024-06-15
2744,Arjun Jones,CUST-0775,Running Shoes,PROD-0014,41.04,1,TXN-002744,2025-05-15
2745,Sandra Malhotra,CUST-0759,Cookbook,PROD-0039,22.32,1,TXN-002745,2024-11-20
2746,Ashley Hernandez,CUST-0426,Hoodie,PROD-0013,50.64,1,TXN-002746,2024-04-02
2747,Sarah Bhat,CUST-0520,Non-Stick Pan,PROD-0024,32.73,2,TXN-002747,2025-06-04
2748,Isabella Jackson,CUST-0115,Tea Kettle,PROD-0030,40.05,1,TXN-002748,2025-01-24
2749,Myra Shah,CUST-0431,Water Bottle,PROD-0026,17.56,5,TXN-002749,2024-04-12
2750,Ishaan Rodriguez,CUST-0364,Non-Stick Pan,PROD-0024,32.73,4,TXN-002750,2024-03-07
2751,Jessica Martinez,CUST-0445,Dumbbells (Pair),PROD-0042,77.78,1,TXN-002751,2025-12-19
2752,Charlotte Smith,CUST-0087,Dumbbells (Pair),PROD-0042,77.78,2,TXN-002752,2025-02-03
2753,Patricia Menon,CUST-0483,Bluetooth Headphones,PROD-0002,92.28,5,TXN-002753,2024-10-08
2754,Susan Clark,CUST-0748,Dumbbells (Pair),PROD-0042,77.78,4,TXN-002754,2024-02-16
2755,Nancy Bhat,CUST-0145,Winter Jacket,PROD-0016,125.83,1,TXN-002755,2024-01-10
2756,Nancy Martinez,CUST-0132,Web Development,PROD-0034,44.41,1,TXN-002756,2025-12-12
2757,David Jackson,CUST-0482,Cycling Gloves,PROD-0049,31.15,1,TXN-002757,2025-09-02
2758,Rajesh Anderson,CUST-0215,Swimming Goggles,PROD-0048,16.81,2,TXN-002758,2025-01-15
2759,Ashley King,CUST-0633,Storage Containers,PROD-0027,35.05,3,TXN-002759,2025-03-05
2760,Vikram Bhat,CUST-0177,Denim Jeans,PROD-0012,82.97,4,TXN-002760,2024-06-04
2761,Pooja Johnson,CUST-0760,Resistance Bands,PROD-0043,22.74,1,TXN-002761,2024-04-22
2762,Mary White,CUST-0167,Bluetooth Headphones,PROD-0002,92.28,2,TXN-002762,2024-11-09
2763,Swati Gupta,CUST-0414,Yoga Mat,PROD-0041,42.7,1,TXN-002763,2024-09-28
2764,Matthew Singh,CUST-0637,Coffee Maker,PROD-0021,62.05,1,TXN-002764,2024-01-27
2765,Betty Brown,CUST-0340,Bluetooth Headphones,PROD-0002,92.28,4,TXN-002765,2024-02-05
2766,Myra Anderson,CUST-0753,External SSD 1TB,PROD-0010,77.83,4,TXN-002766,2024-02-17
2767,Lucas Jones,CUST-0553,Knife Set,PROD-0025,68.52,3,TXN-002767,2025-06-21
2768,Mary Reddy,CUST-0174,Cotton T-Shirt,PROD-0011,30.65,1,TXN-002768,2024-12-23
2769,Charles Patel,CUST-0229,Webcam HD,PROD-0006,72.22,2,TXN-002769,2024-03-08
2770,Pari Martinez,CUST-0116,Python Programming,PROD-0031,22.63,2,TXN-002770,2025-03-01
2771,Vikram Bhat,CUST-0550,Dish Rack,PROD-0029,28.32,1,TXN-002771,2025-09-09
2772,Susan Brown,CUST-0653,Wireless Mouse,PROD-0001,45.68,1,TXN-002772,2025-04-25
2773,Joseph Taylor,CUST-0264,Laptop Stand,PROD-0009,59.55,1,TXN-002773,2025-07-06
2774,Nancy Pillai,CUST-0375,Travel Guide,PROD-0040,22.38,2,TXN-002774,2024-04-08
2775,Oliver Miller,CUST-0490,Data Science Handbook,PROD-0032,42.44,3,TXN-002775,2025-08-07
2776,Ananya Lopez,CUST-0201,Laptop Stand,PROD-0009,59.55,1,TXN-002776,2024-05-12
2777,Nikhil Sharma,CUST-0147,Formal Shirt,PROD-0015,57.36,2,TXN-002777,2024-04-07
2778,Robert Williams,CUST-0735,Water Bottle,PROD-0026,17.56,1,TXN-002778,2025-09-21
2779,Richard Johnson,CUST-0108,Winter Jacket,PROD-0016,125.83,1,TXN-002779,2024-07-08
2780,Susan Clark,CUST-0748,Resistance Bands,PROD-0043,22.74,1,TXN-002780,2025-12-28
2781,Vivaan Kulkarni,CUST-0474,Resistance Bands,PROD-0043,22.74,2,TXN-002781,2025-06-13
2782,Isabella Rao,CUST-0592,Sports Socks (3-pack),PROD-0018,13.94,3,TXN-002782,2024-05-14
2783,William Moore,CUST-0336,Cutting Board,PROD-0028,11.96,1,TXN-002783,2024-05-28
2784,Meena Jones,CUST-0594,Swimming Goggles,PROD-0048,16.81,4,TXN-002784,2024-02-05
2785,Arjun Moore,CUST-0766,Knife Set,PROD-0025,68.52,2,TXN-002785,2024-07-21
2786,John Martin,CUST-0187,Wireless Mouse,PROD-0001,45.68,1,TXN-002786,2024-02-04
2787,Anthony White,CUST-0244,Cotton T-Shirt,PROD-0011,30.65,1,TXN-002787,2024-01-12
2788,Charles Verma,CUST-0586,Python Programming,PROD-0031,22.63,2,TXN-002788,2024-12-18
2789,Neha Kumar,CUST-0193,Yoga Mat,PROD-0041,42.7,4,TXN-002789,2025-08-14
2790,Manoj Martin,CUST-0416,Dish Rack,PROD-0029,28.32,5,TXN-002790,2025-04-09
2791,Matthew Singh,CUST-0637,Casual Shorts,PROD-0017,29.07,2,TXN-002791,2024-04-30
2792,Vikram King,CUST-0763,Sports Socks (3-pack),PROD-0018,13.94,2,TXN-002792,2025-06-10
2793,Ishaan Clark,CUST-0346,Blender,PROD-0022,46.5,5,TXN-002793,2024-07-09
2794,Lucas Patel,CUST-0262,Blender,PROD-0022,46.5,3,TXN-002794,2025-05-14
2795,Vivaan Nair,CUST-0791,Self-Help Guide,PROD-0036,10.26,2,TXN-002795,2024-04-08
2796,John Allen,CUST-0685,Blender,PROD-0022,46.5,3,TXN-002796,2024-09-26
2797,Nikhil Clark,CUST-0065,Non-Stick Pan,PROD-0024,32.73,2,TXN-002797,2024-01-27
2798,Linda Robinson,CUST-0557,Laptop Stand,PROD-0009,59.55,1,TXN-002798,2025-04-13
2799,Lisa Nair,CUST-0114,Monitor Stand,PROD-0008,53.18,2,TXN-002799,2024-10-29
2800,Sara Davis,CUST-0130,Toaster,PROD-0023,31.12,1,TXN-002800,2025-03-22
2801,Oliver Thomas,CUST-0567,Webcam HD,PROD-0006,72.22,5,TXN-002801,2025-05-31
2802,John Martin,CUST-0187,Water Bottle,PROD-0026,17.56,3,TXN-002802,2025-06-07
2803,Sandra Miller,CUST-0200,External SSD 1TB,PROD-0010,77.83,3,TXN-002803,2024-08-15
2804,Aanya Nair,CUST-0795,Bluetooth Headphones,PROD-0002,92.28,1,TXN-002804,2024-12-28
2805,William Martinez,CUST-0539,Cookbook,PROD-0039,22.32,3,TXN-002805,2025-07-30
2806,Sai Walker,CUST-0544,Web Development,PROD-0034,44.41,1,TXN-002806,2025-06-29
2807,Sai Verma,CUST-0372,Business Strategy,PROD-0035,33.11,1,TXN-002807,2025-06-27
2808,Richard Johnson,CUST-0171,Non-Stick Pan,PROD-0024,32.73,1,TXN-002808,2025-11-27
2809,Liam Davis,CUST-0170,Yoga Mat,PROD-0041,42.7,2,TXN-002809,2025-09-25
2810,John Wright,CUST-0232,Cycling Gloves,PROD-0049,31.15,3,TXN-002810,2025-07-07
2811,Michael Jones,CUST-0625,Cutting Board,PROD-0028,11.96,4,TXN-002811,2024-10-12
2812,Karan Davis,CUST-0051,Water Bottle,PROD-0026,17.56,1,TXN-002812,2025-06-18
2813,Aarav Menon,CUST-0432,Python Programming,PROD-0031,22.63,2,TXN-002813,2024-05-19
2814,Vivaan Anderson,CUST-0739,Scarf,PROD-0020,33.28,1,TXN-002814,2024-09-14
2815,Mary Bhat,CUST-0726,Self-Help Guide,PROD-0036,10.26,2,TXN-002815,2024-08-01
2816,Anthony Malhotra,CUST-0752,Travel Guide,PROD-0040,22.38,2,TXN-002816,2024-03-09
2817,Charlotte Jackson,CUST-0061,Cycling Gloves,PROD-0049,31.15,2,TXN-002817,2024-05-27
2818,Deepak Desai,CUST-0493,Cotton T-Shirt,PROD-0011,30.65,3,TXN-002818,2024-09-05
2819,Sophia Rao,CUST-0401,Cotton T-Shirt,PROD-0011,30.65,2,TXN-002819,2025-02-04
2820,Michael Smith,CUST-0606,Hoodie,PROD-0013,50.64,1,TXN-002820,2024-12-24
2821,Sarah Nair,CUST-0073,Formal Shirt,PROD-0015,57.36,5,TXN-002821,2024-10-09
2822,Donald King,CUST-0144,Water Bottle,PROD-0026,17.56,1,TXN-002822,2025-08-22
2823,Jessica Mehta,CUST-0689,External SSD 1TB,PROD-0010,77.83,1,TXN-002823,2024-05-25
2824,Jessica Mehta,CUST-0689,Sports Socks (3-pack),PROD-0018,13.94,3,TXN-002824,2024-01-12
2825,Susan Brown,CUST-0653,Monitor Stand,PROD-0008,53.18,2,TXN-002825,2025-06-20
2826,John Smith,CUST-0106,Gym Bag,PROD-0050,52.65,2,TXN-002826,2025-04-27
2827,Sara Rodriguez,CUST-0238,Resistance Bands,PROD-0043,22.74,2,TXN-002827,2024-05-07
2828,Nikhil Lopez,CUST-0555,Swimming Goggles,PROD-0048,16.81,2,TXN-002828,2024-06-06
2829,Sarah Nair,CUST-0073,Cycling Gloves,PROD-0049,31.15,4,TXN-002829,2024-12-15
2830,Rohit Wright,CUST-0279,USB-C Hub,PROD-0003,61.28,1,TXN-002830,2024-09-18
2831,Pari Martinez,CUST-0116,Yoga Mat,PROD-0041,42.7,2,TXN-002831,2025-08-22
2832,Oliver Gupta,CUST-0173,Basketball,PROD-0046,39.63,2,TXN-002832,2025-05-13
2833,Aanya Miller,CUST-0777,Cap,PROD-0019,12.46,1,TXN-002833,2024-04-15
2834,Vikram Davis,CUST-0091,Tennis Racket,PROD-0047,61.92,2,TXN-002834,2025-09-05
2835,Sai Verma,CUST-0372,Winter Jacket,PROD-0016,125.83,4,TXN-002835,2025-11-11
2836,Vihaan Lee,CUST-0507,Football,PROD-0045,29.05,5,TXN-002836,2025-03-07
2837,James Pillai,CUST-0059,Yoga Mat,PROD-0041,42.7,1,TXN-002837,2024-10-13
2838,Kavita Martinez,CUST-0742,Tennis Racket,PROD-0047,61.92,1,TXN-002838,2024-09-14
2839,Reyansh Mehta,CUST-0656,Machine Learning Guide,PROD-0033,42.63,1,TXN-002839,2025-11-13
2840,Patricia Williams,CUST-0258,Toaster,PROD-0023,31.12,1,TXN-002840,2024-04-13
2841,Sunita Gupta,CUST-0731,Data Science Handbook,PROD-0032,42.44,1,TXN-002841,2025-05-21
2842,Deepak Brown,CUST-0227,History of AI,PROD-0038,15.71,2,TXN-002842,2024-09-29
2843,Meena Jones,CUST-0107,Gym Bag,PROD-0050,52.65,3,TXN-002843,2025-05-14
2844,Donald Mehta,CUST-0575,Cookbook,PROD-0039,22.32,3,TXN-002844,2025-01-19
2845,Betty Jackson,CUST-0622,Web Development,PROD-0034,44.41,4,TXN-002845,2025-11-14
2846,Patricia Martin,CUST-0392,USB-C Hub,PROD-0003,61.28,2,TXN-002846,2025-08-27
2847,Karen Iyer,CUST-0659,Keyboard Mechanical,PROD-0007,97.82,2,TXN-002847,2024-04-30
2848,Mark Desai,CUST-0783,Winter Jacket,PROD-0016,125.83,1,TXN-002848,2025-11-19
2849,Rohit Rodriguez,CUST-0727,Cookbook,PROD-0039,22.32,2,TXN-002849,2025-02-07
2850,Diya Chopra,CUST-0736,Swimming Goggles,PROD-0048,16.81,1,TXN-002850,2025-10-24
2851,Ananya Lewis,CUST-0451,Tea Kettle,PROD-0030,40.05,2,TXN-002851,2025-06-19
2852,Ayaan Rao,CUST-0039,Water Bottle,PROD-0026,17.56,3,TXN-002852,2025-10-05
2853,Vikram King,CUST-0763,Gym Bag,PROD-0050,52.65,2,TXN-002853,2024-01-27
2854,Richard Reddy,CUST-0222,Fiction Novel,PROD-0037,12.83,1,TXN-002854,2025-10-07
2855,Rohit Chopra,CUST-0337,Keyboard Mechanical,PROD-0007,97.82,1,TXN-002855,2025-02-26
2856,Aarav White,CUST-0030,Tennis Racket,PROD-0047,61.92,2,TXN-002856,2024-09-16
2857,Robert Hernandez,CUST-0368,Jump Rope,PROD-0044,18.67,1,TXN-002857,2024-09-11
2858,Neha Rodriguez,CUST-0284,Dish Rack,PROD-0029,28.32,3,TXN-002858,2024-11-28
2859,Vikram Johnson,CUST-0470,Football,PROD-0045,29.05,5,TXN-002859,2024-09-26
2860,Charles Chopra,CUST-0788,Cotton T-Shirt,PROD-0011,30.65,1,TXN-002860,2025-07-14
2861,Robert Jackson,CUST-0664,Coffee Maker,PROD-0021,62.05,3,TXN-002861,2024-12-22
2862,Sandra Wright,CUST-0800,Denim Jeans,PROD-0012,82.97,3,TXN-002862,2024-04-01
2863,Ashley Chopra,CUST-0342,Toaster,PROD-0023,31.12,2,TXN-002863,2024-08-21
2864,Riya Chopra,CUST-0325,Scarf,PROD-0020,33.28,1,TXN-002864,2024-04-02
2865,Isha Patel,CUST-0655,Water Bottle,PROD-0026,17.56,1,TXN-002865,2025-05-24
2866,Isha Patel,CUST-0655,Denim Jeans,PROD-0012,82.97,3,TXN-002866,2024-07-26
2867,Sai Davis,CUST-0272,Basketball,PROD-0046,39.63,2,TXN-002867,2024-12-11
2868,Karan Miller,CUST-0449,Non-Stick Pan,PROD-0024,32.73,3,TXN-002868,2024-06-21
2869,Sara Wright,CUST-0331,Bluetooth Headphones,PROD-0002,92.28,1,TXN-002869,2025-08-18
2870,Pari Gupta,CUST-0318,Machine Learning Guide,PROD-0033,42.63,3,TXN-002870,2025-07-27
2871,Patricia Wright,CUST-0304,Cycling Gloves,PROD-0049,31.15,2,TXN-002871,2024-07-01
2872,Priya Martinez,CUST-0408,Travel Guide,PROD-0040,22.38,2,TXN-002872,2024-07-22
2873,Daniel Lopez,CUST-0096,Webcam HD,PROD-0006,72.22,3,TXN-002873,2025-11-10
2874,Rajesh Allen,CUST-0415,Casual Shorts,PROD-0017,29.07,1,TXN-002874,2024-12-14
2875,Oliver Mehta,CUST-0546,Toaster,PROD-0023,31.12,1,TXN-002875,2025-01-29
2876,Meena Jones,CUST-0107,Swimming Goggles,PROD-0048,16.81,3,TXN-002876,2024-10-27
2877,Sai Garcia,CUST-0629,Fiction Novel,PROD-0037,12.83,5,TXN-002877,2024-11-27
2878,Oliver Kulkarni,CUST-0231,Dish Rack,PROD-0029,28.32,3,TXN-002878,2024-09-08
2879,Rohit Jones,CUST-0562,External SSD 1TB,PROD-0010,77.83,2,TXN-002879,2024-10-07
2880,Aarav Young,CUST-0027,Data Science Handbook,PROD-0032,42.44,1,TXN-002880,2025-12-12
2881,Neha Miller,CUST-0225,Winter Jacket,PROD-0016,125.83,4,TXN-002881,2025-03-26
2882,Robert Jackson,CUST-0664,Running Shoes,PROD-0014,41.04,1,TXN-002882,2024-10-30
2883,Emma Singh,CUST-0250,Bluetooth Headphones,PROD-0002,92.28,4,TXN-002883,2025-05-09
2884,Jessica Brown,CUST-0450,Storage Containers,PROD-0027,35.05,2,TXN-002884,2025-08-04
2885,Sarah Joshi,CUST-0197,Storage Containers,PROD-0027,35.05,1,TXN-002885,2025-06-15
2886,Linda Malhotra,CUST-0595,Water Bottle,PROD-0026,17.56,2,TXN-002886,2025-01-31
2887,Joseph Garcia,CUST-0765,Casual Shorts,PROD-0017,29.07,3,TXN-002887,2025-01-07
2888,Sarah Shah,CUST-0270,Cutting Board,PROD-0028,11.96,1,TXN-002888,2024-08-28
2889,Anthony Thomas,CUST-0328,Business Strategy,PROD-0035,33.11,1,TXN-002889,2025-12-10
2890,Matthew Martin,CUST-0138,Coffee Maker,PROD-0021,62.05,4,TXN-002890,2025-12-20
2891,Anthony Kulkarni,CUST-0253,Business Strategy,PROD-0035,33.11,2,TXN-002891,2024-04-08
2892,Sarah Bhat,CUST-0520,Basketball,PROD-0046,39.63,2,TXN-002892,2024-11-17
2893,Richard Johnson,CUST-0108,Cookbook,PROD-0039,22.32,1,TXN-002893,2024-12-22
2894,Robert Williams,CUST-0735,Football,PROD-0045,29.05,2,TXN-002894,2025-07-21
2895,John Pillai,CUST-0230,Tea Kettle,PROD-0030,40.05,1,TXN-002895,2024-02-24
2896,Mia White,CUST-0472,Travel Guide,PROD-0040,22.38,2,TXN-002896,2025-08-28
2897,Kavita Thompson,CUST-0447,Smartwatch,PROD-0005,158.2,5,TXN-002897,2024-06-24
2898,Joseph White,CUST-0023,Self-Help Guide,PROD-0036,10.26,2,TXN-002898,2025-10-27
2899,James Pillai,CUST-0059,Toaster,PROD-0023,31.12,2,TXN-002899,2025-12-24
2900,Reyansh Iyer,CUST-0152,Smartwatch,PROD-0005,158.2,2,TXN-002900,2024-03-07
2901,Sophia Wright,CUST-0737,Sports Socks (3-pack),PROD-0018,13.94,2,TXN-002901,2024-01-29
2902,Sunita Gupta,CUST-0731,Cookbook,PROD-0039,22.32,2,TXN-002902,2025-12-22
2903,Mark Desai,CUST-0783,Laptop Stand,PROD-0009,59.55,5,TXN-002903,2024-08-08
2904,Nikhil Smith,CUST-0678,Dish Rack,PROD-0029,28.32,1,TXN-002904,2025-12-14
2905,Suresh Mehta,CUST-0691,Scarf,PROD-0020,33.28,1,TXN-002905,2025-08-06
2906,Michael Menon,CUST-0521,Storage Containers,PROD-0027,35.05,1,TXN-002906,2025-07-06
2907,Nikhil Pillai,CUST-0698,History of AI,PROD-0038,15.71,1,TXN-002907,2024-01-07
2908,Michael Jones,CUST-0625,Portable Charger,PROD-0004,42.05,3,TXN-002908,2025-01-01
2909,Mia Chopra,CUST-0602,Monitor Stand,PROD-0008,53.18,3,TXN-002909,2024-03-13
2910,Sai Garcia,CUST-0629,Smartwatch,PROD-0005,158.2,2,TXN-002910,2024-06-14
2911,Suresh Lewis,CUST-0751,Hoodie,PROD-0013,50.64,1,TXN-002911,2025-09-07
2912,Sneha Reddy,CUST-0793,Cycling Gloves,PROD-0049,31.15,5,TXN-002912,2024-07-04
2913,Michael Malhotra,CUST-0031,Dumbbells (Pair),PROD-0042,77.78,4,TXN-002913,2024-05-02
2914,Betty Brown,CUST-0340,Webcam HD,PROD-0006,72.22,1,TXN-002914,2025-02-17
2915,Rahul Bhat,CUST-0588,Football,PROD-0045,29.05,4,TXN-002915,2025-01-31
2916,Suresh Lee,CUST-0418,Knife Set,PROD-0025,68.52,2,TXN-002916,2024-05-21
2917,James Harris,CUST-0352,Denim Jeans,PROD-0012,82.97,1,TXN-002917,2024-12-29
2918,Jessica Anderson,CUST-0182,Basketball,PROD-0046,39.63,2,TXN-002918,2024-09-15
2919,Sara Patel,CUST-0512,Webcam HD,PROD-0006,72.22,1,TXN-002919,2025-02-15
2920,Charles Malhotra,CUST-0206,Formal Shirt,PROD-0015,57.36,1,TXN-002920,2025-10-24
2921,Reyansh Lewis,CUST-0649,Webcam HD,PROD-0006,72.22,1,TXN-002921,2024-04-06
2922,Myra Menon,CUST-0537,Casual Shorts,PROD-0017,29.07,1,TXN-002922,2025-09-12
2923,Linda Chopra,CUST-0063,Self-Help Guide,PROD-0036,10.26,1,TXN-002923,2025-01-17
2924,Riya Harris,CUST-0098,Cotton T-Shirt,PROD-0011,30.65,1,TXN-002924,2025-06-25
2925,Rahul Brown,CUST-0013,Wireless Mouse,PROD-0001,45.68,1,TXN-002925,2024-11-09
2926,Neha Brown,CUST-0029,Fiction Novel,PROD-0037,12.83,2,TXN-002926,2024-03-12
2927,Vikram Bhat,CUST-0177,Hoodie,PROD-0013,50.64,2,TXN-002927,2025-05-25
2928,John Martin,CUST-0187,Business Strategy,PROD-0035,33.11,1,TXN-002928,2024-12-19
2929,Sunita Reddy,CUST-0100,Jump Rope,PROD-0044,18.67,4,TXN-002929,2025-09-06
2930,Aditya Patel,CUST-0384,Fiction Novel,PROD-0037,12.83,1,TXN-002930,2025-03-27
2931,Patricia Malhotra,CUST-0724,Gym Bag,PROD-0050,52.65,1,TXN-002931,2024-06-01
2932,Aanya Gupta,CUST-0456,Bluetooth Headphones,PROD-0002,92.28,2,TXN-002932,2025-07-04
2933,Aanya Wright,CUST-0124,Scarf,PROD-0020,33.28,4,TXN-002933,2024-04-20
2934,Swati Malhotra,CUST-0358,Jump Rope,PROD-0044,18.67,1,TXN-002934,2025-06-14
2935,Richard Robinson,CUST-0172,Keyboard Mechanical,PROD-0007,97.82,2,TXN-002935,2025-09-09
2936,Lucas Anderson,CUST-0159,Travel Guide,PROD-0040,22.38,4,TXN-002936,2025-04-10
2937,Priya Smith,CUST-0675,Self-Help Guide,PROD-0036,10.26,3,TXN-002937,2025-04-03
2938,Krishna Wright,CUST-0120,Resistance Bands,PROD-0043,22.74,2,TXN-002938,2024-12-12
2939,Anthony Kulkarni,CUST-0253,Non-Stick Pan,PROD-0024,32.73,1,TXN-002939,2025-05-17
2940,Neha Kumar,CUST-0193,Water Bottle,PROD-0026,17.56,1,TXN-002940,2024-03-01
2941,Sarah Shah,CUST-0492,Resistance Bands,PROD-0043,22.74,3,TXN-002941,2025-08-28
2942,Mason Young,CUST-0102,Web Development,PROD-0034,44.41,1,TXN-002942,2025-11-01
2943,Sai Lee,CUST-0329,Web Development,PROD-0034,44.41,2,TXN-002943,2025-12-20
2944,Sara Lewis,CUST-0545,Web Development,PROD-0034,44.41,1,TXN-002944,2025-07-13
2945,Karen Iyer,CUST-0659,Hoodie,PROD-0013,50.64,1,TXN-002945,2024-05-18
2946,Susan Rodriguez,CUST-0459,Cycling Gloves,PROD-0049,31.15,1,TXN-002946,2025-10-03
2947,Suresh Rao,CUST-0437,Water Bottle,PROD-0026,17.56,2,TXN-002947,2024-03-25
2948,Noah Pillai,CUST-0503,Bluetooth Headphones,PROD-0002,92.28,2,TXN-002948,2024-11-25
2949,Donald Mehta,CUST-0575,Python Programming,PROD-0031,22.63,2,TXN-002949,2024-11-09
2950,Swati Pillai,CUST-0510,Gym Bag,PROD-0050,52.65,1,TXN-002950,2025-12-01
2951,Divya Hernandez,CUST-0716,Portable Charger,PROD-0004,42.05,2,TXN-002951,2024-02-12
2952,Neha Kumar,CUST-0193,Webcam HD,PROD-0006,72.22,1,TXN-002952,2025-08-24
2953,Arjun Moore,CUST-0766,Fiction Novel,PROD-0037,12.83,2,TXN-002953,2025-10-18
2954,Aadhya Singh,CUST-0322,Swimming Goggles,PROD-0048,16.81,1,TXN-002954,2024-01-29
2955,Matthew Anderson,CUST-0049,Scarf,PROD-0020,33.28,1,TXN-002955,2024-12-26
2956,Sneha Brown,CUST-0551,Portable Charger,PROD-0004,42.05,3,TXN-002956,2025-12-01
2957,Jessica Martinez,CUST-0445,Swimming Goggles,PROD-0048,16.81,2,TXN-002957,2024-07-01
2958,Michael Menon,CUST-0521,Non-Stick Pan,PROD-0024,32.73,2,TXN-002958,2024-02-15
2959,Meena Anderson,CUST-0220,Keyboard Mechanical,PROD-0007,97.82,2,TXN-002959,2024-07-09
2960,Deepak Brown,CUST-0227,Basketball,PROD-0046,39.63,1,TXN-002960,2024-07-27
2961,Jennifer Martin,CUST-0508,Running Shoes,PROD-0014,41.04,2,TXN-002961,2025-09-19
2962,Emma Rao,CUST-0016,USB-C Hub,PROD-0003,61.28,4,TXN-002962,2024-07-29
2963,Suresh Bhat,CUST-0706,Monitor Stand,PROD-0008,53.18,4,TXN-002963,2024-01-05
2964,Myra Smith,CUST-0247,Resistance Bands,PROD-0043,22.74,3,TXN-002964,2024-12-04
2965,Jessica Anderson,CUST-0182,Knife Set,PROD-0025,68.52,3,TXN-002965,2025-01-15
2966,Emma Young,CUST-0412,USB-C Hub,PROD-0003,61.28,1,TXN-002966,2025-09-05
2967,Anthony Kulkarni,CUST-0253,Travel Guide,PROD-0040,22.38,2,TXN-002967,2025-03-08
2968,Oliver Young,CUST-0697,Fiction Novel,PROD-0037,12.83,3,TXN-002968,2025-10-03
2969,Pari Gupta,CUST-0318,Running Shoes,PROD-0014,41.04,4,TXN-002969,2025-10-31
2970,Suresh Allen,CUST-0755,Sports Socks (3-pack),PROD-0018,13.94,2,TXN-002970,2024-01-11
2971,Ashley Hernandez,CUST-0426,Storage Containers,PROD-0027,35.05,1,TXN-002971,2024-07-13
2972,Isha Anderson,CUST-0798,Data Science Handbook,PROD-0032,42.44,1,TXN-002972,2024-01-11
2973,Mary Smith,CUST-0642,Football,PROD-0045,29.05,1,TXN-002973,2025-12-13
2974,Aanya Jackson,CUST-0786,Dish Rack,PROD-0029,28.32,1,TXN-002974,2025-12-07
2975,Charles Patel,CUST-0229,Smartwatch,PROD-0005,158.2,2,TXN-002975,2024-04-28
2976,Ishaan Singh,CUST-0163,Data Science Handbook,PROD-0032,42.44,1,TXN-002976,2025-07-03
2977,William Moore,CUST-0336,Cotton T-Shirt,PROD-0011,30.65,4,TXN-002977,2024-09-19
2978,Nikhil Pillai,CUST-0698,Basketball,PROD-0046,39.63,4,TXN-002978,2025-02-11
2979,Sai Pillai,CUST-0292,Business Strategy,PROD-0035,33.11,1,TXN-002979,2025-08-06
2980,Aarav Kulkarni,CUST-0268,Keyboard Mechanical,PROD-0007,97.82,3,TXN-002980,2025-02-08
2981,Deepak Jones,CUST-0207,Webcam HD,PROD-0006,72.22,2,TXN-002981,2025-05-24
2982,Charles Malhotra,CUST-0206,Laptop Stand,PROD-0009,59.55,2,TXN-002982,2024-02-06
2983,Jessica Chopra,CUST-0481,Python Programming,PROD-0031,22.63,1,TXN-002983,2024-08-22
2984,Ayaan Rao,CUST-0039,Knife Set,PROD-0025,68.52,1,TXN-002984,2025-12-11
2985,Nisha Mehta,CUST-0070,Winter Jacket,PROD-0016,125.83,2,TXN-002985,2025-01-14
2986,Karan Miller,CUST-0449,Swimming Goggles,PROD-0048,16.81,1,TXN-002986,2025-09-03
2987,Charles Chopra,CUST-0788,USB-C Hub,PROD-0003,61.28,2,TXN-002987,2025-05-30
2988,Aanya Jackson,CUST-0786,Hoodie,PROD-0013,50.64,3,TXN-002988,2024-11-21
2989,Patricia Joshi,CUST-0045,Fiction Novel,PROD-0037,12.83,1,TXN-002989,2024-06-05
2990,Neha Lewis,CUST-0350,Casual Shorts,PROD-0017,29.07,4,TXN-002990,2024-12-24
2991,Vivaan Kulkarni,CUST-0474,Hoodie,PROD-0013,50.64,4,TXN-002991,2024-02-27
2992,Sophia Rao,CUST-0401,Knife Set,PROD-0025,68.52,1,TXN-002992,2024-10-25
2993,Mark Mehta,CUST-0518,Smartwatch,PROD-0005,158.2,1,TXN-002993,2025-10-04
2994,Sandra Miller,CUST-0200,Blender,PROD-0022,46.5,2,TXN-002994,2025-03-25
2995,Patricia Reddy,CUST-0026,Dish Rack,PROD-0029,28.32,1,TXN-002995,2024-09-08
2996,Pari Robinson,CUST-0617,Web Development,PROD-0034,44.41,1,TXN-002996,2024-06-13
2997,Nikhil Sharma,CUST-0147,Self-Help Guide,PROD-0036,10.26,5,TXN-002997,2024-02-28
2998,Isabella Jackson,CUST-0115,Jump Rope,PROD-0044,18.67,1,TXN-002998,2025-06-14
2999,Sarah Garcia,CUST-0548,Bluetooth Headphones,PROD-0002,92.28,2,TXN-002999,2024-06-22
3000,Kavita Martinez,CUST-0742,Coffee Maker,PROD-0021,62.05,1,TXN-003000,2024-05-26
3001,Meena Jones,CUST-0107,Jump Rope,PROD-0044,18.67,1,TXN-003001,2025-01-25
3002,Mia Verma,CUST-0004,Fiction Novel,PROD-0037,12.83,1,TXN-003002,2025-01-31
3003,Charles Chopra,CUST-0788,Fiction Novel,PROD-0037,12.83,1,TXN-003003,2024-08-17
3004,Margaret Young,CUST-0781,Yoga Mat,PROD-0041,42.7,1,TXN-003004,2025-07-12
3005,Richard Verma,CUST-0076,Bluetooth Headphones,PROD-0002,92.28,2,TXN-003005,2025-05-02
3006,Charles Verma,CUST-0586,Dumbbells (Pair),PROD-0042,77.78,1,TXN-003006,2025-12-03
3007,Pooja Chopra,CUST-0631,Knife Set,PROD-0025,68.52,2,TXN-003007,2024-08-31
3008,Joseph Patel,CUST-0700,Data Science Handbook,PROD-0032,42.44,2,TXN-003008,2024-12-19
3009,Aadhya Sharma,CUST-0652,Tea Kettle,PROD-0030,40.05,2,TXN-003009,2024-06-05
3010,Jessica Miller,CUST-0466,Business Strategy,PROD-0035,33.11,4,TXN-003010,2024-08-17
3011,Reyansh Martin,CUST-0148,Cap,PROD-0019,12.46,2,TXN-003011,2024-06-27
3012,Noah Malhotra,CUST-0398,Casual Shorts,PROD-0017,29.07,4,TXN-003012,2025-01-11
3013,Daniel Desai,CUST-0758,Bluetooth Headphones,PROD-0002,92.28,2,TXN-003013,2024-11-03
3014,Reyansh Martin,CUST-0148,USB-C Hub,PROD-0003,61.28,2,TXN-003014,2025-12-28
3015,Nikhil Lopez,CUST-0555,Formal Shirt,PROD-0015,57.36,5,TXN-003015,2024-05-08
3016,Mary Smith,CUST-0642,Toaster,PROD-0023,31.12,1,TXN-003016,2025-02-19
3017,Aarav Menon,CUST-0432,Storage Containers,PROD-0027,35.05,2,TXN-003017,2025-04-08
3018,Sunita Martinez,CUST-0455,Knife Set,PROD-0025,68.52,2,TXN-003018,2024-12-11
3019,Krishna Walker,CUST-0334,Resistance Bands,PROD-0043,22.74,1,TXN-003019,2025-06-26
3020,Pari Lee,CUST-0211,Winter Jacket,PROD-0016,125.83,1,TXN-003020,2024-07-14
3021,William Kulkarni,CUST-0583,Hoodie,PROD-0013,50.64,4,TXN-003021,2025-11-06
3022,Vihaan Rao,CUST-0634,Non-Stick Pan,PROD-0024,32.73,4,TXN-003022,2025-07-15
3023,Mark Desai,CUST-0783,Storage Containers,PROD-0027,35.05,1,TXN-003023,2024-11-10
3024,Nisha Thompson,CUST-0219,Water Bottle,PROD-0026,17.56,1,TXN-003024,2024-04-21
3025,James Reddy,CUST-0556,Dumbbells (Pair),PROD-0042,77.78,2,TXN-003025,2025-09-30
3026,Arjun Shah,CUST-0423,Portable Charger,PROD-0004,42.05,1,TXN-003026,2024-12-11
3027,Swati Gupta,CUST-0565,Cotton T-Shirt,PROD-0011,30.65,2,TXN-003027,2025-06-13
3028,Aanya Lewis,CUST-0443,Denim Jeans,PROD-0012,82.97,4,TXN-003028,2024-01-25
3029,Mark Jackson,CUST-0711,Running Shoes,PROD-0014,41.04,1,TXN-003029,2025-11-14
3030,Vikram Bhat,CUST-0177,Sports Socks (3-pack),PROD-0018,13.94,5,TXN-003030,2025-11-27
3031,Ayaan Bhat,CUST-0577,Gym Bag,PROD-0050,52.65,1,TXN-003031,2025-02-15
3032,Linda Clark,CUST-0589,Hoodie,PROD-0013,50.64,1,TXN-003032,2024-11-20
3033,Riya Verma,CUST-0480,Winter Jacket,PROD-0016,125.83,4,TXN-003033,2024-05-13
3034,Margaret Young,CUST-0781,Data Science Handbook,PROD-0032,42.44,1,TXN-003034,2025-09-19
3035,Sai Walker,CUST-0544,Swimming Goggles,PROD-0048,16.81,2,TXN-003035,2024-02-06
3036,Patricia Mehta,CUST-0693,Keyboard Mechanical,PROD-0007,97.82,3,TXN-003036,2024-03-28
3037,Reyansh Reddy,CUST-0022,Wireless Mouse,PROD-0001,45.68,4,TXN-003037,2024-02-24
3038,Betty Brown,CUST-0340,Webcam HD,PROD-0006,72.22,1,TXN-003038,2024-12-31
3039,Swati Verma,CUST-0208,Swimming Goggles,PROD-0048,16.81,1,TXN-003039,2024-08-06
3040,Robert Verma,CUST-0315,Smartwatch,PROD-0005,158.2,1,TXN-003040,2024-11-19
3041,Neha Miller,CUST-0598,Dish Rack,PROD-0029,28.32,2,TXN-003041,2025-12-21
3042,Diya Rao,CUST-0180,Cap,PROD-0019,12.46,1,TXN-003042,2025-07-29
3043,Noah Chopra,CUST-0164,External SSD 1TB,PROD-0010,77.83,1,TXN-003043,2024-05-01
3044,Oliver Mehta,CUST-0546,Travel Guide,PROD-0040,22.38,2,TXN-003044,2025-07-29
3045,Amit Wright,CUST-0566,Yoga Mat,PROD-0041,42.7,2,TXN-003045,2024-10-14
3046,Myra Patel,CUST-0707,Winter Jacket,PROD-0016,125.83,5,TXN-003046,2025-11-10
3047,Aanya Kumar,CUST-0151,Dish Rack,PROD-0029,28.32,1,TXN-003047,2024-02-10
3048,Matthew Rodriguez,CUST-0139,Knife Set,PROD-0025,68.52,2,TXN-003048,2025-05-03
3049,Ashley Martinez,CUST-0175,Gym Bag,PROD-0050,52.65,1,TXN-003049,2025-12-05
3050,Sai Verma,CUST-0372,Dish Rack,PROD-0029,28.32,2,TXN-003050,2024-07-05
3051,Susan Rodriguez,CUST-0459,Bluetooth Headphones,PROD-0002,92.28,5,TXN-003051,2025-11-18
3052,Charles Taylor,CUST-0581,Toaster,PROD-0023,31.12,4,TXN-003052,2024-03-28
3053,Margaret Martin,CUST-0379,Smartwatch,PROD-0005,158.2,1,TXN-003053,2025-10-01
3054,Karen Rao,CUST-0308,Jump Rope,PROD-0044,18.67,1,TXN-003054,2024-06-02
3055,Lisa Nair,CUST-0114,Resistance Bands,PROD-0043,22.74,1,TXN-003055,2025-10-11
3056,Sai Lee,CUST-0329,Cap,PROD-0019,12.46,3,TXN-003056,2024-03-26
3057,Ishaan Rodriguez,CUST-0364,Cookbook,PROD-0039,22.32,5,TXN-003057,2025-05-21
3058,James Garcia,CUST-0017,Travel Guide,PROD-0040,22.38,4,TXN-003058,2025-03-03
3059,Mary Reddy,CUST-0174,Non-Stick Pan,PROD-0024,32.73,4,TXN-003059,2024-07-15
3060,William Smith,CUST-0526,Sports Socks (3-pack),PROD-0018,13.94,5,TXN-003060,2024-01-25
3061,Riya King,CUST-0502,Coffee Maker,PROD-0021,62.05,4,TXN-003061,2024-02-23
3062,Sneha Verma,CUST-0665,Winter Jacket,PROD-0016,125.83,3,TXN-003062,2024-09-26
3063,Pari Thomas,CUST-0460,Cutting Board,PROD-0028,11.96,1,TXN-003063,2024-10-06
3064,Sunita Rao,CUST-0768,Cycling Gloves,PROD-0049,31.15,2,TXN-003064,2025-11-06
3065,Lucas Davis,CUST-0083,Blender,PROD-0022,46.5,2,TXN-003065,2024-05-13
3066,William Kumar,CUST-0640,Wireless Mouse,PROD-0001,45.68,3,TXN-003066,2024-01-20
3067,David Thomas,CUST-0310,Knife Set,PROD-0025,68.52,1,TXN-003067,2025-04-26
3068,Elizabeth Thomas,CUST-0390,Knife Set,PROD-0025,68.52,1,TXN-003068,2025-11-19
3069,Ananya Garcia,CUST-0277,Football,PROD-0045,29.05,1,TXN-003069,2025-01-10
3070,Mary White,CUST-0525,Cutting Board,PROD-0028,11.96,2,TXN-003070,2024-12-16
3071,Patricia Bhat,CUST-0136,Toaster,PROD-0023,31.12,3,TXN-003071,2025-07-19
3072,Nikhil Verma,CUST-0198,Data Science Handbook,PROD-0032,42.44,1,TXN-003072,2024-03-26
3073,Sophia Smith,CUST-0461,Resistance Bands,PROD-0043,22.74,1,TXN-003073,2025-11-13
3074,Ananya Hernandez,CUST-0327,Machine Learning Guide,PROD-0033,42.63,4,TXN-003074,2024-01-24
3075,Nancy Martinez,CUST-0132,Cycling Gloves,PROD-0049,31.15,1,TXN-003075,2024-03-17
3076,Jessica Anderson,CUST-0182,Non-Stick Pan,PROD-0024,32.73,1,TXN-003076,2025-08-08
3077,Mary Jones,CUST-0243,Gym Bag,PROD-0050,52.65,1,TXN-003077,2024-03-18
3078,Swati Lee,CUST-0010,Tennis Racket,PROD-0047,61.92,1,TXN-003078,2024-12-15
3079,Ashley King,CUST-0633,Smartwatch,PROD-0005,158.2,1,TXN-003079,2025-10-03
3080,Mia White,CUST-0472,Yoga Mat,PROD-0041,42.7,4,TXN-003080,2025-11-11
3081,Vikram Miller,CUST-0109,Travel Guide,PROD-0040,22.38,1,TXN-003081,2025-12-22
3082,Rajesh Rao,CUST-0143,Hoodie,PROD-0013,50.64,4,TXN-003082,2024-03-24
3083,Anthony Thompson,CUST-0191,Webcam HD,PROD-0006,72.22,3,TXN-003083,2024-04-03
3084,Mia Verma,CUST-0004,Cutting Board,PROD-0028,11.96,3,TXN-003084,2024-08-26
3085,Lisa Kumar,CUST-0216,Portable Charger,PROD-0004,42.05,3,TXN-003085,2025-01-31
3086,Sai Lee,CUST-0329,Yoga Mat,PROD-0041,42.7,2,TXN-003086,2025-05-02
3087,Rajesh Martinez,CUST-0203,Basketball,PROD-0046,39.63,5,TXN-003087,2025-09-11
3088,Patricia Malhotra,CUST-0724,Denim Jeans,PROD-0012,82.97,2,TXN-003088,2025-11-23
3089,Michael Moore,CUST-0607,Portable Charger,PROD-0004,42.05,2,TXN-003089,2025-06-03
3090,Neha Kulkarni,CUST-0007,Webcam HD,PROD-0006,72.22,1,TXN-003090,2024-07-21
3091,Sarah Shah,CUST-0270,External SSD 1TB,PROD-0010,77.83,4,TXN-003091,2025-08-12
3092,William Harris,CUST-0194,Football,PROD-0045,29.05,1,TXN-003092,2024-03-18
3093,Neha Kumar,CUST-0193,Denim Jeans,PROD-0012,82.97,3,TXN-003093,2024-08-21
3094,Mary White,CUST-0167,Water Bottle,PROD-0026,17.56,2,TXN-003094,2025-08-29
3095,Patricia Wright,CUST-0304,Cookbook,PROD-0039,22.32,2,TXN-003095,2025-10-17
3096,Mason Mehta,CUST-0293,Running Shoes,PROD-0014,41.04,2,TXN-003096,2024-12-19
3097,Sneha Lewis,CUST-0754,Winter Jacket,PROD-0016,125.83,2,TXN-003097,2025-11-01
3098,Joseph Patel,CUST-0700,Casual Shorts,PROD-0017,29.07,1,TXN-003098,2024-06-14
3099,Mia Kulkarni,CUST-0067,Portable Charger,PROD-0004,42.05,1,TXN-003099,2024-12-18
3100,Suresh Lewis,CUST-0751,Portable Charger,PROD-0004,42.05,2,TXN-003100,2025-03-16
3101,Nisha Shah,CUST-0082,Jump Rope,PROD-0044,18.67,3,TXN-003101,2025-04-01
3102,Rahul Brown,CUST-0013,Swimming Goggles,PROD-0048,16.81,2,TXN-003102,2024-11-22
3103,Mia Thomas,CUST-0603,Gym Bag,PROD-0050,52.65,4,TXN-003103,2025-01-05
3104,Diya Jones,CUST-0715,Jump Rope,PROD-0044,18.67,2,TXN-003104,2024-03-08
3105,William Kulkarni,CUST-0583,Casual Shorts,PROD-0017,29.07,3,TXN-003105,2024-11-22
3106,Mary Pillai,CUST-0462,Toaster,PROD-0023,31.12,3,TXN-003106,2025-05-06
3107,Aadhya Bhat,CUST-0380,Data Science Handbook,PROD-0032,42.44,1,TXN-003107,2025-05-15
3108,Sandra Davis,CUST-0321,Business Strategy,PROD-0035,33.11,5,TXN-003108,2024-07-13
3109,Aanya Clark,CUST-0234,History of AI,PROD-0038,15.71,1,TXN-003109,2025-12-08
3110,Krishna Malhotra,CUST-0362,Storage Containers,PROD-0027,35.05,2,TXN-003110,2025-04-17
3111,Lisa Robinson,CUST-0333,Water Bottle,PROD-0026,17.56,2,TXN-003111,2025-04-20
3112,Isabella Allen,CUST-0464,External SSD 1TB,PROD-0010,77.83,1,TXN-003112,2025-01-29
3113,Susan Davis,CUST-0430,Bluetooth Headphones,PROD-0002,92.28,4,TXN-003113,2024-11-20
3114,Mason Reddy,CUST-0391,Yoga Mat,PROD-0041,42.7,1,TXN-003114,2025-01-09
3115,Rahul Martinez,CUST-0015,Cutting Board,PROD-0028,11.96,3,TXN-003115,2025-11-08
3116,Vikram Bhat,CUST-0177,External SSD 1TB,PROD-0010,77.83,2,TXN-003116,2024-07-07
3117,Betty Reddy,CUST-0223,Keyboard Mechanical,PROD-0007,97.82,1,TXN-003117,2025-04-28
3118,Charlotte Rao,CUST-0154,Sports Socks (3-pack),PROD-0018,13.94,1,TXN-003118,2024-01-23
3119,Swati Pillai,CUST-0510,Water Bottle,PROD-0026,17.56,1,TXN-003119,2025-07-16
3120,Nikhil Bhat,CUST-0285,Formal Shirt,PROD-0015,57.36,1,TXN-003120,2025-09-13
3121,Kavita Martinez,CUST-0742,Data Science Handbook,PROD-0032,42.44,2,TXN-003121,2024-06-12
3122,Sai Kumar,CUST-0500,Resistance Bands,PROD-0043,22.74,1,TXN-003122,2024-04-18
3123,Joseph Bhat,CUST-0069,Coffee Maker,PROD-0021,62.05,3,TXN-003123,2025-09-14
3124,Ananya Thompson,CUST-0297,External SSD 1TB,PROD-0010,77.83,1,TXN-003124,2025-05-21
3125,Richard Reddy,CUST-0222,Storage Containers,PROD-0027,35.05,2,TXN-003125,2024-11-11
3126,Nikhil Walker,CUST-0647,Cotton T-Shirt,PROD-0011,30.65,1,TXN-003126,2024-11-14
3127,Myra Verma,CUST-0701,Travel Guide,PROD-0040,22.38,2,TXN-003127,2024-05-04
3128,Krishna Malhotra,CUST-0614,Laptop Stand,PROD-0009,59.55,2,TXN-003128,2024-12-15
3129,William Thompson,CUST-0743,Non-Stick Pan,PROD-0024,32.73,3,TXN-003129,2024-05-11
3130,Margaret Martin,CUST-0379,Fiction Novel,PROD-0037,12.83,5,TXN-003130,2024-03-05
3131,Riya Menon,CUST-0019,Dish Rack,PROD-0029,28.32,1,TXN-003131,2024-09-09
3132,Rajesh Anderson,CUST-0215,Coffee Maker,PROD-0021,62.05,2,TXN-003132,2024-11-16
3133,Vihaan Garcia,CUST-0650,Python Programming,PROD-0031,22.63,3,TXN-003133,2025-07-22
3134,Michael Brown,CUST-0349,Fiction Novel,PROD-0037,12.83,3,TXN-003134,2025-12-16
3135,Sandra Miller,CUST-0200,Laptop Stand,PROD-0009,59.55,5,TXN-003135,2025-10-09
3136,Aarav Davis,CUST-0587,Formal Shirt,PROD-0015,57.36,3,TXN-003136,2025-09-16
3137,Mary Jones,CUST-0243,Winter Jacket,PROD-0016,125.83,2,TXN-003137,2025-04-26
3138,Donald Menon,CUST-0020,Coffee Maker,PROD-0021,62.05,2,TXN-003138,2024-04-07
3139,Pari Walker,CUST-0394,Cycling Gloves,PROD-0049,31.15,1,TXN-003139,2024-11-25
3140,Margaret Reddy,CUST-0084,Web Development,PROD-0034,44.41,2,TXN-003140,2025-09-09
3141,Mary Bhat,CUST-0746,Sports Socks (3-pack),PROD-0018,13.94,1,TXN-003141,2025-02-02
3142,David Wright,CUST-0797,Hoodie,PROD-0013,50.64,3,TXN-003142,2024-10-09
3143,Krishna Malhotra,CUST-0729,External SSD 1TB,PROD-0010,77.83,1,TXN-003143,2024-03-01
3144,Reyansh King,CUST-0486,Winter Jacket,PROD-0016,125.83,1,TXN-003144,2024-01-04
3145,William Moore,CUST-0336,Toaster,PROD-0023,31.12,3,TXN-003145,2025-05-09
3146,Manoj Thomas,CUST-0576,External SSD 1TB,PROD-0010,77.83,3,TXN-003146,2024-11-23
3147,Daniel Singh,CUST-0497,Coffee Maker,PROD-0021,62.05,2,TXN-003147,2025-07-03
3148,Robert Thompson,CUST-0205,Dumbbells (Pair),PROD-0042,77.78,1,TXN-003148,2025-09-03
3149,Manoj Hernandez,CUST-0620,Monitor Stand,PROD-0008,53.18,1,TXN-003149,2024-03-03
3150,Sneha Lewis,CUST-0754,Hoodie,PROD-0013,50.64,2,TXN-003150,2025-05-31
3151,Daniel Thomas,CUST-0290,Winter Jacket,PROD-0016,125.83,3,TXN-003151,2025-03-09
3152,Neha Iyer,CUST-0718,Wireless Mouse,PROD-0001,45.68,1,TXN-003152,2024-07-28
3153,Reyansh Martin,CUST-0148,Cap,PROD-0019,12.46,1,TXN-003153,2025-10-29
3154,Sunita Harris,CUST-0660,Cycling Gloves,PROD-0049,31.15,2,TXN-003154,2025-01-12
3155,Jennifer Malhotra,CUST-0477,Gym Bag,PROD-0050,52.65,4,TXN-003155,2024-05-31
3156,Karen White,CUST-0458,Yoga Mat,PROD-0041,42.7,1,TXN-003156,2024-06-09
3157,Sai Singh,CUST-0609,Dish Rack,PROD-0029,28.32,3,TXN-003157,2024-04-20
3158,Priya White,CUST-0281,Tea Kettle,PROD-0030,40.05,1,TXN-003158,2025-12-24
3159,Betty Jackson,CUST-0622,Tea Kettle,PROD-0030,40.05,1,TXN-003159,2025-08-23
3160,Nancy Martinez,CUST-0132,Coffee Maker,PROD-0021,62.05,5,TXN-003160,2024-05-06
3161,Nancy Thomas,CUST-0054,Coffee Maker,PROD-0021,62.05,2,TXN-003161,2025-01-12
3162,Myra Desai,CUST-0146,Coffee Maker,PROD-0021,62.05,3,TXN-003162,2025-01-19
3163,Matthew Mehta,CUST-0564,Bluetooth Headphones,PROD-0002,92.28,2,TXN-003163,2025-10-23
3164,Jennifer Moore,CUST-0332,Water Bottle,PROD-0026,17.56,1,TXN-003164,2025-09-19
3165,Vivaan Malhotra,CUST-0779,USB-C Hub,PROD-0003,61.28,2,TXN-003165,2024-11-27
3166,Diya Garcia,CUST-0580,Cycling Gloves,PROD-0049,31.15,2,TXN-003166,2025-06-07
3167,Liam Jackson,CUST-0058,Tennis Racket,PROD-0047,61.92,3,TXN-003167,2024-05-15
3168,Liam Clark,CUST-0509,Smartwatch,PROD-0005,158.2,4,TXN-003168,2024-05-23
3169,Ayaan Lopez,CUST-0156,Keyboard Mechanical,PROD-0007,97.82,2,TXN-003169,2025-12-31
3170,Ishaan Patel,CUST-0241,Webcam HD,PROD-0006,72.22,3,TXN-003170,2024-12-31
3171,Rahul Verma,CUST-0347,Webcam HD,PROD-0006,72.22,2,TXN-003171,2024-03-12
3172,Robert Singh,CUST-0505,Water Bottle,PROD-0026,17.56,2,TXN-003172,2025-06-21
3173,Manoj Desai,CUST-0427,Dumbbells (Pair),PROD-0042,77.78,3,TXN-003173,2025-12-12
3174,Lucas Anderson,CUST-0159,Self-Help Guide,PROD-0036,10.26,3,TXN-003174,2024-07-31
3175,Pari Thomas,CUST-0460,Cotton T-Shirt,PROD-0011,30.65,1,TXN-003175,2024-09-24
3176,Riya Nair,CUST-0233,Winter Jacket,PROD-0016,125.83,1,TXN-003176,2025-11-30
3177,Isabella Robinson,CUST-0572,Bluetooth Headphones,PROD-0002,92.28,1,TXN-003177,2025-12-15
3178,Oliver Kulkarni,CUST-0231,Python Programming,PROD-0031,22.63,1,TXN-003178,2024-08-12
3179,Aanya Miller,CUST-0777,Formal Shirt,PROD-0015,57.36,4,TXN-003179,2024-05-20
3180,Manoj Joshi,CUST-0513,Coffee Maker,PROD-0021,62.05,1,TXN-003180,2025-10-11
3181,Nisha Kulkarni,CUST-0687,Water Bottle,PROD-0026,17.56,1,TXN-003181,2024-10-23
3182,Robert Singh,CUST-0505,Bluetooth Headphones,PROD-0002,92.28,2,TXN-003182,2025-12-14
3183,Noah White,CUST-0425,Self-Help Guide,PROD-0036,10.26,1,TXN-003183,2024-07-23
3184,Reyansh Pillai,CUST-0604,USB-C Hub,PROD-0003,61.28,1,TXN-003184,2025-08-19
3185,John Jones,CUST-0504,Wireless Mouse,PROD-0001,45.68,1,TXN-003185,2024-03-23
3186,Riya Kumar,CUST-0596,Non-Stick Pan,PROD-0024,32.73,2,TXN-003186,2024-06-17
3187,Mary Clark,CUST-0407,Running Shoes,PROD-0014,41.04,1,TXN-003187,2024-01-08
3188,Pooja Nair,CUST-0643,Swimming Goggles,PROD-0048,16.81,2,TXN-003188,2024-09-29
3189,Sunita Malhotra,CUST-0570,Non-Stick Pan,PROD-0024,32.73,2,TXN-003189,2024-06-12
3190,Deepak Jones,CUST-0207,Cycling Gloves,PROD-0049,31.15,2,TXN-003190,2024-12-08
3191,Ananya Lopez,CUST-0201,Coffee Maker,PROD-0021,62.05,4,TXN-003191,2025-02-06
3192,Linda Mehta,CUST-0123,Dumbbells (Pair),PROD-0042,77.78,1,TXN-003192,2024-01-30
3193,Deepak Kulkarni,CUST-0457,Cookbook,PROD-0039,22.32,5,TXN-003193,2025-11-18
3194,Mary White,CUST-0525,Gym Bag,PROD-0050,52.65,2,TXN-003194,2024-07-08
3195,Pari Martinez,CUST-0116,USB-C Hub,PROD-0003,61.28,1,TXN-003195,2024-04-19
3196,James Walker,CUST-0761,Running Shoes,PROD-0014,41.04,1,TXN-003196,2025-08-06
3197,Sneha Lewis,CUST-0754,Swimming Goggles,PROD-0048,16.81,1,TXN-003197,2025-12-07
3198,Suresh Mehta,CUST-0691,Running Shoes,PROD-0014,41.04,4,TXN-003198,2024-11-06
3199,Diya Thomas,CUST-0370,Tea Kettle,PROD-0030,40.05,1,TXN-003199,2025-10-03
3200,Reyansh Nair,CUST-0236,Fiction Novel,PROD-0037,12.83,4,TXN-003200,2024-09-15
3201,Betty Reddy,CUST-0223,Machine Learning Guide,PROD-0033,42.63,1,TXN-003201,2024-01-13
3202,Richard Reddy,CUST-0222,Denim Jeans,PROD-0012,82.97,4,TXN-003202,2024-07-30
3203,Sara Patel,CUST-0512,Tennis Racket,PROD-0047,61.92,1,TXN-003203,2024-12-01
3204,Emma Hernandez,CUST-0469,Water Bottle,PROD-0026,17.56,2,TXN-003204,2024-06-18
3205,John Jones,CUST-0504,Python Programming,PROD-0031,22.63,2,TXN-003205,2024-10-19
3206,Suresh Lee,CUST-0684,Winter Jacket,PROD-0016,125.83,1,TXN-003206,2024-04-19
3207,Aanya Verma,CUST-0001,Bluetooth Headphones,PROD-0002,92.28,2,TXN-003207,2024-01-12
3208,Priya White,CUST-0281,Wireless Mouse,PROD-0001,45.68,1,TXN-003208,2025-01-25
3209,Mark King,CUST-0747,Fiction Novel,PROD-0037,12.83,5,TXN-003209,2024-04-09
3210,Ananya Shah,CUST-0055,Non-Stick Pan,PROD-0024,32.73,1,TXN-003210,2024-07-14
3211,Michael Robinson,CUST-0434,Swimming Goggles,PROD-0048,16.81,4,TXN-003211,2024-03-18
3212,Linda Chopra,CUST-0287,Storage Containers,PROD-0027,35.05,2,TXN-003212,2024-10-31
3213,Priya Gupta,CUST-0789,USB-C Hub,PROD-0003,61.28,4,TXN-003213,2024-11-05
3214,Myra Desai,CUST-0146,Casual Shorts,PROD-0017,29.07,2,TXN-003214,2024-07-28
3215,Aanya Wright,CUST-0124,Yoga Mat,PROD-0041,42.7,3,TXN-003215,2025-11-29
3216,Ananya Patel,CUST-0032,Python Programming,PROD-0031,22.63,1,TXN-003216,2024-04-25
3217,Rohit Miller,CUST-0089,Tennis Racket,PROD-0047,61.92,1,TXN-003217,2025-08-16
3218,Priya Mehta,CUST-0712,Self-Help Guide,PROD-0036,10.26,1,TXN-003218,2024-01-24
3219,Richard Menon,CUST-0720,Fiction Novel,PROD-0037,12.83,2,TXN-003219,2025-12-09
3220,Nisha Clark,CUST-0157,Running Shoes,PROD-0014,41.04,1,TXN-003220,2025-11-25
3221,Sara Davis,CUST-0387,Bluetooth Headphones,PROD-0002,92.28,1,TXN-003221,2025-03-18
3222,Jennifer Malhotra,CUST-0477,Storage Containers,PROD-0027,35.05,1,TXN-003222,2024-01-14
3223,Myra Sharma,CUST-0591,USB-C Hub,PROD-0003,61.28,2,TXN-003223,2024-10-14
3224,Rohit Rodriguez,CUST-0727,Cap,PROD-0019,12.46,3,TXN-003224,2024-07-26
3225,Jessica Chopra,CUST-0274,Bluetooth Headphones,PROD-0002,92.28,2,TXN-003225,2024-07-11
3226,Ishaan Patel,CUST-0241,Football,PROD-0045,29.05,2,TXN-003226,2024-01-02
3227,Divya Singh,CUST-0666,USB-C Hub,PROD-0003,61.28,4,TXN-003227,2025-03-21
3228,Amit Lopez,CUST-0573,Football,PROD-0045,29.05,2,TXN-003228,2024-08-25
3229,Aadhya Lewis,CUST-0733,Swimming Goggles,PROD-0048,16.81,1,TXN-003229,2025-01-07
3230,Vikram Davis,CUST-0091,Cookbook,PROD-0039,22.32,1,TXN-003230,2025-04-28
3231,Lucas Nair,CUST-0558,Cotton T-Shirt,PROD-0011,30.65,1,TXN-003231,2025-01-15
3232,Linda Martin,CUST-0744,Self-Help Guide,PROD-0036,10.26,2,TXN-003232,2024-11-24
3233,Myra Anderson,CUST-0753,Yoga Mat,PROD-0041,42.7,1,TXN-003233,2024-06-27
3234,Linda Malhotra,CUST-0595,Water Bottle,PROD-0026,17.56,1,TXN-003234,2024-12-21
3235,Aanya Jackson,CUST-0786,Cap,PROD-0019,12.46,1,TXN-003235,2025-11-19
3236,Sai Malhotra,CUST-0770,Data Science Handbook,PROD-0032,42.44,2,TXN-003236,2025-02-21
3237,Oliver Bhat,CUST-0369,Cutting Board,PROD-0028,11.96,1,TXN-003237,2024-09-16
3238,Linda Anderson,CUST-0141,Blender,PROD-0022,46.5,4,TXN-003238,2025-10-22
3239,Lisa Joshi,CUST-0478,Dish Rack,PROD-0029,28.32,3,TXN-003239,2025-11-27
3240,Priya Anderson,CUST-0169,USB-C Hub,PROD-0003,61.28,1,TXN-003240,2025-10-02
3241,Sara Sharma,CUST-0149,Cookbook,PROD-0039,22.32,1,TXN-003241,2025-10-09
3242,Vikram King,CUST-0763,Cotton T-Shirt,PROD-0011,30.65,4,TXN-003242,2025-08-10
3243,Rajesh Rao,CUST-0143,Running Shoes,PROD-0014,41.04,3,TXN-003243,2025-02-09
3244,Margaret Reddy,CUST-0084,Storage Containers,PROD-0027,35.05,4,TXN-003244,2025-05-28
3245,Lucas Nair,CUST-0558,USB-C Hub,PROD-0003,61.28,2,TXN-003245,2025-08-12
3246,Ashley Miller,CUST-0005,Casual Shorts,PROD-0017,29.07,4,TXN-003246,2025-11-11
3247,Priya Anderson,CUST-0169,Swimming Goggles,PROD-0048,16.81,1,TXN-003247,2025-12-27
3248,Swati Malhotra,CUST-0343,Data Science Handbook,PROD-0032,42.44,1,TXN-003248,2025-01-17
3249,Rohit Jones,CUST-0562,Water Bottle,PROD-0026,17.56,2,TXN-003249,2025-02-06
3250,Neha Miller,CUST-0225,Fiction Novel,PROD-0037,12.83,1,TXN-003250,2025-02-21
3251,Karen Gupta,CUST-0705,Cycling Gloves,PROD-0049,31.15,5,TXN-003251,2024-08-19
3252,Reyansh Mehta,CUST-0656,Dumbbells (Pair),PROD-0042,77.78,2,TXN-003252,2025-12-11
3253,Patricia Taylor,CUST-0772,Hoodie,PROD-0013,50.64,3,TXN-003253,2025-05-31
3254,Elizabeth Miller,CUST-0111,Data Science Handbook,PROD-0032,42.44,1,TXN-003254,2024-03-14
3255,Priya Mehta,CUST-0712,Scarf,PROD-0020,33.28,1,TXN-003255,2025-02-19
3256,Mia Nair,CUST-0311,Running Shoes,PROD-0014,41.04,2,TXN-003256,2024-04-08
3257,Krishna Pillai,CUST-0196,Bluetooth Headphones,PROD-0002,92.28,1,TXN-003257,2024-10-29
3258,Aanya Wright,CUST-0124,Running Shoes,PROD-0014,41.04,1,TXN-003258,2025-11-27
3259,Jennifer Kulkarni,CUST-0074,Smartwatch,PROD-0005,158.2,1,TXN-003259,2024-05-01
3260,John Malhotra,CUST-0433,Toaster,PROD-0023,31.12,2,TXN-003260,2024-01-11
3261,Diya Jones,CUST-0715,Cookbook,PROD-0039,22.32,1,TXN-003261,2025-02-01
3262,Aditya Patel,CUST-0384,Running Shoes,PROD-0014,41.04,1,TXN-003262,2025-09-26
3263,Reyansh Pillai,CUST-0604,Python Programming,PROD-0031,22.63,2,TXN-003263,2025-08-30
3264,Sarah Williams,CUST-0043,Jump Rope,PROD-0044,18.67,2,TXN-003264,2024-02-02
3265,Sara Patel,CUST-0512,Coffee Maker,PROD-0021,62.05,1,TXN-003265,2024-09-18
3266,Neha Iyer,CUST-0718,Python Programming,PROD-0031,22.63,4,TXN-003266,2025-01-27
3267,Lucas Hernandez,CUST-0771,Business Strategy,PROD-0035,33.11,3,TXN-003267,2025-03-08
3268,Suresh Bhat,CUST-0706,History of AI,PROD-0038,15.71,2,TXN-003268,2024-12-25
3269,Ananya Anderson,CUST-0702,Data Science Handbook,PROD-0032,42.44,5,TXN-003269,2025-01-24
3270,Margaret Pillai,CUST-0040,Data Science Handbook,PROD-0032,42.44,3,TXN-003270,2024-03-29
3271,Meena Kumar,CUST-0487,Casual Shorts,PROD-0017,29.07,2,TXN-003271,2024-03-25
3272,Karan White,CUST-0252,Tennis Racket,PROD-0047,61.92,3,TXN-003272,2025-10-08
3273,Sophia Desai,CUST-0097,Tea Kettle,PROD-0030,40.05,1,TXN-003273,2024-12-11
3274,Linda Iyer,CUST-0248,Cookbook,PROD-0039,22.32,5,TXN-003274,2024-02-05
3275,Sara Wright,CUST-0331,Scarf,PROD-0020,33.28,2,TXN-003275,2025-12-21
3276,Suresh Miller,CUST-0463,Running Shoes,PROD-0014,41.04,2,TXN-003276,2024-04-07
3277,Krishna Gupta,CUST-0011,Jump Rope,PROD-0044,18.67,1,TXN-003277,2025-11-22
3278,Sandra Wright,CUST-0800,Bluetooth Headphones,PROD-0002,92.28,4,TXN-003278,2025-03-31
3279,Emma Sharma,CUST-0071,Machine Learning Guide,PROD-0033,42.63,1,TXN-003279,2024-10-08
3280,Riya White,CUST-0714,Fiction Novel,PROD-0037,12.83,1,TXN-003280,2025-07-02
3281,Jennifer Thompson,CUST-0670,Tennis Racket,PROD-0047,61.92,1,TXN-003281,2025-08-22
3282,Aditya Lopez,CUST-0121,Football,PROD-0045,29.05,2,TXN-003282,2024-06-27
3283,Suresh Miller,CUST-0463,Cap,PROD-0019,12.46,4,TXN-003283,2024-02-10
3284,William Nair,CUST-0298,Cookbook,PROD-0039,22.32,1,TXN-003284,2024-04-22
3285,Elizabeth Shah,CUST-0704,External SSD 1TB,PROD-0010,77.83,5,TXN-003285,2024-03-19
3286,Karan Lewis,CUST-0204,Python Programming,PROD-0031,22.63,2,TXN-003286,2024-01-06
3287,Isabella Johnson,CUST-0397,Gym Bag,PROD-0050,52.65,3,TXN-003287,2025-10-31
3288,Neha Taylor,CUST-0181,Gym Bag,PROD-0050,52.65,1,TXN-003288,2024-11-05
3289,Rohit Robinson,CUST-0188,Formal Shirt,PROD-0015,57.36,1,TXN-003289,2025-11-30
3290,Neha Miller,CUST-0598,Data Science Handbook,PROD-0032,42.44,1,TXN-003290,2025-03-31
3291,Neha Iyer,CUST-0718,Monitor Stand,PROD-0008,53.18,1,TXN-003291,2024-05-22
3292,Patricia Bhat,CUST-0136,Swimming Goggles,PROD-0048,16.81,5,TXN-003292,2025-09-11
3293,Ayaan Bhat,CUST-0577,Bluetooth Headphones,PROD-0002,92.28,2,TXN-003293,2025-01-10
3294,Divya Hernandez,CUST-0716,Cutting Board,PROD-0028,11.96,1,TXN-003294,2025-06-21
3295,Mark Jackson,CUST-0711,Non-Stick Pan,PROD-0024,32.73,2,TXN-003295,2024-04-18
3296,Patricia Chopra,CUST-0429,Python Programming,PROD-0031,22.63,1,TXN-003296,2025-03-22
3297,Diya Rodriguez,CUST-0571,Football,PROD-0045,29.05,2,TXN-003297,2024-03-07
3298,Nikhil Garcia,CUST-0090,Casual Shorts,PROD-0017,29.07,4,TXN-003298,2025-11-11
3299,Nikhil Mehta,CUST-0367,Python Programming,PROD-0031,22.63,2,TXN-003299,2024-09-06
3300,Linda Anderson,CUST-0141,Monitor Stand,PROD-0008,53.18,1,TXN-003300,2024-03-29
3301,Noah Taylor,CUST-0585,Denim Jeans,PROD-0012,82.97,2,TXN-003301,2025-04-01
3302,Riya Wright,CUST-0676,Business Strategy,PROD-0035,33.11,1,TXN-003302,2024-09-26
3303,Oliver Miller,CUST-0490,Smartwatch,PROD-0005,158.2,5,TXN-003303,2025-11-03
3304,Elizabeth Clark,CUST-0190,History of AI,PROD-0038,15.71,2,TXN-003304,2025-07-27
3305,Isha Young,CUST-0041,Formal Shirt,PROD-0015,57.36,1,TXN-003305,2024-11-03
3306,Mark Desai,CUST-0137,Swimming Goggles,PROD-0048,16.81,3,TXN-003306,2024-01-12
3307,Reyansh Chopra,CUST-0381,Portable Charger,PROD-0004,42.05,2,TXN-003307,2024-01-13
3308,Pari Martinez,CUST-0116,Web Development,PROD-0034,44.41,2,TXN-003308,2025-08-22
3309,Sai Walker,CUST-0544,Wireless Mouse,PROD-0001,45.68,1,TXN-003309,2024-05-20
3310,Anthony Thomas,CUST-0328,Winter Jacket,PROD-0016,125.83,4,TXN-003310,2024-08-06
3311,William Harris,CUST-0194,Resistance Bands,PROD-0043,22.74,2,TXN-003311,2025-05-05
3312,Meena Anderson,CUST-0220,Keyboard Mechanical,PROD-0007,97.82,1,TXN-003312,2025-07-20
3313,Reyansh Lewis,CUST-0649,Yoga Mat,PROD-0041,42.7,2,TXN-003313,2024-03-13
3314,Thomas Johnson,CUST-0150,Resistance Bands,PROD-0043,22.74,1,TXN-003314,2025-06-06
3315,Sara Sharma,CUST-0149,Cycling Gloves,PROD-0049,31.15,1,TXN-003315,2025-06-09
3316,Richard Lopez,CUST-0075,Fiction Novel,PROD-0037,12.83,1,TXN-003316,2025-10-03
3317,Patricia Taylor,CUST-0772,Storage Containers,PROD-0027,35.05,3,TXN-003317,2025-01-05
3318,Oliver Kulkarni,CUST-0231,Casual Shorts,PROD-0017,29.07,2,TXN-003318,2025-03-18
3319,Reyansh Lewis,CUST-0044,Coffee Maker,PROD-0021,62.05,3,TXN-003319,2024-01-29
3320,Nikhil Verma,CUST-0198,Resistance Bands,PROD-0043,22.74,3,TXN-003320,2025-01-17
3321,Sophia Rao,CUST-0401,Dish Rack,PROD-0029,28.32,2,TXN-003321,2024-08-18
3322,Sandra Desai,CUST-0767,Laptop Stand,PROD-0009,59.55,2,TXN-003322,2025-06-05
3323,Isabella Pillai,CUST-0417,Dumbbells (Pair),PROD-0042,77.78,4,TXN-003323,2025-10-12
3324,Ashley Rao,CUST-0162,Winter Jacket,PROD-0016,125.83,2,TXN-003324,2024-10-21
3325,Swati Pillai,CUST-0510,Gym Bag,PROD-0050,52.65,1,TXN-003325,2025-09-06
3326,Ananya Patel,CUST-0032,Storage Containers,PROD-0027,35.05,1,TXN-003326,2024-03-27
3327,Charlotte White,CUST-0722,Gym Bag,PROD-0050,52.65,1,TXN-003327,2025-10-18
3328,Isha Young,CUST-0041,Non-Stick Pan,PROD-0024,32.73,1,TXN-003328,2024-10-14
3329,Oliver Smith,CUST-0476,Dumbbells (Pair),PROD-0042,77.78,3,TXN-003329,2024-12-15
3330,Mia Nair,CUST-0311,Business Strategy,PROD-0035,33.11,2,TXN-003330,2024-11-11
3331,David Jackson,CUST-0482,Machine Learning Guide,PROD-0033,42.63,2,TXN-003331,2025-12-05
3332,Reyansh Pillai,CUST-0604,Football,PROD-0045,29.05,2,TXN-003332,2025-11-29
3333,Manoj Hernandez,CUST-0620,Cookbook,PROD-0039,22.32,2,TXN-003333,2025-08-10
3334,Linda Anderson,CUST-0141,Python Programming,PROD-0031,22.63,1,TXN-003334,2025-12-09
3335,Riya King,CUST-0502,Blender,PROD-0022,46.5,2,TXN-003335,2025-09-23
3336,Nikhil Walker,CUST-0647,Smartwatch,PROD-0005,158.2,1,TXN-003336,2024-10-01
3337,Amit Kumar,CUST-0278,Cap,PROD-0019,12.46,2,TXN-003337,2024-08-21
3338,Sandra Davis,CUST-0321,Coffee Maker,PROD-0021,62.05,4,TXN-003338,2025-08-02
3339,Krishna Pillai,CUST-0196,Toaster,PROD-0023,31.12,5,TXN-003339,2024-07-15
3340,Amit Robinson,CUST-0344,Web Development,PROD-0034,44.41,2,TXN-003340,2024-10-12
3341,Meena Thomas,CUST-0271,Cookbook,PROD-0039,22.32,2,TXN-003341,2025-11-05
3342,Neha Kumar,CUST-0193,Gym Bag,PROD-0050,52.65,2,TXN-003342,2024-05-22
3343,Priya Gupta,CUST-0789,Football,PROD-0045,29.05,1,TXN-003343,2025-12-04
3344,Daniel Taylor,CUST-0703,Non-Stick Pan,PROD-0024,32.73,3,TXN-003344,2025-07-20
3345,Sai Lee,CUST-0329,Running Shoes,PROD-0014,41.04,3,TXN-003345,2025-08-18
3346,Donald Thomas,CUST-0533,Denim Jeans,PROD-0012,82.97,1,TXN-003346,2024-10-25
3347,Ishaan Verma,CUST-0654,Winter Jacket,PROD-0016,125.83,1,TXN-003347,2025-10-10
3348,Ishaan Clark,CUST-0346,Denim Jeans,PROD-0012,82.97,4,TXN-003348,2025-05-23
3349,Aditya Patel,CUST-0384,Winter Jacket,PROD-0016,125.83,1,TXN-003349,2024-10-04
3350,Diya Young,CUST-0582,Tea Kettle,PROD-0030,40.05,2,TXN-003350,2024-05-29
3351,Rahul Brown,CUST-0261,Cookbook,PROD-0039,22.32,1,TXN-003351,2024-05-07
3352,Betty White,CUST-0386,Self-Help Guide,PROD-0036,10.26,5,TXN-003352,2024-01-04
3353,Joseph Bhat,CUST-0069,Hoodie,PROD-0013,50.64,3,TXN-003353,2024-09-17
3354,Vihaan Lee,CUST-0507,Tea Kettle,PROD-0030,40.05,4,TXN-003354,2025-07-17
3355,Neha Miller,CUST-0598,Sports Socks (3-pack),PROD-0018,13.94,2,TXN-003355,2025-03-06
3356,Karan Lewis,CUST-0204,Sports Socks (3-pack),PROD-0018,13.94,1,TXN-003356,2025-03-13
3357,Amit Rodriguez,CUST-0644,Data Science Handbook,PROD-0032,42.44,2,TXN-003357,2025-05-02
3358,Krishna Moore,CUST-0448,Knife Set,PROD-0025,68.52,1,TXN-003358,2024-05-23
3359,Matthew Iyer,CUST-0186,Monitor Stand,PROD-0008,53.18,1,TXN-003359,2024-02-25
3360,Sarah Williams,CUST-0043,Smartwatch,PROD-0005,158.2,1,TXN-003360,2025-07-15
3361,Isabella Davis,CUST-0549,Sports Socks (3-pack),PROD-0018,13.94,1,TXN-003361,2024-04-08
3362,James Walker,CUST-0761,Jump Rope,PROD-0044,18.67,2,TXN-003362,2024-02-10
3363,Linda Walker,CUST-0677,Fiction Novel,PROD-0037,12.83,1,TXN-003363,2024-04-24
3364,Ishaan Clark,CUST-0346,Travel Guide,PROD-0040,22.38,3,TXN-003364,2024-10-18
3365,Aanya Singh,CUST-0441,Winter Jacket,PROD-0016,125.83,1,TXN-003365,2025-09-25
3366,Manoj Young,CUST-0619,Fiction Novel,PROD-0037,12.83,3,TXN-003366,2025-07-19
3367,Richard Jackson,CUST-0363,Winter Jacket,PROD-0016,125.83,1,TXN-003367,2025-07-20
3368,Myra Nair,CUST-0599,Coffee Maker,PROD-0021,62.05,3,TXN-003368,2024-06-24
3369,Margaret Garcia,CUST-0393,Running Shoes,PROD-0014,41.04,2,TXN-003369,2024-01-18
3370,Nikhil Robinson,CUST-0165,Webcam HD,PROD-0006,72.22,2,TXN-003370,2025-09-20
3371,Ananya Garcia,CUST-0277,Data Science Handbook,PROD-0032,42.44,1,TXN-003371,2024-09-09
3372,Isabella Pillai,CUST-0417,Formal Shirt,PROD-0015,57.36,1,TXN-003372,2025-09-16
3373,Liam Davis,CUST-0170,Denim Jeans,PROD-0012,82.97,4,TXN-003373,2024-10-13
3374,Sophia Jones,CUST-0110,Wireless Mouse,PROD-0001,45.68,1,TXN-003374,2024-11-11
3375,Anjali Young,CUST-0446,History of AI,PROD-0038,15.71,4,TXN-003375,2025-01-30
3376,Deepak Kulkarni,CUST-0457,Running Shoes,PROD-0014,41.04,1,TXN-003376,2024-03-24
3377,John Walker,CUST-0419,Basketball,PROD-0046,39.63,2,TXN-003377,2024-06-02
3378,Daniel Singh,CUST-0757,Knife Set,PROD-0025,68.52,4,TXN-003378,2025-01-24
3379,Lisa Hernandez,CUST-0024,Business Strategy,PROD-0035,33.11,3,TXN-003379,2024-07-29
3380,Ashley Jones,CUST-0690,Data Science Handbook,PROD-0032,42.44,2,TXN-003380,2025-06-20
3381,Ishaan Jackson,CUST-0351,Coffee Maker,PROD-0021,62.05,1,TXN-003381,2025-06-03
3382,Pooja Chopra,CUST-0631,Knife Set,PROD-0025,68.52,3,TXN-003382,2025-09-13
3383,Pari Lee,CUST-0211,Non-Stick Pan,PROD-0024,32.73,1,TXN-003383,2024-03-20
3384,Ayaan Malhotra,CUST-0616,Football,PROD-0045,29.05,2,TXN-003384,2024-06-21
3385,Swati Gupta,CUST-0414,Running Shoes,PROD-0014,41.04,1,TXN-003385,2024-12-27
3386,Rajesh Allen,CUST-0415,Sports Socks (3-pack),PROD-0018,13.94,1,TXN-003386,2024-10-24
3387,Krishna Anderson,CUST-0237,Knife Set,PROD-0025,68.52,2,TXN-003387,2025-04-25
3388,Aanya Lewis,CUST-0025,Jump Rope,PROD-0044,18.67,4,TXN-003388,2024-09-06
3389,Nancy Singh,CUST-0661,Football,PROD-0045,29.05,1,TXN-003389,2025-12-31
3390,Joseph White,CUST-0023,Knife Set,PROD-0025,68.52,2,TXN-003390,2025-01-03
3391,Mason Reddy,CUST-0391,Bluetooth Headphones,PROD-0002,92.28,2,TXN-003391,2025-04-01
3392,Lisa Malhotra,CUST-0435,Webcam HD,PROD-0006,72.22,2,TXN-003392,2024-12-22
3393,Deepak Thompson,CUST-0235,Sports Socks (3-pack),PROD-0018,13.94,1,TXN-003393,2024-09-23
3394,Divya Moore,CUST-0491,Cotton T-Shirt,PROD-0011,30.65,1,TXN-003394,2025-08-22
3395,Nancy Singh,CUST-0661,Web Development,PROD-0034,44.41,2,TXN-003395,2024-07-19
3396,Meena Thompson,CUST-0038,Knife Set,PROD-0025,68.52,1,TXN-003396,2024-08-22
3397,Amit Clark,CUST-0093,Basketball,PROD-0046,39.63,4,TXN-003397,2024-04-04
3398,Pooja Chopra,CUST-0631,Football,PROD-0045,29.05,2,TXN-003398,2024-09-13
3399,Nisha Shah,CUST-0082,Web Development,PROD-0034,44.41,4,TXN-003399,2025-04-08
3400,Sunita Reddy,CUST-0153,Cap,PROD-0019,12.46,1,TXN-003400,2025-03-22
3401,Ishaan Malhotra,CUST-0286,Denim Jeans,PROD-0012,82.97,1,TXN-003401,2024-11-15
3402,Richard Johnson,CUST-0171,Web Development,PROD-0034,44.41,1,TXN-003402,2024-04-04
3403,Anjali Joshi,CUST-0636,Portable Charger,PROD-0004,42.05,2,TXN-003403,2024-06-29
3404,Elizabeth Chopra,CUST-0296,Self-Help Guide,PROD-0036,10.26,2,TXN-003404,2025-03-09
3405,Richard Robinson,CUST-0172,Winter Jacket,PROD-0016,125.83,1,TXN-003405,2024-07-19
3406,Mark Hernandez,CUST-0618,Basketball,PROD-0046,39.63,1,TXN-003406,2024-04-13
3407,Sara Pillai,CUST-0276,Denim Jeans,PROD-0012,82.97,2,TXN-003407,2025-04-18
3408,Oliver Thomas,CUST-0567,Cycling Gloves,PROD-0049,31.15,1,TXN-003408,2024-07-02
3409,Nisha Clark,CUST-0157,Business Strategy,PROD-0035,33.11,4,TXN-003409,2024-09-08
3410,Charles Moore,CUST-0009,Coffee Maker,PROD-0021,62.05,4,TXN-003410,2024-10-05
3411,William Smith,CUST-0526,Bluetooth Headphones,PROD-0002,92.28,2,TXN-003411,2024-02-28
3412,Thomas Smith,CUST-0404,Laptop Stand,PROD-0009,59.55,1,TXN-003412,2025-04-25
3413,Karan Robinson,CUST-0160,Laptop Stand,PROD-0009,59.55,1,TXN-003413,2025-09-15
3414,Vikram Johnson,CUST-0377,Fiction Novel,PROD-0037,12.83,3,TXN-003414,2025-04-18
3415,Karan White,CUST-0252,Tea Kettle,PROD-0030,40.05,1,TXN-003415,2024-04-22
3416,Sunita Gupta,CUST-0731,Winter Jacket,PROD-0016,125.83,1,TXN-003416,2025-09-12
3417,Aditya Rao,CUST-0773,USB-C Hub,PROD-0003,61.28,1,TXN-003417,2025-01-21
3418,Susan Robinson,CUST-0140,Wireless Mouse,PROD-0001,45.68,1,TXN-003418,2025-06-25
3419,Riya King,CUST-0502,Jump Rope,PROD-0044,18.67,3,TXN-003419,2025-07-17
3420,Nikhil Lopez,CUST-0555,Tennis Racket,PROD-0047,61.92,2,TXN-003420,2025-06-21
3421,Lisa Joshi,CUST-0478,Dumbbells (Pair),PROD-0042,77.78,4,TXN-003421,2024-12-28
3422,Ishaan Taylor,CUST-0621,Fiction Novel,PROD-0037,12.83,3,TXN-003422,2025-02-18
3423,Sai Malhotra,CUST-0770,Casual Shorts,PROD-0017,29.07,2,TXN-003423,2025-02-21
3424,Richard Johnson,CUST-0171,Machine Learning Guide,PROD-0033,42.63,4,TXN-003424,2024-05-09
3425,Meena Thompson,CUST-0038,Running Shoes,PROD-0014,41.04,1,TXN-003425,2025-01-11
3426,Thomas Gupta,CUST-0306,Monitor Stand,PROD-0008,53.18,2,TXN-003426,2025-02-26
3427,Patricia Martin,CUST-0392,Knife Set,PROD-0025,68.52,1,TXN-003427,2024-01-25
3428,Charles Kumar,CUST-0323,Data Science Handbook,PROD-0032,42.44,1,TXN-003428,2024-01-17
3429,Mason Rao,CUST-0221,Cutting Board,PROD-0028,11.96,3,TXN-003429,2024-05-30
3430,Sophia Smith,CUST-0461,History of AI,PROD-0038,15.71,3,TXN-003430,2024-05-23
3431,Sneha Verma,CUST-0665,Scarf,PROD-0020,33.28,1,TXN-003431,2024-05-25
3432,James Garcia,CUST-0017,Formal Shirt,PROD-0015,57.36,4,TXN-003432,2024-09-15
3433,Sai Rao,CUST-0499,Water Bottle,PROD-0026,17.56,2,TXN-003433,2025-04-21
3434,Reyansh Chopra,CUST-0381,Running Shoes,PROD-0014,41.04,2,TXN-003434,2025-03-01
3435,Ayaan Allen,CUST-0053,Winter Jacket,PROD-0016,125.83,4,TXN-003435,2025-10-17
3436,Divya Wright,CUST-0104,Cap,PROD-0019,12.46,1,TXN-003436,2024-12-24
3437,Jennifer Malhotra,CUST-0477,Knife Set,PROD-0025,68.52,4,TXN-003437,2025-03-19
3438,Divya Kumar,CUST-0080,Cookbook,PROD-0039,22.32,1,TXN-003438,2025-06-08
3439,Swati Gupta,CUST-0565,Python Programming,PROD-0031,22.63,1,TXN-003439,2025-05-05
3440,Nisha Mehta,CUST-0070,Toaster,PROD-0023,31.12,1,TXN-003440,2024-11-13
3441,Nikhil Bhat,CUST-0519,Cotton T-Shirt,PROD-0011,30.65,1,TXN-003441,2024-04-13
3442,Thomas Johnson,CUST-0150,Swimming Goggles,PROD-0048,16.81,3,TXN-003442,2024-10-03
3443,Anthony Menon,CUST-0062,Bluetooth Headphones,PROD-0002,92.28,2,TXN-003443,2025-10-07
3444,Donald White,CUST-0534,Non-Stick Pan,PROD-0024,32.73,1,TXN-003444,2025-02-17
3445,Swati Malhotra,CUST-0343,Travel Guide,PROD-0040,22.38,2,TXN-003445,2025-09-28
3446,Sai Desai,CUST-0335,Cap,PROD-0019,12.46,1,TXN-003446,2025-06-13
3447,Robert Davis,CUST-0600,Monitor Stand,PROD-0008,53.18,4,TXN-003447,2025-05-14
3448,Margaret Rodriguez,CUST-0444,Cycling Gloves,PROD-0049,31.15,2,TXN-003448,2025-11-13
3449,Sai Kumar,CUST-0799,Self-Help Guide,PROD-0036,10.26,3,TXN-003449,2025-08-02
3450,Nikhil Bhat,CUST-0519,Smartwatch,PROD-0005,158.2,5,TXN-003450,2024-06-06
3451,Sara Davis,CUST-0387,Blender,PROD-0022,46.5,2,TXN-003451,2025-03-26
3452,Arjun Thompson,CUST-0750,Tennis Racket,PROD-0047,61.92,2,TXN-003452,2024-05-27
3453,Myra Desai,CUST-0146,Cycling Gloves,PROD-0049,31.15,4,TXN-003453,2024-04-05
3454,Sunita Martinez,CUST-0632,Knife Set,PROD-0025,68.52,1,TXN-003454,2024-08-13
3455,Sarah Williams,CUST-0043,USB-C Hub,PROD-0003,61.28,1,TXN-003455,2024-05-16
3456,Sandra Miller,CUST-0200,Storage Containers,PROD-0027,35.05,2,TXN-003456,2025-03-03
3457,Ayaan Lopez,CUST-0156,Cutting Board,PROD-0028,11.96,2,TXN-003457,2024-09-18
3458,Lisa Kumar,CUST-0216,Wireless Mouse,PROD-0001,45.68,5,TXN-003458,2024-06-16
3459,Ayaan Rao,CUST-0039,Casual Shorts,PROD-0017,29.07,3,TXN-003459,2024-03-08
3460,Neha Miller,CUST-0225,Tea Kettle,PROD-0030,40.05,4,TXN-003460,2024-06-18
3461,Jessica Mehta,CUST-0689,Data Science Handbook,PROD-0032,42.44,1,TXN-003461,2025-11-16
3462,Donald Young,CUST-0471,Blender,PROD-0022,46.5,2,TXN-003462,2025-01-16
3463,Jessica Chopra,CUST-0481,Casual Shorts,PROD-0017,29.07,2,TXN-003463,2025-07-15
3464,Pooja Johnson,CUST-0760,Blender,PROD-0022,46.5,2,TXN-003464,2024-11-30
3465,Vihaan Anderson,CUST-0540,External SSD 1TB,PROD-0010,77.83,2,TXN-003465,2025-08-26
3466,Donald Thomas,CUST-0533,Jump Rope,PROD-0044,18.67,1,TXN-003466,2025-08-31
3467,David Wright,CUST-0797,Winter Jacket,PROD-0016,125.83,1,TXN-003467,2024-01-23
3468,Jessica Martinez,CUST-0445,Python Programming,PROD-0031,22.63,1,TXN-003468,2025-06-05
3469,Karen Rao,CUST-0308,Data Science Handbook,PROD-0032,42.44,5,TXN-003469,2025-02-18
3470,Ayaan Allen,CUST-0053,History of AI,PROD-0038,15.71,1,TXN-003470,2024-09-20
3471,Sophia Jones,CUST-0110,External SSD 1TB,PROD-0010,77.83,2,TXN-003471,2024-08-12
3472,Sophia Rao,CUST-0255,Tea Kettle,PROD-0030,40.05,4,TXN-003472,2024-04-10
3473,Diya Jones,CUST-0715,Business Strategy,PROD-0035,33.11,2,TXN-003473,2025-02-26
3474,James Walker,CUST-0761,Water Bottle,PROD-0026,17.56,2,TXN-003474,2024-12-05
3475,Deepak Rodriguez,CUST-0307,Webcam HD,PROD-0006,72.22,1,TXN-003475,2025-09-30
3476,Deepak Desai,CUST-0493,Resistance Bands,PROD-0043,22.74,1,TXN-003476,2024-11-17
3477,James Pillai,CUST-0059,Cutting Board,PROD-0028,11.96,2,TXN-003477,2025-03-18
3478,Oliver Kumar,CUST-0158,Storage Containers,PROD-0027,35.05,2,TXN-003478,2024-02-01
3479,Ashley Chopra,CUST-0342,Non-Stick Pan,PROD-0024,32.73,1,TXN-003479,2024-08-29
3480,Sai Rao,CUST-0499,Data Science Handbook,PROD-0032,42.44,4,TXN-003480,2025-02-09
3481,Mia Thomas,CUST-0603,Running Shoes,PROD-0014,41.04,2,TXN-003481,2024-08-28
3482,Richard Wright,CUST-0294,Winter Jacket,PROD-0016,125.83,2,TXN-003482,2024-06-17
3483,Jennifer Lopez,CUST-0345,Cotton T-Shirt,PROD-0011,30.65,2,TXN-003483,2025-08-30
3484,Betty White,CUST-0386,Webcam HD,PROD-0006,72.22,1,TXN-003484,2024-03-25
3485,Linda Menon,CUST-0756,Wireless Mouse,PROD-0001,45.68,1,TXN-003485,2025-03-14
3486,Robert Singh,CUST-0505,Webcam HD,PROD-0006,72.22,4,TXN-003486,2025-12-15
3487,Robert Jackson,CUST-0664,External SSD 1TB,PROD-0010,77.83,5,TXN-003487,2024-01-03
3488,Patricia Menon,CUST-0483,Denim Jeans,PROD-0012,82.97,1,TXN-003488,2024-10-25
3489,Ayaan Mehta,CUST-0376,Jump Rope,PROD-0044,18.67,2,TXN-003489,2025-12-17
3490,Sarah Thomas,CUST-0366,Resistance Bands,PROD-0043,22.74,2,TXN-003490,2024-02-11
3491,Liam Davis,CUST-0170,Scarf,PROD-0020,33.28,1,TXN-003491,2024-02-09
3492,Amit Rodriguez,CUST-0597,Webcam HD,PROD-0006,72.22,5,TXN-003492,2025-09-21
3493,Aanya Verma,CUST-0001,Hoodie,PROD-0013,50.64,3,TXN-003493,2025-02-04
3494,Noah Pillai,CUST-0503,Keyboard Mechanical,PROD-0007,97.82,1,TXN-003494,2024-10-25
3495,Pooja Chopra,CUST-0631,Web Development,PROD-0034,44.41,1,TXN-003495,2025-09-19
3496,Sai Pillai,CUST-0292,Laptop Stand,PROD-0009,59.55,1,TXN-003496,2025-09-12
3497,Anjali Gupta,CUST-0267,Cotton T-Shirt,PROD-0011,30.65,2,TXN-003497,2025-12-17
3498,Noah Desai,CUST-0528,Keyboard Mechanical,PROD-0007,97.82,2,TXN-003498,2024-08-17
3499,Suresh Bhat,CUST-0706,Cap,PROD-0019,12.46,1,TXN-003499,2024-12-12
3500,David Malhotra,CUST-0681,Cotton T-Shirt,PROD-0011,30.65,2,TXN-003500,2025-04-08
3501,Robert Hernandez,CUST-0368,Machine Learning Guide,PROD-0033,42.63,1,TXN-003501,2025-10-31
3502,Deepak Singh,CUST-0723,Water Bottle,PROD-0026,17.56,2,TXN-003502,2024-08-28
3503,Vihaan Smith,CUST-0317,Resistance Bands,PROD-0043,22.74,1,TXN-003503,2024-09-03
3504,Emma Kulkarni,CUST-0473,External SSD 1TB,PROD-0010,77.83,3,TXN-003504,2024-02-07
3505,Nisha Shah,CUST-0082,Portable Charger,PROD-0004,42.05,2,TXN-003505,2024-04-30
3506,Reyansh Iyer,CUST-0152,Keyboard Mechanical,PROD-0007,97.82,5,TXN-003506,2024-05-09
3507,Sunita Reddy,CUST-0153,Tennis Racket,PROD-0047,61.92,1,TXN-003507,2024-12-06
3508,Karen Gupta,CUST-0705,Coffee Maker,PROD-0021,62.05,2,TXN-003508,2025-05-08
3509,Anjali Young,CUST-0446,Storage Containers,PROD-0027,35.05,1,TXN-003509,2025-10-21
3510,John Allen,CUST-0685,Resistance Bands,PROD-0043,22.74,2,TXN-003510,2025-08-24
3511,David Thomas,CUST-0310,Basketball,PROD-0046,39.63,1,TXN-003511,2025-04-29
3512,Priya Taylor,CUST-0672,USB-C Hub,PROD-0003,61.28,1,TXN-003512,2025-02-04
3513,Sarah Joshi,CUST-0197,Toaster,PROD-0023,31.12,1,TXN-003513,2024-02-02
3514,Susan Kumar,CUST-0259,Knife Set,PROD-0025,68.52,1,TXN-003514,2025-05-24
3515,Sunita Robinson,CUST-0475,Resistance Bands,PROD-0043,22.74,5,TXN-003515,2025-12-27
3516,Jennifer Moore,CUST-0332,Dish Rack,PROD-0029,28.32,1,TXN-003516,2024-11-30
3517,Matthew King,CUST-0764,Basketball,PROD-0046,39.63,2,TXN-003517,2024-11-18
3518,Sai Malhotra,CUST-0770,Fiction Novel,PROD-0037,12.83,4,TXN-003518,2024-07-07
3519,Myra Williams,CUST-0008,Cotton T-Shirt,PROD-0011,30.65,5,TXN-003519,2025-03-01
3520,Daniel Lopez,CUST-0096,Data Science Handbook,PROD-0032,42.44,4,TXN-003520,2024-12-08
3521,Reyansh Iyer,CUST-0152,USB-C Hub,PROD-0003,61.28,4,TXN-003521,2024-09-02
3522,William Smith,CUST-0526,Cookbook,PROD-0039,22.32,2,TXN-003522,2024-10-11
3523,Swati Verma,CUST-0208,Tennis Racket,PROD-0047,61.92,1,TXN-003523,2024-02-09
3524,James Davis,CUST-0790,Wireless Mouse,PROD-0001,45.68,2,TXN-003524,2025-12-29
3525,James Harris,CUST-0352,Travel Guide,PROD-0040,22.38,1,TXN-003525,2024-01-03
3526,Richard Johnson,CUST-0108,Python Programming,PROD-0031,22.63,3,TXN-003526,2025-05-28
3527,Deepak Jones,CUST-0207,Running Shoes,PROD-0014,41.04,1,TXN-003527,2025-11-27
3528,Priya Smith,CUST-0675,Swimming Goggles,PROD-0048,16.81,3,TXN-003528,2024-10-07
3529,Sai Walker,CUST-0544,Water Bottle,PROD-0026,17.56,4,TXN-003529,2025-08-27
3530,Anthony Lewis,CUST-0628,Travel Guide,PROD-0040,22.38,1,TXN-003530,2024-02-10
3531,Jessica Miller,CUST-0466,Tennis Racket,PROD-0047,61.92,2,TXN-003531,2024-10-24
3532,Nisha Clark,CUST-0552,Cycling Gloves,PROD-0049,31.15,2,TXN-003532,2024-10-18
3533,Joseph Patel,CUST-0341,Bluetooth Headphones,PROD-0002,92.28,2,TXN-003533,2025-10-04
3534,Nikhil Clark,CUST-0065,Python Programming,PROD-0031,22.63,3,TXN-003534,2025-03-03
3535,Sunita Robinson,CUST-0475,Cookbook,PROD-0039,22.32,2,TXN-003535,2024-11-18
3536,Michael Smith,CUST-0606,Formal Shirt,PROD-0015,57.36,2,TXN-003536,2024-11-03
3537,Manoj Moore,CUST-0668,USB-C Hub,PROD-0003,61.28,3,TXN-003537,2025-11-15
3538,Meena Jones,CUST-0594,Casual Shorts,PROD-0017,29.07,1,TXN-003538,2024-01-05
3539,Sai Walker,CUST-0544,Formal Shirt,PROD-0015,57.36,1,TXN-003539,2025-04-05
3540,Aanya Harris,CUST-0245,Water Bottle,PROD-0026,17.56,1,TXN-003540,2024-02-18
3541,Daniel Rao,CUST-0078,Sports Socks (3-pack),PROD-0018,13.94,2,TXN-003541,2025-07-13
3542,Manoj Desai,CUST-0427,Bluetooth Headphones,PROD-0002,92.28,2,TXN-003542,2025-10-17
3543,Riya Davis,CUST-0314,Gym Bag,PROD-0050,52.65,2,TXN-003543,2024-02-22
3544,Liam Clark,CUST-0509,History of AI,PROD-0038,15.71,1,TXN-003544,2025-11-08
3545,Amit Wright,CUST-0566,Cap,PROD-0019,12.46,3,TXN-003545,2024-08-28
3546,Aanya Miller,CUST-0399,Self-Help Guide,PROD-0036,10.26,3,TXN-003546,2024-06-30
3547,Matthew Lee,CUST-0559,Dumbbells (Pair),PROD-0042,77.78,1,TXN-003547,2025-12-02
3548,Sandra Rodriguez,CUST-0440,Webcam HD,PROD-0006,72.22,1,TXN-003548,2024-09-08
3549,Sarah Shah,CUST-0492,Bluetooth Headphones,PROD-0002,92.28,1,TXN-003549,2024-09-21
3550,Mary Reddy,CUST-0174,Resistance Bands,PROD-0043,22.74,1,TXN-003550,2024-09-20
3551,Ashley Hernandez,CUST-0426,Cotton T-Shirt,PROD-0011,30.65,4,TXN-003551,2024-07-27
3552,Mark King,CUST-0747,Cotton T-Shirt,PROD-0011,30.65,1,TXN-003552,2024-10-22
3553,Vihaan Smith,CUST-0317,Business Strategy,PROD-0035,33.11,2,TXN-003553,2025-10-16
3554,Emma Sharma,CUST-0071,Smartwatch,PROD-0005,158.2,5,TXN-003554,2024-05-04
3555,Mia Verma,CUST-0004,Winter Jacket,PROD-0016,125.83,1,TXN-003555,2024-10-03
3556,Pari Kumar,CUST-0184,Monitor Stand,PROD-0008,53.18,3,TXN-003556,2024-12-11
3557,Vihaan Malhotra,CUST-0125,Machine Learning Guide,PROD-0033,42.63,3,TXN-003557,2025-07-01
3558,Jennifer Malhotra,CUST-0477,Machine Learning Guide,PROD-0033,42.63,1,TXN-003558,2025-11-15
3559,Mary Patel,CUST-0630,Sports Socks (3-pack),PROD-0018,13.94,3,TXN-003559,2024-12-30
3560,Suresh Desai,CUST-0095,Toaster,PROD-0023,31.12,1,TXN-003560,2024-07-12
3561,Matthew Lee,CUST-0559,Casual Shorts,PROD-0017,29.07,3,TXN-003561,2025-09-27
3562,John Pillai,CUST-0785,Webcam HD,PROD-0006,72.22,5,TXN-003562,2024-06-15
3563,Thomas Johnson,CUST-0150,Blender,PROD-0022,46.5,1,TXN-003563,2025-12-07
3564,Sarah Garcia,CUST-0548,Hoodie,PROD-0013,50.64,2,TXN-003564,2025-10-08
3565,Deepak Taylor,CUST-0360,Bluetooth Headphones,PROD-0002,92.28,1,TXN-003565,2025-02-02
3566,Arjun Jones,CUST-0775,Cutting Board,PROD-0028,11.96,1,TXN-003566,2025-06-08
3567,Aanya Nair,CUST-0795,Water Bottle,PROD-0026,17.56,1,TXN-003567,2024-07-13
3568,Anjali Joshi,CUST-0636,Yoga Mat,PROD-0041,42.7,2,TXN-003568,2025-08-23
3569,Arjun Moore,CUST-0766,Football,PROD-0045,29.05,1,TXN-003569,2024-08-20
3570,Mia Rao,CUST-0673,Gym Bag,PROD-0050,52.65,2,TXN-003570,2025-04-13
3571,Isabella Johnson,CUST-0397,Coffee Maker,PROD-0021,62.05,2,TXN-003571,2024-07-22
3572,Sarah Williams,CUST-0043,USB-C Hub,PROD-0003,61.28,2,TXN-003572,2024-01-04
3573,Noah Taylor,CUST-0585,Toaster,PROD-0023,31.12,1,TXN-003573,2025-11-11
3574,Rahul Smith,CUST-0382,Dumbbells (Pair),PROD-0042,77.78,1,TXN-003574,2024-01-08
3575,Charles Kumar,CUST-0323,Tea Kettle,PROD-0030,40.05,1,TXN-003575,2024-04-08
3576,Sai Singh,CUST-0609,Web Development,PROD-0034,44.41,2,TXN-003576,2024-04-29
3577,Aditya Thompson,CUST-0608,Laptop Stand,PROD-0009,59.55,2,TXN-003577,2025-07-20
3578,Swati Gupta,CUST-0565,Tennis Racket,PROD-0047,61.92,3,TXN-003578,2024-05-02
3579,William Kumar,CUST-0640,USB-C Hub,PROD-0003,61.28,3,TXN-003579,2025-10-15
3580,Riya Chopra,CUST-0325,Winter Jacket,PROD-0016,125.83,1,TXN-003580,2025-03-11
3581,Michael Malhotra,CUST-0301,USB-C Hub,PROD-0003,61.28,4,TXN-003581,2024-02-26
3582,Karen Rao,CUST-0308,Resistance Bands,PROD-0043,22.74,5,TXN-003582,2024-05-20
3583,Joseph Patel,CUST-0713,Casual Shorts,PROD-0017,29.07,3,TXN-003583,2024-06-05
3584,Anthony Jones,CUST-0288,Blender,PROD-0022,46.5,3,TXN-003584,2024-03-17
3585,Sai Walker,CUST-0544,Non-Stick Pan,PROD-0024,32.73,1,TXN-003585,2024-11-11
3586,Daniel Singh,CUST-0757,Scarf,PROD-0020,33.28,2,TXN-003586,2024-01-27
3587,Sai Pillai,CUST-0292,Coffee Maker,PROD-0021,62.05,1,TXN-003587,2024-04-05
3588,Linda Anderson,CUST-0141,Web Development,PROD-0034,44.41,2,TXN-003588,2024-04-12
3589,Sai Verma,CUST-0372,Monitor Stand,PROD-0008,53.18,1,TXN-003589,2024-09-27
3590,Ishaan Young,CUST-0787,Blender,PROD-0022,46.5,1,TXN-003590,2024-05-06
3591,Rohit Robinson,CUST-0188,Fiction Novel,PROD-0037,12.83,1,TXN-003591,2024-03-21
3592,Sara Rodriguez,CUST-0238,Portable Charger,PROD-0004,42.05,1,TXN-003592,2025-07-17
3593,Aditya Rao,CUST-0773,Business Strategy,PROD-0035,33.11,4,TXN-003593,2024-03-22
3594,Noah Verma,CUST-0730,Self-Help Guide,PROD-0036,10.26,4,TXN-003594,2025-12-08
3595,Matthew Chopra,CUST-0560,Scarf,PROD-0020,33.28,4,TXN-003595,2025-11-04
3596,Neha Mehta,CUST-0305,Keyboard Mechanical,PROD-0007,97.82,4,TXN-003596,2024-02-11
3597,Rajesh Kulkarni,CUST-0320,Storage Containers,PROD-0027,35.05,1,TXN-003597,2024-12-07
3598,Sara Pillai,CUST-0276,Swimming Goggles,PROD-0048,16.81,1,TXN-003598,2024-03-11
3599,Sophia Desai,CUST-0097,History of AI,PROD-0038,15.71,1,TXN-003599,2025-05-03
3600,Reyansh Lewis,CUST-0044,Python Programming,PROD-0031,22.63,3,TXN-003600,2025-02-19
3601,Nikhil Lopez,CUST-0555,Keyboard Mechanical,PROD-0007,97.82,1,TXN-003601,2025-08-28
3602,Donald Mehta,CUST-0575,Winter Jacket,PROD-0016,125.83,1,TXN-003602,2024-06-21
3603,Elizabeth Clark,CUST-0190,Dumbbells (Pair),PROD-0042,77.78,4,TXN-003603,2025-12-18
3604,Meena Jones,CUST-0107,Yoga Mat,PROD-0041,42.7,3,TXN-003604,2025-04-26
3605,Elizabeth Martinez,CUST-0224,Tennis Racket,PROD-0047,61.92,3,TXN-003605,2024-06-22
3606,Linda Menon,CUST-0756,Jump Rope,PROD-0044,18.67,2,TXN-003606,2025-02-21
3607,Aarav King,CUST-0006,Jump Rope,PROD-0044,18.67,2,TXN-003607,2024-10-06
3608,Myra Sharma,CUST-0591,Tennis Racket,PROD-0047,61.92,3,TXN-003608,2024-07-11
3609,Robert Singh,CUST-0505,Self-Help Guide,PROD-0036,10.26,1,TXN-003609,2025-03-16
3610,William Martin,CUST-0217,Travel Guide,PROD-0040,22.38,2,TXN-003610,2024-07-16
3611,Aanya Young,CUST-0541,Cap,PROD-0019,12.46,1,TXN-003611,2025-02-18
3612,Betty Lee,CUST-0605,Storage Containers,PROD-0027,35.05,4,TXN-003612,2024-10-21
3613,Sara Pillai,CUST-0276,Winter Jacket,PROD-0016,125.83,2,TXN-003613,2024-05-07
3614,Patricia Malhotra,CUST-0724,Storage Containers,PROD-0027,35.05,1,TXN-003614,2025-09-11
3615,Swati Pillai,CUST-0510,Wireless Mouse,PROD-0001,45.68,5,TXN-003615,2025-02-19
3616,Betty Lee,CUST-0605,Hoodie,PROD-0013,50.64,3,TXN-003616,2025-12-08
3617,Nancy Martinez,CUST-0132,Fiction Novel,PROD-0037,12.83,1,TXN-003617,2025-10-18
3618,Linda Malhotra,CUST-0595,Monitor Stand,PROD-0008,53.18,5,TXN-003618,2024-09-11
3619,Patricia Bhat,CUST-0136,Basketball,PROD-0046,39.63,1,TXN-003619,2024-09-12
3620,Vikram King,CUST-0763,USB-C Hub,PROD-0003,61.28,3,TXN-003620,2025-12-01
3621,Vikram Miller,CUST-0405,Laptop Stand,PROD-0009,59.55,5,TXN-003621,2024-10-10
3622,Pari Martinez,CUST-0116,Fiction Novel,PROD-0037,12.83,1,TXN-003622,2024-08-03
3623,Robert Williams,CUST-0735,Monitor Stand,PROD-0008,53.18,3,TXN-003623,2024-01-15
3624,Betty Shah,CUST-0424,Keyboard Mechanical,PROD-0007,97.82,1,TXN-003624,2025-04-02
3625,Reyansh Martin,CUST-0148,External SSD 1TB,PROD-0010,77.83,3,TXN-003625,2024-05-06
3626,James Young,CUST-0378,Coffee Maker,PROD-0021,62.05,5,TXN-003626,2025-01-22
3627,Riya Wright,CUST-0676,Web Development,PROD-0034,44.41,2,TXN-003627,2025-03-30
3628,Mason Williams,CUST-0680,Hoodie,PROD-0013,50.64,4,TXN-003628,2024-05-29
3629,Arjun Thompson,CUST-0212,Knife Set,PROD-0025,68.52,1,TXN-003629,2025-11-12
3630,Matthew Harris,CUST-0679,Winter Jacket,PROD-0016,125.83,2,TXN-003630,2024-10-07
3631,Krishna Moore,CUST-0448,Portable Charger,PROD-0004,42.05,1,TXN-003631,2025-03-19
3632,Sunita Robinson,CUST-0475,Cotton T-Shirt,PROD-0011,30.65,1,TXN-003632,2024-03-02
3633,Sandra Desai,CUST-0767,Tea Kettle,PROD-0030,40.05,2,TXN-003633,2024-07-27
3634,Betty Shah,CUST-0424,Monitor Stand,PROD-0008,53.18,4,TXN-003634,2024-05-24
3635,Patricia Walker,CUST-0291,Sports Socks (3-pack),PROD-0018,13.94,1,TXN-003635,2024-01-15
3636,Ashley Harris,CUST-0485,Cycling Gloves,PROD-0049,31.15,2,TXN-003636,2025-08-23
3637,Jessica Miller,CUST-0466,Toaster,PROD-0023,31.12,1,TXN-003637,2024-08-17
3638,Sophia Smith,CUST-0461,Hoodie,PROD-0013,50.64,2,TXN-003638,2024-10-09
3639,Mason Anderson,CUST-0489,Knife Set,PROD-0025,68.52,1,TXN-003639,2025-05-06
3640,Divya Gupta,CUST-0226,Dish Rack,PROD-0029,28.32,4,TXN-003640,2024-01-18
3641,Sandra Wright,CUST-0800,Winter Jacket,PROD-0016,125.83,2,TXN-003641,2025-01-28
3642,Neha Miller,CUST-0225,Self-Help Guide,PROD-0036,10.26,2,TXN-003642,2024-05-28
3643,Vihaan Jones,CUST-0113,Sports Socks (3-pack),PROD-0018,13.94,3,TXN-003643,2025-06-18
3644,Rahul Brown,CUST-0261,Football,PROD-0045,29.05,1,TXN-003644,2025-11-05
3645,Oliver Verma,CUST-0529,Scarf,PROD-0020,33.28,3,TXN-003645,2024-01-21
3646,Nikhil Clark,CUST-0065,Fiction Novel,PROD-0037,12.83,5,TXN-003646,2024-04-19
3647,Linda Iyer,CUST-0248,Cap,PROD-0019,12.46,1,TXN-003647,2024-09-07
3648,Lucas Singh,CUST-0776,Resistance Bands,PROD-0043,22.74,4,TXN-003648,2025-09-20
3649,Linda Clark,CUST-0589,Web Development,PROD-0034,44.41,4,TXN-003649,2025-10-04
3650,Liam Clark,CUST-0509,Web Development,PROD-0034,44.41,1,TXN-003650,2024-01-21
3651,William Moore,CUST-0336,Gym Bag,PROD-0050,52.65,2,TXN-003651,2025-07-21
3652,Susan Davis,CUST-0430,Fiction Novel,PROD-0037,12.83,1,TXN-003652,2025-05-07
3653,Swati Williams,CUST-0199,Denim Jeans,PROD-0012,82.97,1,TXN-003653,2024-11-09
3654,Vivaan Anderson,CUST-0739,Cycling Gloves,PROD-0049,31.15,2,TXN-003654,2025-12-13
3655,Rohit Wright,CUST-0279,History of AI,PROD-0038,15.71,1,TXN-003655,2025-02-15
3656,Amit Lee,CUST-0686,Cookbook,PROD-0039,22.32,2,TXN-003656,2024-12-31
3657,Suresh Shah,CUST-0099,Knife Set,PROD-0025,68.52,2,TXN-003657,2024-07-19
3658,Aadhya Miller,CUST-0251,Coffee Maker,PROD-0021,62.05,1,TXN-003658,2024-12-10
3659,Sarah Thomas,CUST-0366,Python Programming,PROD-0031,22.63,3,TXN-003659,2025-06-29
3660,Ashley Chopra,CUST-0342,Data Science Handbook,PROD-0032,42.44,1,TXN-003660,2025-07-29
3661,James Garcia,CUST-0017,Football,PROD-0045,29.05,1,TXN-003661,2025-08-01
3662,Linda Anderson,CUST-0141,Formal Shirt,PROD-0015,57.36,2,TXN-003662,2024-02-14
3663,Mia Williams,CUST-0210,Tea Kettle,PROD-0030,40.05,2,TXN-003663,2024-03-15
3664,John Smith,CUST-0106,Jump Rope,PROD-0044,18.67,5,TXN-003664,2025-07-15
3665,Aadhya Shah,CUST-0452,Basketball,PROD-0046,39.63,1,TXN-003665,2024-08-07
3666,Elizabeth Martinez,CUST-0224,Non-Stick Pan,PROD-0024,32.73,1,TXN-003666,2024-09-19
3667,Myra Jones,CUST-0012,History of AI,PROD-0038,15.71,2,TXN-003667,2024-10-14
3668,Karen Iyer,CUST-0659,History of AI,PROD-0038,15.71,4,TXN-003668,2024-08-02
3669,Daniel Lopez,CUST-0096,Blender,PROD-0022,46.5,4,TXN-003669,2025-09-18
3670,Aanya Jackson,CUST-0122,Webcam HD,PROD-0006,72.22,3,TXN-003670,2025-09-04
3671,Vikram Bhat,CUST-0550,Swimming Goggles,PROD-0048,16.81,2,TXN-003671,2024-09-03
3672,Karen Nair,CUST-0046,Python Programming,PROD-0031,22.63,2,TXN-003672,2025-07-08
3673,Richard Robinson,CUST-0172,Resistance Bands,PROD-0043,22.74,3,TXN-003673,2024-01-07
3674,Riya King,CUST-0502,Running Shoes,PROD-0014,41.04,3,TXN-003674,2024-12-04
3675,Rahul Allen,CUST-0103,Webcam HD,PROD-0006,72.22,2,TXN-003675,2024-08-22
3676,Anjali Young,CUST-0590,Sports Socks (3-pack),PROD-0018,13.94,1,TXN-003676,2025-12-14
3677,Swati Malhotra,CUST-0358,Toaster,PROD-0023,31.12,3,TXN-003677,2025-07-23
3678,Joseph Patel,CUST-0713,Cotton T-Shirt,PROD-0011,30.65,1,TXN-003678,2024-04-09
3679,Pooja Nair,CUST-0643,Fiction Novel,PROD-0037,12.83,1,TXN-003679,2024-10-08
3680,Nikhil Verma,CUST-0198,Denim Jeans,PROD-0012,82.97,3,TXN-003680,2024-08-27
3681,Linda Menon,CUST-0756,USB-C Hub,PROD-0003,61.28,3,TXN-003681,2024-07-19
3682,Rajesh Anderson,CUST-0215,Hoodie,PROD-0013,50.64,1,TXN-003682,2025-04-16
3683,Linda Chopra,CUST-0063,Resistance Bands,PROD-0043,22.74,2,TXN-003683,2025-09-25
3684,Matthew Martin,CUST-0138,USB-C Hub,PROD-0003,61.28,1,TXN-003684,2024-07-28
3685,Ayaan Mehta,CUST-0376,Yoga Mat,PROD-0041,42.7,3,TXN-003685,2024-11-02
3686,Elizabeth Shah,CUST-0704,Cutting Board,PROD-0028,11.96,1,TXN-003686,2024-03-05
3687,Ishaan Singh,CUST-0163,Python Programming,PROD-0031,22.63,1,TXN-003687,2024-06-24
3688,Aditya Patel,CUST-0384,USB-C Hub,PROD-0003,61.28,2,TXN-003688,2025-12-01
3689,Myra Shah,CUST-0431,Keyboard Mechanical,PROD-0007,97.82,1,TXN-003689,2024-06-10
3690,William Martin,CUST-0217,Smartwatch,PROD-0005,158.2,1,TXN-003690,2024-04-21
3691,Anjali Young,CUST-0446,Formal Shirt,PROD-0015,57.36,2,TXN-003691,2024-06-19
3692,Sophia Davis,CUST-0273,Basketball,PROD-0046,39.63,2,TXN-003692,2025-07-22
3693,Oliver Patel,CUST-0694,Web Development,PROD-0034,44.41,4,TXN-003693,2025-08-28
3694,Robert Davis,CUST-0600,Blender,PROD-0022,46.5,4,TXN-003694,2024-06-10
3695,Sai Singh,CUST-0609,Business Strategy,PROD-0035,33.11,2,TXN-003695,2024-08-08
3696,Pari Thomas,CUST-0460,Cutting Board,PROD-0028,11.96,1,TXN-003696,2025-03-31
3697,Ishaan Malhotra,CUST-0286,Coffee Maker,PROD-0021,62.05,1,TXN-003697,2024-08-07
3698,Anthony Malhotra,CUST-0752,Gym Bag,PROD-0050,52.65,3,TXN-003698,2024-07-19
3699,Manoj Martin,CUST-0416,Cap,PROD-0019,12.46,1,TXN-003699,2025-07-02
3700,Jennifer Malhotra,CUST-0477,Webcam HD,PROD-0006,72.22,4,TXN-003700,2024-04-28
3701,Priya Mehta,CUST-0712,Laptop Stand,PROD-0009,59.55,4,TXN-003701,2024-08-23
3702,Suresh Allen,CUST-0755,Football,PROD-0045,29.05,2,TXN-003702,2024-04-25
3703,Ayaan Jackson,CUST-0574,Python Programming,PROD-0031,22.63,1,TXN-003703,2025-10-27
3704,Linda Malhotra,CUST-0595,Basketball,PROD-0046,39.63,3,TXN-003704,2024-05-18
3705,Ananya Shah,CUST-0055,Web Development,PROD-0034,44.41,1,TXN-003705,2024-08-25
3706,Sara Davis,CUST-0130,Winter Jacket,PROD-0016,125.83,4,TXN-003706,2025-06-04
3707,Betty Jackson,CUST-0622,Business Strategy,PROD-0035,33.11,4,TXN-003707,2024-09-04
3708,Nisha Clark,CUST-0552,Self-Help Guide,PROD-0036,10.26,1,TXN-003708,2025-06-21
3709,Sneha Brown,CUST-0551,Webcam HD,PROD-0006,72.22,1,TXN-003709,2024-12-06
3710,Richard Lewis,CUST-0563,Laptop Stand,PROD-0009,59.55,3,TXN-003710,2024-02-15
3711,Mia Brown,CUST-0438,Data Science Handbook,PROD-0032,42.44,4,TXN-003711,2024-07-29
3712,Donald King,CUST-0144,Formal Shirt,PROD-0015,57.36,2,TXN-003712,2024-04-01
3713,Deepak Menon,CUST-0531,External SSD 1TB,PROD-0010,77.83,2,TXN-003713,2024-03-14
3714,John Malhotra,CUST-0433,Tennis Racket,PROD-0047,61.92,2,TXN-003714,2024-03-23
3715,Linda Menon,CUST-0756,Cycling Gloves,PROD-0049,31.15,1,TXN-003715,2024-06-17
3716,Nikhil Pillai,CUST-0698,Sports Socks (3-pack),PROD-0018,13.94,5,TXN-003716,2024-12-11
3717,Michael Malhotra,CUST-0031,USB-C Hub,PROD-0003,61.28,3,TXN-003717,2024-01-28
3718,Elizabeth Robinson,CUST-0794,Resistance Bands,PROD-0043,22.74,2,TXN-003718,2024-02-01
3719,Pooja Brown,CUST-0086,Coffee Maker,PROD-0021,62.05,1,TXN-003719,2025-10-14
3720,Robert Davis,CUST-0600,Webcam HD,PROD-0006,72.22,1,TXN-003720,2024-07-13
3721,Deepak Desai,CUST-0493,Keyboard Mechanical,PROD-0007,97.82,2,TXN-003721,2025-07-05
3722,Robert Jackson,CUST-0664,Non-Stick Pan,PROD-0024,32.73,1,TXN-003722,2025-10-07
3723,Sandra Desai,CUST-0767,Cookbook,PROD-0039,22.32,1,TXN-003723,2024-06-02
3724,Krishna Malhotra,CUST-0362,Coffee Maker,PROD-0021,62.05,1,TXN-003724,2024-04-27
3725,Elizabeth Wright,CUST-0517,Dumbbells (Pair),PROD-0042,77.78,1,TXN-003725,2024-10-26
3726,Aarav Kulkarni,CUST-0268,Cotton T-Shirt,PROD-0011,30.65,1,TXN-003726,2024-05-31
3727,Diya Davis,CUST-0615,Resistance Bands,PROD-0043,22.74,2,TXN-003727,2025-05-03
3728,John Kumar,CUST-0295,Data Science Handbook,PROD-0032,42.44,2,TXN-003728,2024-03-19
3729,Nikhil Thompson,CUST-0155,Denim Jeans,PROD-0012,82.97,3,TXN-003729,2024-10-22
3730,Karen Martin,CUST-0514,Travel Guide,PROD-0040,22.38,3,TXN-003730,2024-11-17
3731,Emma Desai,CUST-0389,Python Programming,PROD-0031,22.63,1,TXN-003731,2025-03-21
3732,James Miller,CUST-0479,Bluetooth Headphones,PROD-0002,92.28,1,TXN-003732,2024-02-20
3733,Arjun Verma,CUST-0003,Resistance Bands,PROD-0043,22.74,1,TXN-003733,2024-09-08
3734,Sara Davis,CUST-0387,Toaster,PROD-0023,31.12,2,TXN-003734,2024-03-31
3735,Amit Clark,CUST-0371,Tennis Racket,PROD-0047,61.92,2,TXN-003735,2025-06-26
3736,Charlotte Rao,CUST-0154,Water Bottle,PROD-0026,17.56,1,TXN-003736,2024-05-05
3737,Isha Bhat,CUST-0242,Storage Containers,PROD-0027,35.05,1,TXN-003737,2024-10-02
3738,Thomas Johnson,CUST-0524,Formal Shirt,PROD-0015,57.36,5,TXN-003738,2025-01-13
3739,Nikhil Smith,CUST-0678,Portable Charger,PROD-0004,42.05,1,TXN-003739,2024-06-23
3740,Myra Sharma,CUST-0591,Knife Set,PROD-0025,68.52,3,TXN-003740,2025-07-19
3741,Pooja Bhat,CUST-0732,USB-C Hub,PROD-0003,61.28,2,TXN-003741,2024-02-24
3742,Isabella Pillai,CUST-0417,Running Shoes,PROD-0014,41.04,1,TXN-003742,2025-09-08
3743,Sai Garcia,CUST-0629,Self-Help Guide,PROD-0036,10.26,2,TXN-003743,2024-12-29
3744,James Kulkarni,CUST-0018,Gym Bag,PROD-0050,52.65,2,TXN-003744,2025-10-13
3745,William Martinez,CUST-0539,Denim Jeans,PROD-0012,82.97,1,TXN-003745,2024-03-03
3746,Amit Lopez,CUST-0275,Portable Charger,PROD-0004,42.05,4,TXN-003746,2025-02-05
3747,Susan Kumar,CUST-0259,Web Development,PROD-0034,44.41,1,TXN-003747,2025-07-23
3748,Charles Kulkarni,CUST-0542,Swimming Goggles,PROD-0048,16.81,1,TXN-003748,2025-10-02
3749,Suresh Lewis,CUST-0751,Casual Shorts,PROD-0017,29.07,5,TXN-003749,2025-10-21
3750,Jessica Anderson,CUST-0182,Self-Help Guide,PROD-0036,10.26,4,TXN-003750,2025-05-25
3751,Sophia Rao,CUST-0255,Web Development,PROD-0034,44.41,1,TXN-003751,2024-07-11
3752,Charles Kulkarni,CUST-0542,Dumbbells (Pair),PROD-0042,77.78,1,TXN-003752,2024-10-01
3753,Diya Davis,CUST-0249,External SSD 1TB,PROD-0010,77.83,2,TXN-003753,2024-05-24
3754,Riya White,CUST-0714,Water Bottle,PROD-0026,17.56,2,TXN-003754,2024-10-29
3755,Linda Martin,CUST-0744,Cotton T-Shirt,PROD-0011,30.65,2,TXN-003755,2025-10-22
3756,Amit Lee,CUST-0686,Resistance Bands,PROD-0043,22.74,3,TXN-003756,2025-02-21
3757,Neha Mehta,CUST-0305,Cotton T-Shirt,PROD-0011,30.65,1,TXN-003757,2025-03-05
3758,Arjun Jones,CUST-0775,Basketball,PROD-0046,39.63,1,TXN-003758,2025-06-25
3759,Donald Iyer,CUST-0442,Running Shoes,PROD-0014,41.04,1,TXN-003759,2024-09-14
3760,Sai Walker,CUST-0085,Tea Kettle,PROD-0030,40.05,4,TXN-003760,2025-02-03
3761,David Harris,CUST-0299,Yoga Mat,PROD-0041,42.7,1,TXN-003761,2024-12-29
3762,Elizabeth Thomas,CUST-0769,Non-Stick Pan,PROD-0024,32.73,3,TXN-003762,2024-02-13
3763,Sandra Martinez,CUST-0192,Water Bottle,PROD-0026,17.56,3,TXN-003763,2025-11-22
3764,James Young,CUST-0378,Blender,PROD-0022,46.5,2,TXN-003764,2024-07-10
3765,Michael Malhotra,CUST-0301,Hoodie,PROD-0013,50.64,5,TXN-003765,2024-01-24
3766,John Allen,CUST-0685,Webcam HD,PROD-0006,72.22,2,TXN-003766,2024-11-11
3767,Ayaan Wright,CUST-0422,Sports Socks (3-pack),PROD-0018,13.94,4,TXN-003767,2025-06-09
3768,Anjali Young,CUST-0590,Web Development,PROD-0034,44.41,2,TXN-003768,2024-01-24
3769,Vivaan Nair,CUST-0791,Formal Shirt,PROD-0015,57.36,3,TXN-003769,2025-01-12
3770,Linda Iyer,CUST-0248,Self-Help Guide,PROD-0036,10.26,2,TXN-003770,2025-06-15
3771,Riya Jones,CUST-0183,Sports Socks (3-pack),PROD-0018,13.94,1,TXN-003771,2024-05-17
3772,Jennifer Malhotra,CUST-0477,Travel Guide,PROD-0040,22.38,3,TXN-003772,2024-03-04
3773,Ashley Jones,CUST-0690,Football,PROD-0045,29.05,1,TXN-003773,2024-10-23
3774,Elizabeth Shah,CUST-0704,Yoga Mat,PROD-0041,42.7,1,TXN-003774,2024-10-25
3775,Aanya Harris,CUST-0245,Running Shoes,PROD-0014,41.04,4,TXN-003775,2024-08-01
3776,Sai Martin,CUST-0784,Toaster,PROD-0023,31.12,1,TXN-003776,2025-06-22
3777,Joseph Taylor,CUST-0264,History of AI,PROD-0038,15.71,1,TXN-003777,2025-12-26
3778,Pooja Kumar,CUST-0126,Water Bottle,PROD-0026,17.56,3,TXN-003778,2024-05-24
3779,Divya Rodriguez,CUST-0105,Webcam HD,PROD-0006,72.22,1,TXN-003779,2025-09-06
3780,Jessica Miller,CUST-0466,Web Development,PROD-0034,44.41,2,TXN-003780,2024-05-06
3781,Lucas Nair,CUST-0558,Portable Charger,PROD-0004,42.05,2,TXN-003781,2024-07-22
3782,Myra Smith,CUST-0247,History of AI,PROD-0038,15.71,1,TXN-003782,2025-11-26
3783,Rajesh Martinez,CUST-0203,Data Science Handbook,PROD-0032,42.44,1,TXN-003783,2025-02-18
3784,Sunita Harris,CUST-0660,Coffee Maker,PROD-0021,62.05,5,TXN-003784,2024-02-10
3785,Isabella Pillai,CUST-0417,USB-C Hub,PROD-0003,61.28,3,TXN-003785,2024-03-26
3786,Elizabeth Thomas,CUST-0769,Travel Guide,PROD-0040,22.38,3,TXN-003786,2025-05-23
3787,Aanya Miller,CUST-0777,Coffee Maker,PROD-0021,62.05,5,TXN-003787,2024-04-07
3788,Emma Kulkarni,CUST-0473,Machine Learning Guide,PROD-0033,42.63,4,TXN-003788,2025-07-19
3789,Vikram Bhat,CUST-0738,Web Development,PROD-0034,44.41,4,TXN-003789,2024-01-11
3790,Elizabeth Clark,CUST-0190,Running Shoes,PROD-0014,41.04,3,TXN-003790,2024-01-31
3791,Ananya Pillai,CUST-0601,Keyboard Mechanical,PROD-0007,97.82,1,TXN-003791,2025-02-28
3792,Isabella Jackson,CUST-0115,Self-Help Guide,PROD-0036,10.26,1,TXN-003792,2025-09-03
3793,Myra Menon,CUST-0537,Wireless Mouse,PROD-0001,45.68,1,TXN-003793,2025-01-21
3794,Ashley Chopra,CUST-0342,Python Programming,PROD-0031,22.63,2,TXN-003794,2025-05-24
3795,Meena Thomas,CUST-0271,Tennis Racket,PROD-0047,61.92,1,TXN-003795,2025-09-02
3796,Linda Mehta,CUST-0123,Tennis Racket,PROD-0047,61.92,4,TXN-003796,2024-01-04
3797,Anjali Joshi,CUST-0636,Jump Rope,PROD-0044,18.67,1,TXN-003797,2025-01-11
3798,Michael Jones,CUST-0625,Toaster,PROD-0023,31.12,1,TXN-003798,2024-02-29
3799,Meena Rao,CUST-0079,Scarf,PROD-0020,33.28,2,TXN-003799,2024-05-06
3800,William Martinez,CUST-0539,Yoga Mat,PROD-0041,42.7,3,TXN-003800,2024-10-20
3801,Suresh Taylor,CUST-0112,Business Strategy,PROD-0035,33.11,1,TXN-003801,2024-08-24
3802,Mary Clark,CUST-0407,Web Development,PROD-0034,44.41,2,TXN-003802,2024-01-28
3803,Ananya Pillai,CUST-0601,Laptop Stand,PROD-0009,59.55,3,TXN-003803,2025-02-21
3804,Sandra Miller,CUST-0200,Cotton T-Shirt,PROD-0011,30.65,3,TXN-003804,2024-06-10
3805,Mason Rao,CUST-0221,Cookbook,PROD-0039,22.32,2,TXN-003805,2024-05-31
3806,Richard Verma,CUST-0076,Winter Jacket,PROD-0016,125.83,2,TXN-003806,2024-12-09
3807,Ishaan Clark,CUST-0346,Storage Containers,PROD-0027,35.05,1,TXN-003807,2024-09-18
3808,Meena Thompson,CUST-0038,Football,PROD-0045,29.05,3,TXN-003808,2024-10-28
3809,Noah Lopez,CUST-0134,Web Development,PROD-0034,44.41,2,TXN-003809,2024-02-13
3810,Ayaan Mehta,CUST-0376,Yoga Mat,PROD-0041,42.7,1,TXN-003810,2024-12-11
3811,Anthony White,CUST-0244,Data Science Handbook,PROD-0032,42.44,4,TXN-003811,2025-03-14
3812,Anjali Young,CUST-0446,Swimming Goggles,PROD-0048,16.81,1,TXN-003812,2025-12-11
3813,Suresh Shah,CUST-0099,Monitor Stand,PROD-0008,53.18,3,TXN-003813,2025-03-12
3814,Sandra Wright,CUST-0800,Bluetooth Headphones,PROD-0002,92.28,4,TXN-003814,2024-07-16
3815,Lucas Gupta,CUST-0057,Web Development,PROD-0034,44.41,4,TXN-003815,2025-01-04
3816,Vihaan White,CUST-0400,Water Bottle,PROD-0026,17.56,4,TXN-003816,2024-03-31
3817,Sara Taylor,CUST-0782,Bluetooth Headphones,PROD-0002,92.28,1,TXN-003817,2025-12-02
3818,Donald Anderson,CUST-0467,Smartwatch,PROD-0005,158.2,1,TXN-003818,2024-08-05
3819,Rahul Allen,CUST-0103,Denim Jeans,PROD-0012,82.97,3,TXN-003819,2024-09-17
3820,Michael Brown,CUST-0349,Toaster,PROD-0023,31.12,1,TXN-003820,2025-03-16
3821,Pooja Martinez,CUST-0522,Self-Help Guide,PROD-0036,10.26,1,TXN-003821,2025-08-08
3822,Suresh Taylor,CUST-0112,Data Science Handbook,PROD-0032,42.44,2,TXN-003822,2025-05-11
3823,Lisa Malhotra,CUST-0435,Cycling Gloves,PROD-0049,31.15,2,TXN-003823,2024-05-26
3824,Matthew Singh,CUST-0637,Running Shoes,PROD-0014,41.04,5,TXN-003824,2024-09-27
3825,William Nair,CUST-0298,Swimming Goggles,PROD-0048,16.81,5,TXN-003825,2024-04-28
3826,Linda Iyer,CUST-0248,Scarf,PROD-0020,33.28,4,TXN-003826,2024-01-06
3827,Aanya Young,CUST-0541,Dish Rack,PROD-0029,28.32,3,TXN-003827,2024-12-16
3828,Thomas Gupta,CUST-0306,Winter Jacket,PROD-0016,125.83,2,TXN-003828,2025-11-14
3829,Matthew Mehta,CUST-0564,Swimming Goggles,PROD-0048,16.81,4,TXN-003829,2024-05-19
3830,Suresh Lee,CUST-0418,USB-C Hub,PROD-0003,61.28,1,TXN-003830,2025-10-22
3831,Aditya Patel,CUST-0384,Travel Guide,PROD-0040,22.38,3,TXN-003831,2024-02-24
3832,Divya Rodriguez,CUST-0105,Resistance Bands,PROD-0043,22.74,1,TXN-003832,2025-12-08
3833,Mark Jackson,CUST-0711,Bluetooth Headphones,PROD-0002,92.28,2,TXN-003833,2024-02-18
3834,Sarah Bhat,CUST-0520,Non-Stick Pan,PROD-0024,32.73,5,TXN-003834,2025-08-17
3835,Myra Rao,CUST-0725,Smartwatch,PROD-0005,158.2,3,TXN-003835,2024-10-19
3836,Rahul Bhat,CUST-0588,Denim Jeans,PROD-0012,82.97,4,TXN-003836,2025-04-08
3837,Lucas Patel,CUST-0262,History of AI,PROD-0038,15.71,3,TXN-003837,2025-02-16
3838,Arjun Jones,CUST-0775,Cookbook,PROD-0039,22.32,3,TXN-003838,2025-09-30
3839,Isha Pillai,CUST-0641,Storage Containers,PROD-0027,35.05,3,TXN-003839,2025-08-09
3840,Kavita Thompson,CUST-0385,Gym Bag,PROD-0050,52.65,2,TXN-003840,2025-07-19
3841,Priya Williams,CUST-0658,Cookbook,PROD-0039,22.32,3,TXN-003841,2025-11-23
3842,Vihaan Davis,CUST-0695,Cycling Gloves,PROD-0049,31.15,5,TXN-003842,2025-04-12
3843,Lisa Rodriguez,CUST-0092,Web Development,PROD-0034,44.41,1,TXN-003843,2025-07-02
3844,Nancy Pillai,CUST-0375,History of AI,PROD-0038,15.71,1,TXN-003844,2025-08-05
3845,Sophia Rao,CUST-0255,External SSD 1TB,PROD-0010,77.83,1,TXN-003845,2024-04-15
3846,Rohit Rao,CUST-0302,Bluetooth Headphones,PROD-0002,92.28,3,TXN-003846,2024-11-13
3847,Mary Chopra,CUST-0584,Travel Guide,PROD-0040,22.38,3,TXN-003847,2024-07-18
3848,Diya Rao,CUST-0180,Hoodie,PROD-0013,50.64,1,TXN-003848,2024-08-16
3849,Rohit Rao,CUST-0302,Gym Bag,PROD-0050,52.65,1,TXN-003849,2025-03-16
3850,Swati Gupta,CUST-0414,Fiction Novel,PROD-0037,12.83,2,TXN-003850,2024-02-26
3851,Suresh Lee,CUST-0418,Travel Guide,PROD-0040,22.38,2,TXN-003851,2025-07-25
3852,Ashley Harris,CUST-0485,External SSD 1TB,PROD-0010,77.83,1,TXN-003852,2024-04-30
3853,Emma Hernandez,CUST-0469,Cycling Gloves,PROD-0049,31.15,2,TXN-003853,2024-02-01
3854,Priya Williams,CUST-0658,Dish Rack,PROD-0029,28.32,1,TXN-003854,2024-08-09
3855,Vihaan Smith,CUST-0317,Self-Help Guide,PROD-0036,10.26,4,TXN-003855,2024-08-21
3856,Donald Thomas,CUST-0533,Cookbook,PROD-0039,22.32,1,TXN-003856,2025-11-17
3857,Matthew Harris,CUST-0679,Cookbook,PROD-0039,22.32,4,TXN-003857,2025-10-27
3858,Emma Singh,CUST-0250,Web Development,PROD-0034,44.41,1,TXN-003858,2025-07-28
3859,Lucas Singh,CUST-0776,Bluetooth Headphones,PROD-0002,92.28,3,TXN-003859,2024-10-18
3860,Mia Verma,CUST-0004,Toaster,PROD-0023,31.12,5,TXN-003860,2025-11-10
3861,Aditya Lopez,CUST-0121,External SSD 1TB,PROD-0010,77.83,4,TXN-003861,2025-08-02
3862,Michael Jones,CUST-0625,Cutting Board,PROD-0028,11.96,1,TXN-003862,2025-07-16
3863,Aanya Kumar,CUST-0151,Water Bottle,PROD-0026,17.56,2,TXN-003863,2025-01-02
3864,Lucas Nair,CUST-0558,Jump Rope,PROD-0044,18.67,1,TXN-003864,2025-11-07
3865,Sophia Davis,CUST-0273,Webcam HD,PROD-0006,72.22,3,TXN-003865,2025-01-26
3866,Aarav Davis,CUST-0587,Knife Set,PROD-0025,68.52,1,TXN-003866,2025-10-07
3867,Richard Lopez,CUST-0075,Running Shoes,PROD-0014,41.04,1,TXN-003867,2025-05-08
3868,Suresh Rao,CUST-0437,Keyboard Mechanical,PROD-0007,97.82,2,TXN-003868,2025-12-03
3869,Thomas Johnson,CUST-0150,Gym Bag,PROD-0050,52.65,1,TXN-003869,2025-06-25
3870,Aadhya Singh,CUST-0322,Fiction Novel,PROD-0037,12.83,1,TXN-003870,2024-05-03
3871,Patricia Williams,CUST-0258,Hoodie,PROD-0013,50.64,3,TXN-003871,2025-02-12
3872,Nikhil Lopez,CUST-0555,External SSD 1TB,PROD-0010,77.83,1,TXN-003872,2024-11-14
3873,Pooja Martinez,CUST-0522,Sports Socks (3-pack),PROD-0018,13.94,2,TXN-003873,2024-02-11
3874,Michael Malhotra,CUST-0031,Cotton T-Shirt,PROD-0011,30.65,2,TXN-003874,2024-08-17
3875,Sara Lewis,CUST-0002,Wireless Mouse,PROD-0001,45.68,2,TXN-003875,2025-06-10
3876,Jessica Martinez,CUST-0445,Cookbook,PROD-0039,22.32,1,TXN-003876,2025-02-02
3877,Nikhil Clark,CUST-0065,Portable Charger,PROD-0004,42.05,1,TXN-003877,2025-01-31
3878,Lucas Smith,CUST-0516,Hoodie,PROD-0013,50.64,1,TXN-003878,2025-11-15
3879,Nikhil Verma,CUST-0198,Travel Guide,PROD-0040,22.38,1,TXN-003879,2024-01-27
3880,David Sharma,CUST-0050,Smartwatch,PROD-0005,158.2,1,TXN-003880,2024-02-27
3881,James Bhat,CUST-0627,Dumbbells (Pair),PROD-0042,77.78,1,TXN-003881,2024-10-27
3882,Donald Williams,CUST-0645,Cookbook,PROD-0039,22.32,1,TXN-003882,2024-11-25
3883,Deepak Garcia,CUST-0056,Tea Kettle,PROD-0030,40.05,2,TXN-003883,2024-06-30
3884,Donald Williams,CUST-0645,Web Development,PROD-0034,44.41,1,TXN-003884,2025-08-19
3885,Ashley Davis,CUST-0454,Dumbbells (Pair),PROD-0042,77.78,2,TXN-003885,2024-05-27
3886,Swati Kulkarni,CUST-0052,Tennis Racket,PROD-0047,61.92,1,TXN-003886,2025-10-14
3887,Linda Chopra,CUST-0287,Sports Socks (3-pack),PROD-0018,13.94,1,TXN-003887,2025-05-22
3888,Aadhya Shah,CUST-0452,Dish Rack,PROD-0029,28.32,2,TXN-003888,2025-02-04
3889,Mary White,CUST-0167,Portable Charger,PROD-0004,42.05,3,TXN-003889,2025-04-04
3890,Donald King,CUST-0144,Tennis Racket,PROD-0047,61.92,2,TXN-003890,2025-02-25
3891,Sara Young,CUST-0688,Laptop Stand,PROD-0009,59.55,2,TXN-003891,2024-12-18
3892,Donald Menon,CUST-0020,Self-Help Guide,PROD-0036,10.26,3,TXN-003892,2025-05-18
3893,William Thompson,CUST-0743,Yoga Mat,PROD-0041,42.7,3,TXN-003893,2025-01-28
3894,Matthew Anderson,CUST-0049,Cotton T-Shirt,PROD-0011,30.65,2,TXN-003894,2025-09-08
3895,Joseph Bhat,CUST-0069,Gym Bag,PROD-0050,52.65,3,TXN-003895,2024-01-24
3896,Mary Clark,CUST-0407,Web Development,PROD-0034,44.41,2,TXN-003896,2024-09-26
3897,Joseph Bhat,CUST-0069,Hoodie,PROD-0013,50.64,1,TXN-003897,2025-04-09
3898,Sara Rodriguez,CUST-0238,Webcam HD,PROD-0006,72.22,4,TXN-003898,2024-11-17
3899,Nikhil Mehta,CUST-0367,Basketball,PROD-0046,39.63,4,TXN-003899,2024-07-26
3900,Nisha Wright,CUST-0354,Water Bottle,PROD-0026,17.56,1,TXN-003900,2025-07-11
3901,Nisha Shah,CUST-0082,Tea Kettle,PROD-0030,40.05,1,TXN-003901,2024-06-17
3902,Vihaan Davis,CUST-0695,Keyboard Mechanical,PROD-0007,97.82,1,TXN-003902,2024-06-16
3903,Aanya Verma,CUST-0001,Knife Set,PROD-0025,68.52,1,TXN-003903,2025-03-08
3904,Anthony White,CUST-0244,Machine Learning Guide,PROD-0033,42.63,5,TXN-003904,2024-11-21
3905,Patricia Bhat,CUST-0136,Tea Kettle,PROD-0030,40.05,2,TXN-003905,2025-08-10
3906,Nisha Wright,CUST-0354,Knife Set,PROD-0025,68.52,1,TXN-003906,2024-08-11
3907,Susan Rodriguez,CUST-0459,Smartwatch,PROD-0005,158.2,4,TXN-003907,2025-07-12
3908,Patricia Wright,CUST-0304,Scarf,PROD-0020,33.28,1,TXN-003908,2024-02-20
3909,Linda Martin,CUST-0744,Cotton T-Shirt,PROD-0011,30.65,4,TXN-003909,2024-11-26
3910,Matthew Anderson,CUST-0049,External SSD 1TB,PROD-0010,77.83,4,TXN-003910,2024-10-28
3911,William Johnson,CUST-0523,USB-C Hub,PROD-0003,61.28,5,TXN-003911,2024-04-06
3912,Donald Iyer,CUST-0442,Sports Socks (3-pack),PROD-0018,13.94,1,TXN-003912,2024-02-24
3913,Mary Jones,CUST-0243,Dish Rack,PROD-0029,28.32,1,TXN-003913,2024-09-13
3914,Divya Rodriguez,CUST-0105,Water Bottle,PROD-0026,17.56,2,TXN-003914,2024-04-20
3915,Myra Desai,CUST-0146,Tea Kettle,PROD-0030,40.05,3,TXN-003915,2025-05-26
3916,Suresh Lee,CUST-0684,Machine Learning Guide,PROD-0033,42.63,1,TXN-003916,2024-07-10
3917,Sunita Bhat,CUST-0077,Wireless Mouse,PROD-0001,45.68,3,TXN-003917,2025-10-16
3918,Suresh Desai,CUST-0095,Data Science Handbook,PROD-0032,42.44,4,TXN-003918,2025-08-26
3919,Vikram Bhat,CUST-0550,Denim Jeans,PROD-0012,82.97,1,TXN-003919,2024-07-17
3920,Aarav Kulkarni,CUST-0268,Web Development,PROD-0034,44.41,4,TXN-003920,2025-03-05
3921,Michael Lopez,CUST-0176,Fiction Novel,PROD-0037,12.83,2,TXN-003921,2025-05-18
3922,Betty Chopra,CUST-0749,Jump Rope,PROD-0044,18.67,2,TXN-003922,2024-08-27
3923,Aanya Miller,CUST-0777,Cutting Board,PROD-0028,11.96,4,TXN-003923,2024-08-25
3924,Lucas Jones,CUST-0553,Winter Jacket,PROD-0016,125.83,4,TXN-003924,2025-06-11
3925,Jessica Anderson,CUST-0182,Business Strategy,PROD-0035,33.11,2,TXN-003925,2024-11-22
3926,John Walker,CUST-0419,Bluetooth Headphones,PROD-0002,92.28,1,TXN-003926,2025-08-09
3927,Elizabeth Thomas,CUST-0769,Dish Rack,PROD-0029,28.32,5,TXN-003927,2024-01-24
3928,Robert Singh,CUST-0505,Football,PROD-0045,29.05,2,TXN-003928,2025-10-13
3929,Kavita King,CUST-0439,Water Bottle,PROD-0026,17.56,2,TXN-003929,2024-05-01
3930,Reyansh Williams,CUST-0465,Python Programming,PROD-0031,22.63,3,TXN-003930,2025-02-16
3931,Liam Clark,CUST-0509,Winter Jacket,PROD-0016,125.83,4,TXN-003931,2025-06-14
3932,Sai Kumar,CUST-0799,External SSD 1TB,PROD-0010,77.83,4,TXN-003932,2024-01-16
3933,Vihaan Taylor,CUST-0374,Cycling Gloves,PROD-0049,31.15,1,TXN-003933,2025-07-07
3934,Reyansh Martin,CUST-0148,Webcam HD,PROD-0006,72.22,2,TXN-003934,2024-06-24
3935,Manoj Sharma,CUST-0185,Formal Shirt,PROD-0015,57.36,2,TXN-003935,2024-12-01
3936,Suresh Mehta,CUST-0691,Cotton T-Shirt,PROD-0011,30.65,1,TXN-003936,2025-02-06
3937,Reyansh Joshi,CUST-0696,Resistance Bands,PROD-0043,22.74,1,TXN-003937,2024-12-09
3938,Lucas Jones,CUST-0553,Dish Rack,PROD-0029,28.32,4,TXN-003938,2025-12-04
3939,Sai Davis,CUST-0272,Water Bottle,PROD-0026,17.56,2,TXN-003939,2024-03-15
3940,Susan King,CUST-0536,Dumbbells (Pair),PROD-0042,77.78,3,TXN-003940,2024-06-27
3941,Richard Lopez,CUST-0075,Fiction Novel,PROD-0037,12.83,1,TXN-003941,2025-08-04
3942,Priya Martinez,CUST-0408,Tea Kettle,PROD-0030,40.05,3,TXN-003942,2024-02-10
3943,Diya Rodriguez,CUST-0571,History of AI,PROD-0038,15.71,2,TXN-003943,2025-11-29
3944,Amit Lopez,CUST-0275,Winter Jacket,PROD-0016,125.83,2,TXN-003944,2025-09-15
3945,Nikhil Lopez,CUST-0555,Cap,PROD-0019,12.46,3,TXN-003945,2024-01-17
3946,Ishaan Singh,CUST-0163,Laptop Stand,PROD-0009,59.55,4,TXN-003946,2024-02-08
3947,Thomas Jones,CUST-0339,USB-C Hub,PROD-0003,61.28,5,TXN-003947,2025-12-09
3948,Susan Clark,CUST-0748,Formal Shirt,PROD-0015,57.36,2,TXN-003948,2025-07-09
3949,Margaret Rodriguez,CUST-0444,Tennis Racket,PROD-0047,61.92,2,TXN-003949,2025-12-09
3950,Manoj Verma,CUST-0257,Machine Learning Guide,PROD-0033,42.63,5,TXN-003950,2025-10-25
3951,Noah Lopez,CUST-0134,Scarf,PROD-0020,33.28,4,TXN-003951,2024-12-11
3952,Sneha Lewis,CUST-0754,Travel Guide,PROD-0040,22.38,2,TXN-003952,2025-10-06
3953,Nisha Thomas,CUST-0068,Dumbbells (Pair),PROD-0042,77.78,1,TXN-003953,2024-12-21
3954,Suresh Miller,CUST-0463,Yoga Mat,PROD-0041,42.7,2,TXN-003954,2025-04-13
3955,Sai Malhotra,CUST-0770,USB-C Hub,PROD-0003,61.28,2,TXN-003955,2025-03-27
3956,Charlotte Johnson,CUST-0094,Toaster,PROD-0023,31.12,4,TXN-003956,2024-08-28
3957,Lucas Nair,CUST-0558,Water Bottle,PROD-0026,17.56,2,TXN-003957,2025-05-04
3958,Ananya Lopez,CUST-0201,Business Strategy,PROD-0035,33.11,3,TXN-003958,2025-11-03
3959,Sandra Martinez,CUST-0192,Bluetooth Headphones,PROD-0002,92.28,4,TXN-003959,2025-04-07
3960,Betty Martinez,CUST-0282,Knife Set,PROD-0025,68.52,3,TXN-003960,2025-09-20
3961,Sara Allen,CUST-0066,Tennis Racket,PROD-0047,61.92,2,TXN-003961,2025-04-17
3962,Vihaan Lee,CUST-0507,Travel Guide,PROD-0040,22.38,2,TXN-003962,2025-01-28
3963,Nikhil Lopez,CUST-0555,External SSD 1TB,PROD-0010,77.83,4,TXN-003963,2025-08-11
3964,Kavita Thompson,CUST-0447,Machine Learning Guide,PROD-0033,42.63,2,TXN-003964,2024-06-06
3965,Sunita Patel,CUST-0133,Coffee Maker,PROD-0021,62.05,2,TXN-003965,2024-07-19
3966,Patricia White,CUST-0506,Swimming Goggles,PROD-0048,16.81,1,TXN-003966,2025-10-20
3967,Sara Lewis,CUST-0545,Coffee Maker,PROD-0021,62.05,2,TXN-003967,2024-01-01
3968,Nisha Lopez,CUST-0409,Dumbbells (Pair),PROD-0042,77.78,1,TXN-003968,2025-10-02
3969,Anthony White,CUST-0244,Non-Stick Pan,PROD-0024,32.73,1,TXN-003969,2024-10-02
3970,Michael Malhotra,CUST-0031,Resistance Bands,PROD-0043,22.74,4,TXN-003970,2025-01-04
3971,Aditya Thompson,CUST-0774,Knife Set,PROD-0025,68.52,1,TXN-003971,2025-09-26
3972,Betty Brown,CUST-0340,Jump Rope,PROD-0044,18.67,2,TXN-003972,2024-02-09
3973,Ananya Patel,CUST-0032,Jump Rope,PROD-0044,18.67,1,TXN-003973,2024-10-13
3974,Nikhil Lopez,CUST-0555,Denim Jeans,PROD-0012,82.97,3,TXN-003974,2024-12-16
3975,Aditya Patel,CUST-0384,Sports Socks (3-pack),PROD-0018,13.94,1,TXN-003975,2025-06-20
3976,Sunita Gupta,CUST-0403,Tea Kettle,PROD-0030,40.05,2,TXN-003976,2024-07-19
3977,Donald King,CUST-0144,Toaster,PROD-0023,31.12,3,TXN-003977,2025-09-18
3978,Rohit Rao,CUST-0302,Denim Jeans,PROD-0012,82.97,2,TXN-003978,2025-10-11
3979,Mark Desai,CUST-0137,Jump Rope,PROD-0044,18.67,2,TXN-003979,2025-08-12
3980,Sara Pillai,CUST-0276,Water Bottle,PROD-0026,17.56,3,TXN-003980,2024-08-15
3981,Sandra Miller,CUST-0200,Business Strategy,PROD-0035,33.11,5,TXN-003981,2025-08-09
3982,John Smith,CUST-0106,Blender,PROD-0022,46.5,2,TXN-003982,2024-09-23
3983,Nisha Shah,CUST-0082,Jump Rope,PROD-0044,18.67,2,TXN-003983,2024-12-01
3984,Sandra Martinez,CUST-0192,Business Strategy,PROD-0035,33.11,3,TXN-003984,2025-05-09
3985,Riya Jones,CUST-0183,Blender,PROD-0022,46.5,1,TXN-003985,2025-08-12
3986,Michael Lopez,CUST-0176,Water Bottle,PROD-0026,17.56,4,TXN-003986,2024-08-14
3987,Priya Mehta,CUST-0712,Formal Shirt,PROD-0015,57.36,1,TXN-003987,2025-09-14
3988,Daniel Taylor,CUST-0703,Non-Stick Pan,PROD-0024,32.73,1,TXN-003988,2025-05-31
3989,Vikram Miller,CUST-0109,Self-Help Guide,PROD-0036,10.26,3,TXN-003989,2025-01-13
3990,Nancy Pillai,CUST-0375,Bluetooth Headphones,PROD-0002,92.28,5,TXN-003990,2025-05-16
3991,Ishaan Rodriguez,CUST-0532,Casual Shorts,PROD-0017,29.07,5,TXN-003991,2025-07-26
3992,Lisa Robinson,CUST-0333,Bluetooth Headphones,PROD-0002,92.28,2,TXN-003992,2025-05-14
3993,Charlotte Bhat,CUST-0792,Jump Rope,PROD-0044,18.67,1,TXN-003993,2024-09-24
3994,John Pillai,CUST-0230,Wireless Mouse,PROD-0001,45.68,1,TXN-003994,2025-10-05
3995,Ananya Thompson,CUST-0639,Monitor Stand,PROD-0008,53.18,4,TXN-003995,2025-06-08
3996,Myra Sharma,CUST-0591,Smartwatch,PROD-0005,158.2,4,TXN-003996,2024-04-25
3997,Deepak Desai,CUST-0493,Cookbook,PROD-0039,22.32,2,TXN-003997,2024-02-18
3998,Karan Lewis,CUST-0204,Web Development,PROD-0034,44.41,3,TXN-003998,2024-12-07
3999,Riya Kumar,CUST-0596,Winter Jacket,PROD-0016,125.83,1,TXN-003999,2024-02-08
4000,Rohit Miller,CUST-0089,Non-Stick Pan,PROD-0024,32.73,1,TXN-004000,2024-11-10
4001,Vikram Davis,CUST-0091,Coffee Maker,PROD-0021,62.05,1,TXN-004001,2024-04-20
4002,Sai Desai,CUST-0335,Coffee Maker,PROD-0021,62.05,1,TXN-004002,2024-08-09
4003,Mark King,CUST-0747,Denim Jeans,PROD-0012,82.97,1,TXN-004003,2024-08-07
4004,Susan Davis,CUST-0430,Python Programming,PROD-0031,22.63,3,TXN-004004,2025-06-21
4005,Sunita Reddy,CUST-0100,Winter Jacket,PROD-0016,125.83,3,TXN-004005,2025-04-03
4006,Riya Chopra,CUST-0325,USB-C Hub,PROD-0003,61.28,1,TXN-004006,2025-09-27
4007,Sophia Davis,CUST-0273,External SSD 1TB,PROD-0010,77.83,2,TXN-004007,2025-10-20
4008,Suresh Taylor,CUST-0112,Cap,PROD-0019,12.46,5,TXN-004008,2024-03-30
4009,Suresh Kumar,CUST-0037,Gym Bag,PROD-0050,52.65,1,TXN-004009,2025-04-12
4010,Margaret Garcia,CUST-0393,Travel Guide,PROD-0040,22.38,2,TXN-004010,2024-05-04
4011,Joseph Patel,CUST-0713,History of AI,PROD-0038,15.71,2,TXN-004011,2025-07-28
4012,Anthony Menon,CUST-0062,Cookbook,PROD-0039,22.32,3,TXN-004012,2024-05-14
4013,Lucas Singh,CUST-0776,Python Programming,PROD-0031,22.63,1,TXN-004013,2025-01-04
4014,Sunita Patel,CUST-0133,Winter Jacket,PROD-0016,125.83,3,TXN-004014,2025-06-23
4015,Isabella Robinson,CUST-0572,Gym Bag,PROD-0050,52.65,1,TXN-004015,2024-06-15
4016,Linda Anderson,CUST-0141,Blender,PROD-0022,46.5,2,TXN-004016,2025-03-14
4017,Manoj Desai,CUST-0427,Portable Charger,PROD-0004,42.05,5,TXN-004017,2025-08-20
4018,Nikhil Bhat,CUST-0519,Storage Containers,PROD-0027,35.05,3,TXN-004018,2025-04-05
4019,Nisha Clark,CUST-0552,Dish Rack,PROD-0029,28.32,1,TXN-004019,2024-06-20
4020,Oliver Johnson,CUST-0142,Data Science Handbook,PROD-0032,42.44,3,TXN-004020,2025-06-06
4021,Ishaan Clark,CUST-0346,Swimming Goggles,PROD-0048,16.81,4,TXN-004021,2024-10-13
4022,Nikhil Lopez,CUST-0555,Yoga Mat,PROD-0041,42.7,1,TXN-004022,2025-08-25
4023,John Malhotra,CUST-0433,Non-Stick Pan,PROD-0024,32.73,3,TXN-004023,2024-11-20
4024,Noah Verma,CUST-0730,Travel Guide,PROD-0040,22.38,1,TXN-004024,2025-05-29
4025,Nancy Martinez,CUST-0132,Scarf,PROD-0020,33.28,5,TXN-004025,2024-05-01
4026,Sai Walker,CUST-0085,Football,PROD-0045,29.05,2,TXN-004026,2024-12-06
4027,Aarav Young,CUST-0027,Laptop Stand,PROD-0009,59.55,4,TXN-004027,2024-01-07
4028,Isha Young,CUST-0041,USB-C Hub,PROD-0003,61.28,1,TXN-004028,2024-11-10
4029,Rahul Smith,CUST-0382,Yoga Mat,PROD-0041,42.7,1,TXN-004029,2025-10-24
4030,Sara Rodriguez,CUST-0238,Smartwatch,PROD-0005,158.2,5,TXN-004030,2024-05-14
4031,Karen Iyer,CUST-0659,Monitor Stand,PROD-0008,53.18,3,TXN-004031,2024-11-20
4032,Emma Sharma,CUST-0071,Running Shoes,PROD-0014,41.04,1,TXN-004032,2024-12-14
4033,Deepak Desai,CUST-0493,USB-C Hub,PROD-0003,61.28,2,TXN-004033,2025-10-10
4034,Reyansh Lewis,CUST-0649,Cutting Board,PROD-0028,11.96,2,TXN-004034,2024-07-05
4035,Oliver Taylor,CUST-0699,Keyboard Mechanical,PROD-0007,97.82,1,TXN-004035,2024-10-18
4036,Donald Thomas,CUST-0533,Web Development,PROD-0034,44.41,2,TXN-004036,2025-01-30
4037,Ananya Pillai,CUST-0601,Travel Guide,PROD-0040,22.38,5,TXN-004037,2025-05-17
4038,Reyansh Martin,CUST-0148,Data Science Handbook,PROD-0032,42.44,5,TXN-004038,2025-12-07
4039,Jennifer Singh,CUST-0228,Cutting Board,PROD-0028,11.96,2,TXN-004039,2025-10-14
4040,Aadhya Shah,CUST-0452,Tennis Racket,PROD-0047,61.92,4,TXN-004040,2025-10-20
4041,Betty Shah,CUST-0424,External SSD 1TB,PROD-0010,77.83,3,TXN-004041,2024-05-12
4042,Ayaan Mehta,CUST-0376,Machine Learning Guide,PROD-0033,42.63,5,TXN-004042,2025-12-21
4043,Richard Robinson,CUST-0172,Non-Stick Pan,PROD-0024,32.73,1,TXN-004043,2024-03-12
4044,William Martinez,CUST-0539,Running Shoes,PROD-0014,41.04,3,TXN-004044,2024-06-26
4045,Myra Rao,CUST-0725,Business Strategy,PROD-0035,33.11,3,TXN-004045,2024-04-18
4046,Suresh Allen,CUST-0755,Laptop Stand,PROD-0009,59.55,1,TXN-004046,2024-03-05
4047,Sara Davis,CUST-0130,Hoodie,PROD-0013,50.64,2,TXN-004047,2025-10-22
4048,Myra Williams,CUST-0008,Yoga Mat,PROD-0041,42.7,1,TXN-004048,2024-04-04
4049,Charlotte Jackson,CUST-0061,Knife Set,PROD-0025,68.52,3,TXN-004049,2024-04-02
4050,Donald Thomas,CUST-0533,Winter Jacket,PROD-0016,125.83,2,TXN-004050,2025-05-16
4051,Noah Chopra,CUST-0164,Running Shoes,PROD-0014,41.04,3,TXN-004051,2025-04-19
4052,Nisha Wright,CUST-0354,Bluetooth Headphones,PROD-0002,92.28,2,TXN-004052,2025-04-27
4053,Swati Gupta,CUST-0414,Web Development,PROD-0034,44.41,3,TXN-004053,2025-11-12
4054,Donald Anderson,CUST-0467,Denim Jeans,PROD-0012,82.97,3,TXN-004054,2024-12-24
4055,Sarah Shah,CUST-0492,Tea Kettle,PROD-0030,40.05,1,TXN-004055,2025-01-06
4056,Manoj Thomas,CUST-0576,Yoga Mat,PROD-0041,42.7,1,TXN-004056,2024-05-18
4057,Emma Desai,CUST-0389,External SSD 1TB,PROD-0010,77.83,4,TXN-004057,2024-02-03
4058,Krishna Walker,CUST-0334,External SSD 1TB,PROD-0010,77.83,2,TXN-004058,2025-06-07
4059,Aanya Nair,CUST-0795,Resistance Bands,PROD-0043,22.74,3,TXN-004059,2025-01-26
4060,John Lopez,CUST-0674,Self-Help Guide,PROD-0036,10.26,1,TXN-004060,2024-04-14
4061,Sandra Lee,CUST-0402,Portable Charger,PROD-0004,42.05,2,TXN-004061,2024-07-05
4062,Diya Chopra,CUST-0736,Dish Rack,PROD-0029,28.32,5,TXN-004062,2025-10-22
4063,Jessica Chopra,CUST-0481,Denim Jeans,PROD-0012,82.97,1,TXN-004063,2025-12-04
4064,Mason Rao,CUST-0221,Hoodie,PROD-0013,50.64,2,TXN-004064,2024-08-10
4065,Manoj Lee,CUST-0579,Dumbbells (Pair),PROD-0042,77.78,2,TXN-004065,2024-07-09
4066,Aarav White,CUST-0030,Coffee Maker,PROD-0021,62.05,1,TXN-004066,2024-06-07
4067,Myra Sharma,CUST-0591,Fiction Novel,PROD-0037,12.83,4,TXN-004067,2024-08-07
4068,Sandra Malhotra,CUST-0759,Storage Containers,PROD-0027,35.05,4,TXN-004068,2024-04-13
4069,Suresh Lewis,CUST-0751,Cutting Board,PROD-0028,11.96,3,TXN-004069,2025-11-04
4070,Robert Davis,CUST-0600,Smartwatch,PROD-0005,158.2,2,TXN-004070,2024-08-29
4071,Oliver Thomas,CUST-0567,Self-Help Guide,PROD-0036,10.26,1,TXN-004071,2024-06-19
4072,Lisa Robinson,CUST-0333,Dumbbells (Pair),PROD-0042,77.78,1,TXN-004072,2024-09-07
4073,Isabella Rao,CUST-0592,Business Strategy,PROD-0035,33.11,1,TXN-004073,2025-07-23
4074,Linda Pillai,CUST-0316,Sports Socks (3-pack),PROD-0018,13.94,2,TXN-004074,2025-05-15
4075,William Thompson,CUST-0743,Dumbbells (Pair),PROD-0042,77.78,2,TXN-004075,2025-05-19
4076,Neha Miller,CUST-0225,Cotton T-Shirt,PROD-0011,30.65,3,TXN-004076,2024-10-23
4077,Robert Martin,CUST-0254,Bluetooth Headphones,PROD-0002,92.28,2,TXN-004077,2024-09-24
4078,Sandra Kulkarni,CUST-0260,Fiction Novel,PROD-0037,12.83,3,TXN-004078,2025-05-25
4079,Jessica Rao,CUST-0626,Basketball,PROD-0046,39.63,3,TXN-004079,2024-07-03
4080,Karen White,CUST-0458,Cookbook,PROD-0039,22.32,3,TXN-004080,2025-08-19
4081,Jessica Brown,CUST-0450,Wireless Mouse,PROD-0001,45.68,1,TXN-004081,2024-06-27
4082,Ananya Lewis,CUST-0451,Smartwatch,PROD-0005,158.2,1,TXN-004082,2024-12-05
4083,Anthony Kulkarni,CUST-0253,Resistance Bands,PROD-0043,22.74,4,TXN-004083,2025-04-24
4084,Rajesh Anderson,CUST-0778,Web Development,PROD-0034,44.41,4,TXN-004084,2024-04-25
4085,Meena Anderson,CUST-0220,Data Science Handbook,PROD-0032,42.44,3,TXN-004085,2024-11-30
4086,Oliver Johnson,CUST-0142,History of AI,PROD-0038,15.71,5,TXN-004086,2025-06-15
4087,Diya Davis,CUST-0249,Laptop Stand,PROD-0009,59.55,1,TXN-004087,2025-11-22
4088,Lucas Hernandez,CUST-0771,Keyboard Mechanical,PROD-0007,97.82,1,TXN-004088,2025-01-08
4089,Mary Clark,CUST-0407,Tennis Racket,PROD-0047,61.92,3,TXN-004089,2024-02-25
4090,Rohit Jones,CUST-0562,Hoodie,PROD-0013,50.64,1,TXN-004090,2024-02-15
4091,Sai Davis,CUST-0272,Cycling Gloves,PROD-0049,31.15,2,TXN-004091,2025-09-13
4092,Daniel Taylor,CUST-0703,Tea Kettle,PROD-0030,40.05,2,TXN-004092,2025-06-02
4093,William Kulkarni,CUST-0583,Dish Rack,PROD-0029,28.32,1,TXN-004093,2024-08-03
4094,Nikhil Patel,CUST-0710,Swimming Goggles,PROD-0048,16.81,3,TXN-004094,2025-01-16
4095,Suresh Lee,CUST-0684,Machine Learning Guide,PROD-0033,42.63,1,TXN-004095,2024-08-30
4096,Susan Brown,CUST-0653,Business Strategy,PROD-0035,33.11,1,TXN-004096,2024-03-03
4097,Elizabeth Thomas,CUST-0769,Gym Bag,PROD-0050,52.65,1,TXN-004097,2024-01-18
4098,Nikhil Bhat,CUST-0285,Scarf,PROD-0020,33.28,1,TXN-004098,2025-02-01
4099,Nancy Singh,CUST-0661,Webcam HD,PROD-0006,72.22,3,TXN-004099,2025-08-10
4100,Sai Lee,CUST-0329,Monitor Stand,PROD-0008,53.18,2,TXN-004100,2024-12-21
4101,Mary White,CUST-0167,Running Shoes,PROD-0014,41.04,4,TXN-004101,2025-08-07
4102,Daniel Lopez,CUST-0096,Bluetooth Headphones,PROD-0002,92.28,3,TXN-004102,2025-10-20
4103,Isabella Rao,CUST-0592,Cotton T-Shirt,PROD-0011,30.65,3,TXN-004103,2025-08-23
4104,Sunita Rao,CUST-0768,Toaster,PROD-0023,31.12,2,TXN-004104,2024-04-04
4105,Mia Nair,CUST-0311,Hoodie,PROD-0013,50.64,2,TXN-004105,2025-10-31
4106,Myra Anderson,CUST-0753,Machine Learning Guide,PROD-0033,42.63,1,TXN-004106,2025-09-18
4107,Betty Thompson,CUST-0202,Wireless Mouse,PROD-0001,45.68,2,TXN-004107,2025-04-26
4108,Sai Walker,CUST-0085,Running Shoes,PROD-0014,41.04,2,TXN-004108,2025-05-26
4109,Daniel Lopez,CUST-0096,Cookbook,PROD-0039,22.32,5,TXN-004109,2024-05-28
4110,Priya Martinez,CUST-0408,Portable Charger,PROD-0004,42.05,2,TXN-004110,2024-06-04
4111,Aditya Allen,CUST-0119,Running Shoes,PROD-0014,41.04,1,TXN-004111,2025-12-04
4112,Neha Iyer,CUST-0718,Tea Kettle,PROD-0030,40.05,2,TXN-004112,2025-11-07
4113,Rajesh Rao,CUST-0143,Portable Charger,PROD-0004,42.05,1,TXN-004113,2025-11-20
4114,Lisa Rodriguez,CUST-0092,Monitor Stand,PROD-0008,53.18,1,TXN-004114,2025-02-16
4115,Richard Johnson,CUST-0108,Laptop Stand,PROD-0009,59.55,4,TXN-004115,2024-02-12
4116,Aanya Wright,CUST-0124,Travel Guide,PROD-0040,22.38,3,TXN-004116,2025-04-02
4117,Susan Robinson,CUST-0140,Tennis Racket,PROD-0047,61.92,1,TXN-004117,2025-06-25
4118,Vivaan Malhotra,CUST-0779,Dish Rack,PROD-0029,28.32,4,TXN-004118,2024-07-21
4119,Meena Hernandez,CUST-0638,Swimming Goggles,PROD-0048,16.81,3,TXN-004119,2024-02-07
4120,Michael Malhotra,CUST-0301,Fiction Novel,PROD-0037,12.83,1,TXN-004120,2025-01-24
4121,Ishaan Clark,CUST-0346,Running Shoes,PROD-0014,41.04,2,TXN-004121,2025-11-07
4122,Pari Kumar,CUST-0184,Tea Kettle,PROD-0030,40.05,2,TXN-004122,2025-11-12
4123,Rohit Brown,CUST-0309,Gym Bag,PROD-0050,52.65,2,TXN-004123,2024-06-02
4124,Mark Desai,CUST-0783,Cap,PROD-0019,12.46,1,TXN-004124,2024-04-02
4125,Sai Pillai,CUST-0292,Bluetooth Headphones,PROD-0002,92.28,3,TXN-004125,2025-11-30
4126,Vikram Miller,CUST-0405,Yoga Mat,PROD-0041,42.7,2,TXN-004126,2024-12-11
4127,Charles Moore,CUST-0009,Fiction Novel,PROD-0037,12.83,2,TXN-004127,2024-05-17
4128,Charlotte Rao,CUST-0154,Cookbook,PROD-0039,22.32,1,TXN-004128,2024-05-11
4129,James Kulkarni,CUST-0018,History of AI,PROD-0038,15.71,1,TXN-004129,2025-01-10
4130,Margaret Rao,CUST-0359,Tennis Racket,PROD-0047,61.92,1,TXN-004130,2024-03-08
4131,Pooja Johnson,CUST-0760,Swimming Goggles,PROD-0048,16.81,2,TXN-004131,2024-08-07
4132,Aadhya Lewis,CUST-0733,Resistance Bands,PROD-0043,22.74,2,TXN-004132,2024-12-19
4133,Nancy Martinez,CUST-0132,Gym Bag,PROD-0050,52.65,2,TXN-004133,2025-05-23
4134,James Kulkarni,CUST-0018,Gym Bag,PROD-0050,52.65,1,TXN-004134,2025-04-09
4135,Aanya Jackson,CUST-0122,External SSD 1TB,PROD-0010,77.83,1,TXN-004135,2025-03-10
4136,Robert Hernandez,CUST-0368,Self-Help Guide,PROD-0036,10.26,1,TXN-004136,2025-01-10
4137,Isabella Johnson,CUST-0397,Scarf,PROD-0020,33.28,3,TXN-004137,2024-05-13
4138,Vivaan Menon,CUST-0218,Bluetooth Headphones,PROD-0002,92.28,1,TXN-004138,2024-03-17
4139,James Walker,CUST-0761,Gym Bag,PROD-0050,52.65,1,TXN-004139,2024-05-24
4140,Manoj Garcia,CUST-0494,Portable Charger,PROD-0004,42.05,2,TXN-004140,2025-01-05
4141,Sai Garcia,CUST-0629,Cotton T-Shirt,PROD-0011,30.65,2,TXN-004141,2025-07-24
4142,Vihaan Lee,CUST-0507,Sports Socks (3-pack),PROD-0018,13.94,1,TXN-004142,2025-09-05
4143,Vivaan Johnson,CUST-0635,Portable Charger,PROD-0004,42.05,2,TXN-004143,2024-03-28
4144,Donald Iyer,CUST-0442,Cutting Board,PROD-0028,11.96,4,TXN-004144,2024-01-23
4145,Arjun Shah,CUST-0423,Formal Shirt,PROD-0015,57.36,1,TXN-004145,2024-10-15
4146,Sai Walker,CUST-0544,Dumbbells (Pair),PROD-0042,77.78,4,TXN-004146,2024-04-19
4147,Ishaan Jackson,CUST-0351,Coffee Maker,PROD-0021,62.05,1,TXN-004147,2024-06-11
4148,Myra Verma,CUST-0701,Yoga Mat,PROD-0041,42.7,2,TXN-004148,2024-08-15
4149,Sara Jackson,CUST-0719,Basketball,PROD-0046,39.63,4,TXN-004149,2024-02-03
4150,Mason Lewis,CUST-0256,Portable Charger,PROD-0004,42.05,1,TXN-004150,2025-09-22
4151,Sai Verma,CUST-0372,Water Bottle,PROD-0026,17.56,5,TXN-004151,2025-07-31
4152,Ishaan Young,CUST-0787,Yoga Mat,PROD-0041,42.7,2,TXN-004152,2025-03-09
4153,Linda Pillai,CUST-0316,Travel Guide,PROD-0040,22.38,1,TXN-004153,2025-03-29
4154,Betty Lee,CUST-0605,Jump Rope,PROD-0044,18.67,3,TXN-004154,2024-12-22
4155,Reyansh Chopra,CUST-0381,Cap,PROD-0019,12.46,2,TXN-004155,2024-06-25
4156,Anthony Kulkarni,CUST-0253,Casual Shorts,PROD-0017,29.07,2,TXN-004156,2024-04-18
4157,Linda Anderson,CUST-0141,Casual Shorts,PROD-0017,29.07,2,TXN-004157,2024-01-03
4158,Lisa Nair,CUST-0114,USB-C Hub,PROD-0003,61.28,2,TXN-004158,2024-05-01
4159,Mary Jones,CUST-0527,Monitor Stand,PROD-0008,53.18,1,TXN-004159,2024-01-28
4160,Suresh Allen,CUST-0755,Storage Containers,PROD-0027,35.05,2,TXN-004160,2024-04-12
4161,Sophia Smith,CUST-0461,Water Bottle,PROD-0026,17.56,1,TXN-004161,2024-04-02
4162,Arjun Shah,CUST-0501,Cotton T-Shirt,PROD-0011,30.65,2,TXN-004162,2024-02-13
4163,Lucas Nair,CUST-0558,Wireless Mouse,PROD-0001,45.68,2,TXN-004163,2025-11-17
4164,Ayaan Mehta,CUST-0376,Dish Rack,PROD-0029,28.32,1,TXN-004164,2025-08-29
4165,Ananya Patel,CUST-0032,Tennis Racket,PROD-0047,61.92,1,TXN-004165,2024-12-16
4166,Charlotte White,CUST-0722,Portable Charger,PROD-0004,42.05,2,TXN-004166,2024-07-19
4167,Michael Menon,CUST-0521,USB-C Hub,PROD-0003,61.28,2,TXN-004167,2024-04-14
4168,Anthony Kulkarni,CUST-0253,Portable Charger,PROD-0004,42.05,2,TXN-004168,2024-08-22
4169,Joseph Patel,CUST-0341,Webcam HD,PROD-0006,72.22,5,TXN-004169,2024-10-21
4170,Diya Thomas,CUST-0370,Web Development,PROD-0034,44.41,5,TXN-004170,2025-05-18
4171,Karen Rao,CUST-0308,Hoodie,PROD-0013,50.64,3,TXN-004171,2024-06-28
4172,Mary Kulkarni,CUST-0117,Basketball,PROD-0046,39.63,1,TXN-004172,2024-01-18
4173,Manoj Lee,CUST-0579,Cutting Board,PROD-0028,11.96,1,TXN-004173,2025-06-28
4174,Aanya Young,CUST-0541,Jump Rope,PROD-0044,18.67,1,TXN-004174,2025-03-12
4175,Daniel Gupta,CUST-0721,Cutting Board,PROD-0028,11.96,2,TXN-004175,2025-05-23
4176,Michael Malhotra,CUST-0031,Running Shoes,PROD-0014,41.04,1,TXN-004176,2024-01-06
4177,Ashley Chopra,CUST-0342,Hoodie,PROD-0013,50.64,5,TXN-004177,2024-07-24
4178,Betty Jackson,CUST-0622,Water Bottle,PROD-0026,17.56,1,TXN-004178,2025-03-26
4179,Rahul Brown,CUST-0261,Cutting Board,PROD-0028,11.96,4,TXN-004179,2025-03-23
4180,Sunita Reddy,CUST-0153,Webcam HD,PROD-0006,72.22,1,TXN-004180,2024-03-06
4181,Emma Thompson,CUST-0538,Winter Jacket,PROD-0016,125.83,3,TXN-004181,2025-12-17
4182,Meena Kumar,CUST-0487,Bluetooth Headphones,PROD-0002,92.28,1,TXN-004182,2024-09-29
4183,Ashley Jones,CUST-0413,Storage Containers,PROD-0027,35.05,2,TXN-004183,2024-11-14
4184,Thomas Jones,CUST-0339,Yoga Mat,PROD-0041,42.7,2,TXN-004184,2024-03-10
4185,Krishna Wright,CUST-0120,Portable Charger,PROD-0004,42.05,2,TXN-004185,2025-05-12
4186,Arjun Shah,CUST-0683,Tea Kettle,PROD-0030,40.05,1,TXN-004186,2024-09-15
4187,Ayaan Rao,CUST-0039,Bluetooth Headphones,PROD-0002,92.28,3,TXN-004187,2024-09-25
4188,Robert Davis,CUST-0600,Winter Jacket,PROD-0016,125.83,2,TXN-004188,2025-07-19
4189,Nisha Mehta,CUST-0070,Basketball,PROD-0046,39.63,2,TXN-004189,2025-12-17
4190,Myra Rao,CUST-0725,Yoga Mat,PROD-0041,42.7,2,TXN-004190,2025-08-10
4191,Mia Verma,CUST-0004,Coffee Maker,PROD-0021,62.05,1,TXN-004191,2025-12-25
4192,Nisha Thomas,CUST-0068,Coffee Maker,PROD-0021,62.05,3,TXN-004192,2024-02-13
4193,Lucas Patel,CUST-0262,Travel Guide,PROD-0040,22.38,2,TXN-004193,2024-02-08
4194,Reyansh Pillai,CUST-0604,Scarf,PROD-0020,33.28,2,TXN-004194,2025-09-04
4195,Liam Clark,CUST-0509,Water Bottle,PROD-0026,17.56,3,TXN-004195,2025-06-25
4196,Robert Singh,CUST-0505,Yoga Mat,PROD-0041,42.7,1,TXN-004196,2024-03-07
4197,Karan Lewis,CUST-0204,Tea Kettle,PROD-0030,40.05,2,TXN-004197,2025-12-02
4198,Aanya Wright,CUST-0124,Storage Containers,PROD-0027,35.05,1,TXN-004198,2025-07-23
4199,Sunita Rao,CUST-0768,Cap,PROD-0019,12.46,1,TXN-004199,2025-01-26
4200,Mason Young,CUST-0102,External SSD 1TB,PROD-0010,77.83,1,TXN-004200,2024-10-20
4201,Karan Davis,CUST-0051,Data Science Handbook,PROD-0032,42.44,2,TXN-004201,2024-09-29
4202,Sophia Rao,CUST-0255,Formal Shirt,PROD-0015,57.36,3,TXN-004202,2024-11-26
4203,Krishna Moore,CUST-0448,Denim Jeans,PROD-0012,82.97,1,TXN-004203,2025-12-06
4204,Noah Desai,CUST-0528,Resistance Bands,PROD-0043,22.74,2,TXN-004204,2024-10-23
4205,Amit Rodriguez,CUST-0597,Fiction Novel,PROD-0037,12.83,4,TXN-004205,2025-09-17
4206,Deepak Kulkarni,CUST-0457,Wireless Mouse,PROD-0001,45.68,1,TXN-004206,2024-09-27
4207,Liam Davis,CUST-0170,Cutting Board,PROD-0028,11.96,3,TXN-004207,2025-11-07
4208,Rajesh Rao,CUST-0143,Bluetooth Headphones,PROD-0002,92.28,1,TXN-004208,2024-02-22
4209,Noah Desai,CUST-0528,Tea Kettle,PROD-0030,40.05,3,TXN-004209,2025-07-07
4210,Michael Lopez,CUST-0176,Keyboard Mechanical,PROD-0007,97.82,1,TXN-004210,2024-02-26
4211,Ishaan Singh,CUST-0163,Resistance Bands,PROD-0043,22.74,2,TXN-004211,2024-01-29
4212,Nisha Reddy,CUST-0646,Resistance Bands,PROD-0043,22.74,2,TXN-004212,2024-04-07
4213,Matthew Lee,CUST-0559,Webcam HD,PROD-0006,72.22,1,TXN-004213,2025-12-01
4214,Sara Jackson,CUST-0719,Cycling Gloves,PROD-0049,31.15,2,TXN-004214,2025-06-09
4215,Anthony Wright,CUST-0610,Machine Learning Guide,PROD-0033,42.63,4,TXN-004215,2025-08-21
4216,Pari Thomas,CUST-0460,External SSD 1TB,PROD-0010,77.83,4,TXN-004216,2024-03-26
4217,Aanya Gupta,CUST-0456,Bluetooth Headphones,PROD-0002,92.28,3,TXN-004217,2025-07-04
4218,Lucas Smith,CUST-0516,Yoga Mat,PROD-0041,42.7,2,TXN-004218,2024-10-23
4219,Nikhil Smith,CUST-0678,Machine Learning Guide,PROD-0033,42.63,1,TXN-004219,2024-03-13
4220,Matthew Chopra,CUST-0560,Water Bottle,PROD-0026,17.56,4,TXN-004220,2024-11-07
4221,Sarah Garcia,CUST-0548,Laptop Stand,PROD-0009,59.55,1,TXN-004221,2024-05-03
4222,Suresh Miller,CUST-0463,Toaster,PROD-0023,31.12,2,TXN-004222,2024-08-26
4223,Noah Taylor,CUST-0585,Dish Rack,PROD-0029,28.32,5,TXN-004223,2025-01-17
4224,Karan Miller,CUST-0449,Wireless Mouse,PROD-0001,45.68,2,TXN-004224,2024-03-04
4225,Aarav Young,CUST-0027,Casual Shorts,PROD-0017,29.07,2,TXN-004225,2025-03-04
4226,Reyansh King,CUST-0486,Coffee Maker,PROD-0021,62.05,2,TXN-004226,2024-04-05
4227,Manoj Sharma,CUST-0185,Hoodie,PROD-0013,50.64,1,TXN-004227,2024-03-28
4228,Deepak Rodriguez,CUST-0307,Cookbook,PROD-0039,22.32,2,TXN-004228,2025-10-25
4229,John Allen,CUST-0685,Webcam HD,PROD-0006,72.22,4,TXN-004229,2025-06-07
4230,Sara Patel,CUST-0512,Jump Rope,PROD-0044,18.67,3,TXN-004230,2024-10-03
4231,Liam Davis,CUST-0170,Cookbook,PROD-0039,22.32,2,TXN-004231,2025-07-27
4232,Elizabeth Wright,CUST-0517,External SSD 1TB,PROD-0010,77.83,2,TXN-004232,2025-02-05
4233,Patricia Reddy,CUST-0593,Resistance Bands,PROD-0043,22.74,4,TXN-004233,2025-05-03
4234,David Malhotra,CUST-0681,Yoga Mat,PROD-0041,42.7,1,TXN-004234,2024-02-14
4235,Mia Thomas,CUST-0603,Toaster,PROD-0023,31.12,1,TXN-004235,2024-04-30
4236,Kavita King,CUST-0265,Webcam HD,PROD-0006,72.22,3,TXN-004236,2025-03-09
4237,Pari Martinez,CUST-0116,Toaster,PROD-0023,31.12,2,TXN-004237,2025-05-21
4238,Amit Wright,CUST-0566,Dumbbells (Pair),PROD-0042,77.78,1,TXN-004238,2025-05-14
4239,Patricia Walker,CUST-0291,Jump Rope,PROD-0044,18.67,4,TXN-004239,2025-12-08
4240,Oliver Thomas,CUST-0567,Self-Help Guide,PROD-0036,10.26,1,TXN-004240,2025-01-21
4241,Richard Jackson,CUST-0363,Keyboard Mechanical,PROD-0007,97.82,3,TXN-004241,2025-04-16
4242,Linda Malhotra,CUST-0595,Resistance Bands,PROD-0043,22.74,2,TXN-004242,2025-02-11
4243,John Martin,CUST-0187,Cap,PROD-0019,12.46,2,TXN-004243,2025-09-11
4244,Aarav Menon,CUST-0432,Football,PROD-0045,29.05,2,TXN-004244,2025-09-16
4245,Betty White,CUST-0386,Knife Set,PROD-0025,68.52,2,TXN-004245,2024-09-28
4246,James Bhat,CUST-0627,Cutting Board,PROD-0028,11.96,1,TXN-004246,2025-04-08
4247,Thomas Johnson,CUST-0524,Scarf,PROD-0020,33.28,1,TXN-004247,2025-03-30
4248,Myra Jones,CUST-0012,External SSD 1TB,PROD-0010,77.83,2,TXN-004248,2024-04-14
4249,James Mehta,CUST-0396,External SSD 1TB,PROD-0010,77.83,1,TXN-004249,2024-12-30
4250,Meena Jones,CUST-0594,Cycling Gloves,PROD-0049,31.15,1,TXN-004250,2025-10-07
4251,Isabella Pillai,CUST-0417,Sports Socks (3-pack),PROD-0018,13.94,2,TXN-004251,2024-05-08
4252,Aanya Verma,CUST-0001,Machine Learning Guide,PROD-0033,42.63,5,TXN-004252,2024-08-15
4253,Sophia Davis,CUST-0273,Business Strategy,PROD-0035,33.11,2,TXN-004253,2025-12-14
4254,Karen Martin,CUST-0514,Formal Shirt,PROD-0015,57.36,2,TXN-004254,2025-03-22
4255,Linda Anderson,CUST-0141,Casual Shorts,PROD-0017,29.07,1,TXN-004255,2024-06-03
4256,Lucas Hernandez,CUST-0771,Web Development,PROD-0034,44.41,2,TXN-004256,2025-08-12
4257,Nisha Mehta,CUST-0070,Cutting Board,PROD-0028,11.96,1,TXN-004257,2024-03-05
4258,Lisa Rodriguez,CUST-0092,Scarf,PROD-0020,33.28,1,TXN-004258,2024-04-25
4259,Ananya Pillai,CUST-0601,Cycling Gloves,PROD-0049,31.15,5,TXN-004259,2024-09-11
4260,Nikhil Mehta,CUST-0367,Resistance Bands,PROD-0043,22.74,3,TXN-004260,2025-09-06
4261,Reyansh Mehta,CUST-0656,Cotton T-Shirt,PROD-0011,30.65,5,TXN-004261,2024-07-28
4262,Pooja Bhat,CUST-0732,Storage Containers,PROD-0027,35.05,1,TXN-004262,2024-08-06
4263,Meena Kumar,CUST-0487,Tennis Racket,PROD-0047,61.92,2,TXN-004263,2024-01-01
4264,Neha Lewis,CUST-0350,Denim Jeans,PROD-0012,82.97,5,TXN-004264,2024-02-14
4265,Rahul Brown,CUST-0261,Coffee Maker,PROD-0021,62.05,2,TXN-004265,2024-04-06
4266,Vikram Robinson,CUST-0411,Blender,PROD-0022,46.5,3,TXN-004266,2025-12-18
4267,Joseph White,CUST-0023,Cotton T-Shirt,PROD-0011,30.65,1,TXN-004267,2024-10-12
4268,Elizabeth Thomas,CUST-0769,Scarf,PROD-0020,33.28,2,TXN-004268,2024-09-25
4269,Sai Williams,CUST-0128,Travel Guide,PROD-0040,22.38,1,TXN-004269,2024-11-21
4270,Divya Singh,CUST-0666,USB-C Hub,PROD-0003,61.28,4,TXN-004270,2025-12-14
4271,Ananya Thompson,CUST-0297,Sports Socks (3-pack),PROD-0018,13.94,1,TXN-004271,2025-08-03
4272,Manoj Desai,CUST-0427,Water Bottle,PROD-0026,17.56,3,TXN-004272,2025-04-26
4273,Aditya Thompson,CUST-0774,Swimming Goggles,PROD-0048,16.81,2,TXN-004273,2024-03-07
4274,Vivaan Nair,CUST-0791,Web Development,PROD-0034,44.41,1,TXN-004274,2024-09-21
4275,Sai Singh,CUST-0609,Business Strategy,PROD-0035,33.11,2,TXN-004275,2025-07-13
4276,Nisha Reddy,CUST-0646,USB-C Hub,PROD-0003,61.28,2,TXN-004276,2024-01-03
4277,Vikram Robinson,CUST-0411,Tea Kettle,PROD-0030,40.05,3,TXN-004277,2024-05-28
4278,Sunita Reddy,CUST-0100,Sports Socks (3-pack),PROD-0018,13.94,1,TXN-004278,2024-10-04
4279,Betty Shah,CUST-0424,Web Development,PROD-0034,44.41,3,TXN-004279,2024-04-17
4280,John Wright,CUST-0232,Coffee Maker,PROD-0021,62.05,2,TXN-004280,2025-02-07
4281,Mary Smith,CUST-0642,Knife Set,PROD-0025,68.52,4,TXN-004281,2025-07-13
4282,John Malhotra,CUST-0433,Travel Guide,PROD-0040,22.38,2,TXN-004282,2025-09-24
4283,Sophia Rao,CUST-0255,Football,PROD-0045,29.05,5,TXN-004283,2025-02-09
4284,Riya White,CUST-0714,Travel Guide,PROD-0040,22.38,2,TXN-004284,2024-11-15
4285,Nikhil Bhat,CUST-0519,Knife Set,PROD-0025,68.52,2,TXN-004285,2025-12-06
4286,Amit Clark,CUST-0093,Coffee Maker,PROD-0021,62.05,1,TXN-004286,2024-09-24
4287,Aadhya Singh,CUST-0322,Resistance Bands,PROD-0043,22.74,1,TXN-004287,2024-05-07
4288,Sai Garcia,CUST-0629,Laptop Stand,PROD-0009,59.55,3,TXN-004288,2025-11-26
4289,Manoj Sharma,CUST-0185,Portable Charger,PROD-0004,42.05,3,TXN-004289,2025-05-04
4290,Diya Thomas,CUST-0370,Winter Jacket,PROD-0016,125.83,2,TXN-004290,2025-01-25
4291,Priya Mehta,CUST-0712,USB-C Hub,PROD-0003,61.28,1,TXN-004291,2024-03-13
4292,Reyansh King,CUST-0486,Webcam HD,PROD-0006,72.22,2,TXN-004292,2024-03-04
4293,Riya Nair,CUST-0233,Cookbook,PROD-0039,22.32,2,TXN-004293,2025-07-22
4294,Vikram Miller,CUST-0405,Running Shoes,PROD-0014,41.04,2,TXN-004294,2024-09-11
4295,Nancy Harris,CUST-0421,Basketball,PROD-0046,39.63,2,TXN-004295,2024-04-12
4296,Noah Desai,CUST-0528,History of AI,PROD-0038,15.71,1,TXN-004296,2025-01-16
4297,Krishna Malhotra,CUST-0614,Portable Charger,PROD-0004,42.05,1,TXN-004297,2024-01-08
4298,Karan Davis,CUST-0051,Bluetooth Headphones,PROD-0002,92.28,2,TXN-004298,2025-10-28
4299,Aarav Davis,CUST-0587,Scarf,PROD-0020,33.28,3,TXN-004299,2024-11-01
4300,Sai Walker,CUST-0544,History of AI,PROD-0038,15.71,1,TXN-004300,2024-02-18
4301,Michael Malhotra,CUST-0301,Knife Set,PROD-0025,68.52,5,TXN-004301,2025-11-29
4302,Priya White,CUST-0281,Swimming Goggles,PROD-0048,16.81,4,TXN-004302,2025-09-20
4303,Anjali Young,CUST-0446,Cutting Board,PROD-0028,11.96,2,TXN-004303,2024-02-21
4304,Sai Desai,CUST-0335,Cutting Board,PROD-0028,11.96,1,TXN-004304,2024-01-15
4305,Daniel Rodriguez,CUST-0319,Coffee Maker,PROD-0021,62.05,2,TXN-004305,2025-01-07
4306,Riya King,CUST-0502,Cycling Gloves,PROD-0049,31.15,2,TXN-004306,2025-07-04
4307,Aarav White,CUST-0030,Fiction Novel,PROD-0037,12.83,2,TXN-004307,2024-11-11
4308,Ishaan Young,CUST-0787,Coffee Maker,PROD-0021,62.05,5,TXN-004308,2024-07-15
4309,Nikhil Bhat,CUST-0519,Cookbook,PROD-0039,22.32,1,TXN-004309,2024-05-13
4310,Diya Davis,CUST-0249,Non-Stick Pan,PROD-0024,32.73,1,TXN-004310,2025-02-18
4311,Mason Reddy,CUST-0391,Laptop Stand,PROD-0009,59.55,4,TXN-004311,2024-07-07
4312,Priya Gupta,CUST-0789,Storage Containers,PROD-0027,35.05,1,TXN-004312,2024-10-23
4313,Deepak Garcia,CUST-0056,Keyboard Mechanical,PROD-0007,97.82,1,TXN-004313,2024-12-08
4314,Manoj Young,CUST-0619,Cookbook,PROD-0039,22.32,1,TXN-004314,2024-02-24
4315,Swati Lee,CUST-0010,Football,PROD-0045,29.05,4,TXN-004315,2025-03-11
4316,Nikhil Robinson,CUST-0165,Denim Jeans,PROD-0012,82.97,1,TXN-004316,2024-06-04
4317,Rohit Rao,CUST-0302,Denim Jeans,PROD-0012,82.97,5,TXN-004317,2025-04-07
4318,Kavita King,CUST-0439,Python Programming,PROD-0031,22.63,2,TXN-004318,2025-04-30
4319,Daniel Rodriguez,CUST-0319,Water Bottle,PROD-0026,17.56,1,TXN-004319,2024-11-19
4320,Anthony Lewis,CUST-0628,Smartwatch,PROD-0005,158.2,1,TXN-004320,2024-04-16
4321,Susan Lewis,CUST-0081,Denim Jeans,PROD-0012,82.97,1,TXN-004321,2024-04-12
4322,Suresh Desai,CUST-0095,Non-Stick Pan,PROD-0024,32.73,4,TXN-004322,2025-05-30
4323,Patricia Williams,CUST-0258,Business Strategy,PROD-0035,33.11,3,TXN-004323,2025-10-16
4324,Noah Malhotra,CUST-0398,Portable Charger,PROD-0004,42.05,1,TXN-004324,2025-07-03
4325,Emma Rao,CUST-0016,Keyboard Mechanical,PROD-0007,97.82,2,TXN-004325,2025-06-12
4326,Ayaan Walker,CUST-0406,Python Programming,PROD-0031,22.63,3,TXN-004326,2025-07-26
4327,Sarah Shah,CUST-0131,Hoodie,PROD-0013,50.64,4,TXN-004327,2024-06-26
4328,Isabella Rao,CUST-0592,Cookbook,PROD-0039,22.32,4,TXN-004328,2025-01-01
4329,Sunita Martinez,CUST-0455,Wireless Mouse,PROD-0001,45.68,4,TXN-004329,2024-10-06
4330,Deepak Kulkarni,CUST-0457,Laptop Stand,PROD-0009,59.55,5,TXN-004330,2025-02-22
4331,Sarah Shah,CUST-0270,Cotton T-Shirt,PROD-0011,30.65,2,TXN-004331,2025-03-11
4332,Daniel Rao,CUST-0078,External SSD 1TB,PROD-0010,77.83,3,TXN-004332,2024-06-17
4333,Ananya Shah,CUST-0055,Running Shoes,PROD-0014,41.04,2,TXN-004333,2024-08-22
4334,Sneha Lewis,CUST-0754,Cycling Gloves,PROD-0049,31.15,4,TXN-004334,2024-12-16
4335,Aanya Clark,CUST-0234,Cutting Board,PROD-0028,11.96,1,TXN-004335,2025-08-25
4336,Susan Clark,CUST-0748,Knife Set,PROD-0025,68.52,4,TXN-004336,2025-06-29
4337,David Sharma,CUST-0050,Tea Kettle,PROD-0030,40.05,2,TXN-004337,2025-10-12
4338,Oliver Gupta,CUST-0173,Non-Stick Pan,PROD-0024,32.73,5,TXN-004338,2025-06-10
4339,Diya Rao,CUST-0180,Scarf,PROD-0020,33.28,1,TXN-004339,2025-11-18
4340,Diya Rodriguez,CUST-0571,Football,PROD-0045,29.05,3,TXN-004340,2025-05-30
4341,Lisa Robinson,CUST-0333,Casual Shorts,PROD-0017,29.07,1,TXN-004341,2024-10-01
4342,Matthew Anderson,CUST-0049,USB-C Hub,PROD-0003,61.28,2,TXN-004342,2025-03-15
4343,Rahul Brown,CUST-0261,Scarf,PROD-0020,33.28,2,TXN-004343,2024-10-19
4344,Manoj Moore,CUST-0668,Tea Kettle,PROD-0030,40.05,1,TXN-004344,2024-05-29
4345,Betty Thompson,CUST-0202,Smartwatch,PROD-0005,158.2,1,TXN-004345,2024-07-17
4346,Oliver Kumar,CUST-0158,Basketball,PROD-0046,39.63,5,TXN-004346,2024-10-19
4347,Priya Gupta,CUST-0789,Business Strategy,PROD-0035,33.11,2,TXN-004347,2025-05-18
4348,Oliver Taylor,CUST-0699,Travel Guide,PROD-0040,22.38,3,TXN-004348,2024-03-27
4349,Mary Pillai,CUST-0462,Dish Rack,PROD-0029,28.32,4,TXN-004349,2025-02-11
4350,Mark Desai,CUST-0783,Running Shoes,PROD-0014,41.04,1,TXN-004350,2024-10-27
4351,Nancy Singh,CUST-0661,Dumbbells (Pair),PROD-0042,77.78,2,TXN-004351,2024-06-19
4352,Riya King,CUST-0502,Cotton T-Shirt,PROD-0011,30.65,1,TXN-004352,2025-07-22
4353,Nisha Clark,CUST-0552,Knife Set,PROD-0025,68.52,2,TXN-004353,2024-03-15
4354,Meena Kumar,CUST-0487,Toaster,PROD-0023,31.12,3,TXN-004354,2025-11-01
4355,James Reddy,CUST-0556,Portable Charger,PROD-0004,42.05,3,TXN-004355,2024-03-09
4356,Betty Jackson,CUST-0622,Knife Set,PROD-0025,68.52,5,TXN-004356,2024-02-12
4357,Lucas Patel,CUST-0262,Blender,PROD-0022,46.5,3,TXN-004357,2024-07-18
4358,Sandra White,CUST-0034,Knife Set,PROD-0025,68.52,2,TXN-004358,2024-08-23
4359,Lisa Robinson,CUST-0333,Tennis Racket,PROD-0047,61.92,2,TXN-004359,2024-05-28
4360,Jessica Chopra,CUST-0274,Travel Guide,PROD-0040,22.38,4,TXN-004360,2024-12-04
4361,Reyansh Nair,CUST-0236,Scarf,PROD-0020,33.28,1,TXN-004361,2025-12-17
4362,Vihaan Garcia,CUST-0650,Swimming Goggles,PROD-0048,16.81,1,TXN-004362,2024-03-11
4363,Aadhya Lewis,CUST-0733,Water Bottle,PROD-0026,17.56,2,TXN-004363,2025-06-01
4364,Richard Wright,CUST-0294,Machine Learning Guide,PROD-0033,42.63,4,TXN-004364,2025-03-11
4365,Nisha Wright,CUST-0354,Denim Jeans,PROD-0012,82.97,1,TXN-004365,2024-09-17
4366,Nisha Kulkarni,CUST-0687,Non-Stick Pan,PROD-0024,32.73,1,TXN-004366,2025-03-13
4367,Ananya Shah,CUST-0055,Business Strategy,PROD-0035,33.11,1,TXN-004367,2025-07-01
4368,Amit Clark,CUST-0371,Football,PROD-0045,29.05,1,TXN-004368,2025-09-09
4369,Vivaan Johnson,CUST-0635,Running Shoes,PROD-0014,41.04,2,TXN-004369,2025-07-19
4370,Sophia Jones,CUST-0110,Wireless Mouse,PROD-0001,45.68,2,TXN-004370,2025-10-28
4371,Aditya Thompson,CUST-0774,Tennis Racket,PROD-0047,61.92,2,TXN-004371,2024-09-03
4372,Sunita Harris,CUST-0660,Cookbook,PROD-0039,22.32,1,TXN-004372,2025-07-03
4373,Riya Martinez,CUST-0468,Machine Learning Guide,PROD-0033,42.63,2,TXN-004373,2024-09-18
4374,Nisha Clark,CUST-0552,Swimming Goggles,PROD-0048,16.81,1,TXN-004374,2025-09-29
4375,Diya Young,CUST-0582,History of AI,PROD-0038,15.71,2,TXN-004375,2025-08-23
4376,Aanya Young,CUST-0541,Machine Learning Guide,PROD-0033,42.63,3,TXN-004376,2025-12-08
4377,Krishna Malhotra,CUST-0614,Portable Charger,PROD-0004,42.05,1,TXN-004377,2024-11-18
4378,Deepak Desai,CUST-0493,History of AI,PROD-0038,15.71,3,TXN-004378,2025-05-05
4379,Richard Johnson,CUST-0108,Sports Socks (3-pack),PROD-0018,13.94,3,TXN-004379,2025-11-28
4380,Linda Anderson,CUST-0141,Casual Shorts,PROD-0017,29.07,1,TXN-004380,2024-02-07
4381,Lisa Rodriguez,CUST-0092,Tennis Racket,PROD-0047,61.92,5,TXN-004381,2025-07-07
4382,Arjun Moore,CUST-0766,Knife Set,PROD-0025,68.52,3,TXN-004382,2024-06-28
4383,Amit Lopez,CUST-0275,Laptop Stand,PROD-0009,59.55,4,TXN-004383,2025-07-24
4384,Sneha Verma,CUST-0665,Formal Shirt,PROD-0015,57.36,2,TXN-004384,2024-06-15
4385,Donald White,CUST-0534,Winter Jacket,PROD-0016,125.83,1,TXN-004385,2024-04-15
4386,Nikhil Thompson,CUST-0155,Monitor Stand,PROD-0008,53.18,5,TXN-004386,2025-11-06
4387,Richard Lewis,CUST-0563,Data Science Handbook,PROD-0032,42.44,1,TXN-004387,2024-06-09
4388,Charles Taylor,CUST-0581,Running Shoes,PROD-0014,41.04,5,TXN-004388,2025-06-13
4389,Noah Desai,CUST-0528,Portable Charger,PROD-0004,42.05,3,TXN-004389,2025-07-24
4390,Vivaan Menon,CUST-0218,Cotton T-Shirt,PROD-0011,30.65,1,TXN-004390,2024-02-15
4391,Krishna Wright,CUST-0120,Wireless Mouse,PROD-0001,45.68,1,TXN-004391,2024-06-28
4392,Arjun Verma,CUST-0003,Bluetooth Headphones,PROD-0002,92.28,1,TXN-004392,2025-06-18
4393,James Mehta,CUST-0396,Tea Kettle,PROD-0030,40.05,2,TXN-004393,2024-04-27
4394,Sunita Kumar,CUST-0047,Bluetooth Headphones,PROD-0002,92.28,2,TXN-004394,2025-10-08
4395,Divya Patel,CUST-0612,Resistance Bands,PROD-0043,22.74,4,TXN-004395,2025-11-23
4396,Deepak Desai,CUST-0493,Basketball,PROD-0046,39.63,1,TXN-004396,2024-01-12
4397,Charlotte Singh,CUST-0561,Webcam HD,PROD-0006,72.22,3,TXN-004397,2024-07-12
4398,Rahul Smith,CUST-0382,Knife Set,PROD-0025,68.52,3,TXN-004398,2024-10-22
4399,Nikhil Lopez,CUST-0064,Tennis Racket,PROD-0047,61.92,1,TXN-004399,2025-07-20
4400,Ananya Thompson,CUST-0297,Coffee Maker,PROD-0021,62.05,2,TXN-004400,2025-10-18
4401,Richard Smith,CUST-0088,History of AI,PROD-0038,15.71,2,TXN-004401,2024-02-18
4402,Noah Pillai,CUST-0495,Sports Socks (3-pack),PROD-0018,13.94,2,TXN-004402,2025-07-17
4403,William Taylor,CUST-0657,Laptop Stand,PROD-0009,59.55,1,TXN-004403,2024-11-12
4404,John Walker,CUST-0419,History of AI,PROD-0038,15.71,1,TXN-004404,2025-11-23
4405,Sandra Martin,CUST-0101,USB-C Hub,PROD-0003,61.28,1,TXN-004405,2024-01-18
4406,Emma Hernandez,CUST-0469,Cycling Gloves,PROD-0049,31.15,2,TXN-004406,2024-07-05
4407,Mia Verma,CUST-0004,Non-Stick Pan,PROD-0024,32.73,3,TXN-004407,2024-10-12
4408,Manoj Reddy,CUST-0338,Swimming Goggles,PROD-0048,16.81,2,TXN-004408,2025-03-24
4409,Sunita Bhat,CUST-0077,Blender,PROD-0022,46.5,1,TXN-004409,2025-12-06
4410,Ashley Sharma,CUST-0048,Cutting Board,PROD-0028,11.96,2,TXN-004410,2025-11-15
4411,Vihaan White,CUST-0400,Cutting Board,PROD-0028,11.96,1,TXN-004411,2024-03-16
4412,Ishaan White,CUST-0014,Dumbbells (Pair),PROD-0042,77.78,1,TXN-004412,2025-01-14
4413,Deepak Rodriguez,CUST-0307,Webcam HD,PROD-0006,72.22,3,TXN-004413,2025-12-21
4414,Oliver Kulkarni,CUST-0231,Cap,PROD-0019,12.46,1,TXN-004414,2025-04-02
4415,Nikhil Lopez,CUST-0555,Coffee Maker,PROD-0021,62.05,1,TXN-004415,2025-09-20
4416,Michael Smith,CUST-0606,Sports Socks (3-pack),PROD-0018,13.94,3,TXN-004416,2025-04-25
4417,Sarah Williams,CUST-0043,Web Development,PROD-0034,44.41,2,TXN-004417,2025-01-11
4418,Charlotte Bhat,CUST-0792,Self-Help Guide,PROD-0036,10.26,3,TXN-004418,2025-03-16
4419,Susan Davis,CUST-0430,Self-Help Guide,PROD-0036,10.26,1,TXN-004419,2025-07-21
4420,Nancy Bhat,CUST-0145,Knife Set,PROD-0025,68.52,2,TXN-004420,2025-08-04
4421,Manoj Lee,CUST-0579,Travel Guide,PROD-0040,22.38,2,TXN-004421,2025-02-01
4422,Betty Jackson,CUST-0622,Tea Kettle,PROD-0030,40.05,3,TXN-004422,2025-06-24
4423,Susan Davis,CUST-0240,Business Strategy,PROD-0035,33.11,2,TXN-004423,2025-07-22
4424,Donald Thomas,CUST-0533,Yoga Mat,PROD-0041,42.7,2,TXN-004424,2025-04-28
4425,Charles Kulkarni,CUST-0542,Jump Rope,PROD-0044,18.67,2,TXN-004425,2025-05-11
4426,Mary Patel,CUST-0630,Smartwatch,PROD-0005,158.2,1,TXN-004426,2025-01-14
4427,Michael Smith,CUST-0606,Cutting Board,PROD-0028,11.96,1,TXN-004427,2025-04-09
4428,Divya Kumar,CUST-0080,Fiction Novel,PROD-0037,12.83,2,TXN-004428,2025-01-21
4429,Lisa Hernandez,CUST-0024,Football,PROD-0045,29.05,2,TXN-004429,2024-05-09
4430,Joseph White,CUST-0023,Webcam HD,PROD-0006,72.22,1,TXN-004430,2025-12-19
4431,Mark Desai,CUST-0783,Toaster,PROD-0023,31.12,2,TXN-004431,2025-10-08
4432,Jennifer Mehta,CUST-0535,Fiction Novel,PROD-0037,12.83,2,TXN-004432,2024-07-10
4433,Elizabeth Thomas,CUST-0390,Wireless Mouse,PROD-0001,45.68,1,TXN-004433,2024-03-21
4434,Oliver Thomas,CUST-0567,Wireless Mouse,PROD-0001,45.68,3,TXN-004434,2025-08-08
4435,James Young,CUST-0378,Laptop Stand,PROD-0009,59.55,4,TXN-004435,2025-04-17
4436,Diya Thomas,CUST-0370,Blender,PROD-0022,46.5,2,TXN-004436,2024-04-30
4437,Mia White,CUST-0472,Data Science Handbook,PROD-0032,42.44,2,TXN-004437,2025-12-24
4438,Amit Clark,CUST-0093,Resistance Bands,PROD-0043,22.74,3,TXN-004438,2025-05-14
4439,Patricia Wright,CUST-0304,Knife Set,PROD-0025,68.52,2,TXN-004439,2024-03-17
4440,Suresh Shah,CUST-0099,Business Strategy,PROD-0035,33.11,2,TXN-004440,2025-10-22
4441,Swati Gupta,CUST-0565,External SSD 1TB,PROD-0010,77.83,1,TXN-004441,2025-09-15
4442,Noah Verma,CUST-0730,History of AI,PROD-0038,15.71,2,TXN-004442,2024-05-21
4443,Kavita Thompson,CUST-0447,Sports Socks (3-pack),PROD-0018,13.94,1,TXN-004443,2024-05-24
4444,Mark Hernandez,CUST-0618,Python Programming,PROD-0031,22.63,1,TXN-004444,2025-08-24
4445,Sunita Bhat,CUST-0077,Dish Rack,PROD-0029,28.32,1,TXN-004445,2025-12-25
4446,Meena Thomas,CUST-0271,Tennis Racket,PROD-0047,61.92,3,TXN-004446,2024-09-29
4447,Patricia Bhat,CUST-0136,Keyboard Mechanical,PROD-0007,97.82,3,TXN-004447,2024-12-20
4448,Nikhil Pillai,CUST-0698,Cap,PROD-0019,12.46,1,TXN-004448,2024-02-16
4449,Ananya Hernandez,CUST-0327,Cutting Board,PROD-0028,11.96,3,TXN-004449,2024-05-09
4450,Arjun Verma,CUST-0003,Fiction Novel,PROD-0037,12.83,1,TXN-004450,2025-01-10
4451,Liam Clark,CUST-0509,Wireless Mouse,PROD-0001,45.68,3,TXN-004451,2024-01-19
4452,Anthony Malhotra,CUST-0752,Portable Charger,PROD-0004,42.05,1,TXN-004452,2025-02-12
4453,Neha Miller,CUST-0225,Basketball,PROD-0046,39.63,4,TXN-004453,2025-02-23
4454,Betty Martinez,CUST-0282,Portable Charger,PROD-0004,42.05,2,TXN-004454,2024-08-04
4455,Susan Robinson,CUST-0140,Sports Socks (3-pack),PROD-0018,13.94,3,TXN-004455,2025-04-26
4456,Jessica Anderson,CUST-0182,Machine Learning Guide,PROD-0033,42.63,1,TXN-004456,2025-07-27
4457,Jessica Rao,CUST-0626,Coffee Maker,PROD-0021,62.05,4,TXN-004457,2024-10-13
4458,Aarav King,CUST-0006,Portable Charger,PROD-0004,42.05,1,TXN-004458,2025-06-16
4459,Manoj Moore,CUST-0668,Web Development,PROD-0034,44.41,1,TXN-004459,2025-12-06
4460,Rajesh Chopra,CUST-0269,Basketball,PROD-0046,39.63,2,TXN-004460,2024-04-02
4461,Susan Robinson,CUST-0140,Storage Containers,PROD-0027,35.05,1,TXN-004461,2025-07-09
4462,Vivaan Nair,CUST-0791,Non-Stick Pan,PROD-0024,32.73,1,TXN-004462,2024-03-08
4463,Charlotte Jackson,CUST-0061,Toaster,PROD-0023,31.12,4,TXN-004463,2025-10-18
4464,Diya Jones,CUST-0715,Cycling Gloves,PROD-0049,31.15,4,TXN-004464,2024-04-03
4465,Aditya Allen,CUST-0119,Fiction Novel,PROD-0037,12.83,1,TXN-004465,2024-01-02
4466,Jessica Rao,CUST-0626,Denim Jeans,PROD-0012,82.97,3,TXN-004466,2024-04-21
4467,Mia Rao,CUST-0673,Webcam HD,PROD-0006,72.22,1,TXN-004467,2025-03-13
4468,Lucas Davis,CUST-0083,Swimming Goggles,PROD-0048,16.81,4,TXN-004468,2025-01-06
4469,Riya Nair,CUST-0233,Dish Rack,PROD-0029,28.32,1,TXN-004469,2025-08-06
4470,Susan Robinson,CUST-0140,Hoodie,PROD-0013,50.64,1,TXN-004470,2025-04-18
4471,Sarah Nair,CUST-0073,Cutting Board,PROD-0028,11.96,2,TXN-004471,2025-11-27
4472,Emma Rao,CUST-0016,Wireless Mouse,PROD-0001,45.68,5,TXN-004472,2024-09-19
4473,Neha Iyer,CUST-0718,Dumbbells (Pair),PROD-0042,77.78,1,TXN-004473,2025-05-31
4474,Rahul Bhat,CUST-0588,Scarf,PROD-0020,33.28,2,TXN-004474,2024-12-01
4475,Divya Hernandez,CUST-0716,Cap,PROD-0019,12.46,1,TXN-004475,2025-10-23
4476,Nancy Bhat,CUST-0145,Fiction Novel,PROD-0037,12.83,2,TXN-004476,2025-02-27
4477,Aditya Thompson,CUST-0608,Self-Help Guide,PROD-0036,10.26,2,TXN-004477,2025-02-26
4478,Sneha Taylor,CUST-0353,Laptop Stand,PROD-0009,59.55,2,TXN-004478,2024-10-12
4479,Jennifer Mehta,CUST-0484,Gym Bag,PROD-0050,52.65,1,TXN-004479,2024-03-31
4480,William Kumar,CUST-0640,Tennis Racket,PROD-0047,61.92,2,TXN-004480,2024-05-24
4481,Reyansh King,CUST-0486,Hoodie,PROD-0013,50.64,3,TXN-004481,2025-07-05
4482,Sai Walker,CUST-0085,Running Shoes,PROD-0014,41.04,4,TXN-004482,2024-03-13
4483,Suresh Kumar,CUST-0037,Casual Shorts,PROD-0017,29.07,1,TXN-004483,2024-06-06
4484,Linda Martinez,CUST-0361,Gym Bag,PROD-0050,52.65,2,TXN-004484,2025-09-17
4485,Ashley Jones,CUST-0413,Formal Shirt,PROD-0015,57.36,2,TXN-004485,2024-03-11
4486,Riya Verma,CUST-0480,Cap,PROD-0019,12.46,1,TXN-004486,2025-01-03
4487,Karan Miller,CUST-0449,Casual Shorts,PROD-0017,29.07,2,TXN-004487,2024-09-04
4488,Ishaan Clark,CUST-0346,External SSD 1TB,PROD-0010,77.83,2,TXN-004488,2024-03-02
4489,Manoj Martin,CUST-0416,Sports Socks (3-pack),PROD-0018,13.94,5,TXN-004489,2025-03-21
4490,Margaret Pillai,CUST-0040,Swimming Goggles,PROD-0048,16.81,2,TXN-004490,2024-07-17
4491,Mia Thomas,CUST-0603,Self-Help Guide,PROD-0036,10.26,1,TXN-004491,2024-09-14
4492,Deepak Rodriguez,CUST-0307,Business Strategy,PROD-0035,33.11,2,TXN-004492,2025-07-14
4493,Mia Nair,CUST-0311,Denim Jeans,PROD-0012,82.97,1,TXN-004493,2024-08-21
4494,Patricia Martin,CUST-0392,Yoga Mat,PROD-0041,42.7,5,TXN-004494,2024-11-01
4495,Manoj Martin,CUST-0416,Laptop Stand,PROD-0009,59.55,2,TXN-004495,2024-12-04
4496,Swati Malhotra,CUST-0343,Portable Charger,PROD-0004,42.05,2,TXN-004496,2025-03-30
4497,Neha Rodriguez,CUST-0284,Basketball,PROD-0046,39.63,1,TXN-004497,2025-01-03
4498,Pari Thomas,CUST-0460,Travel Guide,PROD-0040,22.38,1,TXN-004498,2024-03-22
4499,Nisha Harris,CUST-0373,Water Bottle,PROD-0026,17.56,1,TXN-004499,2025-08-01
4500,Rohit Robinson,CUST-0188,Tennis Racket,PROD-0047,61.92,3,TXN-004500,2025-08-31
4501,Pooja Walker,CUST-0035,Business Strategy,PROD-0035,33.11,4,TXN-004501,2024-11-28
4502,Sophia Jones,CUST-0110,USB-C Hub,PROD-0003,61.28,2,TXN-004502,2025-12-17
4503,Vihaan Smith,CUST-0317,Tennis Racket,PROD-0047,61.92,1,TXN-004503,2025-09-06
4504,Divya Rodriguez,CUST-0105,Formal Shirt,PROD-0015,57.36,1,TXN-004504,2024-03-26
4505,Rahul Allen,CUST-0103,Tea Kettle,PROD-0030,40.05,3,TXN-004505,2025-02-01
4506,Riya Harris,CUST-0098,Cookbook,PROD-0039,22.32,5,TXN-004506,2024-01-20
4507,Myra Desai,CUST-0146,Blender,PROD-0022,46.5,3,TXN-004507,2025-12-22
4508,Aanya Gupta,CUST-0456,Jump Rope,PROD-0044,18.67,1,TXN-004508,2025-12-04
4509,Richard Menon,CUST-0720,Denim Jeans,PROD-0012,82.97,1,TXN-004509,2024-01-25
4510,Manoj Martin,CUST-0416,Basketball,PROD-0046,39.63,2,TXN-004510,2024-08-27
4511,Charles Kumar,CUST-0323,Sports Socks (3-pack),PROD-0018,13.94,2,TXN-004511,2024-03-26
4512,Oliver Taylor,CUST-0699,Denim Jeans,PROD-0012,82.97,5,TXN-004512,2024-03-25
4513,Arjun Shah,CUST-0683,Laptop Stand,PROD-0009,59.55,1,TXN-004513,2024-11-17
4514,Diya Garcia,CUST-0580,Toaster,PROD-0023,31.12,4,TXN-004514,2024-03-01
4515,Krishna Gupta,CUST-0011,Cotton T-Shirt,PROD-0011,30.65,4,TXN-004515,2025-12-17
4516,Swati Kulkarni,CUST-0052,Webcam HD,PROD-0006,72.22,1,TXN-004516,2024-12-11
4517,Meena Anderson,CUST-0220,Tennis Racket,PROD-0047,61.92,4,TXN-004517,2024-12-21
4518,Riya Jackson,CUST-0671,Jump Rope,PROD-0044,18.67,2,TXN-004518,2024-09-22
4519,Ananya Lewis,CUST-0451,Yoga Mat,PROD-0041,42.7,4,TXN-004519,2024-12-13
4520,Isha Nair,CUST-0033,Dish Rack,PROD-0029,28.32,1,TXN-004520,2025-05-19
4521,Rahul Allen,CUST-0103,Cycling Gloves,PROD-0049,31.15,2,TXN-004521,2024-07-14
4522,Sunita Patel,CUST-0133,Tea Kettle,PROD-0030,40.05,2,TXN-004522,2024-02-20
4523,Richard Jackson,CUST-0363,Basketball,PROD-0046,39.63,3,TXN-004523,2025-11-21
4524,Nancy Pillai,CUST-0375,Dumbbells (Pair),PROD-0042,77.78,1,TXN-004524,2024-08-24
4525,Arjun Shah,CUST-0683,Cycling Gloves,PROD-0049,31.15,3,TXN-004525,2024-02-19
4526,Swati Lee,CUST-0010,Water Bottle,PROD-0026,17.56,1,TXN-004526,2025-11-24
4527,Matthew Singh,CUST-0637,Running Shoes,PROD-0014,41.04,5,TXN-004527,2024-01-13
4528,Reyansh White,CUST-0209,Football,PROD-0045,29.05,4,TXN-004528,2024-05-01
4529,Mia Verma,CUST-0004,Sports Socks (3-pack),PROD-0018,13.94,1,TXN-004529,2024-02-02
4530,Meena Anderson,CUST-0220,Cutting Board,PROD-0028,11.96,1,TXN-004530,2025-09-18
4531,Divya Hernandez,CUST-0716,Cycling Gloves,PROD-0049,31.15,1,TXN-004531,2024-03-14
4532,James Reddy,CUST-0556,Scarf,PROD-0020,33.28,2,TXN-004532,2024-04-06
4533,Deepak Brown,CUST-0227,Dumbbells (Pair),PROD-0042,77.78,1,TXN-004533,2025-09-22
4534,Sunita Martinez,CUST-0632,Denim Jeans,PROD-0012,82.97,5,TXN-004534,2025-01-02
4535,Karan Robinson,CUST-0355,Cycling Gloves,PROD-0049,31.15,3,TXN-004535,2025-01-17
4536,Daniel Taylor,CUST-0703,Fiction Novel,PROD-0037,12.83,1,TXN-004536,2024-02-16
4537,Amit Clark,CUST-0371,Knife Set,PROD-0025,68.52,1,TXN-004537,2024-03-01
4538,Suresh Lee,CUST-0418,Data Science Handbook,PROD-0032,42.44,2,TXN-004538,2025-08-14
4539,Ishaan White,CUST-0014,Dumbbells (Pair),PROD-0042,77.78,1,TXN-004539,2025-08-07
4540,Kavita King,CUST-0439,Self-Help Guide,PROD-0036,10.26,1,TXN-004540,2025-07-13
4541,Isabella Johnson,CUST-0397,Basketball,PROD-0046,39.63,2,TXN-004541,2024-09-26
4542,Karen Nair,CUST-0046,Gym Bag,PROD-0050,52.65,2,TXN-004542,2024-09-04
4543,Divya Moore,CUST-0491,Machine Learning Guide,PROD-0033,42.63,1,TXN-004543,2025-11-27
4544,Krishna Thomas,CUST-0129,Basketball,PROD-0046,39.63,4,TXN-004544,2024-08-11
4545,Matthew Harris,CUST-0679,Hoodie,PROD-0013,50.64,2,TXN-004545,2024-10-22
4546,Robert Verma,CUST-0315,History of AI,PROD-0038,15.71,2,TXN-004546,2025-01-18
4547,Oliver Kulkarni,CUST-0231,Bluetooth Headphones,PROD-0002,92.28,1,TXN-004547,2025-05-17
4548,Vikram Johnson,CUST-0470,Knife Set,PROD-0025,68.52,3,TXN-004548,2024-06-09
4549,Swati Malhotra,CUST-0343,Coffee Maker,PROD-0021,62.05,1,TXN-004549,2024-06-13
4550,Reyansh Lewis,CUST-0649,Toaster,PROD-0023,31.12,3,TXN-004550,2024-03-15
4551,Patricia White,CUST-0506,Running Shoes,PROD-0014,41.04,5,TXN-004551,2024-11-16
4552,Lucas Patel,CUST-0262,Laptop Stand,PROD-0009,59.55,4,TXN-004552,2024-07-07
4553,Mason Mehta,CUST-0293,Keyboard Mechanical,PROD-0007,97.82,2,TXN-004553,2024-09-17
4554,Richard Gupta,CUST-0189,History of AI,PROD-0038,15.71,1,TXN-004554,2024-07-10
4555,Nikhil Smith,CUST-0678,Fiction Novel,PROD-0037,12.83,3,TXN-004555,2024-06-02
4556,Neha Miller,CUST-0225,Formal Shirt,PROD-0015,57.36,1,TXN-004556,2024-04-07
4557,Ashley Gupta,CUST-0072,Wireless Mouse,PROD-0001,45.68,3,TXN-004557,2024-02-02
4558,Charles Verma,CUST-0586,USB-C Hub,PROD-0003,61.28,2,TXN-004558,2025-03-07
4559,Oliver Patel,CUST-0694,USB-C Hub,PROD-0003,61.28,1,TXN-004559,2024-01-06
4560,Susan Brown,CUST-0653,Cycling Gloves,PROD-0049,31.15,5,TXN-004560,2025-07-23
4561,Betty Shah,CUST-0424,Machine Learning Guide,PROD-0033,42.63,1,TXN-004561,2024-01-15
4562,Ayaan Lopez,CUST-0156,Monitor Stand,PROD-0008,53.18,1,TXN-004562,2025-02-06
4563,Sunita Martinez,CUST-0455,Formal Shirt,PROD-0015,57.36,3,TXN-004563,2025-09-23
4564,Neha Kulkarni,CUST-0007,Cap,PROD-0019,12.46,4,TXN-004564,2024-12-08
4565,Riya Martinez,CUST-0468,Blender,PROD-0022,46.5,3,TXN-004565,2025-07-30
4566,Sunita Malhotra,CUST-0570,Business Strategy,PROD-0035,33.11,2,TXN-004566,2025-08-02
4567,Anthony Thompson,CUST-0191,Webcam HD,PROD-0006,72.22,1,TXN-004567,2025-08-30
4568,James Davis,CUST-0790,Cutting Board,PROD-0028,11.96,1,TXN-004568,2025-02-08
4569,Ashley Sharma,CUST-0048,Formal Shirt,PROD-0015,57.36,5,TXN-004569,2024-09-03
4570,Susan Davis,CUST-0430,Resistance Bands,PROD-0043,22.74,3,TXN-004570,2024-07-02
4571,Charles Moore,CUST-0009,Football,PROD-0045,29.05,1,TXN-004571,2025-01-13
4572,Richard Jackson,CUST-0363,Web Development,PROD-0034,44.41,1,TXN-004572,2024-09-18
4573,Vivaan Kulkarni,CUST-0474,Tea Kettle,PROD-0030,40.05,4,TXN-004573,2025-12-12
4574,Ananya Lee,CUST-0611,Laptop Stand,PROD-0009,59.55,1,TXN-004574,2025-03-31
4575,Divya King,CUST-0118,Webcam HD,PROD-0006,72.22,3,TXN-004575,2024-06-14
4576,John Wright,CUST-0232,Basketball,PROD-0046,39.63,3,TXN-004576,2024-01-07
4577,Matthew Iyer,CUST-0186,Hoodie,PROD-0013,50.64,2,TXN-004577,2024-06-21
4578,Mason Young,CUST-0102,Dumbbells (Pair),PROD-0042,77.78,3,TXN-004578,2025-11-07
4579,Michael Lopez,CUST-0176,Smartwatch,PROD-0005,158.2,1,TXN-004579,2025-06-21
4580,Sai Williams,CUST-0128,Web Development,PROD-0034,44.41,2,TXN-004580,2025-05-15
4581,Divya Davis,CUST-0741,Wireless Mouse,PROD-0001,45.68,2,TXN-004581,2025-08-02
4582,Sophia Desai,CUST-0097,Cutting Board,PROD-0028,11.96,1,TXN-004582,2024-04-24
4583,Lucas Smith,CUST-0516,Cutting Board,PROD-0028,11.96,1,TXN-004583,2025-01-15
4584,Joseph Patel,CUST-0341,Self-Help Guide,PROD-0036,10.26,2,TXN-004584,2025-08-25
4585,Sandra Davis,CUST-0321,Fiction Novel,PROD-0037,12.83,3,TXN-004585,2025-12-07
4586,David Jackson,CUST-0482,Cotton T-Shirt,PROD-0011,30.65,3,TXN-004586,2024-04-06
4587,Mason Reddy,CUST-0391,Self-Help Guide,PROD-0036,10.26,2,TXN-004587,2025-12-26
4588,Swati Kulkarni,CUST-0052,Cycling Gloves,PROD-0049,31.15,5,TXN-004588,2024-12-13
4589,Mary Jones,CUST-0243,Python Programming,PROD-0031,22.63,2,TXN-004589,2025-12-17
4590,Manoj Young,CUST-0619,Running Shoes,PROD-0014,41.04,1,TXN-004590,2025-01-19
4591,Aarav Gupta,CUST-0624,External SSD 1TB,PROD-0010,77.83,2,TXN-004591,2025-08-18
4592,Sarah Shah,CUST-0492,Denim Jeans,PROD-0012,82.97,3,TXN-004592,2024-10-09
4593,Betty Brown,CUST-0340,Scarf,PROD-0020,33.28,4,TXN-004593,2025-11-04
4594,Suresh Shah,CUST-0099,Machine Learning Guide,PROD-0033,42.63,1,TXN-004594,2025-05-03
4595,Mary White,CUST-0167,Wireless Mouse,PROD-0001,45.68,1,TXN-004595,2025-07-18
4596,Nisha Thompson,CUST-0219,Travel Guide,PROD-0040,22.38,1,TXN-004596,2024-05-10
4597,Isha Pillai,CUST-0641,Formal Shirt,PROD-0015,57.36,1,TXN-004597,2024-06-08
4598,Charlotte Jackson,CUST-0061,Casual Shorts,PROD-0017,29.07,1,TXN-004598,2024-10-12
4599,Sai Rao,CUST-0499,Sports Socks (3-pack),PROD-0018,13.94,2,TXN-004599,2024-05-14
4600,Sunita Rao,CUST-0768,Web Development,PROD-0034,44.41,3,TXN-004600,2024-03-08
4601,Aarav Menon,CUST-0432,Non-Stick Pan,PROD-0024,32.73,2,TXN-004601,2025-12-28
4602,Ananya Lopez,CUST-0201,Football,PROD-0045,29.05,1,TXN-004602,2024-05-09
4603,Sneha Lewis,CUST-0754,Yoga Mat,PROD-0041,42.7,3,TXN-004603,2024-05-10
4604,Suresh Kumar,CUST-0037,Yoga Mat,PROD-0041,42.7,1,TXN-004604,2024-02-21
4605,Neha Rodriguez,CUST-0284,Basketball,PROD-0046,39.63,2,TXN-004605,2024-08-12
4606,Mary Shah,CUST-0135,Laptop Stand,PROD-0009,59.55,3,TXN-004606,2025-05-24
4607,Robert Hernandez,CUST-0368,Laptop Stand,PROD-0009,59.55,2,TXN-004607,2024-04-15
4608,Emma Singh,CUST-0250,Non-Stick Pan,PROD-0024,32.73,3,TXN-004608,2024-02-12
4609,Isabella Anderson,CUST-0796,Cycling Gloves,PROD-0049,31.15,1,TXN-004609,2024-04-05
4610,Charles Harris,CUST-0428,Blender,PROD-0022,46.5,4,TXN-004610,2025-02-20
4611,Sandra Kulkarni,CUST-0260,Water Bottle,PROD-0026,17.56,1,TXN-004611,2025-11-29
4612,James Pillai,CUST-0059,Toaster,PROD-0023,31.12,3,TXN-004612,2025-09-01
4613,Krishna Anderson,CUST-0237,Dish Rack,PROD-0029,28.32,2,TXN-004613,2024-12-30
4614,Priya Martinez,CUST-0408,History of AI,PROD-0038,15.71,1,TXN-004614,2025-07-04
4615,John Pillai,CUST-0230,Laptop Stand,PROD-0009,59.55,3,TXN-004615,2025-12-01
4616,Lisa Hernandez,CUST-0024,Dumbbells (Pair),PROD-0042,77.78,1,TXN-004616,2025-09-04
4617,Lisa Rodriguez,CUST-0092,Storage Containers,PROD-0027,35.05,2,TXN-004617,2025-12-03
4618,James Walker,CUST-0761,Smartwatch,PROD-0005,158.2,2,TXN-004618,2025-01-22
4619,Sara Jackson,CUST-0623,USB-C Hub,PROD-0003,61.28,4,TXN-004619,2024-06-11
4620,Amit Rodriguez,CUST-0597,Swimming Goggles,PROD-0048,16.81,5,TXN-004620,2024-08-11
4621,Linda Mehta,CUST-0123,Bluetooth Headphones,PROD-0002,92.28,1,TXN-004621,2025-07-08
4622,Noah Harris,CUST-0283,Smartwatch,PROD-0005,158.2,2,TXN-004622,2025-02-05
4623,Mary White,CUST-0167,External SSD 1TB,PROD-0010,77.83,2,TXN-004623,2024-07-26
4624,Aanya Jackson,CUST-0122,Storage Containers,PROD-0027,35.05,2,TXN-004624,2025-05-28
4625,Liam Jackson,CUST-0058,Non-Stick Pan,PROD-0024,32.73,2,TXN-004625,2025-01-12
4626,Charles Harris,CUST-0428,Water Bottle,PROD-0026,17.56,2,TXN-004626,2024-02-11
4627,Margaret Garcia,CUST-0393,Formal Shirt,PROD-0015,57.36,3,TXN-004627,2024-06-05
4628,Charlotte Smith,CUST-0087,Fiction Novel,PROD-0037,12.83,2,TXN-004628,2025-02-07
4629,Amit Clark,CUST-0371,Non-Stick Pan,PROD-0024,32.73,1,TXN-004629,2025-08-18
4630,Richard Wright,CUST-0294,Gym Bag,PROD-0050,52.65,3,TXN-004630,2024-09-17
4631,Karen Rao,CUST-0308,Dumbbells (Pair),PROD-0042,77.78,1,TXN-004631,2025-03-17
4632,Sophia Rao,CUST-0401,Hoodie,PROD-0013,50.64,2,TXN-004632,2025-09-11
4633,Priya Gupta,CUST-0789,Hoodie,PROD-0013,50.64,3,TXN-004633,2025-08-04
4634,Manoj Desai,CUST-0427,Toaster,PROD-0023,31.12,1,TXN-004634,2025-10-24
4635,Manoj Hernandez,CUST-0620,Knife Set,PROD-0025,68.52,1,TXN-004635,2024-07-13
4636,Sunita Patel,CUST-0133,Cotton T-Shirt,PROD-0011,30.65,1,TXN-004636,2025-03-20
4637,Aditya Lopez,CUST-0121,Webcam HD,PROD-0006,72.22,1,TXN-004637,2024-05-30
4638,Lucas Patel,CUST-0262,Running Shoes,PROD-0014,41.04,3,TXN-004638,2025-11-12
4639,Linda Anderson,CUST-0141,Swimming Goggles,PROD-0048,16.81,1,TXN-004639,2025-11-01
4640,Thomas Moore,CUST-0569,Football,PROD-0045,29.05,1,TXN-004640,2025-11-20
4641,Nikhil Thompson,CUST-0155,Keyboard Mechanical,PROD-0007,97.82,2,TXN-004641,2025-06-09
4642,Aadhya Sharma,CUST-0652,USB-C Hub,PROD-0003,61.28,2,TXN-004642,2025-05-19
4643,Sai Singh,CUST-0609,Jump Rope,PROD-0044,18.67,2,TXN-004643,2025-09-29
4644,Suresh Lee,CUST-0418,External SSD 1TB,PROD-0010,77.83,2,TXN-004644,2024-11-14
4645,Krishna Malhotra,CUST-0729,Webcam HD,PROD-0006,72.22,2,TXN-004645,2025-08-07
4646,Joseph Patel,CUST-0700,Knife Set,PROD-0025,68.52,1,TXN-004646,2024-07-24
4647,Ayaan Jackson,CUST-0574,Blender,PROD-0022,46.5,3,TXN-004647,2024-05-17
4648,Vikram Bhat,CUST-0738,Cap,PROD-0019,12.46,4,TXN-004648,2024-07-10
4649,Nancy Pillai,CUST-0375,Resistance Bands,PROD-0043,22.74,1,TXN-004649,2025-06-28
4650,Isha Bhat,CUST-0242,Formal Shirt,PROD-0015,57.36,1,TXN-004650,2024-07-26
4651,Linda Rodriguez,CUST-0036,Football,PROD-0045,29.05,1,TXN-004651,2024-03-21
4652,Patricia Malhotra,CUST-0724,Non-Stick Pan,PROD-0024,32.73,3,TXN-004652,2025-06-25
4653,Sara Patel,CUST-0512,Water Bottle,PROD-0026,17.56,1,TXN-004653,2024-09-30
4654,Margaret Martin,CUST-0379,Tea Kettle,PROD-0030,40.05,3,TXN-004654,2025-02-03
4655,Myra Patel,CUST-0707,Fiction Novel,PROD-0037,12.83,2,TXN-004655,2025-05-26
4656,Thomas Jones,CUST-0339,Tea Kettle,PROD-0030,40.05,2,TXN-004656,2025-12-30
4657,Vikram Bhat,CUST-0738,Sports Socks (3-pack),PROD-0018,13.94,3,TXN-004657,2025-10-12
4658,Amit Robinson,CUST-0344,Hoodie,PROD-0013,50.64,1,TXN-004658,2024-09-02
4659,Krishna Moore,CUST-0448,Non-Stick Pan,PROD-0024,32.73,2,TXN-004659,2024-10-04
4660,Sunita Gupta,CUST-0403,Knife Set,PROD-0025,68.52,4,TXN-004660,2025-08-31
4661,Isabella Anderson,CUST-0796,Machine Learning Guide,PROD-0033,42.63,1,TXN-004661,2024-03-06
4662,Donald Iyer,CUST-0442,Running Shoes,PROD-0014,41.04,4,TXN-004662,2024-05-09
4663,Susan Lewis,CUST-0081,Denim Jeans,PROD-0012,82.97,1,TXN-004663,2025-01-13
4664,Joseph White,CUST-0023,Business Strategy,PROD-0035,33.11,2,TXN-004664,2024-01-09
4665,Aarav Davis,CUST-0587,Blender,PROD-0022,46.5,4,TXN-004665,2025-09-25
4666,Riya Davis,CUST-0314,Machine Learning Guide,PROD-0033,42.63,1,TXN-004666,2024-12-15
4667,Elizabeth Clark,CUST-0190,Cycling Gloves,PROD-0049,31.15,1,TXN-004667,2024-05-26
4668,Sara Wright,CUST-0331,Non-Stick Pan,PROD-0024,32.73,2,TXN-004668,2025-02-10
4669,David Thomas,CUST-0310,Dish Rack,PROD-0029,28.32,1,TXN-004669,2024-09-02
4670,Ishaan White,CUST-0014,Tea Kettle,PROD-0030,40.05,4,TXN-004670,2024-10-09
4671,Susan Robinson,CUST-0140,Winter Jacket,PROD-0016,125.83,1,TXN-004671,2025-08-25
4672,Aanya Jackson,CUST-0122,Sports Socks (3-pack),PROD-0018,13.94,1,TXN-004672,2024-05-05
4673,Mason Mehta,CUST-0293,Portable Charger,PROD-0004,42.05,5,TXN-004673,2024-09-28
4674,Meena Mehta,CUST-0667,Business Strategy,PROD-0035,33.11,2,TXN-004674,2024-09-10
4675,Ashley Rao,CUST-0162,Storage Containers,PROD-0027,35.05,3,TXN-004675,2024-11-04
4676,Isabella Anderson,CUST-0796,Coffee Maker,PROD-0021,62.05,4,TXN-004676,2024-08-06
4677,Diya Chopra,CUST-0736,Portable Charger,PROD-0004,42.05,2,TXN-004677,2025-02-26
4678,Divya Gupta,CUST-0226,Resistance Bands,PROD-0043,22.74,3,TXN-004678,2024-08-19
4679,Meena Jones,CUST-0107,Jump Rope,PROD-0044,18.67,4,TXN-004679,2024-01-31
4680,Meena Garcia,CUST-0547,Dumbbells (Pair),PROD-0042,77.78,2,TXN-004680,2024-05-04
4681,Jennifer Martin,CUST-0508,Web Development,PROD-0034,44.41,3,TXN-004681,2024-06-20
4682,Myra Desai,CUST-0146,Monitor Stand,PROD-0008,53.18,1,TXN-004682,2025-07-16
4683,Karen White,CUST-0458,Webcam HD,PROD-0006,72.22,4,TXN-004683,2025-07-24
4684,Anthony Jones,CUST-0288,Coffee Maker,PROD-0021,62.05,1,TXN-004684,2025-01-06
4685,John Lopez,CUST-0674,Sports Socks (3-pack),PROD-0018,13.94,3,TXN-004685,2024-06-29
4686,Margaret Rodriguez,CUST-0444,Machine Learning Guide,PROD-0033,42.63,3,TXN-004686,2024-09-22
4687,Jessica Chopra,CUST-0274,Jump Rope,PROD-0044,18.67,2,TXN-004687,2025-11-26
4688,David Walker,CUST-0511,Portable Charger,PROD-0004,42.05,1,TXN-004688,2024-07-17
4689,Karen Iyer,CUST-0659,Cotton T-Shirt,PROD-0011,30.65,4,TXN-004689,2025-11-23
4690,Patricia Reddy,CUST-0026,Football,PROD-0045,29.05,2,TXN-004690,2024-12-15
4691,Pooja Johnson,CUST-0760,External SSD 1TB,PROD-0010,77.83,1,TXN-004691,2025-03-31
4692,Vivaan Kulkarni,CUST-0474,Dish Rack,PROD-0029,28.32,1,TXN-004692,2025-03-16
4693,Emma Malhotra,CUST-0410,Jump Rope,PROD-0044,18.67,1,TXN-004693,2024-07-11
4694,Sandra Miller,CUST-0200,Tea Kettle,PROD-0030,40.05,1,TXN-004694,2024-10-12
4695,Nikhil Lopez,CUST-0064,Dumbbells (Pair),PROD-0042,77.78,3,TXN-004695,2025-10-06
4696,Neha Iyer,CUST-0718,Toaster,PROD-0023,31.12,3,TXN-004696,2025-03-25
4697,Vikram Bhat,CUST-0550,Smartwatch,PROD-0005,158.2,1,TXN-004697,2025-01-11
4698,Krishna Walker,CUST-0334,Dumbbells (Pair),PROD-0042,77.78,2,TXN-004698,2024-02-16
4699,Meena Thompson,CUST-0038,Bluetooth Headphones,PROD-0002,92.28,4,TXN-004699,2025-05-10
4700,Oliver Taylor,CUST-0699,Denim Jeans,PROD-0012,82.97,3,TXN-004700,2024-03-08
4701,Vihaan Smith,CUST-0317,Denim Jeans,PROD-0012,82.97,1,TXN-004701,2025-11-09
4702,Sandra Miller,CUST-0200,Monitor Stand,PROD-0008,53.18,2,TXN-004702,2025-09-10
4703,Rohit Brown,CUST-0309,Formal Shirt,PROD-0015,57.36,5,TXN-004703,2025-12-09
4704,Nikhil Lewis,CUST-0127,Gym Bag,PROD-0050,52.65,4,TXN-004704,2025-02-11
4705,Charles Kulkarni,CUST-0542,Yoga Mat,PROD-0041,42.7,2,TXN-004705,2025-05-21
4706,Priya Anderson,CUST-0169,USB-C Hub,PROD-0003,61.28,1,TXN-004706,2024-07-21
4707,Susan Brown,CUST-0388,Travel Guide,PROD-0040,22.38,1,TXN-004707,2025-12-27
4708,Oliver Kumar,CUST-0158,Web Development,PROD-0034,44.41,3,TXN-004708,2024-06-29
4709,Vivaan Anderson,CUST-0739,Bluetooth Headphones,PROD-0002,92.28,2,TXN-004709,2024-07-09
4710,Anjali Young,CUST-0590,Tennis Racket,PROD-0047,61.92,2,TXN-004710,2025-05-11
4711,Anthony Kulkarni,CUST-0253,Toaster,PROD-0023,31.12,1,TXN-004711,2025-01-17
4712,Pooja Chopra,CUST-0631,Toaster,PROD-0023,31.12,3,TXN-004712,2025-11-06
4713,Joseph Patel,CUST-0700,Running Shoes,PROD-0014,41.04,4,TXN-004713,2024-05-31
4714,Mary Reddy,CUST-0174,External SSD 1TB,PROD-0010,77.83,2,TXN-004714,2025-03-29
4715,Riya Nair,CUST-0233,Football,PROD-0045,29.05,2,TXN-004715,2025-06-18
4716,Mark Hernandez,CUST-0618,Cookbook,PROD-0039,22.32,1,TXN-004716,2024-10-21
4717,Nisha Harris,CUST-0373,Python Programming,PROD-0031,22.63,2,TXN-004717,2024-08-15
4718,Richard Jackson,CUST-0363,Formal Shirt,PROD-0015,57.36,1,TXN-004718,2025-03-09
4719,Mia Brown,CUST-0438,Webcam HD,PROD-0006,72.22,2,TXN-004719,2024-02-05
4720,Jessica Chopra,CUST-0481,Water Bottle,PROD-0026,17.56,1,TXN-004720,2024-02-20
4721,Swati Gupta,CUST-0565,Tea Kettle,PROD-0030,40.05,1,TXN-004721,2024-07-10
4722,Aanya Miller,CUST-0399,Cookbook,PROD-0039,22.32,2,TXN-004722,2024-05-03
4723,Mark Desai,CUST-0783,Machine Learning Guide,PROD-0033,42.63,3,TXN-004723,2024-07-23
4724,Mason Reddy,CUST-0391,USB-C Hub,PROD-0003,61.28,1,TXN-004724,2025-05-18
4725,Sai Williams,CUST-0128,External SSD 1TB,PROD-0010,77.83,1,TXN-004725,2024-12-28
4726,Nancy Singh,CUST-0661,Self-Help Guide,PROD-0036,10.26,1,TXN-004726,2025-07-25
4727,Vihaan Davis,CUST-0695,Self-Help Guide,PROD-0036,10.26,2,TXN-004727,2024-07-06
4728,Patricia Malhotra,CUST-0724,Webcam HD,PROD-0006,72.22,5,TXN-004728,2025-05-19
4729,Arjun Shah,CUST-0683,Yoga Mat,PROD-0041,42.7,2,TXN-004729,2025-12-25
4730,Margaret Young,CUST-0781,Casual Shorts,PROD-0017,29.07,2,TXN-004730,2024-09-21
4731,Sai Kumar,CUST-0799,Water Bottle,PROD-0026,17.56,2,TXN-004731,2024-11-28
4732,Ashley Davis,CUST-0454,Cycling Gloves,PROD-0049,31.15,1,TXN-004732,2024-05-28
4733,Rajesh Anderson,CUST-0215,Running Shoes,PROD-0014,41.04,5,TXN-004733,2024-06-05
4734,Myra Desai,CUST-0146,Cotton T-Shirt,PROD-0011,30.65,4,TXN-004734,2025-06-04
4735,James Kulkarni,CUST-0018,Yoga Mat,PROD-0041,42.7,1,TXN-004735,2025-09-14
4736,Sandra Patel,CUST-0300,Casual Shorts,PROD-0017,29.07,5,TXN-004736,2024-12-20
4737,Ayaan Jackson,CUST-0574,Resistance Bands,PROD-0043,22.74,4,TXN-004737,2025-08-02
4738,Oliver Kumar,CUST-0158,Basketball,PROD-0046,39.63,3,TXN-004738,2025-12-02
4739,Nikhil Walker,CUST-0647,Denim Jeans,PROD-0012,82.97,1,TXN-004739,2024-12-28
4740,Rajesh Allen,CUST-0415,Portable Charger,PROD-0004,42.05,1,TXN-004740,2025-09-24
4741,Ishaan Clark,CUST-0346,Running Shoes,PROD-0014,41.04,1,TXN-004741,2024-02-20
4742,Aanya Miller,CUST-0399,Winter Jacket,PROD-0016,125.83,3,TXN-004742,2025-10-12
4743,Suresh Menon,CUST-0740,Python Programming,PROD-0031,22.63,4,TXN-004743,2024-09-07
4744,Joseph Bhat,CUST-0069,Dumbbells (Pair),PROD-0042,77.78,1,TXN-004744,2024-02-26
4745,Rohit Wright,CUST-0279,Water Bottle,PROD-0026,17.56,2,TXN-004745,2025-05-18
4746,Noah Harris,CUST-0283,Keyboard Mechanical,PROD-0007,97.82,3,TXN-004746,2024-01-07
4747,Sarah Harris,CUST-0498,Resistance Bands,PROD-0043,22.74,1,TXN-004747,2025-07-26
4748,Ananya King,CUST-0313,Gym Bag,PROD-0050,52.65,1,TXN-004748,2025-07-29
4749,Jennifer Moore,CUST-0332,External SSD 1TB,PROD-0010,77.83,1,TXN-004749,2025-11-06
4750,Jennifer Kulkarni,CUST-0074,Formal Shirt,PROD-0015,57.36,3,TXN-004750,2024-06-27
4751,Vikram Robinson,CUST-0411,Resistance Bands,PROD-0043,22.74,1,TXN-004751,2024-10-20
4752,Mason Williams,CUST-0680,Water Bottle,PROD-0026,17.56,1,TXN-004752,2025-04-29
4753,Mia Rao,CUST-0673,Non-Stick Pan,PROD-0024,32.73,1,TXN-004753,2024-11-17
4754,Betty Chopra,CUST-0749,Sports Socks (3-pack),PROD-0018,13.94,3,TXN-004754,2024-02-16
4755,Amit Clark,CUST-0371,Coffee Maker,PROD-0021,62.05,1,TXN-004755,2024-03-15
4756,Rahul Malhotra,CUST-0179,Yoga Mat,PROD-0041,42.7,2,TXN-004756,2025-01-12
4757,Rohit Miller,CUST-0089,Cutting Board,PROD-0028,11.96,5,TXN-004757,2024-10-01
4758,Jennifer Kulkarni,CUST-0074,Smartwatch,PROD-0005,158.2,2,TXN-004758,2025-11-20
4759,Ishaan Jackson,CUST-0351,Blender,PROD-0022,46.5,2,TXN-004759,2024-01-18
4760,Mary Chopra,CUST-0584,Resistance Bands,PROD-0043,22.74,1,TXN-004760,2025-01-19
4761,Michael Moore,CUST-0607,Running Shoes,PROD-0014,41.04,2,TXN-004761,2025-04-06
4762,Charlotte Singh,CUST-0561,Data Science Handbook,PROD-0032,42.44,1,TXN-004762,2024-07-08
4763,Anthony Menon,CUST-0062,Python Programming,PROD-0031,22.63,3,TXN-004763,2024-05-20
4764,Riya Menon,CUST-0019,Casual Shorts,PROD-0017,29.07,1,TXN-004764,2024-06-11
4765,Arjun Shah,CUST-0683,Wireless Mouse,PROD-0001,45.68,1,TXN-004765,2025-10-29
4766,Liam Clark,CUST-0509,Keyboard Mechanical,PROD-0007,97.82,1,TXN-004766,2025-11-08
4767,Lisa Rodriguez,CUST-0092,External SSD 1TB,PROD-0010,77.83,1,TXN-004767,2024-07-25
4768,Charles Verma,CUST-0586,Winter Jacket,PROD-0016,125.83,3,TXN-004768,2025-03-16
4769,Anjali Joshi,CUST-0636,Water Bottle,PROD-0026,17.56,2,TXN-004769,2025-08-03
4770,Aditya Jones,CUST-0663,Tea Kettle,PROD-0030,40.05,2,TXN-004770,2025-08-02
4771,Susan King,CUST-0536,Python Programming,PROD-0031,22.63,1,TXN-004771,2024-06-17
4772,Suresh Rao,CUST-0437,Data Science Handbook,PROD-0032,42.44,4,TXN-004772,2024-08-24
4773,Nisha Shah,CUST-0082,Cookbook,PROD-0039,22.32,5,TXN-004773,2024-07-08
4774,Patricia Bhat,CUST-0136,Dish Rack,PROD-0029,28.32,2,TXN-004774,2025-11-22
4775,Mark Desai,CUST-0783,Bluetooth Headphones,PROD-0002,92.28,2,TXN-004775,2024-12-13
4776,Joseph Patel,CUST-0713,Fiction Novel,PROD-0037,12.83,5,TXN-004776,2025-07-01
4777,Matthew Singh,CUST-0637,Python Programming,PROD-0031,22.63,2,TXN-004777,2025-03-06
4778,Linda Martinez,CUST-0361,Winter Jacket,PROD-0016,125.83,3,TXN-004778,2024-07-31
4779,Nikhil Walker,CUST-0647,Jump Rope,PROD-0044,18.67,2,TXN-004779,2025-12-16
4780,Nikhil Patel,CUST-0710,Scarf,PROD-0020,33.28,1,TXN-004780,2025-09-09
4781,Charlotte Johnson,CUST-0094,Yoga Mat,PROD-0041,42.7,3,TXN-004781,2024-12-02
4782,Vihaan Smith,CUST-0317,Hoodie,PROD-0013,50.64,1,TXN-004782,2025-06-08
4783,Jessica Mehta,CUST-0689,Tennis Racket,PROD-0047,61.92,3,TXN-004783,2025-10-14
4784,Swati Malhotra,CUST-0343,Denim Jeans,PROD-0012,82.97,1,TXN-004784,2024-05-28
4785,Sunita Kumar,CUST-0047,Cotton T-Shirt,PROD-0011,30.65,1,TXN-004785,2024-03-11
4786,Linda Martinez,CUST-0361,Bluetooth Headphones,PROD-0002,92.28,3,TXN-004786,2025-05-12
4787,Susan Brown,CUST-0388,Sports Socks (3-pack),PROD-0018,13.94,5,TXN-004787,2025-07-30
4788,Reyansh Mehta,CUST-0656,Tea Kettle,PROD-0030,40.05,3,TXN-004788,2024-10-17
4789,Sarah Shah,CUST-0492,Wireless Mouse,PROD-0001,45.68,3,TXN-004789,2024-01-02
4790,Donald King,CUST-0144,Storage Containers,PROD-0027,35.05,5,TXN-004790,2025-04-20
4791,Ayaan Walker,CUST-0406,Scarf,PROD-0020,33.28,1,TXN-004791,2025-11-12
4792,Margaret Young,CUST-0781,Cutting Board,PROD-0028,11.96,2,TXN-004792,2024-10-31
4793,Aarav Davis,CUST-0587,Dish Rack,PROD-0029,28.32,2,TXN-004793,2024-11-12
4794,Lisa Rodriguez,CUST-0092,Storage Containers,PROD-0027,35.05,3,TXN-004794,2025-01-29
4795,Ishaan Rodriguez,CUST-0356,Cutting Board,PROD-0028,11.96,2,TXN-004795,2024-02-04
4796,Joseph Taylor,CUST-0264,Blender,PROD-0022,46.5,1,TXN-004796,2025-02-20
4797,Aadhya Miller,CUST-0251,Toaster,PROD-0023,31.12,1,TXN-004797,2024-08-13
4798,David Jackson,CUST-0482,Hoodie,PROD-0013,50.64,1,TXN-004798,2025-01-30
4799,Rohit Wright,CUST-0279,Fiction Novel,PROD-0037,12.83,2,TXN-004799,2024-07-09
4800,Oliver Smith,CUST-0476,Dish Rack,PROD-0029,28.32,1,TXN-004800,2025-10-12
4801,Diya Garcia,CUST-0580,Dumbbells (Pair),PROD-0042,77.78,1,TXN-004801,2025-08-05
4802,Joseph Patel,CUST-0713,Knife Set,PROD-0025,68.52,1,TXN-004802,2024-07-29
4803,Karan Davis,CUST-0051,Football,PROD-0045,29.05,1,TXN-004803,2025-04-22
4804,Sophia Wright,CUST-0737,Wireless Mouse,PROD-0001,45.68,1,TXN-004804,2024-12-24
4805,Vihaan Jones,CUST-0113,Cotton T-Shirt,PROD-0011,30.65,2,TXN-004805,2025-04-18
4806,Betty Shah,CUST-0424,Jump Rope,PROD-0044,18.67,1,TXN-004806,2024-11-02
4807,Ishaan Patel,CUST-0241,Webcam HD,PROD-0006,72.22,4,TXN-004807,2025-09-20
4808,Ananya Thompson,CUST-0297,Web Development,PROD-0034,44.41,2,TXN-004808,2025-07-27
4809,Mary Chopra,CUST-0584,Cycling Gloves,PROD-0049,31.15,1,TXN-004809,2025-02-06
4810,Swati Malhotra,CUST-0358,Cap,PROD-0019,12.46,2,TXN-004810,2025-03-21
4811,Robert Martin,CUST-0254,Scarf,PROD-0020,33.28,5,TXN-004811,2024-09-25
4812,Sandra Patel,CUST-0300,Swimming Goggles,PROD-0048,16.81,1,TXN-004812,2025-12-27
4813,Joseph Taylor,CUST-0264,Smartwatch,PROD-0005,158.2,3,TXN-004813,2024-11-08
4814,James Bhat,CUST-0627,Monitor Stand,PROD-0008,53.18,1,TXN-004814,2025-09-09
4815,Reyansh Pillai,CUST-0604,Winter Jacket,PROD-0016,125.83,3,TXN-004815,2024-09-05
4816,Deepak Singh,CUST-0723,Casual Shorts,PROD-0017,29.07,1,TXN-004816,2025-04-06
4817,Sai Pillai,CUST-0292,Formal Shirt,PROD-0015,57.36,2,TXN-004817,2024-10-03
4818,Aarav Martin,CUST-0420,Casual Shorts,PROD-0017,29.07,1,TXN-004818,2025-11-23
4819,John Lopez,CUST-0674,Football,PROD-0045,29.05,2,TXN-004819,2024-05-29
4820,John Pillai,CUST-0230,Portable Charger,PROD-0004,42.05,2,TXN-004820,2025-05-27
4821,Myra Shah,CUST-0431,Laptop Stand,PROD-0009,59.55,2,TXN-004821,2025-05-03
4822,Divya Davis,CUST-0741,Running Shoes,PROD-0014,41.04,5,TXN-004822,2025-11-16
4823,Oliver Mehta,CUST-0546,Dumbbells (Pair),PROD-0042,77.78,3,TXN-004823,2025-06-18
4824,Amit Rodriguez,CUST-0597,Sports Socks (3-pack),PROD-0018,13.94,1,TXN-004824,2024-06-10
4825,Meena Jones,CUST-0107,Wireless Mouse,PROD-0001,45.68,5,TXN-004825,2025-08-07
4826,Deepak Kulkarni,CUST-0457,Laptop Stand,PROD-0009,59.55,1,TXN-004826,2024-06-26
4827,Divya King,CUST-0118,Python Programming,PROD-0031,22.63,3,TXN-004827,2025-05-05
4828,Sai Desai,CUST-0335,Scarf,PROD-0020,33.28,4,TXN-004828,2025-06-15
4829,James Clark,CUST-0357,Hoodie,PROD-0013,50.64,1,TXN-004829,2025-12-27
4830,Arjun Shah,CUST-0423,Non-Stick Pan,PROD-0024,32.73,1,TXN-004830,2025-08-22
4831,Patricia Bhat,CUST-0136,Gym Bag,PROD-0050,52.65,1,TXN-004831,2024-09-07
4832,Krishna Gupta,CUST-0011,USB-C Hub,PROD-0003,61.28,1,TXN-004832,2025-08-03
4833,Margaret Rodriguez,CUST-0444,Scarf,PROD-0020,33.28,1,TXN-004833,2024-03-06
4834,Reyansh Iyer,CUST-0152,Tennis Racket,PROD-0047,61.92,2,TXN-004834,2025-08-03
4835,Deepak Garcia,CUST-0056,Bluetooth Headphones,PROD-0002,92.28,1,TXN-004835,2024-12-30
4836,Sophia Jones,CUST-0110,Laptop Stand,PROD-0009,59.55,3,TXN-004836,2024-07-27
4837,Anthony Malhotra,CUST-0752,Tea Kettle,PROD-0030,40.05,1,TXN-004837,2025-02-06
4838,Oliver Lee,CUST-0365,Web Development,PROD-0034,44.41,3,TXN-004838,2025-02-05
4839,David Smith,CUST-0195,Blender,PROD-0022,46.5,2,TXN-004839,2025-10-05
4840,Oliver Patel,CUST-0694,Python Programming,PROD-0031,22.63,5,TXN-004840,2025-07-22
4841,Aanya Singh,CUST-0441,Webcam HD,PROD-0006,72.22,4,TXN-004841,2025-09-16
4842,Elizabeth Martinez,CUST-0224,Smartwatch,PROD-0005,158.2,1,TXN-004842,2025-01-04
4843,Amit Wright,CUST-0566,Scarf,PROD-0020,33.28,1,TXN-004843,2025-12-13
4844,William Moore,CUST-0336,Water Bottle,PROD-0026,17.56,1,TXN-004844,2024-03-27
4845,Richard Lopez,CUST-0075,Formal Shirt,PROD-0015,57.36,4,TXN-004845,2025-07-17
4846,Aadhya Bhat,CUST-0380,Portable Charger,PROD-0004,42.05,4,TXN-004846,2024-10-30
4847,Rohit Robinson,CUST-0188,Hoodie,PROD-0013,50.64,3,TXN-004847,2024-06-10
4848,Nisha Kulkarni,CUST-0687,Swimming Goggles,PROD-0048,16.81,1,TXN-004848,2024-09-11
4849,Sandra Miller,CUST-0200,Scarf,PROD-0020,33.28,2,TXN-004849,2024-07-06
4850,Sai Davis,CUST-0272,Storage Containers,PROD-0027,35.05,1,TXN-004850,2024-04-20
4851,Donald Menon,CUST-0020,Scarf,PROD-0020,33.28,1,TXN-004851,2025-04-06
4852,Pooja Bhat,CUST-0732,History of AI,PROD-0038,15.71,2,TXN-004852,2025-12-10
4853,Suresh Mehta,CUST-0691,Resistance Bands,PROD-0043,22.74,1,TXN-004853,2025-07-07
4854,Neha Brown,CUST-0029,USB-C Hub,PROD-0003,61.28,2,TXN-004854,2025-10-28
4855,Aadhya Singh,CUST-0322,Basketball,PROD-0046,39.63,3,TXN-004855,2024-05-24
4856,William Kulkarni,CUST-0583,Sports Socks (3-pack),PROD-0018,13.94,1,TXN-004856,2025-08-19
4857,Swati Kulkarni,CUST-0052,External SSD 1TB,PROD-0010,77.83,4,TXN-004857,2025-10-31
4858,Lisa Rodriguez,CUST-0092,Dumbbells (Pair),PROD-0042,77.78,2,TXN-004858,2025-05-13
4859,Karan Miller,CUST-0449,Cap,PROD-0019,12.46,1,TXN-004859,2024-09-26
4860,Neha Kumar,CUST-0193,USB-C Hub,PROD-0003,61.28,1,TXN-004860,2024-11-22
4861,Nikhil Martinez,CUST-0060,External SSD 1TB,PROD-0010,77.83,1,TXN-004861,2025-01-10
4862,Matthew Anderson,CUST-0049,Cotton T-Shirt,PROD-0011,30.65,1,TXN-004862,2025-07-26
4863,Michael Jones,CUST-0625,Sports Socks (3-pack),PROD-0018,13.94,2,TXN-004863,2024-12-12
4864,Matthew Iyer,CUST-0186,Dish Rack,PROD-0029,28.32,3,TXN-004864,2024-06-12
4865,Karan Lewis,CUST-0204,Hoodie,PROD-0013,50.64,1,TXN-004865,2024-06-05
4866,Ananya Thompson,CUST-0639,Formal Shirt,PROD-0015,57.36,1,TXN-004866,2024-01-17
4867,Matthew Martin,CUST-0138,Blender,PROD-0022,46.5,2,TXN-004867,2024-04-20
4868,Mason Rao,CUST-0221,Running Shoes,PROD-0014,41.04,4,TXN-004868,2024-08-23
4869,Joseph White,CUST-0023,Formal Shirt,PROD-0015,57.36,1,TXN-004869,2025-02-22
4870,Riya Verma,CUST-0480,Dish Rack,PROD-0029,28.32,1,TXN-004870,2025-12-09
4871,Pooja Kumar,CUST-0126,Resistance Bands,PROD-0043,22.74,4,TXN-004871,2025-04-12
4872,Vihaan Taylor,CUST-0374,Wireless Mouse,PROD-0001,45.68,2,TXN-004872,2025-03-13
4873,Myra Desai,CUST-0146,Gym Bag,PROD-0050,52.65,2,TXN-004873,2025-09-16
4874,Ishaan Rodriguez,CUST-0356,Cycling Gloves,PROD-0049,31.15,3,TXN-004874,2024-09-12
4875,Sandra Desai,CUST-0767,Portable Charger,PROD-0004,42.05,1,TXN-004875,2025-10-19
4876,Aadhya Bhat,CUST-0380,Running Shoes,PROD-0014,41.04,1,TXN-004876,2024-06-26
4877,Krishna Anderson,CUST-0237,Swimming Goggles,PROD-0048,16.81,2,TXN-004877,2024-09-21
4878,Sai Kumar,CUST-0500,Cotton T-Shirt,PROD-0011,30.65,1,TXN-004878,2024-08-09
4879,Amit Kumar,CUST-0278,Basketball,PROD-0046,39.63,4,TXN-004879,2024-05-14
4880,Ashley Sharma,CUST-0048,Laptop Stand,PROD-0009,59.55,2,TXN-004880,2025-04-14
4881,Nisha Mehta,CUST-0070,History of AI,PROD-0038,15.71,3,TXN-004881,2024-01-17
4882,Charlotte Johnson,CUST-0094,Tea Kettle,PROD-0030,40.05,3,TXN-004882,2024-06-16
4883,Nikhil Smith,CUST-0678,Laptop Stand,PROD-0009,59.55,1,TXN-004883,2025-01-17
4884,Nikhil Martinez,CUST-0060,Dish Rack,PROD-0029,28.32,3,TXN-004884,2025-02-27
4885,Aanya Chopra,CUST-0266,Resistance Bands,PROD-0043,22.74,4,TXN-004885,2025-04-18
4886,Susan Clark,CUST-0748,Gym Bag,PROD-0050,52.65,5,TXN-004886,2025-05-02
4887,Priya Williams,CUST-0658,Yoga Mat,PROD-0041,42.7,2,TXN-004887,2024-11-24
4888,Anjali Gupta,CUST-0267,Storage Containers,PROD-0027,35.05,1,TXN-004888,2025-09-07
4889,Rohit Robinson,CUST-0188,Casual Shorts,PROD-0017,29.07,1,TXN-004889,2025-01-03
4890,Reyansh Mehta,CUST-0656,Business Strategy,PROD-0035,33.11,1,TXN-004890,2025-03-27
4891,Oliver Kumar,CUST-0158,Jump Rope,PROD-0044,18.67,2,TXN-004891,2024-05-31
4892,Arjun Nair,CUST-0348,Machine Learning Guide,PROD-0033,42.63,4,TXN-004892,2024-03-06
4893,Manoj Sharma,CUST-0185,External SSD 1TB,PROD-0010,77.83,1,TXN-004893,2024-02-11
4894,Myra Nair,CUST-0599,Football,PROD-0045,29.05,1,TXN-004894,2025-02-07
4895,Aanya Miller,CUST-0777,Business Strategy,PROD-0035,33.11,1,TXN-004895,2024-09-17
4896,Sarah Bhat,CUST-0520,Tennis Racket,PROD-0047,61.92,3,TXN-004896,2024-09-10
4897,Sarah Harris,CUST-0498,Winter Jacket,PROD-0016,125.83,2,TXN-004897,2025-04-07
4898,Rahul Bhat,CUST-0588,Gym Bag,PROD-0050,52.65,4,TXN-004898,2024-07-09
4899,Rahul Allen,CUST-0103,Laptop Stand,PROD-0009,59.55,1,TXN-004899,2024-02-18
4900,Linda Mehta,CUST-0123,Web Development,PROD-0034,44.41,2,TXN-004900,2025-06-09
4901,Sarah Williams,CUST-0043,Winter Jacket,PROD-0016,125.83,2,TXN-004901,2025-12-05
4902,Oliver Thomas,CUST-0567,Storage Containers,PROD-0027,35.05,3,TXN-004902,2025-09-20
4903,Swati Kulkarni,CUST-0052,Resistance Bands,PROD-0043,22.74,4,TXN-004903,2024-03-16
4904,Jessica Miller,CUST-0466,Portable Charger,PROD-0004,42.05,4,TXN-004904,2025-05-11
4905,David Harris,CUST-0299,Football,PROD-0045,29.05,1,TXN-004905,2025-10-06
4906,Oliver Kulkarni,CUST-0231,Cookbook,PROD-0039,22.32,1,TXN-004906,2024-04-16
4907,Mia Chopra,CUST-0602,Travel Guide,PROD-0040,22.38,2,TXN-004907,2025-12-12
4908,Ishaan Rodriguez,CUST-0364,Denim Jeans,PROD-0012,82.97,2,TXN-004908,2024-04-22
4909,Patricia White,CUST-0506,Keyboard Mechanical,PROD-0007,97.82,1,TXN-004909,2024-05-25
4910,Robert Singh,CUST-0505,Knife Set,PROD-0025,68.52,3,TXN-004910,2024-09-12
4911,Divya Gupta,CUST-0226,Self-Help Guide,PROD-0036,10.26,2,TXN-004911,2024-06-16
4912,Reyansh Reddy,CUST-0022,Non-Stick Pan,PROD-0024,32.73,4,TXN-004912,2024-06-02
4913,Reyansh Martin,CUST-0148,Monitor Stand,PROD-0008,53.18,1,TXN-004913,2025-01-20
4914,Reyansh Joshi,CUST-0696,Coffee Maker,PROD-0021,62.05,2,TXN-004914,2024-09-23
4915,Michael Smith,CUST-0606,Dumbbells (Pair),PROD-0042,77.78,1,TXN-004915,2024-07-15
4916,Sandra Miller,CUST-0200,Swimming Goggles,PROD-0048,16.81,3,TXN-004916,2025-12-09
4917,Lucas Jones,CUST-0553,Hoodie,PROD-0013,50.64,1,TXN-004917,2024-10-23
4918,Rohit Rao,CUST-0302,Scarf,PROD-0020,33.28,2,TXN-004918,2024-01-19
4919,Ananya King,CUST-0313,Machine Learning Guide,PROD-0033,42.63,3,TXN-004919,2025-05-26
4920,Michael Menon,CUST-0521,Cookbook,PROD-0039,22.32,2,TXN-004920,2024-12-04
4921,Rahul Brown,CUST-0013,Sports Socks (3-pack),PROD-0018,13.94,2,TXN-004921,2024-06-19
4922,Krishna Gupta,CUST-0011,Non-Stick Pan,PROD-0024,32.73,2,TXN-004922,2025-01-21
4923,John Pillai,CUST-0785,Machine Learning Guide,PROD-0033,42.63,2,TXN-004923,2024-03-14
4924,James Bhat,CUST-0627,Gym Bag,PROD-0050,52.65,4,TXN-004924,2024-07-13
4925,Oliver Taylor,CUST-0699,Dish Rack,PROD-0029,28.32,2,TXN-004925,2025-09-30
4926,Sara Jackson,CUST-0719,Denim Jeans,PROD-0012,82.97,1,TXN-004926,2025-10-11
4927,John Lopez,CUST-0674,Running Shoes,PROD-0014,41.04,1,TXN-004927,2025-09-04
4928,Sandra Malhotra,CUST-0759,Coffee Maker,PROD-0021,62.05,2,TXN-004928,2024-10-01
4929,Elizabeth Clark,CUST-0190,Dish Rack,PROD-0029,28.32,4,TXN-004929,2025-04-30
4930,Ananya Hernandez,CUST-0327,Cotton T-Shirt,PROD-0011,30.65,1,TXN-004930,2025-01-02
4931,Charles Taylor,CUST-0581,External SSD 1TB,PROD-0010,77.83,1,TXN-004931,2024-03-23
4932,Nisha Lopez,CUST-0409,Toaster,PROD-0023,31.12,2,TXN-004932,2024-05-25
4933,Manoj Hernandez,CUST-0620,Laptop Stand,PROD-0009,59.55,1,TXN-004933,2025-01-12
4934,Aarav Davis,CUST-0587,Tennis Racket,PROD-0047,61.92,4,TXN-004934,2024-06-03
4935,Michael Moore,CUST-0607,Cap,PROD-0019,12.46,1,TXN-004935,2024-11-26
4936,Charles Chopra,CUST-0788,Storage Containers,PROD-0027,35.05,1,TXN-004936,2024-06-04
4937,Michael Smith,CUST-0606,Coffee Maker,PROD-0021,62.05,1,TXN-004937,2025-11-11
4938,Neha Iyer,CUST-0718,History of AI,PROD-0038,15.71,2,TXN-004938,2025-03-22
4939,Aadhya Miller,CUST-0251,Tea Kettle,PROD-0030,40.05,2,TXN-004939,2024-06-06
4940,Jessica Desai,CUST-0662,Storage Containers,PROD-0027,35.05,1,TXN-004940,2025-09-29
4941,Divya Davis,CUST-0741,Cap,PROD-0019,12.46,2,TXN-004941,2024-07-03
4942,Reyansh Lewis,CUST-0044,Cutting Board,PROD-0028,11.96,1,TXN-004942,2024-12-09
4943,Mason Williams,CUST-0680,Casual Shorts,PROD-0017,29.07,2,TXN-004943,2024-01-28
4944,Jessica Desai,CUST-0662,Resistance Bands,PROD-0043,22.74,2,TXN-004944,2024-04-09
4945,Sandra Miller,CUST-0200,Running Shoes,PROD-0014,41.04,3,TXN-004945,2024-08-16
4946,Riya Jackson,CUST-0671,Business Strategy,PROD-0035,33.11,3,TXN-004946,2024-02-11
4947,Patricia Joshi,CUST-0045,Sports Socks (3-pack),PROD-0018,13.94,2,TXN-004947,2024-08-17
4948,Charlotte White,CUST-0722,Cotton T-Shirt,PROD-0011,30.65,1,TXN-004948,2025-10-19
4949,Pooja Brown,CUST-0086,Denim Jeans,PROD-0012,82.97,4,TXN-004949,2024-04-06
4950,Matthew Reddy,CUST-0178,Smartwatch,PROD-0005,158.2,1,TXN-004950,2024-10-30
4951,Thomas Johnson,CUST-0524,Resistance Bands,PROD-0043,22.74,4,TXN-004951,2024-04-25
4952,Krishna Malhotra,CUST-0729,Non-Stick Pan,PROD-0024,32.73,2,TXN-004952,2025-03-21
4953,Linda Robinson,CUST-0557,Storage Containers,PROD-0027,35.05,2,TXN-004953,2025-02-15
4954,Thomas Gupta,CUST-0306,Wireless Mouse,PROD-0001,45.68,1,TXN-004954,2025-08-19
4955,Vihaan Jones,CUST-0113,Web Development,PROD-0034,44.41,1,TXN-004955,2025-07-23
4956,Sneha Brown,CUST-0551,Portable Charger,PROD-0004,42.05,1,TXN-004956,2024-11-08
4957,Elizabeth Thomas,CUST-0769,Laptop Stand,PROD-0009,59.55,3,TXN-004957,2025-11-20
4958,Aanya Verma,CUST-0001,USB-C Hub,PROD-0003,61.28,3,TXN-004958,2024-06-30
4959,Mary Chopra,CUST-0584,Machine Learning Guide,PROD-0033,42.63,4,TXN-004959,2025-05-24
4960,Suresh Sharma,CUST-0453,Yoga Mat,PROD-0041,42.7,2,TXN-004960,2024-09-07
4961,Aadhya Singh,CUST-0322,Web Development,PROD-0034,44.41,1,TXN-004961,2025-02-01
4962,Ishaan Verma,CUST-0654,Water Bottle,PROD-0026,17.56,1,TXN-004962,2025-02-12
4963,Sandra Desai,CUST-0767,Scarf,PROD-0020,33.28,3,TXN-004963,2024-05-01
4964,Ananya Lee,CUST-0611,Cutting Board,PROD-0028,11.96,3,TXN-004964,2024-08-10
4965,Patricia Wright,CUST-0304,Resistance Bands,PROD-0043,22.74,1,TXN-004965,2025-09-17
4966,Nancy Bhat,CUST-0145,Basketball,PROD-0046,39.63,4,TXN-004966,2024-05-28
4967,Pari Kumar,CUST-0184,Smartwatch,PROD-0005,158.2,1,TXN-004967,2024-01-18
4968,Ananya King,CUST-0313,Football,PROD-0045,29.05,1,TXN-004968,2024-10-18
4969,Sophia Thompson,CUST-0168,Travel Guide,PROD-0040,22.38,1,TXN-004969,2024-08-10
4970,Pari Martinez,CUST-0116,Cap,PROD-0019,12.46,3,TXN-004970,2025-06-07
4971,Diya Young,CUST-0582,Gym Bag,PROD-0050,52.65,4,TXN-004971,2024-04-24
4972,Amit Clark,CUST-0093,Python Programming,PROD-0031,22.63,4,TXN-004972,2025-04-02
4973,Oliver Kumar,CUST-0158,Cycling Gloves,PROD-0049,31.15,2,TXN-004973,2025-09-16
4974,Sai Singh,CUST-0609,Travel Guide,PROD-0040,22.38,1,TXN-004974,2025-12-08
4975,Vihaan Anderson,CUST-0540,Keyboard Mechanical,PROD-0007,97.82,2,TXN-004975,2025-06-10
4976,Divya Hernandez,CUST-0716,Hoodie,PROD-0013,50.64,1,TXN-004976,2025-07-16
4977,Michael Rao,CUST-0021,Portable Charger,PROD-0004,42.05,1,TXN-004977,2025-03-18
4978,John Malhotra,CUST-0433,Storage Containers,PROD-0027,35.05,1,TXN-004978,2025-12-05
4979,Matthew King,CUST-0764,Cotton T-Shirt,PROD-0011,30.65,3,TXN-004979,2024-03-04
4980,Aarav King,CUST-0006,Toaster,PROD-0023,31.12,4,TXN-004980,2024-06-14
4981,Lucas Jones,CUST-0553,Blender,PROD-0022,46.5,1,TXN-004981,2025-02-09
4982,William Harris,CUST-0194,Keyboard Mechanical,PROD-0007,97.82,1,TXN-004982,2025-10-08
4983,Ashley Sharma,CUST-0048,Coffee Maker,PROD-0021,62.05,3,TXN-004983,2024-10-03
4984,Aadhya Miller,CUST-0251,Web Development,PROD-0034,44.41,4,TXN-004984,2025-07-17
4985,Rohit Rodriguez,CUST-0727,Wireless Mouse,PROD-0001,45.68,4,TXN-004985,2025-07-20
4986,Suresh Bhat,CUST-0706,Cotton T-Shirt,PROD-0011,30.65,4,TXN-004986,2025-09-22
4987,Michael Lopez,CUST-0176,Resistance Bands,PROD-0043,22.74,3,TXN-004987,2025-09-18
4988,Nikhil Lopez,CUST-0064,Portable Charger,PROD-0004,42.05,2,TXN-004988,2025-06-30
4989,Diya Jones,CUST-0715,Cutting Board,PROD-0028,11.96,1,TXN-004989,2025-04-13
4990,Arjun Jones,CUST-0775,Cutting Board,PROD-0028,11.96,4,TXN-004990,2024-08-20
4991,Jessica Anderson,CUST-0182,Self-Help Guide,PROD-0036,10.26,5,TXN-004991,2024-07-30
4992,Karen Martin,CUST-0514,Travel Guide,PROD-0040,22.38,4,TXN-004992,2025-11-20
4993,Reyansh White,CUST-0209,Running Shoes,PROD-0014,41.04,3,TXN-004993,2025-02-21
4994,Joseph Garcia,CUST-0765,Webcam HD,PROD-0006,72.22,2,TXN-004994,2025-10-12
4995,Mary Kulkarni,CUST-0117,Yoga Mat,PROD-0041,42.7,5,TXN-004995,2025-02-16
4996,Jessica Anderson,CUST-0182,Water Bottle,PROD-0026,17.56,2,TXN-004996,2024-09-10
4997,Jessica Martinez,CUST-0445,Self-Help Guide,PROD-0036,10.26,1,TXN-004997,2024-04-21
4998,Aanya Verma,CUST-0001,Smartwatch,PROD-0005,158.2,1,TXN-004998,2025-11-10
4999,Mark Mehta,CUST-0518,Cotton T-Shirt,PROD-0011,30.65,1,TXN-004999,2024-08-19
5000,Robert Williams,CUST-0735,Cookbook,PROD-0039,22.32,1,TXN-005000,2025-11-20
5001,Robert Williams,CUST-0554,Machine Learning Guide,PROD-0033,42.63,3,TXN-005001,2024-08-17
5002,Swati Malhotra,CUST-0358,Denim Jeans,PROD-0012,82.97,2,TXN-005002,2025-09-06
5003,Mary Bhat,CUST-0746,Smartwatch,PROD-0005,158.2,2,TXN-005003,2024-11-29
5004,Mary Bhat,CUST-0726,Cycling Gloves,PROD-0049,31.15,3,TXN-005004,2025-12-18
5005,Michael Rao,CUST-0021,Water Bottle,PROD-0026,17.56,5,TXN-005005,2025-05-08
5006,Robert Singh,CUST-0505,Knife Set,PROD-0025,68.52,1,TXN-005006,2024-02-14
5007,John Malhotra,CUST-0433,Cycling Gloves,PROD-0049,31.15,2,TXN-005007,2025-01-14
5008,Riya Kumar,CUST-0596,Cotton T-Shirt,PROD-0011,30.65,1,TXN-005008,2025-07-05
5009,Susan King,CUST-0536,Keyboard Mechanical,PROD-0007,97.82,4,TXN-005009,2024-09-29
5010,Robert Martin,CUST-0254,Gym Bag,PROD-0050,52.65,1,TXN-005010,2024-05-10
5011,James Miller,CUST-0479,Cookbook,PROD-0039,22.32,2,TXN-005011,2025-02-23
5012,Krishna Wright,CUST-0120,Tea Kettle,PROD-0030,40.05,4,TXN-005012,2025-12-12
5013,Lisa Nair,CUST-0114,Toaster,PROD-0023,31.12,5,TXN-005013,2025-03-05
5014,Meena Jones,CUST-0594,Business Strategy,PROD-0035,33.11,2,TXN-005014,2025-07-08
5015,Nikhil Patel,CUST-0710,Scarf,PROD-0020,33.28,1,TXN-005015,2025-05-24
5016,Riya Jones,CUST-0183,Swimming Goggles,PROD-0048,16.81,2,TXN-005016,2024-06-03
5017,Sara Jackson,CUST-0719,Water Bottle,PROD-0026,17.56,1,TXN-005017,2025-12-13
5018,Nisha Lopez,CUST-0409,Business Strategy,PROD-0035,33.11,1,TXN-005018,2024-06-23
5019,James Bhat,CUST-0627,Toaster,PROD-0023,31.12,2,TXN-005019,2024-04-06
5020,Oliver Johnson,CUST-0142,Coffee Maker,PROD-0021,62.05,2,TXN-005020,2024-11-11
5021,Sunita Martinez,CUST-0632,Machine Learning Guide,PROD-0033,42.63,2,TXN-005021,2024-06-15
5022,James Harris,CUST-0352,Coffee Maker,PROD-0021,62.05,1,TXN-005022,2024-10-06
5023,Sara Young,CUST-0688,Cutting Board,PROD-0028,11.96,2,TXN-005023,2024-01-10
5024,Mark Desai,CUST-0783,Dish Rack,PROD-0029,28.32,3,TXN-005024,2024-05-19
5025,Meena Jones,CUST-0594,Cookbook,PROD-0039,22.32,1,TXN-005025,2024-10-01
5026,Pooja Nair,CUST-0643,Python Programming,PROD-0031,22.63,1,TXN-005026,2025-09-24
5027,Ayaan Wright,CUST-0422,Cutting Board,PROD-0028,11.96,2,TXN-005027,2024-11-07
5028,Nikhil Clark,CUST-0065,Cycling Gloves,PROD-0049,31.15,2,TXN-005028,2025-09-25
5029,Ayaan Walker,CUST-0406,Data Science Handbook,PROD-0032,42.44,1,TXN-005029,2024-01-04
5030,Oliver Thomas,CUST-0567,Cookbook,PROD-0039,22.32,2,TXN-005030,2025-12-03
5031,Oliver Young,CUST-0697,Data Science Handbook,PROD-0032,42.44,1,TXN-005031,2024-12-26
5032,Daniel Taylor,CUST-0703,Travel Guide,PROD-0040,22.38,4,TXN-005032,2024-10-18
5033,Manoj Martin,CUST-0416,Sports Socks (3-pack),PROD-0018,13.94,1,TXN-005033,2025-06-05
5034,Swati Williams,CUST-0199,Cookbook,PROD-0039,22.32,3,TXN-005034,2024-11-05
5035,Pari Martinez,CUST-0116,Storage Containers,PROD-0027,35.05,2,TXN-005035,2024-10-22
5036,Vikram Johnson,CUST-0470,Web Development,PROD-0034,44.41,4,TXN-005036,2024-12-17
5037,Arjun Thompson,CUST-0212,Water Bottle,PROD-0026,17.56,3,TXN-005037,2025-07-03
5038,Meena Garcia,CUST-0547,Keyboard Mechanical,PROD-0007,97.82,5,TXN-005038,2024-10-26
5039,Isabella Anderson,CUST-0796,History of AI,PROD-0038,15.71,2,TXN-005039,2024-09-28
5040,Ananya Thompson,CUST-0297,Coffee Maker,PROD-0021,62.05,1,TXN-005040,2025-09-11
5041,Richard Johnson,CUST-0171,Resistance Bands,PROD-0043,22.74,2,TXN-005041,2025-02-07
5042,Krishna Gupta,CUST-0011,Coffee Maker,PROD-0021,62.05,5,TXN-005042,2024-05-01
5043,Isha Nair,CUST-0033,Cotton T-Shirt,PROD-0011,30.65,1,TXN-005043,2025-04-14
5044,Isha Young,CUST-0041,Water Bottle,PROD-0026,17.56,2,TXN-005044,2025-07-20
5045,Pari Robinson,CUST-0617,Portable Charger,PROD-0004,42.05,1,TXN-005045,2025-07-11
5046,Pari Kumar,CUST-0184,Sports Socks (3-pack),PROD-0018,13.94,2,TXN-005046,2024-09-15
5047,Robert Hernandez,CUST-0368,Web Development,PROD-0034,44.41,1,TXN-005047,2024-08-14
5048,Aanya Verma,CUST-0001,Self-Help Guide,PROD-0036,10.26,4,TXN-005048,2025-08-09
5049,Thomas Moore,CUST-0569,Hoodie,PROD-0013,50.64,4,TXN-005049,2024-02-12
5050,Manoj Reddy,CUST-0338,Python Programming,PROD-0031,22.63,1,TXN-005050,2025-07-07
5051,Swati Gupta,CUST-0565,Winter Jacket,PROD-0016,125.83,2,TXN-005051,2025-04-30
5052,Rajesh Chopra,CUST-0269,Swimming Goggles,PROD-0048,16.81,5,TXN-005052,2025-07-20
5053,Ishaan Rodriguez,CUST-0356,Storage Containers,PROD-0027,35.05,5,TXN-005053,2024-08-30
5054,Rahul Martinez,CUST-0015,External SSD 1TB,PROD-0010,77.83,4,TXN-005054,2025-04-02
5055,Aadhya Bhat,CUST-0380,Wireless Mouse,PROD-0001,45.68,1,TXN-005055,2024-08-05
5056,Ashley Sharma,CUST-0048,Jump Rope,PROD-0044,18.67,1,TXN-005056,2025-02-03
5057,Vivaan Malhotra,CUST-0779,Jump Rope,PROD-0044,18.67,2,TXN-005057,2025-08-29
5058,Isha Anderson,CUST-0798,Cookbook,PROD-0039,22.32,1,TXN-005058,2024-07-27
5059,James Kulkarni,CUST-0018,Toaster,PROD-0023,31.12,1,TXN-005059,2024-04-09
5060,Isabella Robinson,CUST-0572,Casual Shorts,PROD-0017,29.07,3,TXN-005060,2024-07-15
5061,Karan Miller,CUST-0449,Business Strategy,PROD-0035,33.11,2,TXN-005061,2024-10-28
5062,Aanya Lewis,CUST-0443,Dish Rack,PROD-0029,28.32,2,TXN-005062,2025-05-29
5063,Manoj Lopez,CUST-0780,Python Programming,PROD-0031,22.63,4,TXN-005063,2024-01-20
5064,Jennifer Thompson,CUST-0670,Monitor Stand,PROD-0008,53.18,2,TXN-005064,2024-06-14
5065,Noah White,CUST-0425,Dumbbells (Pair),PROD-0042,77.78,3,TXN-005065,2024-02-01
5066,Pari Martinez,CUST-0116,Yoga Mat,PROD-0041,42.7,3,TXN-005066,2025-03-13
5067,Rahul Smith,CUST-0382,Football,PROD-0045,29.05,1,TXN-005067,2024-08-24
5068,Amit Kumar,CUST-0278,Cap,PROD-0019,12.46,1,TXN-005068,2024-09-15
5069,Mary Shah,CUST-0135,Cookbook,PROD-0039,22.32,2,TXN-005069,2024-02-14
5070,Sunita Gupta,CUST-0403,Python Programming,PROD-0031,22.63,1,TXN-005070,2024-12-17
5071,John Malhotra,CUST-0433,Self-Help Guide,PROD-0036,10.26,4,TXN-005071,2025-02-14
5072,Aditya Patel,CUST-0384,Cotton T-Shirt,PROD-0011,30.65,1,TXN-005072,2024-02-09
5073,Sara Davis,CUST-0387,External SSD 1TB,PROD-0010,77.83,3,TXN-005073,2024-05-09
5074,Krishna Wright,CUST-0120,Coffee Maker,PROD-0021,62.05,4,TXN-005074,2025-09-17
5075,Divya Patel,CUST-0612,Cutting Board,PROD-0028,11.96,4,TXN-005075,2024-05-20
5076,Charles Kumar,CUST-0323,Cutting Board,PROD-0028,11.96,3,TXN-005076,2024-07-07
5077,Matthew Iyer,CUST-0186,Monitor Stand,PROD-0008,53.18,2,TXN-005077,2024-12-05
5078,Isha Bhat,CUST-0242,Running Shoes,PROD-0014,41.04,4,TXN-005078,2025-10-25
5079,Riya Wright,CUST-0676,Cap,PROD-0019,12.46,2,TXN-005079,2024-01-31
5080,Kavita King,CUST-0265,Data Science Handbook,PROD-0032,42.44,1,TXN-005080,2025-02-02
5081,Mia Nair,CUST-0311,Business Strategy,PROD-0035,33.11,1,TXN-005081,2024-11-29
5082,Rahul Smith,CUST-0382,Cookbook,PROD-0039,22.32,1,TXN-005082,2025-03-23
5083,Sai Desai,CUST-0335,Cotton T-Shirt,PROD-0011,30.65,1,TXN-005083,2024-08-25
5084,Sarah Garcia,CUST-0548,Formal Shirt,PROD-0015,57.36,1,TXN-005084,2025-05-15
5085,Margaret Reddy,CUST-0084,Laptop Stand,PROD-0009,59.55,1,TXN-005085,2024-12-22
5086,Elizabeth Martinez,CUST-0224,Keyboard Mechanical,PROD-0007,97.82,1,TXN-005086,2025-09-02
5087,Liam Jackson,CUST-0058,Wireless Mouse,PROD-0001,45.68,3,TXN-005087,2025-02-07
5088,Sarah Shah,CUST-0131,Resistance Bands,PROD-0043,22.74,1,TXN-005088,2024-04-03
5089,Nisha Mehta,CUST-0070,Basketball,PROD-0046,39.63,3,TXN-005089,2024-08-30
5090,Isha Anderson,CUST-0798,Yoga Mat,PROD-0041,42.7,1,TXN-005090,2025-04-19
5091,Vihaan Lee,CUST-0507,Cotton T-Shirt,PROD-0011,30.65,2,TXN-005091,2024-10-04
5092,Isabella Davis,CUST-0549,Dumbbells (Pair),PROD-0042,77.78,2,TXN-005092,2024-09-09
5093,Ashley King,CUST-0633,Toaster,PROD-0023,31.12,2,TXN-005093,2025-12-30
5094,Swati Verma,CUST-0692,Coffee Maker,PROD-0021,62.05,2,TXN-005094,2024-06-24
5095,Matthew Iyer,CUST-0186,History of AI,PROD-0038,15.71,2,TXN-005095,2024-06-23
5096,Nikhil Pillai,CUST-0698,Toaster,PROD-0023,31.12,1,TXN-005096,2024-11-16
5097,Divya Wright,CUST-0104,Water Bottle,PROD-0026,17.56,1,TXN-005097,2025-05-29
5098,William Moore,CUST-0336,Data Science Handbook,PROD-0032,42.44,1,TXN-005098,2024-03-27
5099,Pari Thomas,CUST-0460,Smartwatch,PROD-0005,158.2,1,TXN-005099,2024-02-23
5100,Charles Kulkarni,CUST-0542,Yoga Mat,PROD-0041,42.7,1,TXN-005100,2024-11-11
5101,Krishna Malhotra,CUST-0614,Webcam HD,PROD-0006,72.22,1,TXN-005101,2025-04-10
5102,Robert Verma,CUST-0315,Sports Socks (3-pack),PROD-0018,13.94,2,TXN-005102,2025-01-09
5103,Ishaan Verma,CUST-0654,Running Shoes,PROD-0014,41.04,1,TXN-005103,2024-05-24
5104,Neha Mehta,CUST-0305,Dish Rack,PROD-0029,28.32,4,TXN-005104,2024-10-29
5105,Isabella Jackson,CUST-0115,Tea Kettle,PROD-0030,40.05,1,TXN-005105,2025-08-17
5106,Karen Rao,CUST-0308,Football,PROD-0045,29.05,3,TXN-005106,2025-08-07
5107,Donald Young,CUST-0471,Hoodie,PROD-0013,50.64,1,TXN-005107,2025-09-09
5108,Reyansh White,CUST-0209,USB-C Hub,PROD-0003,61.28,1,TXN-005108,2025-05-15
5109,William Johnson,CUST-0523,Business Strategy,PROD-0035,33.11,1,TXN-005109,2024-07-18
5110,Sai Williams,CUST-0128,Web Development,PROD-0034,44.41,1,TXN-005110,2024-03-26
5111,Emma Sharma,CUST-0071,Football,PROD-0045,29.05,1,TXN-005111,2025-10-21
5112,Donald White,CUST-0534,Cookbook,PROD-0039,22.32,5,TXN-005112,2025-03-13
5113,Ayaan Rao,CUST-0039,Machine Learning Guide,PROD-0033,42.63,2,TXN-005113,2025-07-01
5114,Diya Rao,CUST-0180,Self-Help Guide,PROD-0036,10.26,1,TXN-005114,2024-06-27
5115,Sarah Shah,CUST-0492,Business Strategy,PROD-0035,33.11,2,TXN-005115,2024-01-10
5116,Mason Mehta,CUST-0293,Self-Help Guide,PROD-0036,10.26,2,TXN-005116,2024-11-19
5117,Myra Verma,CUST-0701,Smartwatch,PROD-0005,158.2,1,TXN-005117,2024-05-05
5118,Aanya Gupta,CUST-0456,Football,PROD-0045,29.05,1,TXN-005118,2024-11-30
5119,Linda Walker,CUST-0677,Running Shoes,PROD-0014,41.04,4,TXN-005119,2024-08-19
5120,Noah Pillai,CUST-0495,Machine Learning Guide,PROD-0033,42.63,1,TXN-005120,2025-06-08
5121,Manoj Lee,CUST-0579,Keyboard Mechanical,PROD-0007,97.82,1,TXN-005121,2025-12-03
5122,Oliver Miller,CUST-0490,Hoodie,PROD-0013,50.64,1,TXN-005122,2025-01-25
5123,Liam Clark,CUST-0509,Webcam HD,PROD-0006,72.22,3,TXN-005123,2025-03-29
5124,James Walker,CUST-0761,Knife Set,PROD-0025,68.52,4,TXN-005124,2025-08-29
5125,Priya Martinez,CUST-0408,History of AI,PROD-0038,15.71,4,TXN-005125,2024-11-13
5126,John Pillai,CUST-0230,Running Shoes,PROD-0014,41.04,3,TXN-005126,2024-05-19
5127,Mia Chopra,CUST-0602,Cookbook,PROD-0039,22.32,2,TXN-005127,2025-01-20
5128,Donald Williams,CUST-0645,Cutting Board,PROD-0028,11.96,1,TXN-005128,2024-12-15
5129,Nancy Thomas,CUST-0054,Travel Guide,PROD-0040,22.38,2,TXN-005129,2025-08-22
5130,Aarav White,CUST-0030,Football,PROD-0045,29.05,1,TXN-005130,2024-02-19
5131,Oliver Mehta,CUST-0546,Cookbook,PROD-0039,22.32,2,TXN-005131,2025-05-06
5132,Aanya Clark,CUST-0234,Fiction Novel,PROD-0037,12.83,1,TXN-005132,2024-08-27
5133,Myra Verma,CUST-0701,Basketball,PROD-0046,39.63,1,TXN-005133,2024-04-07
5134,Charlotte White,CUST-0722,Webcam HD,PROD-0006,72.22,2,TXN-005134,2025-02-23
5135,Mason Williams,CUST-0680,Web Development,PROD-0034,44.41,1,TXN-005135,2024-10-21
5136,Ashley Martinez,CUST-0175,Dumbbells (Pair),PROD-0042,77.78,1,TXN-005136,2024-10-10
5137,Sneha Lewis,CUST-0754,Machine Learning Guide,PROD-0033,42.63,3,TXN-005137,2024-10-31
5138,Vivaan Johnson,CUST-0635,Cycling Gloves,PROD-0049,31.15,4,TXN-005138,2025-11-17
5139,Mary Patel,CUST-0630,Tennis Racket,PROD-0047,61.92,2,TXN-005139,2025-01-14
5140,Karan Miller,CUST-0449,Cotton T-Shirt,PROD-0011,30.65,2,TXN-005140,2025-01-14
5141,Elizabeth Robinson,CUST-0794,Data Science Handbook,PROD-0032,42.44,1,TXN-005141,2025-12-28
5142,Noah Taylor,CUST-0585,Toaster,PROD-0023,31.12,3,TXN-005142,2024-05-09
5143,Deepak Menon,CUST-0531,Swimming Goggles,PROD-0048,16.81,1,TXN-005143,2025-08-29
5144,Ayaan Allen,CUST-0053,Denim Jeans,PROD-0012,82.97,1,TXN-005144,2025-03-27
5145,Matthew King,CUST-0764,History of AI,PROD-0038,15.71,2,TXN-005145,2025-07-05
5146,Aarav Gupta,CUST-0624,Resistance Bands,PROD-0043,22.74,4,TXN-005146,2025-10-08
5147,Richard Verma,CUST-0076,Laptop Stand,PROD-0009,59.55,1,TXN-005147,2025-07-07
5148,Neha Kumar,CUST-0193,Yoga Mat,PROD-0041,42.7,2,TXN-005148,2025-04-07
5149,Margaret Reddy,CUST-0084,Tea Kettle,PROD-0030,40.05,1,TXN-005149,2024-12-02
5150,Elizabeth Thomas,CUST-0769,History of AI,PROD-0038,15.71,2,TXN-005150,2024-09-25
5151,Rohit Chopra,CUST-0337,Keyboard Mechanical,PROD-0007,97.82,3,TXN-005151,2024-07-30
5152,Anjali Robinson,CUST-0436,Data Science Handbook,PROD-0032,42.44,3,TXN-005152,2024-06-12
5153,Susan King,CUST-0536,Water Bottle,PROD-0026,17.56,5,TXN-005153,2024-04-17
5154,Sai Walker,CUST-0085,Denim Jeans,PROD-0012,82.97,3,TXN-005154,2025-10-15
5155,Michael Malhotra,CUST-0031,Running Shoes,PROD-0014,41.04,2,TXN-005155,2024-12-15
5156,Lucas Hernandez,CUST-0771,Cutting Board,PROD-0028,11.96,3,TXN-005156,2024-04-26
5157,Elizabeth Robinson,CUST-0794,Webcam HD,PROD-0006,72.22,2,TXN-005157,2025-09-16
5158,John Jones,CUST-0504,Business Strategy,PROD-0035,33.11,1,TXN-005158,2024-12-10
5159,Myra Sharma,CUST-0591,Wireless Mouse,PROD-0001,45.68,4,TXN-005159,2024-01-24
5160,Linda Menon,CUST-0756,Travel Guide,PROD-0040,22.38,2,TXN-005160,2025-08-09
5161,Nisha Reddy,CUST-0646,Cotton T-Shirt,PROD-0011,30.65,3,TXN-005161,2025-03-31
5162,Riya Verma,CUST-0480,Fiction Novel,PROD-0037,12.83,1,TXN-005162,2024-11-19
5163,Reyansh Iyer,CUST-0152,Self-Help Guide,PROD-0036,10.26,4,TXN-005163,2025-03-09
5164,Robert Davis,CUST-0600,Running Shoes,PROD-0014,41.04,1,TXN-005164,2025-01-17
5165,Lisa Rodriguez,CUST-0092,Yoga Mat,PROD-0041,42.7,3,TXN-005165,2024-11-16
5166,Vikram King,CUST-0763,Machine Learning Guide,PROD-0033,42.63,2,TXN-005166,2024-01-22
5167,Aditya Rao,CUST-0773,Tennis Racket,PROD-0047,61.92,2,TXN-005167,2024-01-13
5168,Charles Chopra,CUST-0788,Resistance Bands,PROD-0043,22.74,1,TXN-005168,2024-05-09
5169,Ashley Jones,CUST-0690,Water Bottle,PROD-0026,17.56,1,TXN-005169,2024-05-04
5170,Vihaan Malhotra,CUST-0125,Fiction Novel,PROD-0037,12.83,1,TXN-005170,2025-08-21
5171,Nisha Shah,CUST-0082,Wireless Mouse,PROD-0001,45.68,1,TXN-005171,2025-06-29
5172,Krishna Thomas,CUST-0129,Fiction Novel,PROD-0037,12.83,5,TXN-005172,2024-11-10
5173,Matthew Martin,CUST-0138,Dumbbells (Pair),PROD-0042,77.78,4,TXN-005173,2024-12-23
5174,Vihaan Malhotra,CUST-0125,Winter Jacket,PROD-0016,125.83,3,TXN-005174,2024-02-13
5175,Rahul Bhat,CUST-0588,Portable Charger,PROD-0004,42.05,2,TXN-005175,2024-12-01
5176,Sarah Garcia,CUST-0548,Keyboard Mechanical,PROD-0007,97.82,4,TXN-005176,2024-05-05
5177,Reyansh Lewis,CUST-0044,Cap,PROD-0019,12.46,1,TXN-005177,2024-05-18
5178,Deepak Rodriguez,CUST-0307,Running Shoes,PROD-0014,41.04,3,TXN-005178,2024-07-30
5179,Vikram Robinson,CUST-0411,Smartwatch,PROD-0005,158.2,4,TXN-005179,2025-12-14
5180,Sai Walker,CUST-0544,Data Science Handbook,PROD-0032,42.44,1,TXN-005180,2025-02-15
5181,Donald King,CUST-0144,Dish Rack,PROD-0029,28.32,1,TXN-005181,2025-12-07
5182,Swati Malhotra,CUST-0358,Machine Learning Guide,PROD-0033,42.63,3,TXN-005182,2025-02-14
5183,Diya Young,CUST-0582,Winter Jacket,PROD-0016,125.83,1,TXN-005183,2024-09-04
5184,Vihaan Rao,CUST-0634,Portable Charger,PROD-0004,42.05,3,TXN-005184,2025-10-03
5185,Ashley Chopra,CUST-0342,Business Strategy,PROD-0035,33.11,1,TXN-005185,2025-03-16
5186,Amit Clark,CUST-0093,Non-Stick Pan,PROD-0024,32.73,2,TXN-005186,2024-10-25
5187,Mary Pillai,CUST-0462,Resistance Bands,PROD-0043,22.74,1,TXN-005187,2025-10-28
5188,Swati Malhotra,CUST-0343,Knife Set,PROD-0025,68.52,3,TXN-005188,2024-09-02
5189,Myra Nair,CUST-0599,Data Science Handbook,PROD-0032,42.44,2,TXN-005189,2024-12-31
5190,Ishaan Rodriguez,CUST-0356,Monitor Stand,PROD-0008,53.18,1,TXN-005190,2024-10-24
5191,Anthony Kulkarni,CUST-0253,Water Bottle,PROD-0026,17.56,5,TXN-005191,2025-09-20
5192,Reyansh Lewis,CUST-0044,Resistance Bands,PROD-0043,22.74,1,TXN-005192,2025-06-04
5193,Meena Miller,CUST-0246,Python Programming,PROD-0031,22.63,2,TXN-005193,2025-04-12
5194,Neha Brown,CUST-0029,Cotton T-Shirt,PROD-0011,30.65,2,TXN-005194,2025-03-07
5195,John Pillai,CUST-0785,Dumbbells (Pair),PROD-0042,77.78,1,TXN-005195,2024-01-05
5196,James Harris,CUST-0352,Winter Jacket,PROD-0016,125.83,1,TXN-005196,2025-06-17
5197,Sai Walker,CUST-0085,Knife Set,PROD-0025,68.52,3,TXN-005197,2024-09-19
5198,Emma Sharma,CUST-0071,Basketball,PROD-0046,39.63,2,TXN-005198,2024-03-19
5199,Linda Rodriguez,CUST-0036,Keyboard Mechanical,PROD-0007,97.82,2,TXN-005199,2025-12-14
5200,Emma Kulkarni,CUST-0473,Coffee Maker,PROD-0021,62.05,2,TXN-005200,2024-07-28
5201,Swati Malhotra,CUST-0343,Business Strategy,PROD-0035,33.11,4,TXN-005201,2025-10-12
5202,Deepak Rodriguez,CUST-0307,Storage Containers,PROD-0027,35.05,3,TXN-005202,2024-02-13
5203,Betty Thomas,CUST-0383,Monitor Stand,PROD-0008,53.18,1,TXN-005203,2025-11-16
5204,Ayaan Jackson,CUST-0574,Business Strategy,PROD-0035,33.11,1,TXN-005204,2025-05-17
5205,Meena Anderson,CUST-0220,Wireless Mouse,PROD-0001,45.68,1,TXN-005205,2025-05-13
5206,Susan Davis,CUST-0430,Running Shoes,PROD-0014,41.04,2,TXN-005206,2025-06-05
5207,Divya Rodriguez,CUST-0105,Casual Shorts,PROD-0017,29.07,2,TXN-005207,2025-11-23
5208,Amit Kumar,CUST-0278,Tea Kettle,PROD-0030,40.05,1,TXN-005208,2025-08-15
5209,Reyansh Nair,CUST-0236,History of AI,PROD-0038,15.71,1,TXN-005209,2024-08-04
5210,Joseph White,CUST-0023,Fiction Novel,PROD-0037,12.83,2,TXN-005210,2024-02-15
5211,Patricia Chopra,CUST-0429,Data Science Handbook,PROD-0032,42.44,2,TXN-005211,2025-12-12
5212,Arjun Jones,CUST-0775,Resistance Bands,PROD-0043,22.74,4,TXN-005212,2025-10-03
5213,Jessica Moore,CUST-0709,Wireless Mouse,PROD-0001,45.68,2,TXN-005213,2024-06-26
5214,Mark Mehta,CUST-0518,Business Strategy,PROD-0035,33.11,3,TXN-005214,2024-10-11
5215,Sai Garcia,CUST-0629,Machine Learning Guide,PROD-0033,42.63,2,TXN-005215,2024-10-03
5216,Anthony Thomas,CUST-0328,Cycling Gloves,PROD-0049,31.15,5,TXN-005216,2024-04-24
5217,Patricia Malhotra,CUST-0724,Winter Jacket,PROD-0016,125.83,3,TXN-005217,2024-12-02
5218,Sneha Brown,CUST-0551,Swimming Goggles,PROD-0048,16.81,4,TXN-005218,2024-05-19
5219,Noah Pillai,CUST-0503,Monitor Stand,PROD-0008,53.18,2,TXN-005219,2024-07-20
5220,Reyansh Reddy,CUST-0022,Dumbbells (Pair),PROD-0042,77.78,5,TXN-005220,2025-07-20
5221,Ayaan Jackson,CUST-0574,Monitor Stand,PROD-0008,53.18,3,TXN-005221,2025-01-27
5222,Amit Kumar,CUST-0278,Gym Bag,PROD-0050,52.65,3,TXN-005222,2024-02-05
5223,Swati Verma,CUST-0208,Scarf,PROD-0020,33.28,4,TXN-005223,2025-08-27
5224,Lucas Smith,CUST-0516,Cycling Gloves,PROD-0049,31.15,2,TXN-005224,2024-03-07
5225,Sarah Bhat,CUST-0520,Data Science Handbook,PROD-0032,42.44,1,TXN-005225,2025-04-26
5226,Ashley Davis,CUST-0454,Dumbbells (Pair),PROD-0042,77.78,3,TXN-005226,2025-06-08
5227,Jennifer Singh,CUST-0228,Tennis Racket,PROD-0047,61.92,1,TXN-005227,2025-02-18
5228,Patricia Walker,CUST-0291,Cycling Gloves,PROD-0049,31.15,2,TXN-005228,2024-01-15
5229,Patricia Williams,CUST-0258,Keyboard Mechanical,PROD-0007,97.82,1,TXN-005229,2024-01-09
5230,Manoj Hernandez,CUST-0620,Wireless Mouse,PROD-0001,45.68,2,TXN-005230,2024-04-25
5231,Swati Malhotra,CUST-0358,Hoodie,PROD-0013,50.64,2,TXN-005231,2025-10-14
5232,Susan Davis,CUST-0430,Bluetooth Headphones,PROD-0002,92.28,1,TXN-005232,2024-05-10
5233,Ayaan Walker,CUST-0406,Laptop Stand,PROD-0009,59.55,1,TXN-005233,2024-06-19
5234,Isha Young,CUST-0041,Casual Shorts,PROD-0017,29.07,1,TXN-005234,2024-06-23
5235,Mark Malhotra,CUST-0239,Webcam HD,PROD-0006,72.22,2,TXN-005235,2025-10-30
5236,Oliver Lee,CUST-0365,Dish Rack,PROD-0029,28.32,2,TXN-005236,2024-01-08
5237,Amit Lopez,CUST-0275,Cycling Gloves,PROD-0049,31.15,1,TXN-005237,2024-01-21
5238,Liam Jackson,CUST-0058,Basketball,PROD-0046,39.63,2,TXN-005238,2025-12-07
5239,Michael Smith,CUST-0606,Basketball,PROD-0046,39.63,1,TXN-005239,2025-08-01
5240,Mason Rao,CUST-0221,Cotton T-Shirt,PROD-0011,30.65,1,TXN-005240,2024-09-02
5241,Swati Gupta,CUST-0565,Dumbbells (Pair),PROD-0042,77.78,1,TXN-005241,2025-09-28
5242,Noah Pillai,CUST-0495,Basketball,PROD-0046,39.63,2,TXN-005242,2024-04-11
5243,Vihaan Garcia,CUST-0650,External SSD 1TB,PROD-0010,77.83,1,TXN-005243,2024-10-10
5244,Lucas Nair,CUST-0558,Tea Kettle,PROD-0030,40.05,1,TXN-005244,2025-07-25
5245,Meena Kumar,CUST-0487,External SSD 1TB,PROD-0010,77.83,3,TXN-005245,2024-09-18
5246,Linda Clark,CUST-0589,Storage Containers,PROD-0027,35.05,1,TXN-005246,2024-06-30
5247,Betty Thomas,CUST-0383,Webcam HD,PROD-0006,72.22,5,TXN-005247,2024-11-01
5248,Reyansh Martin,CUST-0148,Denim Jeans,PROD-0012,82.97,1,TXN-005248,2024-09-28
5249,Mark Jackson,CUST-0711,Dumbbells (Pair),PROD-0042,77.78,2,TXN-005249,2024-06-25
5250,Susan Davis,CUST-0430,Keyboard Mechanical,PROD-0007,97.82,1,TXN-005250,2025-09-28
5251,Ayaan Allen,CUST-0053,USB-C Hub,PROD-0003,61.28,1,TXN-005251,2025-01-26
5252,William Martinez,CUST-0539,Cutting Board,PROD-0028,11.96,1,TXN-005252,2025-01-25
5253,Mason Rao,CUST-0221,Portable Charger,PROD-0004,42.05,2,TXN-005253,2024-06-01
5254,Matthew Chopra,CUST-0560,Water Bottle,PROD-0026,17.56,2,TXN-005254,2025-10-30
5255,Mary Reddy,CUST-0174,Portable Charger,PROD-0004,42.05,4,TXN-005255,2024-06-04
5256,Isha Anderson,CUST-0798,USB-C Hub,PROD-0003,61.28,1,TXN-005256,2024-12-09
5257,Sai Kumar,CUST-0799,Winter Jacket,PROD-0016,125.83,1,TXN-005257,2025-02-28
5258,Vivaan Anderson,CUST-0739,Laptop Stand,PROD-0009,59.55,1,TXN-005258,2025-01-04
5259,Betty Thompson,CUST-0202,Storage Containers,PROD-0027,35.05,5,TXN-005259,2025-08-20
5260,Ananya Patel,CUST-0032,Wireless Mouse,PROD-0001,45.68,1,TXN-005260,2025-05-02
5261,Manoj Hernandez,CUST-0620,Coffee Maker,PROD-0021,62.05,1,TXN-005261,2024-04-08
5262,Vihaan Lee,CUST-0507,Winter Jacket,PROD-0016,125.83,1,TXN-005262,2025-07-30
5263,Rahul Brown,CUST-0013,Bluetooth Headphones,PROD-0002,92.28,3,TXN-005263,2024-08-09
5264,Pooja Chopra,CUST-0631,Tea Kettle,PROD-0030,40.05,1,TXN-005264,2024-02-05
5265,Riya Jackson,CUST-0671,Dish Rack,PROD-0029,28.32,1,TXN-005265,2024-04-05
5266,Suresh Taylor,CUST-0112,Running Shoes,PROD-0014,41.04,2,TXN-005266,2025-01-24
5267,Diya Garcia,CUST-0580,USB-C Hub,PROD-0003,61.28,3,TXN-005267,2025-04-28
5268,Daniel Rao,CUST-0078,Dumbbells (Pair),PROD-0042,77.78,1,TXN-005268,2024-05-25
5269,Anthony Thompson,CUST-0191,Monitor Stand,PROD-0008,53.18,1,TXN-005269,2024-09-16
5270,Aditya Lee,CUST-0324,Basketball,PROD-0046,39.63,3,TXN-005270,2025-02-21
5271,Isabella Jackson,CUST-0115,Data Science Handbook,PROD-0032,42.44,1,TXN-005271,2024-06-20
5272,Charlotte Singh,CUST-0561,Smartwatch,PROD-0005,158.2,2,TXN-005272,2024-01-07
5273,Jessica Miller,CUST-0466,Casual Shorts,PROD-0017,29.07,1,TXN-005273,2025-02-20
5274,Deepak Garcia,CUST-0056,External SSD 1TB,PROD-0010,77.83,3,TXN-005274,2024-11-04
5275,Michael Malhotra,CUST-0301,Laptop Stand,PROD-0009,59.55,1,TXN-005275,2024-05-27
5276,Daniel Lopez,CUST-0096,Dumbbells (Pair),PROD-0042,77.78,1,TXN-005276,2024-05-27
5277,Ishaan Jackson,CUST-0351,Denim Jeans,PROD-0012,82.97,1,TXN-005277,2025-08-24
5278,Ananya Garcia,CUST-0277,Cycling Gloves,PROD-0049,31.15,1,TXN-005278,2025-11-11
5279,Susan Clark,CUST-0748,Bluetooth Headphones,PROD-0002,92.28,2,TXN-005279,2024-11-08
5280,Pooja Johnson,CUST-0760,Dish Rack,PROD-0029,28.32,3,TXN-005280,2025-04-30
5281,Manoj Sharma,CUST-0185,Knife Set,PROD-0025,68.52,2,TXN-005281,2024-08-01
5282,Suresh Mehta,CUST-0691,Denim Jeans,PROD-0012,82.97,2,TXN-005282,2025-10-02
5283,Krishna Malhotra,CUST-0362,Coffee Maker,PROD-0021,62.05,1,TXN-005283,2024-05-13
5284,David Jackson,CUST-0482,Storage Containers,PROD-0027,35.05,1,TXN-005284,2025-04-21
5285,Mark Hernandez,CUST-0618,Scarf,PROD-0020,33.28,3,TXN-005285,2024-01-25
5286,Oliver Patel,CUST-0694,Laptop Stand,PROD-0009,59.55,1,TXN-005286,2024-12-19
5287,Jessica Moore,CUST-0709,Toaster,PROD-0023,31.12,2,TXN-005287,2024-12-25
5288,Isabella Jackson,CUST-0115,Knife Set,PROD-0025,68.52,1,TXN-005288,2024-04-18
5289,Vikram Miller,CUST-0109,Fiction Novel,PROD-0037,12.83,2,TXN-005289,2024-11-23
5290,Vikram Bhat,CUST-0550,History of AI,PROD-0038,15.71,4,TXN-005290,2024-04-03
5291,Ashley Martinez,CUST-0175,Cutting Board,PROD-0028,11.96,2,TXN-005291,2025-02-18
5292,Lucas Singh,CUST-0776,Football,PROD-0045,29.05,1,TXN-005292,2025-09-13
5293,Isabella Davis,CUST-0549,Storage Containers,PROD-0027,35.05,1,TXN-005293,2025-07-23
5294,Kavita King,CUST-0439,Machine Learning Guide,PROD-0033,42.63,2,TXN-005294,2024-05-09
5295,Meena Anderson,CUST-0220,Tea Kettle,PROD-0030,40.05,1,TXN-005295,2024-03-01
5296,Swati Lee,CUST-0010,Machine Learning Guide,PROD-0033,42.63,2,TXN-005296,2024-11-15
5297,Riya Martinez,CUST-0468,Casual Shorts,PROD-0017,29.07,1,TXN-005297,2024-08-24
5298,Karan Miller,CUST-0449,Resistance Bands,PROD-0043,22.74,2,TXN-005298,2024-03-31
5299,Manoj Lee,CUST-0579,Monitor Stand,PROD-0008,53.18,2,TXN-005299,2025-05-17
5300,David Harris,CUST-0299,Travel Guide,PROD-0040,22.38,3,TXN-005300,2024-05-13
5301,Richard Smith,CUST-0088,Cutting Board,PROD-0028,11.96,1,TXN-005301,2024-02-21
5302,Swati Gupta,CUST-0414,Fiction Novel,PROD-0037,12.83,3,TXN-005302,2025-06-25
5303,Ishaan Young,CUST-0787,Hoodie,PROD-0013,50.64,1,TXN-005303,2025-10-02
5304,Sarah Shah,CUST-0131,Hoodie,PROD-0013,50.64,3,TXN-005304,2024-08-23
5305,Ishaan Malhotra,CUST-0286,Business Strategy,PROD-0035,33.11,1,TXN-005305,2025-03-23
5306,Ananya Garcia,CUST-0277,Dish Rack,PROD-0029,28.32,4,TXN-005306,2024-02-10
5307,Elizabeth Wright,CUST-0517,Cotton T-Shirt,PROD-0011,30.65,1,TXN-005307,2025-08-10
5308,Aanya Young,CUST-0541,Storage Containers,PROD-0027,35.05,1,TXN-005308,2025-03-18
5309,Sandra Martinez,CUST-0192,External SSD 1TB,PROD-0010,77.83,3,TXN-005309,2024-01-10
5310,Oliver Gupta,CUST-0173,Smartwatch,PROD-0005,158.2,5,TXN-005310,2024-07-23
5311,Priya Smith,CUST-0762,Tennis Racket,PROD-0047,61.92,2,TXN-005311,2024-05-31
5312,Rahul Martinez,CUST-0015,Toaster,PROD-0023,31.12,4,TXN-005312,2024-01-02
5313,Ashley Brown,CUST-0214,Cycling Gloves,PROD-0049,31.15,1,TXN-005313,2024-03-03
5314,Reyansh Reddy,CUST-0022,Bluetooth Headphones,PROD-0002,92.28,2,TXN-005314,2025-01-20
5315,Sophia Rao,CUST-0255,Cap,PROD-0019,12.46,3,TXN-005315,2025-02-16
5316,Reyansh Williams,CUST-0465,Winter Jacket,PROD-0016,125.83,2,TXN-005316,2025-09-18
5317,Ashley Miller,CUST-0005,Wireless Mouse,PROD-0001,45.68,2,TXN-005317,2025-08-08
5318,Ishaan Young,CUST-0787,Gym Bag,PROD-0050,52.65,2,TXN-005318,2024-04-02
5319,Vihaan Malhotra,CUST-0125,Casual Shorts,PROD-0017,29.07,1,TXN-005319,2024-01-03
5320,Lisa Hernandez,CUST-0024,History of AI,PROD-0038,15.71,5,TXN-005320,2024-04-04
5321,Pari Walker,CUST-0394,Fiction Novel,PROD-0037,12.83,3,TXN-005321,2025-10-04
5322,Ayaan Lopez,CUST-0156,Winter Jacket,PROD-0016,125.83,1,TXN-005322,2025-05-21
5323,Deepak Jones,CUST-0207,Tea Kettle,PROD-0030,40.05,3,TXN-005323,2025-08-18
5324,Ashley Jones,CUST-0690,Business Strategy,PROD-0035,33.11,4,TXN-005324,2025-08-14
5325,Sara Anderson,CUST-0745,Tea Kettle,PROD-0030,40.05,3,TXN-005325,2025-09-24
5326,Karen Nair,CUST-0046,Knife Set,PROD-0025,68.52,1,TXN-005326,2024-12-10
5327,Karen Rao,CUST-0308,Business Strategy,PROD-0035,33.11,5,TXN-005327,2024-03-25
5328,Charlotte Singh,CUST-0561,Cutting Board,PROD-0028,11.96,2,TXN-005328,2024-09-21
5329,Noah Malhotra,CUST-0398,Winter Jacket,PROD-0016,125.83,1,TXN-005329,2024-01-24
5330,Divya Patel,CUST-0612,History of AI,PROD-0038,15.71,2,TXN-005330,2025-12-01
5331,Neha Miller,CUST-0225,Winter Jacket,PROD-0016,125.83,2,TXN-005331,2024-04-09
5332,Divya Davis,CUST-0741,Winter Jacket,PROD-0016,125.83,5,TXN-005332,2024-03-25
5333,Suresh Shah,CUST-0099,Web Development,PROD-0034,44.41,4,TXN-005333,2024-11-21
5334,Suresh Desai,CUST-0095,Resistance Bands,PROD-0043,22.74,2,TXN-005334,2025-10-23
5335,Margaret Martin,CUST-0379,Football,PROD-0045,29.05,1,TXN-005335,2025-05-28
5336,Nancy Bhat,CUST-0145,Cycling Gloves,PROD-0049,31.15,2,TXN-005336,2024-11-12
5337,Charlotte Rao,CUST-0154,Bluetooth Headphones,PROD-0002,92.28,1,TXN-005337,2024-09-23
5338,David Malhotra,CUST-0681,Wireless Mouse,PROD-0001,45.68,1,TXN-005338,2024-07-27
5339,Jennifer Moore,CUST-0332,Cycling Gloves,PROD-0049,31.15,1,TXN-005339,2025-02-26
5340,Nancy Harris,CUST-0421,Bluetooth Headphones,PROD-0002,92.28,2,TXN-005340,2025-01-19
5341,Linda Clark,CUST-0589,Cookbook,PROD-0039,22.32,2,TXN-005341,2024-10-17
5342,Riya Kumar,CUST-0596,Basketball,PROD-0046,39.63,1,TXN-005342,2025-02-18
5343,Aanya Lewis,CUST-0443,Dish Rack,PROD-0029,28.32,1,TXN-005343,2024-02-24
5344,Riya Harris,CUST-0098,Portable Charger,PROD-0004,42.05,2,TXN-005344,2024-09-30
5345,Sunita Harris,CUST-0660,Tennis Racket,PROD-0047,61.92,1,TXN-005345,2024-05-22
5346,Patricia Malhotra,CUST-0724,Gym Bag,PROD-0050,52.65,2,TXN-005346,2024-04-03
5347,Suresh Bhat,CUST-0706,Machine Learning Guide,PROD-0033,42.63,1,TXN-005347,2024-05-21
5348,Jennifer Shah,CUST-0669,Formal Shirt,PROD-0015,57.36,2,TXN-005348,2025-09-02
5349,Aanya Jackson,CUST-0786,Cap,PROD-0019,12.46,5,TXN-005349,2024-06-01
5350,Sophia Rao,CUST-0401,External SSD 1TB,PROD-0010,77.83,1,TXN-005350,2024-12-20
5351,Manoj Joshi,CUST-0513,Smartwatch,PROD-0005,158.2,2,TXN-005351,2025-12-06
5352,Lisa Robinson,CUST-0333,Laptop Stand,PROD-0009,59.55,2,TXN-005352,2025-01-02
5353,Susan Brown,CUST-0653,Hoodie,PROD-0013,50.64,2,TXN-005353,2024-06-12
5354,Jennifer Singh,CUST-0228,Toaster,PROD-0023,31.12,5,TXN-005354,2024-01-18
5355,Charles Moore,CUST-0009,Cap,PROD-0019,12.46,1,TXN-005355,2025-09-26
5356,Sophia Desai,CUST-0097,Gym Bag,PROD-0050,52.65,2,TXN-005356,2024-05-22
5357,Swati Gupta,CUST-0565,Football,PROD-0045,29.05,1,TXN-005357,2025-07-16
5358,Aditya Allen,CUST-0119,Jump Rope,PROD-0044,18.67,2,TXN-005358,2024-03-12
5359,Amit Rodriguez,CUST-0644,Denim Jeans,PROD-0012,82.97,3,TXN-005359,2024-12-01
5360,Karan Robinson,CUST-0355,Fiction Novel,PROD-0037,12.83,1,TXN-005360,2025-11-12
5361,Priya Martinez,CUST-0408,Monitor Stand,PROD-0008,53.18,4,TXN-005361,2024-03-03
5362,Oliver Smith,CUST-0476,Cookbook,PROD-0039,22.32,1,TXN-005362,2024-02-26
5363,Meena Thomas,CUST-0271,Cutting Board,PROD-0028,11.96,2,TXN-005363,2024-02-25
5364,Richard Smith,CUST-0088,Laptop Stand,PROD-0009,59.55,2,TXN-005364,2025-06-18
5365,Nikhil Sharma,CUST-0147,Tea Kettle,PROD-0030,40.05,1,TXN-005365,2024-04-01
5366,Divya Davis,CUST-0741,Swimming Goggles,PROD-0048,16.81,4,TXN-005366,2024-07-24
5367,Sarah Shah,CUST-0131,Fiction Novel,PROD-0037,12.83,3,TXN-005367,2025-10-04
5368,Mia Brown,CUST-0438,Smartwatch,PROD-0005,158.2,1,TXN-005368,2024-05-08
5369,Michael Malhotra,CUST-0031,Dumbbells (Pair),PROD-0042,77.78,4,TXN-005369,2025-06-29
5370,Aadhya Lewis,CUST-0733,Non-Stick Pan,PROD-0024,32.73,1,TXN-005370,2025-03-15
5371,Anjali Young,CUST-0446,Cycling Gloves,PROD-0049,31.15,1,TXN-005371,2024-09-21
5372,Rajesh Kulkarni,CUST-0320,Knife Set,PROD-0025,68.52,3,TXN-005372,2024-11-08
5373,Riya Jackson,CUST-0671,Denim Jeans,PROD-0012,82.97,4,TXN-005373,2025-03-26
5374,Susan Davis,CUST-0430,Formal Shirt,PROD-0015,57.36,4,TXN-005374,2024-11-03
5375,Margaret Garcia,CUST-0393,Bluetooth Headphones,PROD-0002,92.28,1,TXN-005375,2024-03-31
5376,Joseph Patel,CUST-0341,Winter Jacket,PROD-0016,125.83,1,TXN-005376,2025-05-26
5377,Sophia Wright,CUST-0737,Swimming Goggles,PROD-0048,16.81,3,TXN-005377,2024-07-28
5378,Arjun Thompson,CUST-0750,Scarf,PROD-0020,33.28,2,TXN-005378,2024-06-01
5379,Aanya Chopra,CUST-0266,Winter Jacket,PROD-0016,125.83,1,TXN-005379,2025-03-07
5380,Pooja Brown,CUST-0086,Data Science Handbook,PROD-0032,42.44,5,TXN-005380,2025-07-01
5381,Mary Reddy,CUST-0174,Cotton T-Shirt,PROD-0011,30.65,4,TXN-005381,2024-04-13
5382,Sunita Rao,CUST-0768,Jump Rope,PROD-0044,18.67,1,TXN-005382,2025-04-14
5383,John Allen,CUST-0685,Denim Jeans,PROD-0012,82.97,1,TXN-005383,2024-01-04
5384,Pooja Martinez,CUST-0522,Water Bottle,PROD-0026,17.56,3,TXN-005384,2025-12-21
5385,Isabella Johnson,CUST-0397,Toaster,PROD-0023,31.12,4,TXN-005385,2025-02-13
5386,Nisha Clark,CUST-0157,Laptop Stand,PROD-0009,59.55,1,TXN-005386,2024-03-19
5387,Matthew Singh,CUST-0637,Dish Rack,PROD-0029,28.32,4,TXN-005387,2025-02-22
5388,Matthew Lee,CUST-0559,Dish Rack,PROD-0029,28.32,2,TXN-005388,2024-10-03
5389,Ananya Thompson,CUST-0639,Cap,PROD-0019,12.46,2,TXN-005389,2024-03-23
5390,Matthew Harris,CUST-0679,Cotton T-Shirt,PROD-0011,30.65,2,TXN-005390,2025-10-16
5391,Mary Allen,CUST-0213,Non-Stick Pan,PROD-0024,32.73,1,TXN-005391,2025-02-26
5392,Suresh Taylor,CUST-0112,Machine Learning Guide,PROD-0033,42.63,1,TXN-005392,2025-08-02
5393,Noah Pillai,CUST-0495,Scarf,PROD-0020,33.28,5,TXN-005393,2024-05-08
5394,Ishaan Patel,CUST-0241,Coffee Maker,PROD-0021,62.05,4,TXN-005394,2024-08-02
5395,Robert Verma,CUST-0315,Portable Charger,PROD-0004,42.05,1,TXN-005395,2025-03-05
5396,Daniel Singh,CUST-0757,Cycling Gloves,PROD-0049,31.15,1,TXN-005396,2024-06-05
5397,Lisa Nair,CUST-0114,External SSD 1TB,PROD-0010,77.83,1,TXN-005397,2025-10-14
5398,Margaret Rodriguez,CUST-0444,Casual Shorts,PROD-0017,29.07,2,TXN-005398,2024-12-30
5399,Sophia Thompson,CUST-0168,Toaster,PROD-0023,31.12,1,TXN-005399,2024-06-25
5400,James Kulkarni,CUST-0018,Water Bottle,PROD-0026,17.56,2,TXN-005400,2024-10-10
5401,Daniel Thomas,CUST-0290,Dumbbells (Pair),PROD-0042,77.78,3,TXN-005401,2024-05-06
5402,Divya Wright,CUST-0104,Resistance Bands,PROD-0043,22.74,3,TXN-005402,2025-05-19
5403,Sneha Reddy,CUST-0793,Hoodie,PROD-0013,50.64,2,TXN-005403,2024-03-23
5404,Sai Walker,CUST-0544,External SSD 1TB,PROD-0010,77.83,2,TXN-005404,2024-01-03
5405,John Allen,CUST-0685,Cutting Board,PROD-0028,11.96,1,TXN-005405,2024-08-18
5406,Ishaan Clark,CUST-0346,Jump Rope,PROD-0044,18.67,2,TXN-005406,2024-10-21
5407,Manoj Joshi,CUST-0513,Machine Learning Guide,PROD-0033,42.63,3,TXN-005407,2024-03-07
5408,Aanya Young,CUST-0541,Web Development,PROD-0034,44.41,1,TXN-005408,2025-03-05
5409,Vikram Bhat,CUST-0550,Bluetooth Headphones,PROD-0002,92.28,5,TXN-005409,2025-02-18
5410,Aanya Chopra,CUST-0266,Gym Bag,PROD-0050,52.65,1,TXN-005410,2024-04-10
5411,Divya Wright,CUST-0104,USB-C Hub,PROD-0003,61.28,1,TXN-005411,2024-06-13
5412,Aadhya Bhat,CUST-0380,Scarf,PROD-0020,33.28,1,TXN-005412,2024-10-12
5413,Sai Walker,CUST-0085,Tennis Racket,PROD-0047,61.92,1,TXN-005413,2024-01-31
5414,Aanya Jackson,CUST-0122,Basketball,PROD-0046,39.63,2,TXN-005414,2024-11-14
5415,Jessica Rao,CUST-0626,Swimming Goggles,PROD-0048,16.81,5,TXN-005415,2025-03-10
5416,Ashley Miller,CUST-0005,Winter Jacket,PROD-0016,125.83,2,TXN-005416,2024-04-12
5417,Sunita Gupta,CUST-0731,Tennis Racket,PROD-0047,61.92,2,TXN-005417,2025-06-01
5418,Neha White,CUST-0395,Portable Charger,PROD-0004,42.05,5,TXN-005418,2024-07-26
5419,Sophia Thompson,CUST-0168,Portable Charger,PROD-0004,42.05,5,TXN-005419,2024-07-25
5420,Richard Johnson,CUST-0108,Cookbook,PROD-0039,22.32,2,TXN-005420,2025-08-29
5421,Meena Hernandez,CUST-0638,Cookbook,PROD-0039,22.32,4,TXN-005421,2024-02-20
5422,Lucas Davis,CUST-0083,Webcam HD,PROD-0006,72.22,3,TXN-005422,2024-02-03
5423,Ishaan White,CUST-0014,Running Shoes,PROD-0014,41.04,1,TXN-005423,2025-05-01
5424,Krishna Wright,CUST-0120,Winter Jacket,PROD-0016,125.83,1,TXN-005424,2025-12-07
5425,Liam Clark,CUST-0509,Swimming Goggles,PROD-0048,16.81,1,TXN-005425,2025-04-22
5426,Margaret Young,CUST-0781,Dumbbells (Pair),PROD-0042,77.78,2,TXN-005426,2024-02-16
5427,Sandra Wright,CUST-0800,Swimming Goggles,PROD-0048,16.81,1,TXN-005427,2025-10-07
5428,Lucas Singh,CUST-0776,Knife Set,PROD-0025,68.52,4,TXN-005428,2024-06-08
5429,Vivaan Malhotra,CUST-0779,Toaster,PROD-0023,31.12,2,TXN-005429,2025-09-23
5430,Sai Malhotra,CUST-0770,Portable Charger,PROD-0004,42.05,3,TXN-005430,2024-09-21
5431,Sandra Martin,CUST-0101,History of AI,PROD-0038,15.71,2,TXN-005431,2025-10-13
5432,Lisa Joshi,CUST-0478,Web Development,PROD-0034,44.41,1,TXN-005432,2025-01-08
5433,Swati Lee,CUST-0010,Yoga Mat,PROD-0041,42.7,1,TXN-005433,2024-07-29
5434,Karan Miller,CUST-0449,Blender,PROD-0022,46.5,1,TXN-005434,2025-06-26
5435,Liam Davis,CUST-0170,Basketball,PROD-0046,39.63,1,TXN-005435,2025-04-28
5436,Richard Johnson,CUST-0171,Self-Help Guide,PROD-0036,10.26,2,TXN-005436,2025-03-30
5437,Susan King,CUST-0536,Swimming Goggles,PROD-0048,16.81,1,TXN-005437,2024-05-20
5438,Sai Kumar,CUST-0799,Tea Kettle,PROD-0030,40.05,2,TXN-005438,2024-02-27
5439,Aadhya Lewis,CUST-0733,Formal Shirt,PROD-0015,57.36,2,TXN-005439,2025-03-01
5440,Vikram Miller,CUST-0109,Cutting Board,PROD-0028,11.96,1,TXN-005440,2025-12-07
5441,Mary White,CUST-0525,Monitor Stand,PROD-0008,53.18,3,TXN-005441,2025-04-26
5442,Lucas Anderson,CUST-0159,Laptop Stand,PROD-0009,59.55,4,TXN-005442,2025-11-24
5443,Ananya Lee,CUST-0611,Cycling Gloves,PROD-0049,31.15,2,TXN-005443,2025-01-28
5444,Patricia Williams,CUST-0258,Python Programming,PROD-0031,22.63,2,TXN-005444,2024-05-03
5445,Isabella Davis,CUST-0549,Hoodie,PROD-0013,50.64,2,TXN-005445,2024-08-20
5446,Daniel Miller,CUST-0042,Dish Rack,PROD-0029,28.32,4,TXN-005446,2025-07-27
5447,Vikram Miller,CUST-0109,Wireless Mouse,PROD-0001,45.68,1,TXN-005447,2024-10-20
5448,Charlotte Singh,CUST-0561,Wireless Mouse,PROD-0001,45.68,2,TXN-005448,2025-07-16
5449,Ayaan Mehta,CUST-0376,Toaster,PROD-0023,31.12,2,TXN-005449,2025-05-27
5450,Isha Nair,CUST-0033,Wireless Mouse,PROD-0001,45.68,1,TXN-005450,2024-09-20
5451,Amit Lee,CUST-0686,Cap,PROD-0019,12.46,1,TXN-005451,2024-05-18
5452,Nisha Thompson,CUST-0219,Water Bottle,PROD-0026,17.56,5,TXN-005452,2024-06-15
5453,Vihaan Malhotra,CUST-0125,Water Bottle,PROD-0026,17.56,2,TXN-005453,2025-01-28
5454,Pari Robinson,CUST-0617,Resistance Bands,PROD-0043,22.74,3,TXN-005454,2025-07-18
5455,Linda Martinez,CUST-0361,Tea Kettle,PROD-0030,40.05,1,TXN-005455,2025-11-13
5456,Jennifer Mehta,CUST-0484,Bluetooth Headphones,PROD-0002,92.28,1,TXN-005456,2025-03-29
5457,Oliver Taylor,CUST-0699,Jump Rope,PROD-0044,18.67,1,TXN-005457,2025-03-23
5458,Vivaan Johnson,CUST-0635,Football,PROD-0045,29.05,1,TXN-005458,2025-08-14
5459,Vihaan Taylor,CUST-0374,Football,PROD-0045,29.05,3,TXN-005459,2024-05-25
5460,Lisa Rodriguez,CUST-0092,Coffee Maker,PROD-0021,62.05,1,TXN-005460,2024-04-28
5461,Isabella Pillai,CUST-0417,Scarf,PROD-0020,33.28,3,TXN-005461,2025-02-01
5462,Richard Lopez,CUST-0075,Wireless Mouse,PROD-0001,45.68,2,TXN-005462,2024-01-10
5463,Betty Reddy,CUST-0223,Hoodie,PROD-0013,50.64,1,TXN-005463,2025-10-26
5464,Susan King,CUST-0536,Gym Bag,PROD-0050,52.65,1,TXN-005464,2024-06-09
5465,Sai Rodriguez,CUST-0289,Running Shoes,PROD-0014,41.04,3,TXN-005465,2025-12-12
5466,Pari Martinez,CUST-0116,Travel Guide,PROD-0040,22.38,2,TXN-005466,2024-08-15
5467,Isabella Rao,CUST-0592,Laptop Stand,PROD-0009,59.55,1,TXN-005467,2024-10-26
5468,Lucas Smith,CUST-0516,Smartwatch,PROD-0005,158.2,1,TXN-005468,2024-01-11
5469,Rohit Brown,CUST-0309,Keyboard Mechanical,PROD-0007,97.82,3,TXN-005469,2025-09-07
5470,Sunita Bhat,CUST-0077,Wireless Mouse,PROD-0001,45.68,1,TXN-005470,2024-08-22
5471,Ashley Sharma,CUST-0048,External SSD 1TB,PROD-0010,77.83,1,TXN-005471,2024-03-13
5472,Sara Davis,CUST-0387,Python Programming,PROD-0031,22.63,3,TXN-005472,2025-07-17
5473,Noah Malhotra,CUST-0398,Football,PROD-0045,29.05,1,TXN-005473,2025-12-31
5474,Aadhya Miller,CUST-0251,Formal Shirt,PROD-0015,57.36,2,TXN-005474,2025-09-21
5475,Manoj Reddy,CUST-0338,Formal Shirt,PROD-0015,57.36,1,TXN-005475,2024-04-02
5476,Daniel Lopez,CUST-0096,Wireless Mouse,PROD-0001,45.68,1,TXN-005476,2024-05-01
5477,Manoj Lopez,CUST-0780,Sports Socks (3-pack),PROD-0018,13.94,4,TXN-005477,2025-03-06
5478,Aanya Chopra,CUST-0266,Gym Bag,PROD-0050,52.65,5,TXN-005478,2025-05-17
5479,Mark Mehta,CUST-0518,History of AI,PROD-0038,15.71,3,TXN-005479,2024-05-05
5480,Anthony Thomas,CUST-0328,Python Programming,PROD-0031,22.63,1,TXN-005480,2024-12-11
5481,Sai Lee,CUST-0329,Swimming Goggles,PROD-0048,16.81,3,TXN-005481,2024-04-23
5482,Linda Anderson,CUST-0141,Business Strategy,PROD-0035,33.11,3,TXN-005482,2025-04-04
5483,Robert Singh,CUST-0505,Blender,PROD-0022,46.5,3,TXN-005483,2024-05-17
5484,Susan Davis,CUST-0240,History of AI,PROD-0038,15.71,1,TXN-005484,2025-07-30
5485,Swati Pillai,CUST-0510,Machine Learning Guide,PROD-0033,42.63,1,TXN-005485,2025-01-05
5486,Aanya Chopra,CUST-0266,External SSD 1TB,PROD-0010,77.83,1,TXN-005486,2025-10-16
5487,Sunita Kumar,CUST-0047,Cycling Gloves,PROD-0049,31.15,2,TXN-005487,2025-09-04
5488,Emma Kulkarni,CUST-0473,Cotton T-Shirt,PROD-0011,30.65,1,TXN-005488,2025-01-27
5489,Donald Menon,CUST-0020,External SSD 1TB,PROD-0010,77.83,1,TXN-005489,2024-10-26
5490,Anjali Young,CUST-0446,Cycling Gloves,PROD-0049,31.15,3,TXN-005490,2025-01-13
5491,Vivaan Nair,CUST-0791,Sports Socks (3-pack),PROD-0018,13.94,2,TXN-005491,2025-04-18
5492,Riya Verma,CUST-0480,External SSD 1TB,PROD-0010,77.83,1,TXN-005492,2024-03-07
5493,Suresh Sharma,CUST-0453,Keyboard Mechanical,PROD-0007,97.82,1,TXN-005493,2024-07-27
5494,Linda Chopra,CUST-0063,Machine Learning Guide,PROD-0033,42.63,2,TXN-005494,2025-01-05
5495,Pari Walker,CUST-0394,Casual Shorts,PROD-0017,29.07,3,TXN-005495,2025-05-07
5496,Sara Lewis,CUST-0545,Dumbbells (Pair),PROD-0042,77.78,3,TXN-005496,2025-05-07
5497,David Malhotra,CUST-0681,Tennis Racket,PROD-0047,61.92,1,TXN-005497,2024-04-10
5498,Sai Rao,CUST-0499,Coffee Maker,PROD-0021,62.05,1,TXN-005498,2024-08-21
5499,Myra Rodriguez,CUST-0543,Bluetooth Headphones,PROD-0002,92.28,3,TXN-005499,2025-03-28
5500,Patricia Wright,CUST-0304,Smartwatch,PROD-0005,158.2,3,TXN-005500,2025-05-30
5501,Lisa Robinson,CUST-0333,Basketball,PROD-0046,39.63,2,TXN-005501,2024-07-04
5502,Margaret Garcia,CUST-0393,Portable Charger,PROD-0004,42.05,1,TXN-005502,2024-06-25
5503,Joseph Patel,CUST-0341,Casual Shorts,PROD-0017,29.07,3,TXN-005503,2025-02-07
5504,Ananya Anderson,CUST-0702,Web Development,PROD-0034,44.41,2,TXN-005504,2024-05-31
5505,Mary Pillai,CUST-0462,Denim Jeans,PROD-0012,82.97,2,TXN-005505,2024-11-03
5506,Sunita Kumar,CUST-0047,Dish Rack,PROD-0029,28.32,2,TXN-005506,2024-09-13
5507,Susan Robinson,CUST-0140,Wireless Mouse,PROD-0001,45.68,2,TXN-005507,2025-01-21
5508,Joseph Patel,CUST-0700,Running Shoes,PROD-0014,41.04,1,TXN-005508,2024-03-10
5509,Patricia Malhotra,CUST-0724,Running Shoes,PROD-0014,41.04,4,TXN-005509,2024-08-01
5510,Sara Anderson,CUST-0745,Self-Help Guide,PROD-0036,10.26,5,TXN-005510,2025-02-14
5511,Charles Brown,CUST-0488,Storage Containers,PROD-0027,35.05,2,TXN-005511,2025-01-01
5512,Manoj Young,CUST-0619,Laptop Stand,PROD-0009,59.55,1,TXN-005512,2025-06-25
5513,Donald Iyer,CUST-0442,Tennis Racket,PROD-0047,61.92,2,TXN-005513,2025-05-01
5514,Betty Jackson,CUST-0622,Portable Charger,PROD-0004,42.05,2,TXN-005514,2025-11-18
5515,Mark Jackson,CUST-0711,Bluetooth Headphones,PROD-0002,92.28,3,TXN-005515,2025-06-13
5516,Susan King,CUST-0536,Water Bottle,PROD-0026,17.56,2,TXN-005516,2024-08-27
5517,Neha Taylor,CUST-0181,Portable Charger,PROD-0004,42.05,2,TXN-005517,2025-01-14
5518,David Wright,CUST-0797,Winter Jacket,PROD-0016,125.83,1,TXN-005518,2024-12-21
5519,Aarav Young,CUST-0027,Jump Rope,PROD-0044,18.67,2,TXN-005519,2025-09-10
5520,Vivaan Nair,CUST-0791,External SSD 1TB,PROD-0010,77.83,2,TXN-005520,2025-08-14
5521,Patricia Chopra,CUST-0429,Swimming Goggles,PROD-0048,16.81,1,TXN-005521,2024-12-01
5522,Ananya Lee,CUST-0611,Dish Rack,PROD-0029,28.32,2,TXN-005522,2024-09-20
5523,Isabella Anderson,CUST-0796,Wireless Mouse,PROD-0001,45.68,1,TXN-005523,2025-11-29
5524,Priya Taylor,CUST-0672,Swimming Goggles,PROD-0048,16.81,1,TXN-005524,2025-04-06
5525,Nikhil Martinez,CUST-0060,Swimming Goggles,PROD-0048,16.81,2,TXN-005525,2025-09-01
5526,Sunita Robinson,CUST-0475,Data Science Handbook,PROD-0032,42.44,3,TXN-005526,2024-12-18
5527,Rahul Brown,CUST-0261,Cotton T-Shirt,PROD-0011,30.65,2,TXN-005527,2024-03-19
5528,Ananya Pillai,CUST-0601,Basketball,PROD-0046,39.63,4,TXN-005528,2024-09-04
5529,Vihaan Anderson,CUST-0540,Casual Shorts,PROD-0017,29.07,1,TXN-005529,2024-07-04
5530,Mason Anderson,CUST-0489,Running Shoes,PROD-0014,41.04,4,TXN-005530,2024-05-13
5531,Donald Anderson,CUST-0467,Tennis Racket,PROD-0047,61.92,1,TXN-005531,2024-03-02
5532,Patricia Malhotra,CUST-0724,Denim Jeans,PROD-0012,82.97,1,TXN-005532,2025-10-20
5533,Aanya Kumar,CUST-0151,Python Programming,PROD-0031,22.63,1,TXN-005533,2024-03-17
5534,Oliver Smith,CUST-0476,Non-Stick Pan,PROD-0024,32.73,2,TXN-005534,2025-05-16
5535,Suresh Rao,CUST-0437,Cookbook,PROD-0039,22.32,1,TXN-005535,2025-05-18
5536,Sophia Jones,CUST-0110,Cutting Board,PROD-0028,11.96,1,TXN-005536,2024-10-28
5537,Ashley Rao,CUST-0162,Travel Guide,PROD-0040,22.38,4,TXN-005537,2025-01-15
5538,Mary Kulkarni,CUST-0117,Cap,PROD-0019,12.46,1,TXN-005538,2025-07-19
5539,Swati Gupta,CUST-0414,Fiction Novel,PROD-0037,12.83,2,TXN-005539,2024-02-03
5540,Aditya Patel,CUST-0384,Denim Jeans,PROD-0012,82.97,4,TXN-005540,2025-03-11
5541,Patricia Reddy,CUST-0593,Wireless Mouse,PROD-0001,45.68,1,TXN-005541,2024-07-02
5542,Sandra Martinez,CUST-0192,Bluetooth Headphones,PROD-0002,92.28,4,TXN-005542,2025-02-27
5543,William Kulkarni,CUST-0583,Self-Help Guide,PROD-0036,10.26,1,TXN-005543,2024-09-29
5544,Richard Gupta,CUST-0189,Jump Rope,PROD-0044,18.67,1,TXN-005544,2025-05-22
5545,Divya Kumar,CUST-0080,Portable Charger,PROD-0004,42.05,2,TXN-005545,2024-01-26
5546,Jennifer Kulkarni,CUST-0074,Dish Rack,PROD-0029,28.32,2,TXN-005546,2024-01-20
5547,Richard Reddy,CUST-0222,Webcam HD,PROD-0006,72.22,2,TXN-005547,2024-07-17
5548,Deepak Kulkarni,CUST-0457,Gym Bag,PROD-0050,52.65,1,TXN-005548,2024-12-16
5549,Ananya Anderson,CUST-0702,Wireless Mouse,PROD-0001,45.68,4,TXN-005549,2024-10-25
5550,Neha Miller,CUST-0598,Hoodie,PROD-0013,50.64,1,TXN-005550,2025-02-27
5551,Vikram Johnson,CUST-0470,Denim Jeans,PROD-0012,82.97,1,TXN-005551,2024-10-13
5552,Betty White,CUST-0386,Fiction Novel,PROD-0037,12.83,1,TXN-005552,2024-04-25
5553,Aadhya Shah,CUST-0452,Cotton T-Shirt,PROD-0011,30.65,2,TXN-005553,2025-03-30
5554,Margaret Rodriguez,CUST-0444,Winter Jacket,PROD-0016,125.83,4,TXN-005554,2024-01-06
5555,Lucas Jones,CUST-0553,Formal Shirt,PROD-0015,57.36,5,TXN-005555,2024-02-03
5556,Pooja Johnson,CUST-0760,Water Bottle,PROD-0026,17.56,3,TXN-005556,2024-11-28
5557,Anjali Gupta,CUST-0267,Portable Charger,PROD-0004,42.05,1,TXN-005557,2024-12-24
5558,Pooja Chopra,CUST-0631,Tennis Racket,PROD-0047,61.92,2,TXN-005558,2025-07-17
5559,Lisa Robinson,CUST-0333,Keyboard Mechanical,PROD-0007,97.82,2,TXN-005559,2024-08-12
5560,Linda Menon,CUST-0756,Cookbook,PROD-0039,22.32,1,TXN-005560,2025-04-18
5561,Neha Iyer,CUST-0718,Cotton T-Shirt,PROD-0011,30.65,5,TXN-005561,2025-05-20
5562,Manoj Sharma,CUST-0185,Business Strategy,PROD-0035,33.11,4,TXN-005562,2024-06-12
5563,Aarav Davis,CUST-0587,Monitor Stand,PROD-0008,53.18,3,TXN-005563,2024-08-15
5564,James Clark,CUST-0357,Dumbbells (Pair),PROD-0042,77.78,1,TXN-005564,2025-07-30
5565,Sandra Rodriguez,CUST-0440,Portable Charger,PROD-0004,42.05,1,TXN-005565,2025-03-16
5566,Diya Chopra,CUST-0736,Storage Containers,PROD-0027,35.05,2,TXN-005566,2025-10-23
5567,Betty Brown,CUST-0340,Cotton T-Shirt,PROD-0011,30.65,2,TXN-005567,2024-06-19
5568,Oliver Thomas,CUST-0567,Dumbbells (Pair),PROD-0042,77.78,1,TXN-005568,2024-07-29
5569,Mia Thomas,CUST-0603,Data Science Handbook,PROD-0032,42.44,1,TXN-005569,2025-10-03
5570,Ananya Pillai,CUST-0601,Non-Stick Pan,PROD-0024,32.73,1,TXN-005570,2024-01-01
5571,Mark Mehta,CUST-0518,Business Strategy,PROD-0035,33.11,2,TXN-005571,2024-01-03
5572,Patricia Chopra,CUST-0429,Swimming Goggles,PROD-0048,16.81,2,TXN-005572,2025-01-07
5573,Patricia Taylor,CUST-0772,Storage Containers,PROD-0027,35.05,3,TXN-005573,2024-01-23
5574,Mary Reddy,CUST-0174,USB-C Hub,PROD-0003,61.28,2,TXN-005574,2025-11-12
5575,Aadhya Lewis,CUST-0733,Keyboard Mechanical,PROD-0007,97.82,2,TXN-005575,2024-06-24
5576,Anthony Wright,CUST-0610,USB-C Hub,PROD-0003,61.28,1,TXN-005576,2024-03-20
5577,Reyansh Chopra,CUST-0381,Gym Bag,PROD-0050,52.65,3,TXN-005577,2024-11-02
5578,Anthony White,CUST-0244,Travel Guide,PROD-0040,22.38,1,TXN-005578,2024-09-22
5579,James Reddy,CUST-0556,Fiction Novel,PROD-0037,12.83,4,TXN-005579,2025-08-21
5580,Oliver Kulkarni,CUST-0231,Denim Jeans,PROD-0012,82.97,4,TXN-005580,2024-12-22
5581,Nikhil Verma,CUST-0198,Winter Jacket,PROD-0016,125.83,1,TXN-005581,2024-01-07
5582,Richard Robinson,CUST-0172,Winter Jacket,PROD-0016,125.83,1,TXN-005582,2024-02-11
5583,Oliver Kumar,CUST-0158,Non-Stick Pan,PROD-0024,32.73,4,TXN-005583,2024-12-05
5584,Sneha Taylor,CUST-0353,Portable Charger,PROD-0004,42.05,1,TXN-005584,2024-08-19
5585,Ishaan Clark,CUST-0346,Cap,PROD-0019,12.46,1,TXN-005585,2025-11-30
5586,Pooja Walker,CUST-0035,Formal Shirt,PROD-0015,57.36,4,TXN-005586,2025-08-17
5587,Elizabeth Wright,CUST-0517,Self-Help Guide,PROD-0036,10.26,3,TXN-005587,2024-10-18
5588,Priya Mehta,CUST-0712,Running Shoes,PROD-0014,41.04,2,TXN-005588,2024-09-08
5589,Nikhil Verma,CUST-0198,Cotton T-Shirt,PROD-0011,30.65,1,TXN-005589,2024-09-09
5590,Thomas Smith,CUST-0404,Cotton T-Shirt,PROD-0011,30.65,2,TXN-005590,2024-05-15
5591,Myra Williams,CUST-0008,Business Strategy,PROD-0035,33.11,1,TXN-005591,2025-07-31
5592,Joseph Garcia,CUST-0765,Swimming Goggles,PROD-0048,16.81,2,TXN-005592,2025-10-22
5593,Krishna Anderson,CUST-0237,Monitor Stand,PROD-0008,53.18,1,TXN-005593,2024-10-02
5594,Lucas Hernandez,CUST-0771,Sports Socks (3-pack),PROD-0018,13.94,1,TXN-005594,2025-08-16
5595,James Pillai,CUST-0059,Dish Rack,PROD-0029,28.32,3,TXN-005595,2025-09-04
5596,Sunita Gupta,CUST-0403,Coffee Maker,PROD-0021,62.05,4,TXN-005596,2025-09-18
5597,Ayaan Malhotra,CUST-0616,Travel Guide,PROD-0040,22.38,1,TXN-005597,2024-02-27
5598,Aditya Lopez,CUST-0121,External SSD 1TB,PROD-0010,77.83,1,TXN-005598,2025-05-23
5599,Emma Young,CUST-0412,Hoodie,PROD-0013,50.64,1,TXN-005599,2025-04-15
5600,Vihaan Smith,CUST-0317,History of AI,PROD-0038,15.71,1,TXN-005600,2024-06-12
5601,Nisha Thomas,CUST-0068,Wireless Mouse,PROD-0001,45.68,1,TXN-005601,2025-09-01
5602,Elizabeth Robinson,CUST-0794,Sports Socks (3-pack),PROD-0018,13.94,2,TXN-005602,2025-08-02
5603,Reyansh White,CUST-0209,Dish Rack,PROD-0029,28.32,1,TXN-005603,2024-04-10
5604,Ananya Pillai,CUST-0601,Laptop Stand,PROD-0009,59.55,1,TXN-005604,2025-04-02
5605,Daniel Rao,CUST-0078,Football,PROD-0045,29.05,1,TXN-005605,2025-05-08
5606,Rahul Smith,CUST-0382,Formal Shirt,PROD-0015,57.36,3,TXN-005606,2024-05-11
5607,Michael Robinson,CUST-0434,Sports Socks (3-pack),PROD-0018,13.94,2,TXN-005607,2024-06-03
5608,Suresh Lee,CUST-0684,Machine Learning Guide,PROD-0033,42.63,2,TXN-005608,2025-02-12
5609,Patricia Williams,CUST-0258,Knife Set,PROD-0025,68.52,1,TXN-005609,2024-05-25
5610,Sara Jackson,CUST-0719,Bluetooth Headphones,PROD-0002,92.28,4,TXN-005610,2025-03-11
5611,Aanya Wright,CUST-0124,Dish Rack,PROD-0029,28.32,3,TXN-005611,2024-08-22
5612,Anthony Joshi,CUST-0028,Wireless Mouse,PROD-0001,45.68,2,TXN-005612,2024-06-11
5613,Riya Wright,CUST-0676,Swimming Goggles,PROD-0048,16.81,4,TXN-005613,2024-10-02
5614,Charles Kumar,CUST-0323,Laptop Stand,PROD-0009,59.55,1,TXN-005614,2024-07-14
5615,Richard Johnson,CUST-0171,Basketball,PROD-0046,39.63,1,TXN-005615,2024-12-28
5616,Meena Martin,CUST-0708,Formal Shirt,PROD-0015,57.36,4,TXN-005616,2024-12-29
5617,Krishna Gupta,CUST-0011,Coffee Maker,PROD-0021,62.05,1,TXN-005617,2024-08-02
5618,Vikram Bhat,CUST-0738,Gym Bag,PROD-0050,52.65,1,TXN-005618,2025-08-18
5619,Reyansh Mehta,CUST-0656,Keyboard Mechanical,PROD-0007,97.82,1,TXN-005619,2025-11-13
5620,Karan Davis,CUST-0051,Web Development,PROD-0034,44.41,4,TXN-005620,2025-05-11
5621,Michael Smith,CUST-0606,Tea Kettle,PROD-0030,40.05,2,TXN-005621,2024-09-24
5622,Lisa Joshi,CUST-0478,Cookbook,PROD-0039,22.32,5,TXN-005622,2025-01-18
5623,Nikhil Patel,CUST-0710,Swimming Goggles,PROD-0048,16.81,1,TXN-005623,2024-05-14
5624,Oliver Kumar,CUST-0158,Webcam HD,PROD-0006,72.22,2,TXN-005624,2024-08-29
5625,Mary Bhat,CUST-0726,Casual Shorts,PROD-0017,29.07,2,TXN-005625,2025-11-22
5626,Aditya Williams,CUST-0330,Football,PROD-0045,29.05,4,TXN-005626,2024-04-22
5627,Betty Lee,CUST-0605,Denim Jeans,PROD-0012,82.97,3,TXN-005627,2024-01-08
5628,David Thomas,CUST-0310,Gym Bag,PROD-0050,52.65,2,TXN-005628,2025-05-19
5629,Sarah Williams,CUST-0043,Cutting Board,PROD-0028,11.96,2,TXN-005629,2025-01-26
5630,Linda Clark,CUST-0589,Hoodie,PROD-0013,50.64,5,TXN-005630,2024-08-28
5631,Lucas Singh,CUST-0776,Cotton T-Shirt,PROD-0011,30.65,2,TXN-005631,2025-07-25
5632,Aanya Singh,CUST-0441,Toaster,PROD-0023,31.12,1,TXN-005632,2025-09-24
5633,James Pillai,CUST-0059,Cotton T-Shirt,PROD-0011,30.65,1,TXN-005633,2025-07-09
5634,Aarav Robinson,CUST-0682,Cap,PROD-0019,12.46,5,TXN-005634,2024-10-08
5635,James Pillai,CUST-0059,Web Development,PROD-0034,44.41,1,TXN-005635,2025-05-30
5636,Robert Hernandez,CUST-0368,Swimming Goggles,PROD-0048,16.81,2,TXN-005636,2024-07-15
5637,Daniel Singh,CUST-0757,Business Strategy,PROD-0035,33.11,1,TXN-005637,2024-11-24
5638,Charlotte Thompson,CUST-0717,Cutting Board,PROD-0028,11.96,3,TXN-005638,2025-05-04
5639,Matthew Rodriguez,CUST-0139,Water Bottle,PROD-0026,17.56,3,TXN-005639,2024-01-19
5640,Daniel Desai,CUST-0758,Machine Learning Guide,PROD-0033,42.63,1,TXN-005640,2025-05-08
5641,Krishna Thomas,CUST-0129,Resistance Bands,PROD-0043,22.74,2,TXN-005641,2024-06-21
5642,Sai Verma,CUST-0372,Scarf,PROD-0020,33.28,4,TXN-005642,2025-10-14
5643,Ananya Hernandez,CUST-0327,Swimming Goggles,PROD-0048,16.81,1,TXN-005643,2025-08-22
5644,Sandra Lee,CUST-0402,Cotton T-Shirt,PROD-0011,30.65,2,TXN-005644,2024-06-25
5645,Rohit Robinson,CUST-0188,Toaster,PROD-0023,31.12,1,TXN-005645,2024-04-18
5646,Meena Garcia,CUST-0547,Denim Jeans,PROD-0012,82.97,1,TXN-005646,2025-11-10
5647,Sunita Joshi,CUST-0651,Water Bottle,PROD-0026,17.56,1,TXN-005647,2024-11-03
5648,Karen White,CUST-0458,Denim Jeans,PROD-0012,82.97,2,TXN-005648,2024-07-12
5649,Reyansh Pillai,CUST-0604,Cycling Gloves,PROD-0049,31.15,1,TXN-005649,2024-07-03
5650,Jessica Desai,CUST-0662,Wireless Mouse,PROD-0001,45.68,1,TXN-005650,2024-06-22
5651,Mary White,CUST-0167,Winter Jacket,PROD-0016,125.83,4,TXN-005651,2024-03-30
5652,John Kumar,CUST-0295,Fiction Novel,PROD-0037,12.83,2,TXN-005652,2025-08-31
5653,Myra Jones,CUST-0012,Wireless Mouse,PROD-0001,45.68,2,TXN-005653,2025-11-01
5654,Charles Harris,CUST-0428,Water Bottle,PROD-0026,17.56,1,TXN-005654,2025-12-11
5655,Sunita Martinez,CUST-0455,USB-C Hub,PROD-0003,61.28,1,TXN-005655,2025-02-12
5656,Aanya Verma,CUST-0001,Casual Shorts,PROD-0017,29.07,4,TXN-005656,2024-12-16
5657,Nancy Thomas,CUST-0054,History of AI,PROD-0038,15.71,1,TXN-005657,2024-07-17
5658,Elizabeth Clark,CUST-0190,Smartwatch,PROD-0005,158.2,2,TXN-005658,2024-10-18
5659,Aditya Jones,CUST-0663,USB-C Hub,PROD-0003,61.28,1,TXN-005659,2024-08-25
5660,Mary Patel,CUST-0630,Smartwatch,PROD-0005,158.2,1,TXN-005660,2024-03-27
5661,Linda Clark,CUST-0589,Formal Shirt,PROD-0015,57.36,1,TXN-005661,2024-07-24
5662,Nisha Clark,CUST-0552,Travel Guide,PROD-0040,22.38,1,TXN-005662,2024-06-13
5663,Thomas Gupta,CUST-0306,Tea Kettle,PROD-0030,40.05,1,TXN-005663,2025-08-29
5664,Jennifer Singh,CUST-0228,Knife Set,PROD-0025,68.52,4,TXN-005664,2025-12-12
5665,Ashley Sharma,CUST-0048,Storage Containers,PROD-0027,35.05,5,TXN-005665,2025-06-25
5666,Reyansh Martin,CUST-0148,Tea Kettle,PROD-0030,40.05,2,TXN-005666,2024-02-08
5667,Sai Lee,CUST-0329,Water Bottle,PROD-0026,17.56,1,TXN-005667,2024-04-23
5668,Ananya Anderson,CUST-0702,Swimming Goggles,PROD-0048,16.81,2,TXN-005668,2024-02-26
5669,Reyansh King,CUST-0486,Cutting Board,PROD-0028,11.96,4,TXN-005669,2025-02-04
5670,Sai Rodriguez,CUST-0289,Running Shoes,PROD-0014,41.04,3,TXN-005670,2025-12-31
5671,Richard Jackson,CUST-0363,Wireless Mouse,PROD-0001,45.68,1,TXN-005671,2024-11-29
5672,Aanya Clark,CUST-0234,Tea Kettle,PROD-0030,40.05,1,TXN-005672,2024-10-04
5673,Michael Robinson,CUST-0434,Webcam HD,PROD-0006,72.22,2,TXN-005673,2025-03-11
5674,Priya Smith,CUST-0675,External SSD 1TB,PROD-0010,77.83,4,TXN-005674,2025-11-20
5675,Lisa Nair,CUST-0114,Running Shoes,PROD-0014,41.04,5,TXN-005675,2024-07-21
5676,Nancy Harris,CUST-0421,Monitor Stand,PROD-0008,53.18,1,TXN-005676,2025-09-24
5677,Aanya Chopra,CUST-0266,Cap,PROD-0019,12.46,3,TXN-005677,2025-03-21
5678,Deepak Rodriguez,CUST-0307,Laptop Stand,PROD-0009,59.55,4,TXN-005678,2024-04-11
5679,Aanya Miller,CUST-0399,Toaster,PROD-0023,31.12,1,TXN-005679,2024-10-21
5680,Krishna Wright,CUST-0120,Swimming Goggles,PROD-0048,16.81,1,TXN-005680,2024-07-01
5681,Oliver Smith,CUST-0476,Python Programming,PROD-0031,22.63,2,TXN-005681,2025-02-01
5682,Susan King,CUST-0536,Non-Stick Pan,PROD-0024,32.73,2,TXN-005682,2025-03-06
5683,Lucas Hernandez,CUST-0771,USB-C Hub,PROD-0003,61.28,2,TXN-005683,2025-12-10
5684,Ashley Brown,CUST-0214,Casual Shorts,PROD-0017,29.07,2,TXN-005684,2024-07-03
5685,Ananya Thompson,CUST-0639,USB-C Hub,PROD-0003,61.28,3,TXN-005685,2025-03-14
5686,Ashley Gupta,CUST-0072,Python Programming,PROD-0031,22.63,1,TXN-005686,2024-12-14
5687,Rahul Allen,CUST-0103,Machine Learning Guide,PROD-0033,42.63,2,TXN-005687,2024-01-21
5688,Rohit Miller,CUST-0089,Data Science Handbook,PROD-0032,42.44,2,TXN-005688,2025-08-01
5689,William Harris,CUST-0194,Denim Jeans,PROD-0012,82.97,1,TXN-005689,2024-07-06
5690,Sarah Williams,CUST-0043,Cotton T-Shirt,PROD-0011,30.65,1,TXN-005690,2024-08-12
5691,Aanya Gupta,CUST-0456,Scarf,PROD-0020,33.28,1,TXN-005691,2024-09-30
5692,Divya Kumar,CUST-0080,Gym Bag,PROD-0050,52.65,2,TXN-005692,2024-08-12
5693,Sara Pillai,CUST-0276,Toaster,PROD-0023,31.12,2,TXN-005693,2024-12-09
5694,Betty Thompson,CUST-0202,Machine Learning Guide,PROD-0033,42.63,3,TXN-005694,2025-08-09
5695,Lucas Patel,CUST-0262,Dish Rack,PROD-0029,28.32,2,TXN-005695,2024-01-12
5696,Liam Davis,CUST-0170,Toaster,PROD-0023,31.12,4,TXN-005696,2025-07-02
5697,Margaret Martin,CUST-0379,Swimming Goggles,PROD-0048,16.81,1,TXN-005697,2024-05-20
5698,Patricia Chopra,CUST-0429,Self-Help Guide,PROD-0036,10.26,2,TXN-005698,2024-10-14
5699,Karen Gupta,CUST-0705,Tea Kettle,PROD-0030,40.05,1,TXN-005699,2025-06-12
5700,Jessica Martinez,CUST-0445,Tennis Racket,PROD-0047,61.92,3,TXN-005700,2024-03-05
5701,Jennifer Shah,CUST-0669,Wireless Mouse,PROD-0001,45.68,5,TXN-005701,2024-01-04
5702,Anthony Wright,CUST-0610,Blender,PROD-0022,46.5,1,TXN-005702,2024-12-11
5703,Isha Pillai,CUST-0641,Coffee Maker,PROD-0021,62.05,2,TXN-005703,2024-10-01
5704,Rahul Malhotra,CUST-0179,Webcam HD,PROD-0006,72.22,1,TXN-005704,2024-10-12
5705,Ishaan Patel,CUST-0241,Coffee Maker,PROD-0021,62.05,3,TXN-005705,2025-09-09
5706,James Garcia,CUST-0017,USB-C Hub,PROD-0003,61.28,2,TXN-005706,2024-08-13
5707,Mason Anderson,CUST-0489,Business Strategy,PROD-0035,33.11,1,TXN-005707,2025-11-19
5708,Mia Brown,CUST-0438,Portable Charger,PROD-0004,42.05,1,TXN-005708,2025-10-25
5709,Sunita Joshi,CUST-0651,Storage Containers,PROD-0027,35.05,3,TXN-005709,2024-10-27
5710,Jennifer Singh,CUST-0228,Tea Kettle,PROD-0030,40.05,2,TXN-005710,2025-06-19
5711,Rajesh Chopra,CUST-0269,Sports Socks (3-pack),PROD-0018,13.94,1,TXN-005711,2024-02-22
5712,Ayaan Walker,CUST-0406,Tennis Racket,PROD-0047,61.92,1,TXN-005712,2025-07-09
5713,Lucas Hernandez,CUST-0771,Dish Rack,PROD-0029,28.32,3,TXN-005713,2024-12-25
5714,Ashley Hernandez,CUST-0426,Casual Shorts,PROD-0017,29.07,4,TXN-005714,2025-04-23
5715,Mary Shah,CUST-0135,Jump Rope,PROD-0044,18.67,4,TXN-005715,2024-08-27
5716,Swati Gupta,CUST-0414,Self-Help Guide,PROD-0036,10.26,4,TXN-005716,2024-03-09
5717,Vikram Johnson,CUST-0377,Resistance Bands,PROD-0043,22.74,1,TXN-005717,2025-12-11
5718,Nikhil Garcia,CUST-0090,Web Development,PROD-0034,44.41,1,TXN-005718,2025-06-13
5719,Joseph Garcia,CUST-0765,Cookbook,PROD-0039,22.32,2,TXN-005719,2024-03-02
5720,Sunita Reddy,CUST-0153,Dish Rack,PROD-0029,28.32,2,TXN-005720,2025-12-13
5721,Richard Johnson,CUST-0171,Fiction Novel,PROD-0037,12.83,3,TXN-005721,2024-01-12
5722,Isabella Anderson,CUST-0796,Web Development,PROD-0034,44.41,1,TXN-005722,2024-02-11
5723,Diya Jones,CUST-0715,Tea Kettle,PROD-0030,40.05,2,TXN-005723,2025-07-29
5724,Neha White,CUST-0395,Bluetooth Headphones,PROD-0002,92.28,1,TXN-005724,2024-08-29
5725,Nisha Harris,CUST-0373,Storage Containers,PROD-0027,35.05,3,TXN-005725,2025-03-14
5726,Pooja Walker,CUST-0035,Blender,PROD-0022,46.5,4,TXN-005726,2024-08-21
5727,Deepak Singh,CUST-0723,Winter Jacket,PROD-0016,125.83,2,TXN-005727,2025-03-11
5728,Michael Moore,CUST-0607,Machine Learning Guide,PROD-0033,42.63,1,TXN-005728,2024-01-28
5729,Ayaan Walker,CUST-0406,Python Programming,PROD-0031,22.63,2,TXN-005729,2025-11-12
5730,William Martin,CUST-0217,Bluetooth Headphones,PROD-0002,92.28,3,TXN-005730,2025-04-27
5731,Neha Iyer,CUST-0718,Monitor Stand,PROD-0008,53.18,2,TXN-005731,2024-05-18
5732,Rohit Robinson,CUST-0188,Swimming Goggles,PROD-0048,16.81,1,TXN-005732,2025-02-24
5733,Meena Kumar,CUST-0487,Fiction Novel,PROD-0037,12.83,2,TXN-005733,2024-03-24
5734,Mary Patel,CUST-0630,Bluetooth Headphones,PROD-0002,92.28,3,TXN-005734,2025-04-07
5735,Michael Menon,CUST-0521,Dumbbells (Pair),PROD-0042,77.78,2,TXN-005735,2024-12-02
5736,Elizabeth Martinez,CUST-0224,Machine Learning Guide,PROD-0033,42.63,3,TXN-005736,2025-11-23
5737,Neha Moore,CUST-0613,USB-C Hub,PROD-0003,61.28,1,TXN-005737,2024-07-29
5738,Aarav Davis,CUST-0587,Storage Containers,PROD-0027,35.05,1,TXN-005738,2025-11-27
5739,Mary Reddy,CUST-0174,Football,PROD-0045,29.05,2,TXN-005739,2025-09-24
5740,Lucas Smith,CUST-0516,Cycling Gloves,PROD-0049,31.15,2,TXN-005740,2025-02-13
5741,Aanya Lewis,CUST-0025,Swimming Goggles,PROD-0048,16.81,3,TXN-005741,2025-10-14
5742,Sara Wright,CUST-0331,Bluetooth Headphones,PROD-0002,92.28,3,TXN-005742,2025-10-14
5743,David Thomas,CUST-0310,Fiction Novel,PROD-0037,12.83,1,TXN-005743,2024-04-30
5744,Priya Mehta,CUST-0712,Tea Kettle,PROD-0030,40.05,1,TXN-005744,2025-10-25
5745,Donald Mehta,CUST-0575,Cutting Board,PROD-0028,11.96,3,TXN-005745,2024-03-20
5746,Matthew Lee,CUST-0559,Water Bottle,PROD-0026,17.56,2,TXN-005746,2025-03-29
5747,Michael Malhotra,CUST-0031,Storage Containers,PROD-0027,35.05,1,TXN-005747,2024-07-10
5748,Linda Chopra,CUST-0063,Cycling Gloves,PROD-0049,31.15,1,TXN-005748,2024-06-15
5749,Isabella Rao,CUST-0592,Jump Rope,PROD-0044,18.67,4,TXN-005749,2024-01-16
5750,Reyansh King,CUST-0486,Hoodie,PROD-0013,50.64,4,TXN-005750,2025-08-17
5751,Riya Kumar,CUST-0596,Denim Jeans,PROD-0012,82.97,3,TXN-005751,2025-06-05
5752,Pooja Chopra,CUST-0631,Webcam HD,PROD-0006,72.22,2,TXN-005752,2025-08-03
5753,Vikram Bhat,CUST-0550,Cotton T-Shirt,PROD-0011,30.65,2,TXN-005753,2025-07-29
5754,Oliver Kumar,CUST-0158,Storage Containers,PROD-0027,35.05,3,TXN-005754,2024-07-27
5755,Charlotte Bhat,CUST-0792,Formal Shirt,PROD-0015,57.36,2,TXN-005755,2025-04-13
5756,Linda Menon,CUST-0756,Wireless Mouse,PROD-0001,45.68,2,TXN-005756,2024-11-11
5757,Jessica Rao,CUST-0626,Casual Shorts,PROD-0017,29.07,1,TXN-005757,2025-08-24
5758,David Harris,CUST-0299,Cotton T-Shirt,PROD-0011,30.65,1,TXN-005758,2025-12-13
5759,Michael Smith,CUST-0606,Business Strategy,PROD-0035,33.11,2,TXN-005759,2025-11-11
5760,Ishaan Patel,CUST-0241,Webcam HD,PROD-0006,72.22,2,TXN-005760,2024-08-31
5761,Sai Desai,CUST-0335,Scarf,PROD-0020,33.28,2,TXN-005761,2025-10-17
5762,Ayaan Malhotra,CUST-0616,Football,PROD-0045,29.05,1,TXN-005762,2024-10-16
5763,Robert Hernandez,CUST-0368,Gym Bag,PROD-0050,52.65,2,TXN-005763,2025-03-04
5764,Sophia Smith,CUST-0461,Bluetooth Headphones,PROD-0002,92.28,5,TXN-005764,2025-09-05
5765,Pari Kumar,CUST-0184,Smartwatch,PROD-0005,158.2,2,TXN-005765,2025-07-05
5766,Jessica Brown,CUST-0450,Hoodie,PROD-0013,50.64,1,TXN-005766,2024-09-21
5767,Betty Jackson,CUST-0622,Web Development,PROD-0034,44.41,1,TXN-005767,2024-10-05
5768,Sara Rodriguez,CUST-0238,Self-Help Guide,PROD-0036,10.26,4,TXN-005768,2024-10-11
5769,Priya Smith,CUST-0675,Winter Jacket,PROD-0016,125.83,3,TXN-005769,2025-12-15
5770,Aanya Kumar,CUST-0151,Football,PROD-0045,29.05,2,TXN-005770,2024-03-18
5771,Lisa Joshi,CUST-0478,Tennis Racket,PROD-0047,61.92,2,TXN-005771,2025-02-28
5772,Patricia Menon,CUST-0483,Machine Learning Guide,PROD-0033,42.63,4,TXN-005772,2024-01-06
5773,James Mehta,CUST-0396,Yoga Mat,PROD-0041,42.7,1,TXN-005773,2025-10-18
5774,Amit Kumar,CUST-0278,Resistance Bands,PROD-0043,22.74,1,TXN-005774,2024-04-26
5775,James Harris,CUST-0352,Dumbbells (Pair),PROD-0042,77.78,2,TXN-005775,2024-02-23
5776,John Smith,CUST-0106,Knife Set,PROD-0025,68.52,2,TXN-005776,2024-09-15
5777,Vivaan Nair,CUST-0791,History of AI,PROD-0038,15.71,4,TXN-005777,2025-11-04
5778,Myra Desai,CUST-0146,Dumbbells (Pair),PROD-0042,77.78,2,TXN-005778,2024-12-02
5779,Sara Lewis,CUST-0002,Hoodie,PROD-0013,50.64,4,TXN-005779,2024-02-17
5780,Divya King,CUST-0118,Python Programming,PROD-0031,22.63,1,TXN-005780,2025-09-05
5781,Karan Robinson,CUST-0160,Storage Containers,PROD-0027,35.05,2,TXN-005781,2024-02-13
5782,Deepak Kulkarni,CUST-0457,Portable Charger,PROD-0004,42.05,1,TXN-005782,2025-06-09
5783,Donald Williams,CUST-0645,Business Strategy,PROD-0035,33.11,1,TXN-005783,2025-10-17
5784,Nisha Thomas,CUST-0068,Tea Kettle,PROD-0030,40.05,1,TXN-005784,2024-06-02
5785,Charles Kulkarni,CUST-0542,Cotton T-Shirt,PROD-0011,30.65,2,TXN-005785,2025-02-28
5786,Matthew Mehta,CUST-0564,Denim Jeans,PROD-0012,82.97,2,TXN-005786,2024-10-30
5787,Deepak Rodriguez,CUST-0307,Web Development,PROD-0034,44.41,1,TXN-005787,2024-01-31
5788,Linda Walker,CUST-0677,Bluetooth Headphones,PROD-0002,92.28,2,TXN-005788,2025-06-12
5789,Sarah Bhat,CUST-0520,Resistance Bands,PROD-0043,22.74,2,TXN-005789,2024-12-13
5790,Manoj Lee,CUST-0579,Denim Jeans,PROD-0012,82.97,2,TXN-005790,2025-04-23
5791,Nikhil Walker,CUST-0647,Sports Socks (3-pack),PROD-0018,13.94,1,TXN-005791,2025-03-05
5792,Lucas Jones,CUST-0553,Wireless Mouse,PROD-0001,45.68,2,TXN-005792,2025-08-29
5793,Ananya Anderson,CUST-0702,Monitor Stand,PROD-0008,53.18,3,TXN-005793,2025-01-29
5794,Vihaan Jones,CUST-0113,Cotton T-Shirt,PROD-0011,30.65,3,TXN-005794,2025-02-19
5795,Sandra Lee,CUST-0402,Laptop Stand,PROD-0009,59.55,1,TXN-005795,2024-02-03
5796,Sai Walker,CUST-0544,Laptop Stand,PROD-0009,59.55,3,TXN-005796,2024-09-02
5797,William Kumar,CUST-0640,Monitor Stand,PROD-0008,53.18,2,TXN-005797,2025-10-12
5798,Lucas Singh,CUST-0776,Denim Jeans,PROD-0012,82.97,5,TXN-005798,2025-03-07
5799,Sandra Miller,CUST-0200,Jump Rope,PROD-0044,18.67,4,TXN-005799,2024-09-27
5800,Anthony Jones,CUST-0288,Sports Socks (3-pack),PROD-0018,13.94,1,TXN-005800,2025-09-01
5801,Mason Reddy,CUST-0391,Yoga Mat,PROD-0041,42.7,2,TXN-005801,2025-10-19
5802,Sandra Kulkarni,CUST-0260,Blender,PROD-0022,46.5,5,TXN-005802,2025-11-27
5803,Daniel Singh,CUST-0497,Wireless Mouse,PROD-0001,45.68,1,TXN-005803,2024-01-12
5804,Sneha Lewis,CUST-0754,Swimming Goggles,PROD-0048,16.81,1,TXN-005804,2025-11-08
5805,John Lopez,CUST-0674,External SSD 1TB,PROD-0010,77.83,1,TXN-005805,2025-11-04
5806,Betty Thomas,CUST-0383,Running Shoes,PROD-0014,41.04,2,TXN-005806,2024-01-20
5807,Robert Davis,CUST-0600,Webcam HD,PROD-0006,72.22,4,TXN-005807,2024-06-08
5808,Charles Patel,CUST-0229,Tea Kettle,PROD-0030,40.05,1,TXN-005808,2024-01-10
5809,Rohit Robinson,CUST-0188,Self-Help Guide,PROD-0036,10.26,4,TXN-005809,2025-08-06
5810,Suresh Miller,CUST-0463,Water Bottle,PROD-0026,17.56,3,TXN-005810,2025-12-22
5811,Charlotte Jackson,CUST-0061,Winter Jacket,PROD-0016,125.83,2,TXN-005811,2025-10-26
5812,Manoj Lopez,CUST-0780,Dish Rack,PROD-0029,28.32,1,TXN-005812,2024-10-27
5813,Diya Davis,CUST-0249,Knife Set,PROD-0025,68.52,1,TXN-005813,2025-12-07
5814,Linda Pillai,CUST-0316,USB-C Hub,PROD-0003,61.28,1,TXN-005814,2024-08-15
5815,Divya Hernandez,CUST-0716,Cycling Gloves,PROD-0049,31.15,2,TXN-005815,2025-05-28
5816,Patricia Taylor,CUST-0772,Webcam HD,PROD-0006,72.22,2,TXN-005816,2025-03-26
5817,Vikram Johnson,CUST-0377,Gym Bag,PROD-0050,52.65,4,TXN-005817,2025-11-26
5818,James Garcia,CUST-0017,Winter Jacket,PROD-0016,125.83,4,TXN-005818,2025-12-19
5819,Rohit Wright,CUST-0279,Machine Learning Guide,PROD-0033,42.63,2,TXN-005819,2024-05-01
5820,Linda Martinez,CUST-0361,Basketball,PROD-0046,39.63,2,TXN-005820,2025-05-25
5821,Sophia Rao,CUST-0255,Web Development,PROD-0034,44.41,1,TXN-005821,2025-12-30
5822,Emma Malhotra,CUST-0410,Storage Containers,PROD-0027,35.05,1,TXN-005822,2024-07-21
5823,Sarah Shah,CUST-0131,Formal Shirt,PROD-0015,57.36,2,TXN-005823,2025-01-25
5824,Ashley Jones,CUST-0413,Tea Kettle,PROD-0030,40.05,2,TXN-005824,2025-10-01
5825,Charles Kulkarni,CUST-0542,Storage Containers,PROD-0027,35.05,1,TXN-005825,2024-03-16
5826,Sunita Patel,CUST-0133,Non-Stick Pan,PROD-0024,32.73,2,TXN-005826,2025-08-03
5827,Daniel Singh,CUST-0497,Resistance Bands,PROD-0043,22.74,4,TXN-005827,2024-05-18
5828,Sandra Desai,CUST-0767,Portable Charger,PROD-0004,42.05,5,TXN-005828,2024-07-09
5829,Manoj Hernandez,CUST-0620,Web Development,PROD-0034,44.41,1,TXN-005829,2024-06-18
5830,Nancy Harris,CUST-0421,Fiction Novel,PROD-0037,12.83,2,TXN-005830,2024-01-12
5831,Pari Walker,CUST-0394,Storage Containers,PROD-0027,35.05,1,TXN-005831,2025-04-09
5832,William Kulkarni,CUST-0583,History of AI,PROD-0038,15.71,2,TXN-005832,2024-07-12
5833,Nisha Wright,CUST-0354,Knife Set,PROD-0025,68.52,2,TXN-005833,2025-08-27
5834,Ayaan Malhotra,CUST-0616,Resistance Bands,PROD-0043,22.74,3,TXN-005834,2025-08-25
5835,Suresh Allen,CUST-0755,Cookbook,PROD-0039,22.32,3,TXN-005835,2025-07-15
5836,Robert Martin,CUST-0254,Running Shoes,PROD-0014,41.04,1,TXN-005836,2025-07-20
5837,Myra Anderson,CUST-0753,Python Programming,PROD-0031,22.63,4,TXN-005837,2025-02-13
5838,Sunita Malhotra,CUST-0570,Machine Learning Guide,PROD-0033,42.63,2,TXN-005838,2025-05-22
5839,Mary Pillai,CUST-0462,Travel Guide,PROD-0040,22.38,1,TXN-005839,2025-03-20
5840,Rahul Brown,CUST-0013,Scarf,PROD-0020,33.28,1,TXN-005840,2024-09-17
5841,Emma Thompson,CUST-0538,Denim Jeans,PROD-0012,82.97,1,TXN-005841,2024-09-14
5842,Sara Jackson,CUST-0623,Winter Jacket,PROD-0016,125.83,1,TXN-005842,2024-07-23
5843,Mark Hernandez,CUST-0618,Web Development,PROD-0034,44.41,3,TXN-005843,2025-09-05
5844,Charlotte Smith,CUST-0087,External SSD 1TB,PROD-0010,77.83,5,TXN-005844,2025-02-16
5845,Krishna Gupta,CUST-0011,Bluetooth Headphones,PROD-0002,92.28,1,TXN-005845,2024-03-09
5846,Ananya Thompson,CUST-0297,Scarf,PROD-0020,33.28,1,TXN-005846,2025-11-05
5847,Divya Hernandez,CUST-0716,Tea Kettle,PROD-0030,40.05,4,TXN-005847,2024-05-30
5848,Sunita Martinez,CUST-0632,Tennis Racket,PROD-0047,61.92,3,TXN-005848,2024-03-09
5849,Ananya King,CUST-0313,Swimming Goggles,PROD-0048,16.81,2,TXN-005849,2024-08-20
5850,Pooja Walker,CUST-0035,Cap,PROD-0019,12.46,3,TXN-005850,2025-07-31
5851,Sarah Nair,CUST-0073,Running Shoes,PROD-0014,41.04,1,TXN-005851,2024-01-18
5852,Mia Williams,CUST-0210,Web Development,PROD-0034,44.41,3,TXN-005852,2025-05-22
5853,Aditya Williams,CUST-0330,External SSD 1TB,PROD-0010,77.83,4,TXN-005853,2025-07-10
5854,David Jackson,CUST-0482,Laptop Stand,PROD-0009,59.55,1,TXN-005854,2025-09-19
5855,Robert Williams,CUST-0554,Cutting Board,PROD-0028,11.96,2,TXN-005855,2025-11-18
5856,Margaret Garcia,CUST-0393,Scarf,PROD-0020,33.28,1,TXN-005856,2025-11-14
5857,Diya Jones,CUST-0715,Laptop Stand,PROD-0009,59.55,1,TXN-005857,2024-01-12
5858,Manoj Reddy,CUST-0338,Travel Guide,PROD-0040,22.38,5,TXN-005858,2025-10-26
5859,Nikhil Thompson,CUST-0155,Portable Charger,PROD-0004,42.05,2,TXN-005859,2024-08-27
5860,Jennifer Lopez,CUST-0345,Formal Shirt,PROD-0015,57.36,1,TXN-005860,2025-05-11
5861,Suresh Rao,CUST-0437,Cutting Board,PROD-0028,11.96,2,TXN-005861,2024-04-14
5862,Meena Hernandez,CUST-0638,Casual Shorts,PROD-0017,29.07,2,TXN-005862,2025-09-27
5863,Vikram Robinson,CUST-0411,Laptop Stand,PROD-0009,59.55,4,TXN-005863,2025-08-05
5864,Isabella Anderson,CUST-0796,Business Strategy,PROD-0035,33.11,4,TXN-005864,2024-02-04
5865,Sneha Verma,CUST-0665,Non-Stick Pan,PROD-0024,32.73,2,TXN-005865,2024-05-14
5866,Ashley Miller,CUST-0005,Webcam HD,PROD-0006,72.22,2,TXN-005866,2025-01-08
5867,Karan White,CUST-0252,Yoga Mat,PROD-0041,42.7,4,TXN-005867,2025-04-04
5868,Pooja Chopra,CUST-0631,Storage Containers,PROD-0027,35.05,2,TXN-005868,2025-06-22
5869,Aanya Singh,CUST-0441,Fiction Novel,PROD-0037,12.83,1,TXN-005869,2025-05-06
5870,Nisha Clark,CUST-0157,Cycling Gloves,PROD-0049,31.15,3,TXN-005870,2025-10-19
5871,James Davis,CUST-0790,Cap,PROD-0019,12.46,3,TXN-005871,2024-01-07
5872,Pari Gupta,CUST-0318,Winter Jacket,PROD-0016,125.83,3,TXN-005872,2024-11-10
5873,Noah Pillai,CUST-0503,Casual Shorts,PROD-0017,29.07,1,TXN-005873,2024-06-16
5874,Deepak Jackson,CUST-0326,Formal Shirt,PROD-0015,57.36,5,TXN-005874,2025-11-03
5875,Swati Williams,CUST-0199,Python Programming,PROD-0031,22.63,2,TXN-005875,2024-11-19
5876,Rajesh Allen,CUST-0415,Keyboard Mechanical,PROD-0007,97.82,1,TXN-005876,2025-05-23
5877,Riya King,CUST-0502,Data Science Handbook,PROD-0032,42.44,1,TXN-005877,2024-06-22
5878,Richard Verma,CUST-0076,Data Science Handbook,PROD-0032,42.44,5,TXN-005878,2024-12-24
5879,Nikhil Lopez,CUST-0064,Formal Shirt,PROD-0015,57.36,2,TXN-005879,2025-08-12
5880,Margaret Young,CUST-0781,Resistance Bands,PROD-0043,22.74,1,TXN-005880,2024-02-16
5881,Aanya Kumar,CUST-0151,Football,PROD-0045,29.05,1,TXN-005881,2025-09-28
5882,Vikram King,CUST-0763,History of AI,PROD-0038,15.71,2,TXN-005882,2024-03-13
5883,Betty Lee,CUST-0605,Hoodie,PROD-0013,50.64,2,TXN-005883,2024-07-17
5884,Lisa Kumar,CUST-0216,Tea Kettle,PROD-0030,40.05,1,TXN-005884,2024-11-01
5885,Arjun Thompson,CUST-0750,Denim Jeans,PROD-0012,82.97,3,TXN-005885,2024-11-13
5886,Betty Martinez,CUST-0282,Dish Rack,PROD-0029,28.32,1,TXN-005886,2025-09-15
5887,Aanya Verma,CUST-0001,Gym Bag,PROD-0050,52.65,1,TXN-005887,2025-03-17
5888,Aarav Young,CUST-0027,Dish Rack,PROD-0029,28.32,3,TXN-005888,2025-07-01
5889,Ashley Hernandez,CUST-0426,Laptop Stand,PROD-0009,59.55,3,TXN-005889,2024-11-18
5890,Nisha Thomas,CUST-0068,Wireless Mouse,PROD-0001,45.68,2,TXN-005890,2025-04-26
5891,Betty Shah,CUST-0424,Coffee Maker,PROD-0021,62.05,1,TXN-005891,2025-09-14
5892,Jennifer Kulkarni,CUST-0074,Python Programming,PROD-0031,22.63,2,TXN-005892,2025-12-05
5893,Diya Rodriguez,CUST-0571,Gym Bag,PROD-0050,52.65,5,TXN-005893,2024-04-01
5894,Noah Pillai,CUST-0495,Football,PROD-0045,29.05,1,TXN-005894,2025-11-04
5895,Richard Johnson,CUST-0171,Business Strategy,PROD-0035,33.11,2,TXN-005895,2024-03-21
5896,Amit Lopez,CUST-0275,Toaster,PROD-0023,31.12,1,TXN-005896,2024-09-18
5897,Meena Thompson,CUST-0038,Cookbook,PROD-0039,22.32,3,TXN-005897,2025-07-25
5898,Richard Jackson,CUST-0363,Machine Learning Guide,PROD-0033,42.63,1,TXN-005898,2024-12-20
5899,Lucas Nair,CUST-0558,Swimming Goggles,PROD-0048,16.81,1,TXN-005899,2024-04-07
5900,Sai Lee,CUST-0329,Dish Rack,PROD-0029,28.32,1,TXN-005900,2025-09-26
5901,Sandra Lee,CUST-0402,Resistance Bands,PROD-0043,22.74,1,TXN-005901,2025-09-08
5902,Arjun Shah,CUST-0683,Monitor Stand,PROD-0008,53.18,4,TXN-005902,2024-02-18
5903,Aditya Jones,CUST-0663,Data Science Handbook,PROD-0032,42.44,3,TXN-005903,2024-01-03
5904,Swati Kulkarni,CUST-0052,Cap,PROD-0019,12.46,1,TXN-005904,2024-09-08
5905,Rahul Brown,CUST-0013,Basketball,PROD-0046,39.63,1,TXN-005905,2024-11-15
5906,Aditya Lopez,CUST-0121,Business Strategy,PROD-0035,33.11,1,TXN-005906,2024-01-19
5907,Manoj Lopez,CUST-0780,Winter Jacket,PROD-0016,125.83,2,TXN-005907,2025-12-29
5908,Matthew Chopra,CUST-0560,External SSD 1TB,PROD-0010,77.83,1,TXN-005908,2025-07-06
5909,Aanya Lewis,CUST-0025,Jump Rope,PROD-0044,18.67,1,TXN-005909,2025-01-26
5910,Thomas Smith,CUST-0404,Gym Bag,PROD-0050,52.65,1,TXN-005910,2024-02-10
5911,Aanya Harris,CUST-0245,Machine Learning Guide,PROD-0033,42.63,1,TXN-005911,2025-07-11
5912,Ashley Brown,CUST-0568,Water Bottle,PROD-0026,17.56,2,TXN-005912,2024-10-12
5913,Amit Rodriguez,CUST-0644,Football,PROD-0045,29.05,3,TXN-005913,2025-11-06
5914,Aanya Gupta,CUST-0456,Business Strategy,PROD-0035,33.11,2,TXN-005914,2024-06-04
5915,Sandra Lee,CUST-0402,Coffee Maker,PROD-0021,62.05,1,TXN-005915,2025-12-15
5916,Rahul Verma,CUST-0347,Webcam HD,PROD-0006,72.22,5,TXN-005916,2025-01-26
5917,Daniel Thomas,CUST-0290,Football,PROD-0045,29.05,2,TXN-005917,2025-09-06
5918,Arjun Thompson,CUST-0212,Running Shoes,PROD-0014,41.04,3,TXN-005918,2024-12-16
5919,Vivaan Anderson,CUST-0739,Storage Containers,PROD-0027,35.05,1,TXN-005919,2024-02-26
5920,David Smith,CUST-0195,Cookbook,PROD-0039,22.32,5,TXN-005920,2024-11-03
5921,Sarah Shah,CUST-0270,Bluetooth Headphones,PROD-0002,92.28,2,TXN-005921,2025-06-03
5922,Ananya Shah,CUST-0055,Cycling Gloves,PROD-0049,31.15,3,TXN-005922,2025-03-18
5923,Sai Kumar,CUST-0500,USB-C Hub,PROD-0003,61.28,2,TXN-005923,2025-09-11
5924,Isabella Robinson,CUST-0572,Python Programming,PROD-0031,22.63,5,TXN-005924,2024-02-13
5925,Ananya Lee,CUST-0611,Cotton T-Shirt,PROD-0011,30.65,1,TXN-005925,2025-11-26
5926,Aadhya Lewis,CUST-0733,Monitor Stand,PROD-0008,53.18,2,TXN-005926,2025-09-21
5927,Suresh Desai,CUST-0095,Business Strategy,PROD-0035,33.11,3,TXN-005927,2025-12-10
5928,Donald Williams,CUST-0645,Cap,PROD-0019,12.46,4,TXN-005928,2024-03-21
5929,Suresh Desai,CUST-0095,Hoodie,PROD-0013,50.64,2,TXN-005929,2024-05-28
5930,Vihaan White,CUST-0400,Knife Set,PROD-0025,68.52,1,TXN-005930,2024-12-09
5931,Sneha Brown,CUST-0551,Sports Socks (3-pack),PROD-0018,13.94,2,TXN-005931,2025-07-28
5932,Matthew Anderson,CUST-0049,Blender,PROD-0022,46.5,1,TXN-005932,2025-02-12
5933,Myra Smith,CUST-0247,Denim Jeans,PROD-0012,82.97,2,TXN-005933,2024-04-24
5934,Sai Singh,CUST-0609,Dumbbells (Pair),PROD-0042,77.78,2,TXN-005934,2024-10-29
5935,Jessica Miller,CUST-0466,Jump Rope,PROD-0044,18.67,2,TXN-005935,2024-06-11
5936,Aanya Kumar,CUST-0151,Bluetooth Headphones,PROD-0002,92.28,1,TXN-005936,2025-09-07
5937,David Jackson,CUST-0482,Jump Rope,PROD-0044,18.67,1,TXN-005937,2025-05-03
5938,Riya Pillai,CUST-0280,Non-Stick Pan,PROD-0024,32.73,3,TXN-005938,2024-10-30
5939,Sarah Shah,CUST-0492,Tennis Racket,PROD-0047,61.92,2,TXN-005939,2024-02-28
5940,Sara Lewis,CUST-0545,Jump Rope,PROD-0044,18.67,4,TXN-005940,2024-05-20
5941,Reyansh Mehta,CUST-0656,Hoodie,PROD-0013,50.64,1,TXN-005941,2024-03-06
5942,Ananya Thompson,CUST-0297,Knife Set,PROD-0025,68.52,3,TXN-005942,2025-09-24
5943,Aarav Davis,CUST-0587,Blender,PROD-0022,46.5,3,TXN-005943,2025-08-13
5944,Rohit Wright,CUST-0279,Storage Containers,PROD-0027,35.05,4,TXN-005944,2025-05-12
5945,Isabella Johnson,CUST-0397,Storage Containers,PROD-0027,35.05,1,TXN-005945,2025-02-21
5946,Manoj Sharma,CUST-0185,Winter Jacket,PROD-0016,125.83,1,TXN-005946,2025-08-13
5947,Kavita Thompson,CUST-0385,Wireless Mouse,PROD-0001,45.68,1,TXN-005947,2024-01-14
5948,Oliver Johnson,CUST-0142,Swimming Goggles,PROD-0048,16.81,1,TXN-005948,2025-07-01
5949,Rohit Brown,CUST-0309,Bluetooth Headphones,PROD-0002,92.28,1,TXN-005949,2025-05-12
5950,Thomas Moore,CUST-0569,Dish Rack,PROD-0029,28.32,1,TXN-005950,2025-02-01
5951,Krishna Miller,CUST-0530,Water Bottle,PROD-0026,17.56,1,TXN-005951,2024-02-23
5952,Sunita Gupta,CUST-0403,Winter Jacket,PROD-0016,125.83,1,TXN-005952,2025-02-09
5953,Aanya Harris,CUST-0245,Cutting Board,PROD-0028,11.96,3,TXN-005953,2025-01-14
5954,Karen Nair,CUST-0046,Laptop Stand,PROD-0009,59.55,3,TXN-005954,2025-10-18
5955,Nikhil Garcia,CUST-0090,Dumbbells (Pair),PROD-0042,77.78,2,TXN-005955,2024-09-29
5956,Charles Moore,CUST-0009,Travel Guide,PROD-0040,22.38,2,TXN-005956,2024-05-03
5957,Myra Jones,CUST-0012,Running Shoes,PROD-0014,41.04,2,TXN-005957,2025-08-29
5958,Aanya Jackson,CUST-0122,Cotton T-Shirt,PROD-0011,30.65,1,TXN-005958,2024-08-30
5959,Isha Patel,CUST-0655,Bluetooth Headphones,PROD-0002,92.28,1,TXN-005959,2024-05-18
5960,Lisa Hernandez,CUST-0024,Cookbook,PROD-0039,22.32,1,TXN-005960,2024-06-10
5961,Suresh Bhat,CUST-0706,Hoodie,PROD-0013,50.64,3,TXN-005961,2025-04-16
5962,Lucas Singh,CUST-0776,Non-Stick Pan,PROD-0024,32.73,2,TXN-005962,2025-12-13
5963,Divya Patel,CUST-0612,Non-Stick Pan,PROD-0024,32.73,1,TXN-005963,2024-04-24
5964,Linda Clark,CUST-0589,Dumbbells (Pair),PROD-0042,77.78,3,TXN-005964,2025-02-05
5965,Sarah Williams,CUST-0043,Portable Charger,PROD-0004,42.05,2,TXN-005965,2025-06-30
5966,Aanya Singh,CUST-0441,USB-C Hub,PROD-0003,61.28,1,TXN-005966,2025-04-19
5967,Swati Malhotra,CUST-0358,Data Science Handbook,PROD-0032,42.44,4,TXN-005967,2025-11-08
5968,Aditya Williams,CUST-0330,Casual Shorts,PROD-0017,29.07,3,TXN-005968,2025-10-07
5969,Betty Lee,CUST-0605,Laptop Stand,PROD-0009,59.55,1,TXN-005969,2024-10-19
5970,Arjun Moore,CUST-0766,Self-Help Guide,PROD-0036,10.26,5,TXN-005970,2024-10-15
5971,Mark Jackson,CUST-0711,Cap,PROD-0019,12.46,4,TXN-005971,2024-08-18
5972,Mary Jones,CUST-0527,Webcam HD,PROD-0006,72.22,1,TXN-005972,2024-01-17
5973,Nisha Reddy,CUST-0646,Self-Help Guide,PROD-0036,10.26,1,TXN-005973,2025-07-15
5974,Anthony Wright,CUST-0610,Knife Set,PROD-0025,68.52,1,TXN-005974,2024-12-24
5975,Myra Rodriguez,CUST-0543,Running Shoes,PROD-0014,41.04,1,TXN-005975,2024-10-16
5976,Margaret Young,CUST-0781,Blender,PROD-0022,46.5,1,TXN-005976,2025-02-19
5977,Nisha Lee,CUST-0161,Cotton T-Shirt,PROD-0011,30.65,2,TXN-005977,2025-12-03
5978,Aadhya Bhat,CUST-0380,External SSD 1TB,PROD-0010,77.83,1,TXN-005978,2025-09-23
5979,Vihaan Lee,CUST-0507,Portable Charger,PROD-0004,42.05,1,TXN-005979,2025-02-21
5980,Elizabeth Thomas,CUST-0390,Wireless Mouse,PROD-0001,45.68,1,TXN-005980,2025-02-22
5981,John Smith,CUST-0106,Storage Containers,PROD-0027,35.05,3,TXN-005981,2024-11-13
5982,Nikhil Lopez,CUST-0555,Cutting Board,PROD-0028,11.96,1,TXN-005982,2024-01-11
5983,Patricia Wright,CUST-0304,Dish Rack,PROD-0029,28.32,4,TXN-005983,2024-06-06
5984,Lucas Singh,CUST-0776,Storage Containers,PROD-0027,35.05,4,TXN-005984,2025-02-19
5985,James Garcia,CUST-0017,Laptop Stand,PROD-0009,59.55,1,TXN-005985,2024-03-05
5986,Nancy Pillai,CUST-0375,Machine Learning Guide,PROD-0033,42.63,1,TXN-005986,2024-03-13
5987,Aditya Patel,CUST-0384,Hoodie,PROD-0013,50.64,2,TXN-005987,2024-03-10
5988,Aadhya Shah,CUST-0452,Formal Shirt,PROD-0015,57.36,2,TXN-005988,2025-10-12
5989,Amit Clark,CUST-0093,Cutting Board,PROD-0028,11.96,2,TXN-005989,2024-04-06
5990,Aditya Lee,CUST-0324,Cutting Board,PROD-0028,11.96,1,TXN-005990,2025-06-23
5991,Ananya Lewis,CUST-0451,Fiction Novel,PROD-0037,12.83,1,TXN-005991,2024-05-12
5992,Pari Kumar,CUST-0184,Casual Shorts,PROD-0017,29.07,1,TXN-005992,2024-08-02
5993,Karan White,CUST-0252,History of AI,PROD-0038,15.71,1,TXN-005993,2025-03-28
5994,Charles Taylor,CUST-0581,Casual Shorts,PROD-0017,29.07,1,TXN-005994,2025-01-19
5995,Meena Thomas,CUST-0271,Tennis Racket,PROD-0047,61.92,3,TXN-005995,2024-08-06
5996,Sunita Reddy,CUST-0100,Jump Rope,PROD-0044,18.67,3,TXN-005996,2025-12-12
5997,James Miller,CUST-0479,History of AI,PROD-0038,15.71,1,TXN-005997,2025-04-16
5998,Nikhil Lewis,CUST-0127,Fiction Novel,PROD-0037,12.83,4,TXN-005998,2024-03-22
5999,Aanya Miller,CUST-0777,Dumbbells (Pair),PROD-0042,77.78,4,TXN-005999,2025-10-14
6000,Anjali Young,CUST-0590,Business Strategy,PROD-0035,33.11,1,TXN-006000,2024-11-03
6001,Diya Chopra,CUST-0736,Water Bottle,PROD-0026,17.56,2,TXN-006001,2025-03-15
6002,Thomas Jones,CUST-0339,Knife Set,PROD-0025,68.52,4,TXN-006002,2025-07-21
6003,Ishaan Patel,CUST-0241,Hoodie,PROD-0013,50.64,4,TXN-006003,2025-12-31
6004,Betty Jackson,CUST-0622,Data Science Handbook,PROD-0032,42.44,1,TXN-006004,2025-11-17
6005,Amit Lopez,CUST-0573,Tea Kettle,PROD-0030,40.05,1,TXN-006005,2024-01-08
6006,Aditya Patel,CUST-0384,Jump Rope,PROD-0044,18.67,2,TXN-006006,2024-07-09
6007,Diya Davis,CUST-0249,Swimming Goggles,PROD-0048,16.81,2,TXN-006007,2025-04-30
6008,Betty Chopra,CUST-0749,Webcam HD,PROD-0006,72.22,2,TXN-006008,2024-09-07
6009,Neha Kulkarni,CUST-0007,Dumbbells (Pair),PROD-0042,77.78,1,TXN-006009,2024-07-09
6010,Sophia Thompson,CUST-0168,Bluetooth Headphones,PROD-0002,92.28,2,TXN-006010,2025-03-18
6011,Arjun Shah,CUST-0501,Winter Jacket,PROD-0016,125.83,1,TXN-006011,2024-05-27
6012,Myra Patel,CUST-0707,Basketball,PROD-0046,39.63,2,TXN-006012,2025-05-05
6013,Vivaan Menon,CUST-0218,Jump Rope,PROD-0044,18.67,1,TXN-006013,2025-08-02
6014,Rajesh Allen,CUST-0415,Cap,PROD-0019,12.46,1,TXN-006014,2024-07-09
6015,Donald Mehta,CUST-0575,Laptop Stand,PROD-0009,59.55,1,TXN-006015,2024-06-16
6016,Vikram Miller,CUST-0405,Tea Kettle,PROD-0030,40.05,1,TXN-006016,2025-08-30
6017,Jennifer Shah,CUST-0669,Denim Jeans,PROD-0012,82.97,1,TXN-006017,2025-03-25
6018,Ashley Harris,CUST-0485,Winter Jacket,PROD-0016,125.83,2,TXN-006018,2025-12-27
6019,Noah Chopra,CUST-0164,Formal Shirt,PROD-0015,57.36,3,TXN-006019,2024-12-12
6020,Manoj Moore,CUST-0668,External SSD 1TB,PROD-0010,77.83,1,TXN-006020,2024-09-01
6021,Daniel Taylor,CUST-0703,Denim Jeans,PROD-0012,82.97,1,TXN-006021,2024-04-06
6022,Patricia Williams,CUST-0258,Football,PROD-0045,29.05,5,TXN-006022,2024-03-07
6023,Michael Robinson,CUST-0434,Travel Guide,PROD-0040,22.38,1,TXN-006023,2024-06-28
6024,Oliver Verma,CUST-0529,Sports Socks (3-pack),PROD-0018,13.94,1,TXN-006024,2024-08-05
6025,Neha Mehta,CUST-0305,Data Science Handbook,PROD-0032,42.44,2,TXN-006025,2025-09-11
6026,Michael Smith,CUST-0606,Web Development,PROD-0034,44.41,1,TXN-006026,2025-09-14
6027,Swati Lee,CUST-0010,Jump Rope,PROD-0044,18.67,2,TXN-006027,2024-11-24
6028,Charlotte Smith,CUST-0087,Blender,PROD-0022,46.5,3,TXN-006028,2025-12-07
6029,Ishaan Jackson,CUST-0351,Laptop Stand,PROD-0009,59.55,4,TXN-006029,2024-02-28
6030,Ashley Davis,CUST-0454,Coffee Maker,PROD-0021,62.05,2,TXN-006030,2025-12-07
6031,Aarav Gupta,CUST-0624,Travel Guide,PROD-0040,22.38,1,TXN-006031,2025-07-18
6032,Deepak Brown,CUST-0227,Monitor Stand,PROD-0008,53.18,1,TXN-006032,2025-02-06
6033,Sai Pillai,CUST-0292,Winter Jacket,PROD-0016,125.83,1,TXN-006033,2024-06-07
6034,Richard Gupta,CUST-0189,Gym Bag,PROD-0050,52.65,3,TXN-006034,2025-10-02
6035,William Thompson,CUST-0743,Gym Bag,PROD-0050,52.65,1,TXN-006035,2024-05-11
6036,Robert Singh,CUST-0505,Dish Rack,PROD-0029,28.32,2,TXN-006036,2024-08-11
6037,Reyansh White,CUST-0209,Smartwatch,PROD-0005,158.2,2,TXN-006037,2025-06-02
6038,Charlotte Thompson,CUST-0717,USB-C Hub,PROD-0003,61.28,5,TXN-006038,2025-02-15
6039,Thomas Gupta,CUST-0306,Tennis Racket,PROD-0047,61.92,2,TXN-006039,2025-03-29
6040,Mia Verma,CUST-0004,Running Shoes,PROD-0014,41.04,2,TXN-006040,2024-02-23
6041,Anthony White,CUST-0244,Knife Set,PROD-0025,68.52,3,TXN-006041,2024-12-09
6042,Mary Patel,CUST-0630,Coffee Maker,PROD-0021,62.05,1,TXN-006042,2025-05-30
6043,Linda Martin,CUST-0312,Laptop Stand,PROD-0009,59.55,2,TXN-006043,2024-03-27
6044,Mary Bhat,CUST-0746,USB-C Hub,PROD-0003,61.28,2,TXN-006044,2025-12-26
6045,Neha Mehta,CUST-0305,Tennis Racket,PROD-0047,61.92,1,TXN-006045,2025-05-22
6046,Ananya Garcia,CUST-0277,Bluetooth Headphones,PROD-0002,92.28,2,TXN-006046,2025-03-20
6047,Ashley Harris,CUST-0485,Cycling Gloves,PROD-0049,31.15,1,TXN-006047,2024-06-20
6048,Kavita King,CUST-0439,Tea Kettle,PROD-0030,40.05,2,TXN-006048,2025-01-15
6049,William Kulkarni,CUST-0583,Wireless Mouse,PROD-0001,45.68,3,TXN-006049,2025-03-16
6050,Noah Chopra,CUST-0164,Wireless Mouse,PROD-0001,45.68,3,TXN-006050,2024-09-07
6051,Patricia Malhotra,CUST-0724,Water Bottle,PROD-0026,17.56,1,TXN-006051,2025-06-04
6052,Matthew Harris,CUST-0679,Toaster,PROD-0023,31.12,2,TXN-006052,2025-02-17
6053,Rajesh Chopra,CUST-0269,Storage Containers,PROD-0027,35.05,3,TXN-006053,2024-10-16
6054,Rahul Bhat,CUST-0588,Dish Rack,PROD-0029,28.32,1,TXN-006054,2025-09-01
6055,Sarah Harris,CUST-0498,Dumbbells (Pair),PROD-0042,77.78,2,TXN-006055,2024-04-16
6056,Susan King,CUST-0536,Running Shoes,PROD-0014,41.04,5,TXN-006056,2025-12-16
6057,Priya Gupta,CUST-0789,Fiction Novel,PROD-0037,12.83,2,TXN-006057,2025-08-11
6058,Nikhil Lopez,CUST-0555,Basketball,PROD-0046,39.63,1,TXN-006058,2025-09-04
6059,Divya Kumar,CUST-0080,Casual Shorts,PROD-0017,29.07,2,TXN-006059,2025-12-24
6060,Nikhil Bhat,CUST-0519,Cutting Board,PROD-0028,11.96,1,TXN-006060,2025-09-27
6061,Charles Kumar,CUST-0323,Coffee Maker,PROD-0021,62.05,1,TXN-006061,2024-10-15
6062,Divya Patel,CUST-0612,Football,PROD-0045,29.05,3,TXN-006062,2024-07-31
6063,Nikhil Sharma,CUST-0147,Storage Containers,PROD-0027,35.05,3,TXN-006063,2025-03-22
6064,Patricia Wright,CUST-0304,Running Shoes,PROD-0014,41.04,1,TXN-006064,2024-08-15
6065,Betty Lee,CUST-0605,Casual Shorts,PROD-0017,29.07,4,TXN-006065,2024-04-13
6066,Noah Lopez,CUST-0134,Keyboard Mechanical,PROD-0007,97.82,1,TXN-006066,2025-07-15
6067,Robert Davis,CUST-0600,Basketball,PROD-0046,39.63,4,TXN-006067,2025-06-30
6068,Meena Mehta,CUST-0667,Smartwatch,PROD-0005,158.2,2,TXN-006068,2024-04-16
6069,Manoj Reddy,CUST-0338,Travel Guide,PROD-0040,22.38,1,TXN-006069,2024-12-13
6070,Aanya Clark,CUST-0234,Casual Shorts,PROD-0017,29.07,1,TXN-006070,2025-12-17
6071,Richard Lopez,CUST-0075,Denim Jeans,PROD-0012,82.97,2,TXN-006071,2025-03-23
6072,Pooja Johnson,CUST-0760,Football,PROD-0045,29.05,5,TXN-006072,2024-06-16
6073,Linda Anderson,CUST-0141,Hoodie,PROD-0013,50.64,3,TXN-006073,2025-06-27
6074,Daniel Gupta,CUST-0721,Scarf,PROD-0020,33.28,4,TXN-006074,2024-11-03
6075,Vikram Bhat,CUST-0177,Yoga Mat,PROD-0041,42.7,1,TXN-006075,2025-02-11
6076,Aadhya Lewis,CUST-0733,Tea Kettle,PROD-0030,40.05,3,TXN-006076,2025-12-13
6077,John Jones,CUST-0504,Smartwatch,PROD-0005,158.2,3,TXN-006077,2025-05-28
6078,William Martinez,CUST-0539,External SSD 1TB,PROD-0010,77.83,4,TXN-006078,2024-05-11
6079,Mia Williams,CUST-0210,Dish Rack,PROD-0029,28.32,2,TXN-006079,2025-07-13
6080,Sneha Verma,CUST-0665,Python Programming,PROD-0031,22.63,1,TXN-006080,2025-11-04
6081,Matthew Chopra,CUST-0560,Cap,PROD-0019,12.46,1,TXN-006081,2025-06-18
6082,Karan Davis,CUST-0051,Knife Set,PROD-0025,68.52,2,TXN-006082,2024-07-23
6083,Diya Jones,CUST-0715,Tennis Racket,PROD-0047,61.92,1,TXN-006083,2025-10-19
6084,Margaret Martin,CUST-0379,Water Bottle,PROD-0026,17.56,1,TXN-006084,2025-08-11
6085,Krishna Malhotra,CUST-0614,Business Strategy,PROD-0035,33.11,5,TXN-006085,2024-10-04
6086,Sophia Rao,CUST-0401,Bluetooth Headphones,PROD-0002,92.28,3,TXN-006086,2024-11-28
6087,Noah Desai,CUST-0528,Cutting Board,PROD-0028,11.96,2,TXN-006087,2025-09-30
6088,Sara Pillai,CUST-0276,Fiction Novel,PROD-0037,12.83,3,TXN-006088,2025-01-31
6089,Nikhil Verma,CUST-0198,Jump Rope,PROD-0044,18.67,2,TXN-006089,2024-01-04
6090,Anjali Joshi,CUST-0636,Dish Rack,PROD-0029,28.32,1,TXN-006090,2025-02-08
6091,Linda Mehta,CUST-0123,Portable Charger,PROD-0004,42.05,3,TXN-006091,2024-03-01
6092,Rahul Bhat,CUST-0588,External SSD 1TB,PROD-0010,77.83,2,TXN-006092,2025-01-28
6093,Vikram Robinson,CUST-0411,Laptop Stand,PROD-0009,59.55,1,TXN-006093,2025-03-04
6094,Sara Wright,CUST-0331,Toaster,PROD-0023,31.12,4,TXN-006094,2025-04-05
6095,Myra Verma,CUST-0701,Machine Learning Guide,PROD-0033,42.63,2,TXN-006095,2024-10-11
6096,Thomas Jones,CUST-0339,Data Science Handbook,PROD-0032,42.44,2,TXN-006096,2025-06-19
6097,Nisha Lopez,CUST-0409,Coffee Maker,PROD-0021,62.05,1,TXN-006097,2025-01-02
6098,Patricia White,CUST-0506,Toaster,PROD-0023,31.12,1,TXN-006098,2024-06-25
6099,Rahul Brown,CUST-0261,Python Programming,PROD-0031,22.63,2,TXN-006099,2024-01-06
6100,Myra Williams,CUST-0008,Portable Charger,PROD-0004,42.05,1,TXN-006100,2025-04-02
6101,Ishaan Clark,CUST-0346,Web Development,PROD-0034,44.41,3,TXN-006101,2025-02-28
6102,Sai Walker,CUST-0544,Laptop Stand,PROD-0009,59.55,1,TXN-006102,2024-02-28
6103,Sarah Thomas,CUST-0366,Smartwatch,PROD-0005,158.2,2,TXN-006103,2024-12-27
6104,Lucas Patel,CUST-0262,Coffee Maker,PROD-0021,62.05,1,TXN-006104,2024-06-28
6105,Reyansh Lewis,CUST-0263,Scarf,PROD-0020,33.28,1,TXN-006105,2025-06-08
6106,Mia Thomas,CUST-0603,Travel Guide,PROD-0040,22.38,2,TXN-006106,2024-10-30
6107,Aarav King,CUST-0006,External SSD 1TB,PROD-0010,77.83,3,TXN-006107,2024-07-25
6108,Deepak Jones,CUST-0207,Web Development,PROD-0034,44.41,2,TXN-006108,2025-07-01
6109,Suresh Rao,CUST-0437,Bluetooth Headphones,PROD-0002,92.28,2,TXN-006109,2024-08-26
6110,Deepak Jackson,CUST-0326,Python Programming,PROD-0031,22.63,4,TXN-006110,2024-03-06
6111,Isabella Allen,CUST-0464,Bluetooth Headphones,PROD-0002,92.28,5,TXN-006111,2025-02-22
6112,Swati Williams,CUST-0199,USB-C Hub,PROD-0003,61.28,4,TXN-006112,2024-11-01
6113,Amit Lopez,CUST-0275,External SSD 1TB,PROD-0010,77.83,4,TXN-006113,2025-06-08
6114,Karen Iyer,CUST-0659,Storage Containers,PROD-0027,35.05,1,TXN-006114,2024-02-16
6115,Mark Jackson,CUST-0711,Blender,PROD-0022,46.5,3,TXN-006115,2025-07-07
6116,James Bhat,CUST-0627,Swimming Goggles,PROD-0048,16.81,2,TXN-006116,2024-02-01
6117,Aarav Gupta,CUST-0624,Gym Bag,PROD-0050,52.65,4,TXN-006117,2024-03-11
6118,Vivaan Menon,CUST-0218,Sports Socks (3-pack),PROD-0018,13.94,2,TXN-006118,2024-01-13
6119,Neha Miller,CUST-0598,Gym Bag,PROD-0050,52.65,2,TXN-006119,2024-03-08
6120,Betty Jackson,CUST-0622,Python Programming,PROD-0031,22.63,2,TXN-006120,2025-08-12
6121,Sai Rao,CUST-0499,Laptop Stand,PROD-0009,59.55,3,TXN-006121,2024-12-10
6122,Nisha Clark,CUST-0157,Self-Help Guide,PROD-0036,10.26,1,TXN-006122,2024-08-02
6123,Sai Verma,CUST-0372,Knife Set,PROD-0025,68.52,2,TXN-006123,2025-06-23
6124,Ishaan White,CUST-0014,Scarf,PROD-0020,33.28,1,TXN-006124,2024-02-13
6125,Oliver Smith,CUST-0476,Running Shoes,PROD-0014,41.04,1,TXN-006125,2025-01-21
6126,Sai Malhotra,CUST-0770,Football,PROD-0045,29.05,2,TXN-006126,2025-06-05
6127,Rahul Martinez,CUST-0015,Fiction Novel,PROD-0037,12.83,1,TXN-006127,2025-10-17
6128,Isha Patel,CUST-0655,Formal Shirt,PROD-0015,57.36,2,TXN-006128,2025-11-24
6129,Donald Menon,CUST-0020,Blender,PROD-0022,46.5,2,TXN-006129,2025-10-05
6130,Manoj Lopez,CUST-0780,Self-Help Guide,PROD-0036,10.26,1,TXN-006130,2025-11-04
6131,Aanya Lewis,CUST-0443,Wireless Mouse,PROD-0001,45.68,1,TXN-006131,2025-09-23
6132,Manoj Verma,CUST-0257,Sports Socks (3-pack),PROD-0018,13.94,1,TXN-006132,2024-02-15
6133,Mark Malhotra,CUST-0239,Webcam HD,PROD-0006,72.22,1,TXN-006133,2025-06-27
6134,Diya Davis,CUST-0615,Cycling Gloves,PROD-0049,31.15,1,TXN-006134,2025-06-17
6135,Anthony Jones,CUST-0288,Travel Guide,PROD-0040,22.38,3,TXN-006135,2024-01-18
6136,Riya Verma,CUST-0480,Hoodie,PROD-0013,50.64,3,TXN-006136,2024-06-06
6137,Daniel Miller,CUST-0042,Formal Shirt,PROD-0015,57.36,1,TXN-006137,2025-03-26
6138,David Malhotra,CUST-0681,Tea Kettle,PROD-0030,40.05,2,TXN-006138,2025-06-29
6139,Krishna Moore,CUST-0448,Tea Kettle,PROD-0030,40.05,1,TXN-006139,2025-01-09
6140,Mary Kulkarni,CUST-0117,Resistance Bands,PROD-0043,22.74,1,TXN-006140,2025-06-09
6141,Anjali Robinson,CUST-0436,Swimming Goggles,PROD-0048,16.81,1,TXN-006141,2025-12-04
6142,Susan King,CUST-0536,Tennis Racket,PROD-0047,61.92,1,TXN-006142,2024-01-04
6143,Manoj Joshi,CUST-0513,Web Development,PROD-0034,44.41,3,TXN-006143,2024-05-12
6144,Ishaan Taylor,CUST-0621,Coffee Maker,PROD-0021,62.05,3,TXN-006144,2025-06-16
6145,Ayaan Walker,CUST-0406,Football,PROD-0045,29.05,2,TXN-006145,2024-10-10
6146,Vikram Miller,CUST-0109,Fiction Novel,PROD-0037,12.83,2,TXN-006146,2024-09-07
6147,Aditya Jones,CUST-0663,Gym Bag,PROD-0050,52.65,1,TXN-006147,2025-03-15
6148,Ananya Patel,CUST-0032,Swimming Goggles,PROD-0048,16.81,2,TXN-006148,2025-07-15
6149,Betty White,CUST-0386,Basketball,PROD-0046,39.63,2,TXN-006149,2024-10-13
6150,Liam Davis,CUST-0170,Tea Kettle,PROD-0030,40.05,2,TXN-006150,2025-05-07
6151,Sandra Patel,CUST-0300,Web Development,PROD-0034,44.41,1,TXN-006151,2025-03-30
6152,Nikhil Verma,CUST-0198,Football,PROD-0045,29.05,1,TXN-006152,2025-02-16
6153,John Martin,CUST-0187,History of AI,PROD-0038,15.71,1,TXN-006153,2025-10-19
6154,Nikhil Pillai,CUST-0698,Webcam HD,PROD-0006,72.22,1,TXN-006154,2025-06-26
6155,Mark Desai,CUST-0783,Webcam HD,PROD-0006,72.22,2,TXN-006155,2025-05-27
6156,Charlotte Rao,CUST-0154,Cap,PROD-0019,12.46,3,TXN-006156,2025-01-25
6157,Amit Clark,CUST-0371,Blender,PROD-0022,46.5,2,TXN-006157,2025-02-28
6158,Meena Hernandez,CUST-0638,Self-Help Guide,PROD-0036,10.26,2,TXN-006158,2024-01-24
6159,Myra Shah,CUST-0431,External SSD 1TB,PROD-0010,77.83,1,TXN-006159,2025-04-16
6160,William Thompson,CUST-0743,External SSD 1TB,PROD-0010,77.83,1,TXN-006160,2025-04-30
6161,Aanya Jackson,CUST-0122,Dish Rack,PROD-0029,28.32,2,TXN-006161,2025-08-16
6162,Anthony Joshi,CUST-0028,External SSD 1TB,PROD-0010,77.83,4,TXN-006162,2024-08-21
6163,Patricia Menon,CUST-0483,Jump Rope,PROD-0044,18.67,3,TXN-006163,2024-02-27
6164,Suresh Kumar,CUST-0037,Basketball,PROD-0046,39.63,3,TXN-006164,2025-03-14
6165,Aditya Lee,CUST-0324,Sports Socks (3-pack),PROD-0018,13.94,4,TXN-006165,2025-07-09
6166,Pooja Nair,CUST-0643,Yoga Mat,PROD-0041,42.7,2,TXN-006166,2025-11-18
6167,Amit Wright,CUST-0566,Sports Socks (3-pack),PROD-0018,13.94,3,TXN-006167,2025-04-02
6168,Linda Malhotra,CUST-0595,Coffee Maker,PROD-0021,62.05,3,TXN-006168,2024-03-13
6169,Pooja Nair,CUST-0643,Dish Rack,PROD-0029,28.32,2,TXN-006169,2024-11-17
6170,Aadhya Singh,CUST-0322,Hoodie,PROD-0013,50.64,2,TXN-006170,2024-03-20
6171,Lucas Nair,CUST-0558,Business Strategy,PROD-0035,33.11,2,TXN-006171,2024-02-10
6172,Isabella Allen,CUST-0464,Swimming Goggles,PROD-0048,16.81,1,TXN-006172,2025-06-10
6173,Nisha Thomas,CUST-0068,Toaster,PROD-0023,31.12,2,TXN-006173,2024-11-24
6174,Patricia White,CUST-0506,Cookbook,PROD-0039,22.32,1,TXN-006174,2025-08-17
6175,David Thomas,CUST-0310,Non-Stick Pan,PROD-0024,32.73,2,TXN-006175,2025-09-15
6176,Margaret Young,CUST-0781,Basketball,PROD-0046,39.63,2,TXN-006176,2024-06-20
6177,Rajesh Allen,CUST-0415,Self-Help Guide,PROD-0036,10.26,1,TXN-006177,2024-09-26
6178,Matthew Mehta,CUST-0564,Machine Learning Guide,PROD-0033,42.63,2,TXN-006178,2024-07-29
6179,Emma Thompson,CUST-0538,Bluetooth Headphones,PROD-0002,92.28,4,TXN-006179,2024-01-18
6180,Ananya Anderson,CUST-0702,Python Programming,PROD-0031,22.63,1,TXN-006180,2024-06-03
6181,Anthony White,CUST-0244,History of AI,PROD-0038,15.71,1,TXN-006181,2024-04-21
6182,Manoj Sharma,CUST-0185,Monitor Stand,PROD-0008,53.18,4,TXN-006182,2025-11-14
6183,Mark Hernandez,CUST-0618,Bluetooth Headphones,PROD-0002,92.28,2,TXN-006183,2024-12-07
6184,Linda Menon,CUST-0756,Webcam HD,PROD-0006,72.22,2,TXN-006184,2025-07-13
6185,Rahul Allen,CUST-0103,External SSD 1TB,PROD-0010,77.83,4,TXN-006185,2025-10-24
6186,Lucas Jones,CUST-0553,Web Development,PROD-0034,44.41,2,TXN-006186,2025-11-02
6187,Margaret Young,CUST-0781,Keyboard Mechanical,PROD-0007,97.82,2,TXN-006187,2024-05-17
6188,Anthony Joshi,CUST-0028,Dumbbells (Pair),PROD-0042,77.78,3,TXN-006188,2024-01-08
6189,Emma Young,CUST-0412,Knife Set,PROD-0025,68.52,3,TXN-006189,2025-09-02
6190,Meena Thompson,CUST-0038,Monitor Stand,PROD-0008,53.18,1,TXN-006190,2025-08-23
6191,Patricia Bhat,CUST-0136,Formal Shirt,PROD-0015,57.36,2,TXN-006191,2024-05-30
6192,Reyansh Pillai,CUST-0604,Self-Help Guide,PROD-0036,10.26,1,TXN-006192,2025-07-20
6193,Betty Jackson,CUST-0622,Formal Shirt,PROD-0015,57.36,1,TXN-006193,2025-12-24
6194,Thomas Johnson,CUST-0524,Resistance Bands,PROD-0043,22.74,4,TXN-006194,2025-03-23
6195,Nikhil Smith,CUST-0678,Scarf,PROD-0020,33.28,2,TXN-006195,2025-04-10
6196,Ashley Sharma,CUST-0048,Winter Jacket,PROD-0016,125.83,3,TXN-006196,2024-02-15
6197,Myra Shah,CUST-0431,Data Science Handbook,PROD-0032,42.44,1,TXN-006197,2025-06-07
6198,Sai Garcia,CUST-0629,Storage Containers,PROD-0027,35.05,4,TXN-006198,2024-08-18
6199,Krishna Pillai,CUST-0196,Blender,PROD-0022,46.5,1,TXN-006199,2025-04-01
6200,Ishaan White,CUST-0014,Data Science Handbook,PROD-0032,42.44,2,TXN-006200,2024-04-13
6201,John Pillai,CUST-0785,Cotton T-Shirt,PROD-0011,30.65,3,TXN-006201,2025-11-04
6202,Elizabeth Martinez,CUST-0224,Keyboard Mechanical,PROD-0007,97.82,1,TXN-006202,2024-12-14
6203,Riya Patel,CUST-0648,USB-C Hub,PROD-0003,61.28,2,TXN-006203,2024-11-21
6204,Ananya Lewis,CUST-0451,Jump Rope,PROD-0044,18.67,4,TXN-006204,2025-01-01
6205,Sarah Shah,CUST-0131,Dumbbells (Pair),PROD-0042,77.78,1,TXN-006205,2025-05-04
6206,Ashley King,CUST-0633,Cookbook,PROD-0039,22.32,2,TXN-006206,2024-08-15
6207,Oliver Verma,CUST-0529,Sports Socks (3-pack),PROD-0018,13.94,3,TXN-006207,2024-10-13
6208,Sarah Shah,CUST-0270,USB-C Hub,PROD-0003,61.28,1,TXN-006208,2025-06-05
6209,Sneha Brown,CUST-0551,Running Shoes,PROD-0014,41.04,1,TXN-006209,2024-03-19
6210,Daniel Rodriguez,CUST-0319,Smartwatch,PROD-0005,158.2,1,TXN-006210,2025-05-09
6211,Ayaan Allen,CUST-0053,Dumbbells (Pair),PROD-0042,77.78,4,TXN-006211,2024-04-14
6212,Lucas Hernandez,CUST-0771,External SSD 1TB,PROD-0010,77.83,4,TXN-006212,2025-10-25
6213,Sara Wright,CUST-0331,Portable Charger,PROD-0004,42.05,1,TXN-006213,2025-07-02
6214,Sunita Martinez,CUST-0455,Monitor Stand,PROD-0008,53.18,1,TXN-006214,2025-02-06
6215,Isabella Anderson,CUST-0796,Business Strategy,PROD-0035,33.11,2,TXN-006215,2024-02-08
6216,Amit Rodriguez,CUST-0597,Yoga Mat,PROD-0041,42.7,2,TXN-006216,2025-04-06
6217,Ashley King,CUST-0633,Dish Rack,PROD-0029,28.32,2,TXN-006217,2024-05-25
6218,Sara Rodriguez,CUST-0238,Yoga Mat,PROD-0041,42.7,5,TXN-006218,2025-10-04
6219,Jessica Chopra,CUST-0274,Toaster,PROD-0023,31.12,2,TXN-006219,2024-10-25
6220,Sarah Shah,CUST-0270,Storage Containers,PROD-0027,35.05,5,TXN-006220,2025-08-11
6221,Michael Malhotra,CUST-0301,Bluetooth Headphones,PROD-0002,92.28,4,TXN-006221,2024-08-25
6222,Vivaan Nair,CUST-0791,Cutting Board,PROD-0028,11.96,3,TXN-006222,2025-03-13
6223,Thomas Gupta,CUST-0306,Bluetooth Headphones,PROD-0002,92.28,1,TXN-006223,2024-08-11
6224,Matthew Martin,CUST-0138,Travel Guide,PROD-0040,22.38,1,TXN-006224,2024-08-11
6225,Aanya Miller,CUST-0777,Data Science Handbook,PROD-0032,42.44,2,TXN-006225,2024-08-01
6226,Aanya Jackson,CUST-0122,Toaster,PROD-0023,31.12,2,TXN-006226,2025-05-25
6227,Nancy Pillai,CUST-0375,Dish Rack,PROD-0029,28.32,3,TXN-006227,2024-06-13
6228,Ayaan Malhotra,CUST-0616,Basketball,PROD-0046,39.63,2,TXN-006228,2025-11-09
6229,Jessica Brown,CUST-0450,Formal Shirt,PROD-0015,57.36,1,TXN-006229,2025-02-06
6230,Amit Lopez,CUST-0573,Gym Bag,PROD-0050,52.65,3,TXN-006230,2025-12-28
6231,Ayaan Rao,CUST-0039,Laptop Stand,PROD-0009,59.55,2,TXN-006231,2024-03-31
6232,Betty Brown,CUST-0340,Self-Help Guide,PROD-0036,10.26,1,TXN-006232,2025-12-23
6233,Nikhil Smith,CUST-0678,Scarf,PROD-0020,33.28,2,TXN-006233,2024-08-20
6234,Riya Nair,CUST-0233,Denim Jeans,PROD-0012,82.97,1,TXN-006234,2025-01-19
6235,Suresh Allen,CUST-0755,Non-Stick Pan,PROD-0024,32.73,1,TXN-006235,2024-12-21
6236,Mary Smith,CUST-0642,Swimming Goggles,PROD-0048,16.81,1,TXN-006236,2024-09-10
6237,Neha Miller,CUST-0598,Cutting Board,PROD-0028,11.96,3,TXN-006237,2024-01-25
6238,Lisa Joshi,CUST-0478,Running Shoes,PROD-0014,41.04,1,TXN-006238,2025-01-28
6239,Patricia Menon,CUST-0483,Basketball,PROD-0046,39.63,1,TXN-006239,2024-06-29
6240,Sara Anderson,CUST-0745,Monitor Stand,PROD-0008,53.18,1,TXN-006240,2025-10-09
6241,Aarav Davis,CUST-0587,Toaster,PROD-0023,31.12,2,TXN-006241,2025-10-27
6242,Sai Walker,CUST-0085,Yoga Mat,PROD-0041,42.7,2,TXN-006242,2025-09-16
6243,Divya King,CUST-0118,Cutting Board,PROD-0028,11.96,1,TXN-006243,2024-01-04
6244,Jennifer Lopez,CUST-0345,Wireless Mouse,PROD-0001,45.68,4,TXN-006244,2024-06-18
6245,Meena Rao,CUST-0079,Machine Learning Guide,PROD-0033,42.63,2,TXN-006245,2025-02-18
6246,Manoj Lee,CUST-0579,Self-Help Guide,PROD-0036,10.26,1,TXN-006246,2024-10-20
6247,Mason Young,CUST-0102,Formal Shirt,PROD-0015,57.36,3,TXN-006247,2024-11-03
6248,Priya White,CUST-0281,Resistance Bands,PROD-0043,22.74,2,TXN-006248,2025-12-16
6249,Nikhil Martinez,CUST-0060,Basketball,PROD-0046,39.63,2,TXN-006249,2025-07-29
6250,Reyansh White,CUST-0209,Football,PROD-0045,29.05,2,TXN-006250,2025-04-05
6251,John Kumar,CUST-0295,Bluetooth Headphones,PROD-0002,92.28,3,TXN-006251,2024-05-11
6252,Michael Smith,CUST-0606,Tennis Racket,PROD-0047,61.92,4,TXN-006252,2025-07-02
6253,Rajesh Allen,CUST-0415,Cap,PROD-0019,12.46,2,TXN-006253,2024-09-04
6254,Deepak Jones,CUST-0207,Gym Bag,PROD-0050,52.65,4,TXN-006254,2024-06-04
6255,Lisa Malhotra,CUST-0435,Yoga Mat,PROD-0041,42.7,1,TXN-006255,2024-01-31
6256,Linda Clark,CUST-0589,Tennis Racket,PROD-0047,61.92,2,TXN-006256,2025-01-28
6257,Myra Rao,CUST-0725,Denim Jeans,PROD-0012,82.97,1,TXN-006257,2024-07-12
6258,Ashley Hernandez,CUST-0426,Knife Set,PROD-0025,68.52,2,TXN-006258,2024-05-06
6259,Diya Davis,CUST-0615,Swimming Goggles,PROD-0048,16.81,1,TXN-006259,2025-03-01
6260,Betty Shah,CUST-0424,Cutting Board,PROD-0028,11.96,5,TXN-006260,2024-01-02
6261,Rajesh Rao,CUST-0143,Coffee Maker,PROD-0021,62.05,3,TXN-006261,2024-09-03
6262,Nikhil Bhat,CUST-0285,Denim Jeans,PROD-0012,82.97,3,TXN-006262,2024-02-02
6263,Matthew Martin,CUST-0138,Laptop Stand,PROD-0009,59.55,1,TXN-006263,2025-12-16
6264,Divya Gupta,CUST-0226,Sports Socks (3-pack),PROD-0018,13.94,2,TXN-006264,2025-07-11
6265,Isha Young,CUST-0041,Smartwatch,PROD-0005,158.2,4,TXN-006265,2024-08-01
6266,William Thompson,CUST-0743,Dish Rack,PROD-0029,28.32,5,TXN-006266,2025-07-21
6267,Deepak Brown,CUST-0227,Storage Containers,PROD-0027,35.05,2,TXN-006267,2025-09-24
6268,Sandra Malhotra,CUST-0759,Bluetooth Headphones,PROD-0002,92.28,1,TXN-006268,2025-04-08
6269,Mary Patel,CUST-0630,Smartwatch,PROD-0005,158.2,1,TXN-006269,2025-10-12
6270,Linda Martin,CUST-0312,Sports Socks (3-pack),PROD-0018,13.94,3,TXN-006270,2024-05-03
6271,Priya White,CUST-0281,Cap,PROD-0019,12.46,1,TXN-006271,2024-06-17
6272,William Martin,CUST-0217,Winter Jacket,PROD-0016,125.83,3,TXN-006272,2024-12-24
6273,Nikhil Clark,CUST-0065,Tea Kettle,PROD-0030,40.05,1,TXN-006273,2025-02-08
6274,Diya Thomas,CUST-0370,Cutting Board,PROD-0028,11.96,4,TXN-006274,2024-05-23
6275,Betty White,CUST-0386,Portable Charger,PROD-0004,42.05,1,TXN-006275,2025-01-27
6276,Anthony Kulkarni,CUST-0253,Data Science Handbook,PROD-0032,42.44,3,TXN-006276,2025-01-23
6277,Elizabeth Martinez,CUST-0224,Smartwatch,PROD-0005,158.2,2,TXN-006277,2024-12-31
6278,Myra Anderson,CUST-0753,Dumbbells (Pair),PROD-0042,77.78,1,TXN-006278,2025-09-19
6279,Reyansh Lewis,CUST-0649,Blender,PROD-0022,46.5,1,TXN-006279,2024-06-10
6280,Isha Patel,CUST-0655,Denim Jeans,PROD-0012,82.97,2,TXN-006280,2025-03-25
6281,Kavita Thompson,CUST-0385,Casual Shorts,PROD-0017,29.07,3,TXN-006281,2024-11-01
6282,Sara Jackson,CUST-0623,USB-C Hub,PROD-0003,61.28,1,TXN-006282,2025-07-14
6283,Jennifer Moore,CUST-0332,Wireless Mouse,PROD-0001,45.68,5,TXN-006283,2024-12-08
6284,James Harris,CUST-0352,Smartwatch,PROD-0005,158.2,3,TXN-006284,2024-08-01
6285,Amit Kumar,CUST-0278,Gym Bag,PROD-0050,52.65,1,TXN-006285,2025-11-30
6286,Lucas Patel,CUST-0262,Self-Help Guide,PROD-0036,10.26,1,TXN-006286,2024-05-24
6287,Manoj Sharma,CUST-0185,Business Strategy,PROD-0035,33.11,4,TXN-006287,2024-08-22
6288,Aarav Davis,CUST-0587,Wireless Mouse,PROD-0001,45.68,1,TXN-006288,2024-09-03
6289,Susan Davis,CUST-0240,Smartwatch,PROD-0005,158.2,1,TXN-006289,2025-01-04
6290,Noah Harris,CUST-0283,Knife Set,PROD-0025,68.52,3,TXN-006290,2025-12-13
6291,Pooja Brown,CUST-0086,Non-Stick Pan,PROD-0024,32.73,2,TXN-006291,2024-10-26
6292,Linda Malhotra,CUST-0595,Hoodie,PROD-0013,50.64,1,TXN-006292,2024-04-05
6293,Divya King,CUST-0118,Casual Shorts,PROD-0017,29.07,2,TXN-006293,2025-08-25
6294,Emma Hernandez,CUST-0469,Web Development,PROD-0034,44.41,2,TXN-006294,2025-08-26
6295,Riya Chopra,CUST-0325,Running Shoes,PROD-0014,41.04,1,TXN-006295,2025-12-05
6296,Charles Moore,CUST-0009,Cap,PROD-0019,12.46,1,TXN-006296,2024-11-25
6297,Mason Mehta,CUST-0293,Winter Jacket,PROD-0016,125.83,2,TXN-006297,2025-10-28
6298,Anjali Young,CUST-0446,Cutting Board,PROD-0028,11.96,1,TXN-006298,2024-07-17
6299,Nancy Thomas,CUST-0054,Football,PROD-0045,29.05,2,TXN-006299,2025-01-17
6300,Vihaan Patel,CUST-0515,Portable Charger,PROD-0004,42.05,1,TXN-006300,2025-12-14
6301,Isabella Davis,CUST-0549,Python Programming,PROD-0031,22.63,5,TXN-006301,2024-03-28
6302,Rajesh Kulkarni,CUST-0320,Running Shoes,PROD-0014,41.04,2,TXN-006302,2024-11-28
6303,Suresh Desai,CUST-0095,Smartwatch,PROD-0005,158.2,1,TXN-006303,2025-03-19
6304,Deepak Desai,CUST-0493,Business Strategy,PROD-0035,33.11,2,TXN-006304,2025-10-08
6305,Meena Jones,CUST-0107,Wireless Mouse,PROD-0001,45.68,2,TXN-006305,2025-07-15
6306,Divya Kumar,CUST-0080,Self-Help Guide,PROD-0036,10.26,2,TXN-006306,2024-02-16
6307,Mary Patel,CUST-0630,Resistance Bands,PROD-0043,22.74,2,TXN-006307,2025-06-21
6308,Anthony Thomas,CUST-0328,Cutting Board,PROD-0028,11.96,1,TXN-006308,2024-12-04
6309,Manoj Lopez,CUST-0780,Tea Kettle,PROD-0030,40.05,3,TXN-006309,2025-02-20
6310,Priya Williams,CUST-0658,Self-Help Guide,PROD-0036,10.26,2,TXN-006310,2024-01-03
6311,Nikhil Sharma,CUST-0147,Cutting Board,PROD-0028,11.96,3,TXN-006311,2025-11-03
6312,Rajesh Martinez,CUST-0203,Winter Jacket,PROD-0016,125.83,4,TXN-006312,2024-03-14
6313,Rahul Smith,CUST-0382,Casual Shorts,PROD-0017,29.07,1,TXN-006313,2024-07-19
6314,Rahul Brown,CUST-0013,Water Bottle,PROD-0026,17.56,1,TXN-006314,2024-07-08
6315,Sandra Miller,CUST-0200,Portable Charger,PROD-0004,42.05,1,TXN-006315,2025-05-29
6316,Aanya Lewis,CUST-0443,Blender,PROD-0022,46.5,5,TXN-006316,2025-12-08
6317,Amit Robinson,CUST-0344,Football,PROD-0045,29.05,1,TXN-006317,2024-11-30
6318,Oliver Johnson,CUST-0142,Cotton T-Shirt,PROD-0011,30.65,1,TXN-006318,2024-04-07
6319,Suresh Shah,CUST-0099,Cap,PROD-0019,12.46,3,TXN-006319,2024-01-28
6320,Swati Gupta,CUST-0414,Storage Containers,PROD-0027,35.05,2,TXN-006320,2024-04-15
6321,Charles Kumar,CUST-0323,Smartwatch,PROD-0005,158.2,1,TXN-006321,2025-08-25
6322,Diya Garcia,CUST-0580,External SSD 1TB,PROD-0010,77.83,1,TXN-006322,2025-02-15
6323,Lisa Malhotra,CUST-0435,Winter Jacket,PROD-0016,125.83,1,TXN-006323,2025-06-15
6324,Nancy Bhat,CUST-0145,Laptop Stand,PROD-0009,59.55,1,TXN-006324,2024-05-19
6325,Nikhil Bhat,CUST-0285,USB-C Hub,PROD-0003,61.28,1,TXN-006325,2024-11-23
6326,Sara Rodriguez,CUST-0238,History of AI,PROD-0038,15.71,1,TXN-006326,2025-11-11
6327,Neha Taylor,CUST-0181,Portable Charger,PROD-0004,42.05,1,TXN-006327,2024-05-23
6328,Riya Jackson,CUST-0671,Bluetooth Headphones,PROD-0002,92.28,1,TXN-006328,2025-11-10
6329,Daniel Singh,CUST-0757,Travel Guide,PROD-0040,22.38,3,TXN-006329,2024-03-18
6330,Mary Kulkarni,CUST-0117,Cycling Gloves,PROD-0049,31.15,1,TXN-006330,2025-07-01
6331,Robert Verma,CUST-0315,Running Shoes,PROD-0014,41.04,1,TXN-006331,2024-04-13
6332,Nikhil Verma,CUST-0198,Formal Shirt,PROD-0015,57.36,2,TXN-006332,2025-01-07
6333,Matthew Iyer,CUST-0186,Web Development,PROD-0034,44.41,1,TXN-006333,2024-04-29
6334,Meena Anderson,CUST-0220,Cotton T-Shirt,PROD-0011,30.65,1,TXN-006334,2025-09-04
6335,Rahul Brown,CUST-0261,Blender,PROD-0022,46.5,3,TXN-006335,2025-02-25
6336,Reyansh Joshi,CUST-0696,Cap,PROD-0019,12.46,1,TXN-006336,2024-08-09
6337,Linda Martin,CUST-0312,Denim Jeans,PROD-0012,82.97,2,TXN-006337,2024-11-01
6338,Charlotte Bhat,CUST-0792,Scarf,PROD-0020,33.28,2,TXN-006338,2025-03-14
6339,Aarav King,CUST-0006,Denim Jeans,PROD-0012,82.97,1,TXN-006339,2025-06-08
6340,Aanya Singh,CUST-0441,Cutting Board,PROD-0028,11.96,1,TXN-006340,2024-06-27
6341,Matthew King,CUST-0764,Portable Charger,PROD-0004,42.05,3,TXN-006341,2025-08-20
6342,Sarah Thomas,CUST-0366,Winter Jacket,PROD-0016,125.83,2,TXN-006342,2025-04-09
6343,Aadhya Sharma,CUST-0652,Resistance Bands,PROD-0043,22.74,2,TXN-006343,2024-09-05
6344,Neha Rodriguez,CUST-0284,Resistance Bands,PROD-0043,22.74,2,TXN-006344,2025-10-14
6345,Isha Pillai,CUST-0641,Non-Stick Pan,PROD-0024,32.73,1,TXN-006345,2025-04-28
6346,Sara Rodriguez,CUST-0238,Toaster,PROD-0023,31.12,2,TXN-006346,2024-04-04
6347,Swati Malhotra,CUST-0343,Football,PROD-0045,29.05,1,TXN-006347,2025-01-27
6348,Swati Gupta,CUST-0414,Non-Stick Pan,PROD-0024,32.73,3,TXN-006348,2025-07-30
6349,Nisha Thomas,CUST-0068,Sports Socks (3-pack),PROD-0018,13.94,2,TXN-006349,2025-02-03
6350,Ashley Rao,CUST-0162,Non-Stick Pan,PROD-0024,32.73,3,TXN-006350,2025-10-16
6351,Thomas Johnson,CUST-0524,Portable Charger,PROD-0004,42.05,2,TXN-006351,2025-03-02
6352,Manoj Desai,CUST-0427,Scarf,PROD-0020,33.28,1,TXN-006352,2025-04-29
6353,Margaret Martin,CUST-0379,Formal Shirt,PROD-0015,57.36,1,TXN-006353,2025-08-18
6354,Diya Jones,CUST-0715,Non-Stick Pan,PROD-0024,32.73,1,TXN-006354,2025-03-28
6355,David Wright,CUST-0797,Sports Socks (3-pack),PROD-0018,13.94,4,TXN-006355,2025-02-07
6356,Jessica Martinez,CUST-0445,Tennis Racket,PROD-0047,61.92,1,TXN-006356,2024-08-26
6357,Rahul Verma,CUST-0347,Running Shoes,PROD-0014,41.04,2,TXN-006357,2025-12-16
6358,Suresh Bhat,CUST-0706,Football,PROD-0045,29.05,4,TXN-006358,2024-05-10
6359,Margaret Young,CUST-0781,Yoga Mat,PROD-0041,42.7,4,TXN-006359,2025-08-13
6360,Swati Gupta,CUST-0565,Blender,PROD-0022,46.5,3,TXN-006360,2024-06-06
6361,Ananya Thompson,CUST-0297,Hoodie,PROD-0013,50.64,4,TXN-006361,2025-12-25
6362,Aditya Thompson,CUST-0774,Knife Set,PROD-0025,68.52,2,TXN-006362,2025-08-29
6363,Nikhil Thompson,CUST-0155,Scarf,PROD-0020,33.28,1,TXN-006363,2025-05-01
6364,Margaret Reddy,CUST-0084,Cotton T-Shirt,PROD-0011,30.65,2,TXN-006364,2025-10-22
6365,Diya Jones,CUST-0715,Storage Containers,PROD-0027,35.05,5,TXN-006365,2025-10-02
6366,Charlotte Singh,CUST-0561,Formal Shirt,PROD-0015,57.36,1,TXN-006366,2024-08-05
6367,Riya Wright,CUST-0676,Cap,PROD-0019,12.46,2,TXN-006367,2024-12-02
6368,Manoj Joshi,CUST-0513,Swimming Goggles,PROD-0048,16.81,2,TXN-006368,2025-11-15
6369,Isabella Rao,CUST-0592,Bluetooth Headphones,PROD-0002,92.28,2,TXN-006369,2024-04-13
6370,Sunita Gupta,CUST-0403,Tennis Racket,PROD-0047,61.92,2,TXN-006370,2024-10-30
6371,Diya Garcia,CUST-0580,Python Programming,PROD-0031,22.63,2,TXN-006371,2024-08-30
6372,Pooja Chopra,CUST-0631,Cookbook,PROD-0039,22.32,3,TXN-006372,2025-07-13
6373,John Lopez,CUST-0674,Smartwatch,PROD-0005,158.2,2,TXN-006373,2024-12-28
6374,John Pillai,CUST-0230,Jump Rope,PROD-0044,18.67,4,TXN-006374,2024-03-26
6375,Divya Wright,CUST-0104,Water Bottle,PROD-0026,17.56,4,TXN-006375,2025-06-11
6376,Priya Taylor,CUST-0672,Hoodie,PROD-0013,50.64,2,TXN-006376,2024-03-31
6377,Aarav White,CUST-0030,Winter Jacket,PROD-0016,125.83,1,TXN-006377,2024-08-01
6378,Reyansh King,CUST-0486,Laptop Stand,PROD-0009,59.55,1,TXN-006378,2025-04-27
6379,Meena Martin,CUST-0708,Cotton T-Shirt,PROD-0011,30.65,3,TXN-006379,2024-01-05
6380,Riya Harris,CUST-0098,Sports Socks (3-pack),PROD-0018,13.94,2,TXN-006380,2025-03-09
6381,Manoj Garcia,CUST-0494,Self-Help Guide,PROD-0036,10.26,4,TXN-006381,2024-01-20
6382,Sunita Malhotra,CUST-0570,Laptop Stand,PROD-0009,59.55,1,TXN-006382,2024-10-08
6383,Rahul Bhat,CUST-0588,Running Shoes,PROD-0014,41.04,1,TXN-006383,2024-05-05
6384,Mason Mehta,CUST-0293,Water Bottle,PROD-0026,17.56,3,TXN-006384,2025-08-29
6385,Ishaan Young,CUST-0787,Scarf,PROD-0020,33.28,3,TXN-006385,2025-03-28
6386,Mary Clark,CUST-0407,Denim Jeans,PROD-0012,82.97,1,TXN-006386,2024-10-11
6387,Reyansh Martin,CUST-0148,Swimming Goggles,PROD-0048,16.81,2,TXN-006387,2025-10-10
6388,Priya Anderson,CUST-0169,Knife Set,PROD-0025,68.52,3,TXN-006388,2024-10-30
6389,Sneha Taylor,CUST-0353,Cycling Gloves,PROD-0049,31.15,2,TXN-006389,2024-07-14
6390,Neha Moore,CUST-0613,Keyboard Mechanical,PROD-0007,97.82,2,TXN-006390,2025-08-22
6391,Mia Thomas,CUST-0603,Yoga Mat,PROD-0041,42.7,4,TXN-006391,2024-01-12
6392,Mason Rao,CUST-0221,Water Bottle,PROD-0026,17.56,3,TXN-006392,2024-09-25
6393,Mark Mehta,CUST-0518,Resistance Bands,PROD-0043,22.74,1,TXN-006393,2025-11-14
6394,Vihaan Jones,CUST-0113,Denim Jeans,PROD-0012,82.97,2,TXN-006394,2025-12-20
6395,Margaret Garcia,CUST-0393,Basketball,PROD-0046,39.63,1,TXN-006395,2025-04-16
6396,Vikram Davis,CUST-0091,Travel Guide,PROD-0040,22.38,2,TXN-006396,2025-11-19
6397,Aarav Young,CUST-0027,Storage Containers,PROD-0027,35.05,2,TXN-006397,2025-07-17
6398,John Pillai,CUST-0230,Running Shoes,PROD-0014,41.04,1,TXN-006398,2025-09-06
6399,Lisa Nair,CUST-0114,USB-C Hub,PROD-0003,61.28,1,TXN-006399,2025-02-02
6400,Elizabeth Miller,CUST-0111,Cotton T-Shirt,PROD-0011,30.65,1,TXN-006400,2025-08-07
6401,Neha Brown,CUST-0029,Monitor Stand,PROD-0008,53.18,2,TXN-006401,2024-09-09
6402,Diya Young,CUST-0582,Cookbook,PROD-0039,22.32,1,TXN-006402,2025-08-22
6403,Pooja Walker,CUST-0035,Cycling Gloves,PROD-0049,31.15,3,TXN-006403,2024-07-18
6404,John Wright,CUST-0232,Formal Shirt,PROD-0015,57.36,1,TXN-006404,2024-10-05
6405,Mason Rao,CUST-0221,Python Programming,PROD-0031,22.63,4,TXN-006405,2025-03-05
6406,Manoj Garcia,CUST-0494,Resistance Bands,PROD-0043,22.74,3,TXN-006406,2025-12-03
6407,Priya White,CUST-0281,Business Strategy,PROD-0035,33.11,3,TXN-006407,2024-10-15
6408,Sunita Kumar,CUST-0047,Fiction Novel,PROD-0037,12.83,2,TXN-006408,2025-12-08
6409,Sai Davis,CUST-0272,Webcam HD,PROD-0006,72.22,3,TXN-006409,2024-03-13
6410,Jessica Martinez,CUST-0445,Data Science Handbook,PROD-0032,42.44,2,TXN-006410,2024-02-08
6411,Richard Verma,CUST-0076,Casual Shorts,PROD-0017,29.07,4,TXN-006411,2024-04-03
6412,Meena Jones,CUST-0107,Water Bottle,PROD-0026,17.56,1,TXN-006412,2024-10-16
6413,Patricia Reddy,CUST-0593,Dumbbells (Pair),PROD-0042,77.78,3,TXN-006413,2025-11-09
6414,John Lopez,CUST-0674,Webcam HD,PROD-0006,72.22,3,TXN-006414,2024-02-18
6415,Rajesh Kulkarni,CUST-0320,Dumbbells (Pair),PROD-0042,77.78,4,TXN-006415,2024-06-14
6416,Margaret Pillai,CUST-0040,External SSD 1TB,PROD-0010,77.83,2,TXN-006416,2025-03-03
6417,Charles Harris,CUST-0428,Monitor Stand,PROD-0008,53.18,2,TXN-006417,2025-07-11
6418,Sandra White,CUST-0034,Swimming Goggles,PROD-0048,16.81,5,TXN-006418,2025-09-27
6419,Pari Robinson,CUST-0617,USB-C Hub,PROD-0003,61.28,1,TXN-006419,2024-05-27
6420,Vihaan Malhotra,CUST-0125,Gym Bag,PROD-0050,52.65,1,TXN-006420,2025-05-28
6421,James Walker,CUST-0761,Blender,PROD-0022,46.5,1,TXN-006421,2024-09-24
6422,Karan Robinson,CUST-0160,Portable Charger,PROD-0004,42.05,1,TXN-006422,2024-07-21
6423,Sunita Bhat,CUST-0077,Cutting Board,PROD-0028,11.96,1,TXN-006423,2025-05-04
6424,Diya Garcia,CUST-0580,Resistance Bands,PROD-0043,22.74,1,TXN-006424,2025-08-28
6425,Rahul Allen,CUST-0103,Running Shoes,PROD-0014,41.04,4,TXN-006425,2025-01-26
6426,Charlotte Jackson,CUST-0061,Webcam HD,PROD-0006,72.22,1,TXN-006426,2025-05-07
6427,Mason Young,CUST-0102,Football,PROD-0045,29.05,4,TXN-006427,2025-05-22
6428,Aditya Allen,CUST-0119,Running Shoes,PROD-0014,41.04,4,TXN-006428,2025-12-23
6429,Sandra Martin,CUST-0101,History of AI,PROD-0038,15.71,2,TXN-006429,2024-01-17
6430,Matthew Rodriguez,CUST-0139,Scarf,PROD-0020,33.28,4,TXN-006430,2025-11-16
6431,Ashley Miller,CUST-0005,Cotton T-Shirt,PROD-0011,30.65,5,TXN-006431,2025-06-17
6432,Thomas Moore,CUST-0569,Dumbbells (Pair),PROD-0042,77.78,1,TXN-006432,2024-04-04
6433,Linda Mehta,CUST-0123,Laptop Stand,PROD-0009,59.55,3,TXN-006433,2025-04-15
6434,Riya Patel,CUST-0648,Scarf,PROD-0020,33.28,1,TXN-006434,2025-05-11
6435,Riya White,CUST-0714,Smartwatch,PROD-0005,158.2,3,TXN-006435,2025-09-14
6436,Nisha Thompson,CUST-0219,Cutting Board,PROD-0028,11.96,2,TXN-006436,2025-06-06
6437,James Young,CUST-0378,Data Science Handbook,PROD-0032,42.44,1,TXN-006437,2025-03-14
6438,Neha Kumar,CUST-0193,Cookbook,PROD-0039,22.32,1,TXN-006438,2025-07-21
6439,Nisha Shah,CUST-0082,USB-C Hub,PROD-0003,61.28,4,TXN-006439,2025-05-26
6440,Rohit Brown,CUST-0309,Travel Guide,PROD-0040,22.38,5,TXN-006440,2025-11-04
6441,Emma Desai,CUST-0389,Monitor Stand,PROD-0008,53.18,3,TXN-006441,2024-10-20
6442,Mary Reddy,CUST-0174,Winter Jacket,PROD-0016,125.83,2,TXN-006442,2024-05-01
6443,James Clark,CUST-0357,Cap,PROD-0019,12.46,4,TXN-006443,2024-03-18
6444,Mark Brown,CUST-0728,Winter Jacket,PROD-0016,125.83,1,TXN-006444,2024-12-09
6445,Elizabeth Martinez,CUST-0224,Blender,PROD-0022,46.5,1,TXN-006445,2025-09-03
6446,Mason Williams,CUST-0680,Cutting Board,PROD-0028,11.96,5,TXN-006446,2024-07-08
6447,Noah Malhotra,CUST-0398,Smartwatch,PROD-0005,158.2,2,TXN-006447,2024-09-16
6448,Sneha Taylor,CUST-0353,Blender,PROD-0022,46.5,1,TXN-006448,2024-11-26
6449,Diya Rao,CUST-0180,Cycling Gloves,PROD-0049,31.15,2,TXN-006449,2024-11-15
6450,Sunita Bhat,CUST-0077,Wireless Mouse,PROD-0001,45.68,1,TXN-006450,2025-01-07
6451,Daniel Thomas,CUST-0290,Data Science Handbook,PROD-0032,42.44,3,TXN-006451,2024-03-07
6452,Myra Rao,CUST-0725,Tea Kettle,PROD-0030,40.05,2,TXN-006452,2025-09-03
6453,Charlotte White,CUST-0722,Travel Guide,PROD-0040,22.38,1,TXN-006453,2025-06-22
6454,Robert Hernandez,CUST-0368,Cutting Board,PROD-0028,11.96,1,TXN-006454,2024-10-16
6455,Nikhil Bhat,CUST-0519,Fiction Novel,PROD-0037,12.83,5,TXN-006455,2025-09-04
6456,Deepak Brown,CUST-0227,Portable Charger,PROD-0004,42.05,1,TXN-006456,2024-04-18
6457,Michael Smith,CUST-0606,Yoga Mat,PROD-0041,42.7,3,TXN-006457,2024-12-14
6458,Margaret Rodriguez,CUST-0444,Dish Rack,PROD-0029,28.32,1,TXN-006458,2025-11-10
6459,Emma Young,CUST-0412,Running Shoes,PROD-0014,41.04,1,TXN-006459,2025-05-31
6460,Patricia Wright,CUST-0304,External SSD 1TB,PROD-0010,77.83,4,TXN-006460,2024-07-07
6461,Pari Thomas,CUST-0460,Yoga Mat,PROD-0041,42.7,3,TXN-006461,2025-04-11
6462,Karan Robinson,CUST-0160,Knife Set,PROD-0025,68.52,2,TXN-006462,2025-10-31
6463,Amit Clark,CUST-0371,Water Bottle,PROD-0026,17.56,1,TXN-006463,2024-09-22
6464,Patricia Martin,CUST-0392,Wireless Mouse,PROD-0001,45.68,2,TXN-006464,2025-11-10
6465,Reyansh Lewis,CUST-0044,Webcam HD,PROD-0006,72.22,1,TXN-006465,2025-10-31
6466,Betty Martinez,CUST-0282,Monitor Stand,PROD-0008,53.18,3,TXN-006466,2024-01-06
6467,Susan Brown,CUST-0388,Machine Learning Guide,PROD-0033,42.63,2,TXN-006467,2025-03-07
6468,Manoj Sharma,CUST-0185,Casual Shorts,PROD-0017,29.07,1,TXN-006468,2025-12-18
6469,Mary White,CUST-0525,Dish Rack,PROD-0029,28.32,3,TXN-006469,2024-04-15
6470,Aarav King,CUST-0006,Wireless Mouse,PROD-0001,45.68,5,TXN-006470,2025-02-25
6471,John Walker,CUST-0419,Business Strategy,PROD-0035,33.11,2,TXN-006471,2025-11-19
6472,Rohit Wright,CUST-0279,Cycling Gloves,PROD-0049,31.15,1,TXN-006472,2024-05-18
6473,Vikram Bhat,CUST-0550,External SSD 1TB,PROD-0010,77.83,1,TXN-006473,2025-02-21
6474,Oliver Gupta,CUST-0173,Hoodie,PROD-0013,50.64,2,TXN-006474,2024-04-23
6475,Vihaan Malhotra,CUST-0125,Toaster,PROD-0023,31.12,4,TXN-006475,2025-11-06
6476,Betty Rodriguez,CUST-0166,Laptop Stand,PROD-0009,59.55,1,TXN-006476,2025-07-19
6477,Reyansh Iyer,CUST-0152,Denim Jeans,PROD-0012,82.97,1,TXN-006477,2024-06-07
6478,Patricia Walker,CUST-0291,Wireless Mouse,PROD-0001,45.68,2,TXN-006478,2025-04-27
6479,Sai Desai,CUST-0335,External SSD 1TB,PROD-0010,77.83,2,TXN-006479,2025-01-01
6480,Ishaan Taylor,CUST-0621,History of AI,PROD-0038,15.71,2,TXN-006480,2024-02-02
6481,Sara Lewis,CUST-0002,Sports Socks (3-pack),PROD-0018,13.94,1,TXN-006481,2025-07-21
6482,Amit Lopez,CUST-0275,Dish Rack,PROD-0029,28.32,2,TXN-006482,2024-04-28
6483,Aanya Clark,CUST-0234,Non-Stick Pan,PROD-0024,32.73,4,TXN-006483,2024-04-14
6484,Charlotte White,CUST-0722,Monitor Stand,PROD-0008,53.18,4,TXN-006484,2024-12-21
6485,Suresh Lee,CUST-0684,Bluetooth Headphones,PROD-0002,92.28,3,TXN-006485,2024-11-17
6486,Swati Williams,CUST-0199,Coffee Maker,PROD-0021,62.05,5,TXN-006486,2025-03-29
6487,Thomas Johnson,CUST-0150,Cotton T-Shirt,PROD-0011,30.65,3,TXN-006487,2025-06-27
6488,Michael Moore,CUST-0607,Laptop Stand,PROD-0009,59.55,4,TXN-006488,2024-01-08
6489,Krishna Moore,CUST-0448,Cap,PROD-0019,12.46,1,TXN-006489,2025-12-18
6490,David Malhotra,CUST-0681,Non-Stick Pan,PROD-0024,32.73,5,TXN-006490,2025-07-23
6491,Daniel Miller,CUST-0042,Cookbook,PROD-0039,22.32,3,TXN-006491,2025-06-20
6492,Myra Smith,CUST-0247,Bluetooth Headphones,PROD-0002,92.28,1,TXN-006492,2025-07-07
6493,James Kulkarni,CUST-0018,Smartwatch,PROD-0005,158.2,1,TXN-006493,2024-11-03
6494,Divya Rodriguez,CUST-0105,Travel Guide,PROD-0040,22.38,1,TXN-006494,2025-12-30
6495,Manoj Reddy,CUST-0338,Winter Jacket,PROD-0016,125.83,1,TXN-006495,2025-09-19
6496,Joseph Patel,CUST-0341,Cycling Gloves,PROD-0049,31.15,1,TXN-006496,2025-06-06
6497,Manoj Lopez,CUST-0780,Keyboard Mechanical,PROD-0007,97.82,4,TXN-006497,2024-09-25
6498,John Kumar,CUST-0295,Python Programming,PROD-0031,22.63,2,TXN-006498,2025-04-10
6499,John Kumar,CUST-0295,Tennis Racket,PROD-0047,61.92,4,TXN-006499,2024-05-11
6500,Matthew Mehta,CUST-0564,USB-C Hub,PROD-0003,61.28,1,TXN-006500,2025-10-18
6501,William Johnson,CUST-0523,Jump Rope,PROD-0044,18.67,2,TXN-006501,2025-09-16
6502,Charles Patel,CUST-0229,Bluetooth Headphones,PROD-0002,92.28,1,TXN-006502,2024-12-18
6503,Swati Pillai,CUST-0510,Self-Help Guide,PROD-0036,10.26,2,TXN-006503,2024-01-26
6504,Ashley Jones,CUST-0690,Formal Shirt,PROD-0015,57.36,2,TXN-006504,2025-08-22
6505,Charlotte Bhat,CUST-0792,Monitor Stand,PROD-0008,53.18,2,TXN-006505,2024-04-09
6506,Jennifer Singh,CUST-0228,Resistance Bands,PROD-0043,22.74,2,TXN-006506,2025-03-31
6507,Manoj Verma,CUST-0257,Winter Jacket,PROD-0016,125.83,3,TXN-006507,2025-02-16
6508,Ananya Lee,CUST-0611,Fiction Novel,PROD-0037,12.83,1,TXN-006508,2024-12-05
6509,Amit Wright,CUST-0566,Coffee Maker,PROD-0021,62.05,5,TXN-006509,2025-05-19
6510,Rahul Smith,CUST-0382,History of AI,PROD-0038,15.71,2,TXN-006510,2025-12-15
6511,Ishaan Young,CUST-0787,Bluetooth Headphones,PROD-0002,92.28,2,TXN-006511,2024-10-11
6512,Sandra Martinez,CUST-0192,Fiction Novel,PROD-0037,12.83,4,TXN-006512,2024-01-01
6513,Susan Davis,CUST-0430,Cookbook,PROD-0039,22.32,5,TXN-006513,2025-08-03
6514,Susan Brown,CUST-0653,Portable Charger,PROD-0004,42.05,2,TXN-006514,2025-01-02
6515,Nisha Clark,CUST-0157,Web Development,PROD-0034,44.41,2,TXN-006515,2025-07-10
6516,Sandra Rodriguez,CUST-0440,Wireless Mouse,PROD-0001,45.68,1,TXN-006516,2024-02-19
6517,Noah Malhotra,CUST-0398,Blender,PROD-0022,46.5,2,TXN-006517,2024-09-03
6518,Susan Davis,CUST-0240,Dish Rack,PROD-0029,28.32,3,TXN-006518,2025-01-15
6519,Sunita Martinez,CUST-0455,USB-C Hub,PROD-0003,61.28,1,TXN-006519,2024-11-21
6520,Reyansh Martin,CUST-0148,Dish Rack,PROD-0029,28.32,2,TXN-006520,2024-08-16
6521,Patricia Chopra,CUST-0429,Resistance Bands,PROD-0043,22.74,2,TXN-006521,2024-11-02
6522,Mia Chopra,CUST-0602,Self-Help Guide,PROD-0036,10.26,1,TXN-006522,2025-01-01
6523,Divya Gupta,CUST-0226,Yoga Mat,PROD-0041,42.7,1,TXN-006523,2024-10-14
6524,Sandra Miller,CUST-0200,Python Programming,PROD-0031,22.63,3,TXN-006524,2025-09-22
6525,Sai Garcia,CUST-0629,Cotton T-Shirt,PROD-0011,30.65,2,TXN-006525,2025-02-11
6526,Myra Thomas,CUST-0303,Sports Socks (3-pack),PROD-0018,13.94,1,TXN-006526,2025-05-25
6527,Manoj Sharma,CUST-0185,Coffee Maker,PROD-0021,62.05,3,TXN-006527,2024-01-10
6528,Sara Lewis,CUST-0545,Cap,PROD-0019,12.46,2,TXN-006528,2024-09-03
6529,Priya Smith,CUST-0762,External SSD 1TB,PROD-0010,77.83,4,TXN-006529,2024-06-27
6530,Vivaan Menon,CUST-0218,Scarf,PROD-0020,33.28,2,TXN-006530,2024-02-02
6531,Priya White,CUST-0281,Webcam HD,PROD-0006,72.22,2,TXN-006531,2024-05-09
6532,Linda Pillai,CUST-0316,Monitor Stand,PROD-0008,53.18,3,TXN-006532,2024-12-16
6533,Anthony Kulkarni,CUST-0253,Water Bottle,PROD-0026,17.56,2,TXN-006533,2024-12-01
6534,Sarah Garcia,CUST-0548,Blender,PROD-0022,46.5,1,TXN-006534,2024-10-15
6535,Myra Nair,CUST-0599,Bluetooth Headphones,PROD-0002,92.28,1,TXN-006535,2025-05-25
6536,Ayaan Bhat,CUST-0577,Knife Set,PROD-0025,68.52,1,TXN-006536,2024-10-11
6537,Priya Anderson,CUST-0169,Non-Stick Pan,PROD-0024,32.73,2,TXN-006537,2024-09-01
6538,Sara Taylor,CUST-0782,Running Shoes,PROD-0014,41.04,1,TXN-006538,2024-05-27
6539,Anjali Joshi,CUST-0636,Blender,PROD-0022,46.5,2,TXN-006539,2024-10-25
6540,Robert Hernandez,CUST-0368,Denim Jeans,PROD-0012,82.97,4,TXN-006540,2024-03-25
6541,Aditya Williams,CUST-0330,Yoga Mat,PROD-0041,42.7,2,TXN-006541,2024-05-22
6542,Emma Thompson,CUST-0538,Knife Set,PROD-0025,68.52,1,TXN-006542,2024-10-13
6543,Michael Rao,CUST-0021,Laptop Stand,PROD-0009,59.55,2,TXN-006543,2025-02-05
6544,Richard Gupta,CUST-0189,Football,PROD-0045,29.05,2,TXN-006544,2024-04-02
6545,Ashley Davis,CUST-0454,Cotton T-Shirt,PROD-0011,30.65,1,TXN-006545,2024-10-29
6546,Nisha Lee,CUST-0161,Cookbook,PROD-0039,22.32,1,TXN-006546,2024-05-14
6547,Anthony Joshi,CUST-0028,Scarf,PROD-0020,33.28,1,TXN-006547,2025-04-20
6548,Nikhil Lopez,CUST-0555,Gym Bag,PROD-0050,52.65,1,TXN-006548,2024-05-02
6549,Robert Hernandez,CUST-0368,Jump Rope,PROD-0044,18.67,1,TXN-006549,2024-06-29
6550,Manoj Martin,CUST-0416,Knife Set,PROD-0025,68.52,2,TXN-006550,2025-05-01
6551,Aarav King,CUST-0006,Water Bottle,PROD-0026,17.56,1,TXN-006551,2024-05-09
6552,Ishaan Rodriguez,CUST-0364,Cycling Gloves,PROD-0049,31.15,1,TXN-006552,2024-08-08
6553,Vihaan Malhotra,CUST-0125,Formal Shirt,PROD-0015,57.36,2,TXN-006553,2025-05-27
6554,Sunita Kumar,CUST-0047,Scarf,PROD-0020,33.28,2,TXN-006554,2025-01-01
6555,Myra Williams,CUST-0008,Denim Jeans,PROD-0012,82.97,1,TXN-006555,2025-03-04
6556,Riya Harris,CUST-0098,Resistance Bands,PROD-0043,22.74,2,TXN-006556,2024-04-18
6557,Myra Sharma,CUST-0591,Winter Jacket,PROD-0016,125.83,2,TXN-006557,2024-08-04
6558,Betty Thomas,CUST-0383,Travel Guide,PROD-0040,22.38,1,TXN-006558,2025-09-10
6559,Sai Rao,CUST-0499,Webcam HD,PROD-0006,72.22,2,TXN-006559,2024-01-03
6560,Nikhil Martinez,CUST-0060,Dumbbells (Pair),PROD-0042,77.78,1,TXN-006560,2025-12-26
6561,Riya Kumar,CUST-0596,Dumbbells (Pair),PROD-0042,77.78,1,TXN-006561,2024-04-11
6562,Betty White,CUST-0386,External SSD 1TB,PROD-0010,77.83,1,TXN-006562,2024-12-14
6563,Betty White,CUST-0386,Basketball,PROD-0046,39.63,3,TXN-006563,2024-10-14
6564,Charlotte Thompson,CUST-0717,Data Science Handbook,PROD-0032,42.44,1,TXN-006564,2025-01-12
6565,Richard Jackson,CUST-0363,Cookbook,PROD-0039,22.32,1,TXN-006565,2025-04-05
6566,Meena Jones,CUST-0594,Travel Guide,PROD-0040,22.38,3,TXN-006566,2024-05-26
6567,Riya Nair,CUST-0233,Wireless Mouse,PROD-0001,45.68,1,TXN-006567,2024-12-18
6568,Sara Anderson,CUST-0745,Running Shoes,PROD-0014,41.04,1,TXN-006568,2024-08-27
6569,Sai Walker,CUST-0085,Knife Set,PROD-0025,68.52,2,TXN-006569,2025-04-24
6570,Jennifer Malhotra,CUST-0477,Business Strategy,PROD-0035,33.11,3,TXN-006570,2024-10-18
6571,Betty Brown,CUST-0340,Knife Set,PROD-0025,68.52,1,TXN-006571,2024-10-21
6572,Aadhya Miller,CUST-0251,Dish Rack,PROD-0029,28.32,1,TXN-006572,2024-05-01
6573,Mary Patel,CUST-0630,Cap,PROD-0019,12.46,4,TXN-006573,2024-12-27
6574,Ananya Lopez,CUST-0201,Jump Rope,PROD-0044,18.67,2,TXN-006574,2024-04-16
6575,Lucas Davis,CUST-0083,Resistance Bands,PROD-0043,22.74,2,TXN-006575,2025-05-25
6576,Kavita King,CUST-0439,Storage Containers,PROD-0027,35.05,3,TXN-006576,2024-12-14
6577,Nikhil Martinez,CUST-0060,Toaster,PROD-0023,31.12,1,TXN-006577,2025-04-27
6578,Robert Jackson,CUST-0664,Cycling Gloves,PROD-0049,31.15,2,TXN-006578,2024-05-08
6579,Anthony Joshi,CUST-0028,Fiction Novel,PROD-0037,12.83,1,TXN-006579,2024-03-29
6580,Neha Iyer,CUST-0718,Dumbbells (Pair),PROD-0042,77.78,1,TXN-006580,2025-07-14
6581,Lucas Gupta,CUST-0057,Storage Containers,PROD-0027,35.05,2,TXN-006581,2025-10-01
6582,Anthony Menon,CUST-0062,External SSD 1TB,PROD-0010,77.83,1,TXN-006582,2024-03-11
6583,Swati Verma,CUST-0692,Monitor Stand,PROD-0008,53.18,1,TXN-006583,2025-10-03
6584,Charlotte Singh,CUST-0561,Jump Rope,PROD-0044,18.67,4,TXN-006584,2024-01-25
6585,James Mehta,CUST-0396,Yoga Mat,PROD-0041,42.7,3,TXN-006585,2025-10-09
6586,Mia Brown,CUST-0438,Running Shoes,PROD-0014,41.04,1,TXN-006586,2024-05-18
6587,Nikhil Thompson,CUST-0155,Hoodie,PROD-0013,50.64,2,TXN-006587,2024-05-06
6588,Lucas Jones,CUST-0553,Toaster,PROD-0023,31.12,2,TXN-006588,2024-03-14
6589,Oliver Johnson,CUST-0142,Knife Set,PROD-0025,68.52,3,TXN-006589,2025-06-13
6590,Vikram Bhat,CUST-0738,Cap,PROD-0019,12.46,2,TXN-006590,2025-01-11
6591,Noah White,CUST-0425,Formal Shirt,PROD-0015,57.36,4,TXN-006591,2024-03-26
6592,Pooja Brown,CUST-0086,Cap,PROD-0019,12.46,3,TXN-006592,2025-09-12
6593,Rajesh Kulkarni,CUST-0320,Hoodie,PROD-0013,50.64,1,TXN-006593,2024-01-30
6594,Joseph Garcia,CUST-0765,Winter Jacket,PROD-0016,125.83,2,TXN-006594,2024-12-10
6595,Charlotte Bhat,CUST-0792,Winter Jacket,PROD-0016,125.83,2,TXN-006595,2025-07-04
6596,Manoj Lee,CUST-0579,Football,PROD-0045,29.05,1,TXN-006596,2024-09-06
6597,Richard Menon,CUST-0720,Football,PROD-0045,29.05,1,TXN-006597,2024-05-26
6598,Aanya Chopra,CUST-0266,Cutting Board,PROD-0028,11.96,1,TXN-006598,2025-11-05
6599,Mary Smith,CUST-0642,Machine Learning Guide,PROD-0033,42.63,4,TXN-006599,2025-01-24
6600,Anthony Lewis,CUST-0628,Running Shoes,PROD-0014,41.04,1,TXN-006600,2025-05-05
6601,Aditya Thompson,CUST-0774,Business Strategy,PROD-0035,33.11,3,TXN-006601,2024-04-15
6602,Noah Pillai,CUST-0503,Resistance Bands,PROD-0043,22.74,2,TXN-006602,2025-11-30
6603,Liam Clark,CUST-0509,Storage Containers,PROD-0027,35.05,1,TXN-006603,2024-03-14
6604,Neha Lewis,CUST-0350,Running Shoes,PROD-0014,41.04,4,TXN-006604,2024-05-22
6605,Sarah Williams,CUST-0043,Keyboard Mechanical,PROD-0007,97.82,1,TXN-006605,2024-10-08
6606,Suresh Lee,CUST-0684,Bluetooth Headphones,PROD-0002,92.28,3,TXN-006606,2024-12-27
6607,Sophia Thompson,CUST-0168,Football,PROD-0045,29.05,2,TXN-006607,2024-10-26
6608,Richard Gupta,CUST-0189,Cutting Board,PROD-0028,11.96,2,TXN-006608,2024-08-13
6609,James Young,CUST-0378,Smartwatch,PROD-0005,158.2,3,TXN-006609,2025-05-14
6610,Rohit Robinson,CUST-0188,Sports Socks (3-pack),PROD-0018,13.94,1,TXN-006610,2024-12-19
6611,Divya Gupta,CUST-0226,Winter Jacket,PROD-0016,125.83,2,TXN-006611,2025-01-09
6612,Jessica Mehta,CUST-0689,Water Bottle,PROD-0026,17.56,1,TXN-006612,2025-01-30
6613,Sai Garcia,CUST-0629,Python Programming,PROD-0031,22.63,5,TXN-006613,2024-09-23
6614,Charles Kulkarni,CUST-0542,Dish Rack,PROD-0029,28.32,2,TXN-006614,2025-08-25
6615,Suresh Rao,CUST-0437,Cotton T-Shirt,PROD-0011,30.65,1,TXN-006615,2025-08-14
6616,John Kumar,CUST-0295,Basketball,PROD-0046,39.63,1,TXN-006616,2024-05-03
6617,Joseph White,CUST-0023,Scarf,PROD-0020,33.28,2,TXN-006617,2024-05-21
6618,Charles Kumar,CUST-0323,Wireless Mouse,PROD-0001,45.68,5,TXN-006618,2025-08-15
6619,Sunita Patel,CUST-0133,Fiction Novel,PROD-0037,12.83,2,TXN-006619,2025-01-27
6620,Meena Garcia,CUST-0547,Blender,PROD-0022,46.5,4,TXN-006620,2024-05-26
6621,Jessica Mehta,CUST-0689,Portable Charger,PROD-0004,42.05,4,TXN-006621,2024-05-09
6622,Elizabeth Thomas,CUST-0769,Dish Rack,PROD-0029,28.32,4,TXN-006622,2025-12-29
6623,Robert Singh,CUST-0505,Denim Jeans,PROD-0012,82.97,2,TXN-006623,2024-08-24
6624,Daniel Desai,CUST-0758,Coffee Maker,PROD-0021,62.05,3,TXN-006624,2025-09-20
6625,Aadhya Shah,CUST-0452,History of AI,PROD-0038,15.71,3,TXN-006625,2024-09-20
6626,Ananya Anderson,CUST-0702,Sports Socks (3-pack),PROD-0018,13.94,4,TXN-006626,2024-03-15
6627,Mary Shah,CUST-0135,Fiction Novel,PROD-0037,12.83,1,TXN-006627,2025-03-23
6628,Mia Rao,CUST-0673,Non-Stick Pan,PROD-0024,32.73,4,TXN-006628,2024-07-09
6629,Aanya Kumar,CUST-0151,Hoodie,PROD-0013,50.64,1,TXN-006629,2025-05-20
6630,Emma Kulkarni,CUST-0473,Self-Help Guide,PROD-0036,10.26,5,TXN-006630,2025-12-07
6631,Charlotte Thompson,CUST-0717,Resistance Bands,PROD-0043,22.74,3,TXN-006631,2024-01-07
6632,Richard Wright,CUST-0294,Toaster,PROD-0023,31.12,5,TXN-006632,2025-08-03
6633,Sunita Robinson,CUST-0475,Laptop Stand,PROD-0009,59.55,1,TXN-006633,2025-06-16
6634,David Harris,CUST-0299,Football,PROD-0045,29.05,2,TXN-006634,2025-04-14
6635,Aanya Lewis,CUST-0025,Running Shoes,PROD-0014,41.04,1,TXN-006635,2025-09-17
6636,Myra Rodriguez,CUST-0543,Laptop Stand,PROD-0009,59.55,1,TXN-006636,2025-04-08
6637,Thomas Moore,CUST-0569,Jump Rope,PROD-0044,18.67,3,TXN-006637,2024-05-27
6638,Sneha Reddy,CUST-0793,Winter Jacket,PROD-0016,125.83,1,TXN-006638,2025-10-22
6639,Betty Chopra,CUST-0749,External SSD 1TB,PROD-0010,77.83,2,TXN-006639,2025-08-04
6640,Divya Hernandez,CUST-0716,Basketball,PROD-0046,39.63,1,TXN-006640,2024-03-06
6641,Robert Williams,CUST-0735,Water Bottle,PROD-0026,17.56,2,TXN-006641,2025-03-31
6642,Rahul Brown,CUST-0013,Water Bottle,PROD-0026,17.56,1,TXN-006642,2025-10-07
6643,Neha Miller,CUST-0225,Resistance Bands,PROD-0043,22.74,1,TXN-006643,2025-06-16
6644,Suresh Rao,CUST-0437,Hoodie,PROD-0013,50.64,1,TXN-006644,2024-03-09
6645,Oliver Johnson,CUST-0142,External SSD 1TB,PROD-0010,77.83,1,TXN-006645,2024-02-20
6646,Vikram Bhat,CUST-0738,Jump Rope,PROD-0044,18.67,2,TXN-006646,2025-05-30
6647,Amit Lopez,CUST-0275,Laptop Stand,PROD-0009,59.55,1,TXN-006647,2024-09-16
6648,Charlotte Bhat,CUST-0792,Business Strategy,PROD-0035,33.11,1,TXN-006648,2024-08-05
6649,Michael Robinson,CUST-0434,Dish Rack,PROD-0029,28.32,2,TXN-006649,2025-01-25
6650,Lisa Hernandez,CUST-0024,Machine Learning Guide,PROD-0033,42.63,1,TXN-006650,2025-12-08
6651,Robert Williams,CUST-0554,Cookbook,PROD-0039,22.32,2,TXN-006651,2025-10-15
6652,Richard Smith,CUST-0088,Football,PROD-0045,29.05,1,TXN-006652,2024-01-09
6653,Amit Robinson,CUST-0344,Yoga Mat,PROD-0041,42.7,2,TXN-006653,2025-09-13
6654,Mason Mehta,CUST-0293,Cutting Board,PROD-0028,11.96,4,TXN-006654,2025-09-05
6655,Mark Desai,CUST-0137,Bluetooth Headphones,PROD-0002,92.28,2,TXN-006655,2025-01-14
6656,Susan Davis,CUST-0430,Sports Socks (3-pack),PROD-0018,13.94,2,TXN-006656,2024-02-23
6657,Mary Kulkarni,CUST-0117,Hoodie,PROD-0013,50.64,1,TXN-006657,2025-09-28
6658,Margaret Martin,CUST-0379,Cycling Gloves,PROD-0049,31.15,4,TXN-006658,2025-07-31
6659,Mason Rao,CUST-0221,Non-Stick Pan,PROD-0024,32.73,1,TXN-006659,2025-10-30
6660,Aanya Verma,CUST-0001,Smartwatch,PROD-0005,158.2,1,TXN-006660,2024-12-05
6661,David Harris,CUST-0299,Water Bottle,PROD-0026,17.56,1,TXN-006661,2024-12-19
6662,Sai Walker,CUST-0544,Basketball,PROD-0046,39.63,2,TXN-006662,2025-12-26
6663,Priya Williams,CUST-0658,Portable Charger,PROD-0004,42.05,2,TXN-006663,2024-02-19
6664,Richard Reddy,CUST-0222,Web Development,PROD-0034,44.41,3,TXN-006664,2025-08-13
6665,Isha Patel,CUST-0655,Cycling Gloves,PROD-0049,31.15,3,TXN-006665,2024-02-06
6666,Mason Mehta,CUST-0293,Casual Shorts,PROD-0017,29.07,2,TXN-006666,2024-03-03
6667,Sai Rodriguez,CUST-0289,Portable Charger,PROD-0004,42.05,1,TXN-006667,2024-03-06
6668,James Clark,CUST-0357,Water Bottle,PROD-0026,17.56,1,TXN-006668,2025-06-05
6669,Michael Brown,CUST-0349,Smartwatch,PROD-0005,158.2,2,TXN-006669,2024-12-04
6670,Krishna Pillai,CUST-0196,Web Development,PROD-0034,44.41,2,TXN-006670,2024-04-15
6671,Betty Martinez,CUST-0282,Machine Learning Guide,PROD-0033,42.63,2,TXN-006671,2025-05-03
6672,Pari Gupta,CUST-0318,Tea Kettle,PROD-0030,40.05,1,TXN-006672,2025-06-01
6673,Swati Kulkarni,CUST-0052,Hoodie,PROD-0013,50.64,1,TXN-006673,2025-10-16
6674,Rahul Brown,CUST-0013,Keyboard Mechanical,PROD-0007,97.82,4,TXN-006674,2025-06-12
6675,Deepak Jackson,CUST-0326,Knife Set,PROD-0025,68.52,1,TXN-006675,2024-04-22
6676,Sai Rao,CUST-0499,Dish Rack,PROD-0029,28.32,2,TXN-006676,2024-02-06
6677,Charlotte Johnson,CUST-0094,Cookbook,PROD-0039,22.32,1,TXN-006677,2025-04-18
6678,Mia Rao,CUST-0673,Keyboard Mechanical,PROD-0007,97.82,2,TXN-006678,2025-09-12
6679,Vihaan Anderson,CUST-0540,Football,PROD-0045,29.05,2,TXN-006679,2025-12-21
6680,Mia Williams,CUST-0210,Python Programming,PROD-0031,22.63,3,TXN-006680,2025-03-22
6681,Daniel Lopez,CUST-0096,Keyboard Mechanical,PROD-0007,97.82,1,TXN-006681,2025-02-02
6682,Lisa Malhotra,CUST-0435,Web Development,PROD-0034,44.41,5,TXN-006682,2024-04-25
6683,Richard Smith,CUST-0088,Fiction Novel,PROD-0037,12.83,2,TXN-006683,2025-01-29
6684,Jessica Brown,CUST-0450,Toaster,PROD-0023,31.12,2,TXN-006684,2025-12-30
6685,Donald White,CUST-0534,Hoodie,PROD-0013,50.64,2,TXN-006685,2024-06-12
6686,Betty Shah,CUST-0424,Smartwatch,PROD-0005,158.2,2,TXN-006686,2024-02-12
6687,Sophia Wright,CUST-0737,Coffee Maker,PROD-0021,62.05,4,TXN-006687,2024-12-06
6688,Vikram Bhat,CUST-0550,Running Shoes,PROD-0014,41.04,1,TXN-006688,2024-09-18
6689,Sarah Thomas,CUST-0366,Dumbbells (Pair),PROD-0042,77.78,2,TXN-006689,2025-08-25
6690,James Clark,CUST-0357,Cutting Board,PROD-0028,11.96,1,TXN-006690,2025-12-23
6691,Charlotte Rao,CUST-0154,Business Strategy,PROD-0035,33.11,1,TXN-006691,2025-01-08
6692,Meena Miller,CUST-0246,Winter Jacket,PROD-0016,125.83,2,TXN-006692,2025-08-30
6693,Priya Gupta,CUST-0789,Cycling Gloves,PROD-0049,31.15,2,TXN-006693,2024-10-16
6694,Noah Chopra,CUST-0164,Knife Set,PROD-0025,68.52,2,TXN-006694,2024-05-25
6695,Sophia Desai,CUST-0097,Tea Kettle,PROD-0030,40.05,4,TXN-006695,2025-12-18
6696,Manoj Garcia,CUST-0494,Blender,PROD-0022,46.5,2,TXN-006696,2024-03-09
6697,Nikhil Pillai,CUST-0698,Blender,PROD-0022,46.5,2,TXN-006697,2024-10-01
6698,Anjali Robinson,CUST-0436,Cutting Board,PROD-0028,11.96,2,TXN-006698,2025-09-11
6699,Ashley Brown,CUST-0214,Wireless Mouse,PROD-0001,45.68,3,TXN-006699,2024-07-26
6700,Neha Kulkarni,CUST-0007,External SSD 1TB,PROD-0010,77.83,3,TXN-006700,2024-12-15
6701,Mia Williams,CUST-0210,Cotton T-Shirt,PROD-0011,30.65,4,TXN-006701,2025-04-18
6702,Pari Kumar,CUST-0184,Python Programming,PROD-0031,22.63,3,TXN-006702,2025-03-16
6703,Michael Moore,CUST-0607,Self-Help Guide,PROD-0036,10.26,3,TXN-006703,2024-08-15
6704,Lucas Patel,CUST-0262,Coffee Maker,PROD-0021,62.05,1,TXN-006704,2025-01-14
6705,Daniel Singh,CUST-0757,Basketball,PROD-0046,39.63,1,TXN-006705,2024-11-23
6706,Krishna Thomas,CUST-0129,Web Development,PROD-0034,44.41,1,TXN-006706,2024-11-03
6707,Suresh Rao,CUST-0437,Keyboard Mechanical,PROD-0007,97.82,5,TXN-006707,2024-01-05
6708,Lucas Nair,CUST-0558,Tea Kettle,PROD-0030,40.05,3,TXN-006708,2024-01-08
6709,Isabella Davis,CUST-0549,Fiction Novel,PROD-0037,12.83,4,TXN-006709,2024-05-08
6710,Suresh Menon,CUST-0740,Wireless Mouse,PROD-0001,45.68,2,TXN-006710,2024-08-17
6711,Thomas Moore,CUST-0569,Basketball,PROD-0046,39.63,3,TXN-006711,2025-05-10
6712,Meena Kumar,CUST-0487,Python Programming,PROD-0031,22.63,2,TXN-006712,2024-04-28
6713,Aanya Wright,CUST-0124,Cycling Gloves,PROD-0049,31.15,2,TXN-006713,2024-05-23
6714,Ananya Hernandez,CUST-0327,Laptop Stand,PROD-0009,59.55,2,TXN-006714,2025-05-07
6715,Jennifer Shah,CUST-0669,Machine Learning Guide,PROD-0033,42.63,4,TXN-006715,2024-07-22
6716,Sara Lewis,CUST-0002,Gym Bag,PROD-0050,52.65,2,TXN-006716,2024-01-09
6717,Ashley Davis,CUST-0454,Webcam HD,PROD-0006,72.22,1,TXN-006717,2024-02-19
6718,Nancy Bhat,CUST-0145,Basketball,PROD-0046,39.63,4,TXN-006718,2024-05-24
6719,Swati Williams,CUST-0199,Cap,PROD-0019,12.46,2,TXN-006719,2025-05-15
6720,Richard Reddy,CUST-0222,Jump Rope,PROD-0044,18.67,5,TXN-006720,2024-12-23
6721,Daniel Singh,CUST-0757,Resistance Bands,PROD-0043,22.74,2,TXN-006721,2025-12-09
6722,Matthew Harris,CUST-0679,Dish Rack,PROD-0029,28.32,5,TXN-006722,2024-04-06
6723,Lucas Singh,CUST-0776,Travel Guide,PROD-0040,22.38,3,TXN-006723,2025-12-29
6724,Mia Brown,CUST-0438,Monitor Stand,PROD-0008,53.18,2,TXN-006724,2025-08-19
6725,Nikhil Walker,CUST-0647,Python Programming,PROD-0031,22.63,1,TXN-006725,2025-01-08
6726,Rohit Rodriguez,CUST-0727,Travel Guide,PROD-0040,22.38,2,TXN-006726,2025-02-12
6727,Ashley Jones,CUST-0413,Gym Bag,PROD-0050,52.65,2,TXN-006727,2024-10-30
6728,Daniel Miller,CUST-0042,Cookbook,PROD-0039,22.32,2,TXN-006728,2025-11-28
6729,Sara Davis,CUST-0387,Web Development,PROD-0034,44.41,4,TXN-006729,2024-07-18
6730,John Kumar,CUST-0295,Gym Bag,PROD-0050,52.65,1,TXN-006730,2024-01-18
6731,Mary Patel,CUST-0630,Basketball,PROD-0046,39.63,1,TXN-006731,2024-06-14
6732,Sai Rodriguez,CUST-0289,Laptop Stand,PROD-0009,59.55,5,TXN-006732,2025-01-23
6733,Oliver Taylor,CUST-0699,Basketball,PROD-0046,39.63,1,TXN-006733,2025-04-14
6734,William Kumar,CUST-0640,Hoodie,PROD-0013,50.64,5,TXN-006734,2024-07-05
6735,Sarah Shah,CUST-0131,Webcam HD,PROD-0006,72.22,2,TXN-006735,2024-09-21
6736,Emma Singh,CUST-0250,Travel Guide,PROD-0040,22.38,3,TXN-006736,2025-04-14
6737,Reyansh Reddy,CUST-0022,Non-Stick Pan,PROD-0024,32.73,2,TXN-006737,2025-05-04
6738,Sara Young,CUST-0688,Winter Jacket,PROD-0016,125.83,2,TXN-006738,2024-04-26
6739,Swati Malhotra,CUST-0343,Data Science Handbook,PROD-0032,42.44,3,TXN-006739,2025-08-23
6740,Divya King,CUST-0118,Webcam HD,PROD-0006,72.22,4,TXN-006740,2024-12-02
6741,Ayaan Rao,CUST-0039,Swimming Goggles,PROD-0048,16.81,3,TXN-006741,2024-02-14
6742,Emma Sharma,CUST-0071,Water Bottle,PROD-0026,17.56,3,TXN-006742,2024-06-04
6743,Susan Davis,CUST-0430,Wireless Mouse,PROD-0001,45.68,1,TXN-006743,2024-02-03
6744,Matthew Martin,CUST-0138,Water Bottle,PROD-0026,17.56,1,TXN-006744,2025-08-08
6745,Robert Williams,CUST-0735,Running Shoes,PROD-0014,41.04,2,TXN-006745,2025-04-24
6746,Jennifer Lopez,CUST-0345,Cookbook,PROD-0039,22.32,2,TXN-006746,2025-07-23
6747,Reyansh White,CUST-0209,Formal Shirt,PROD-0015,57.36,1,TXN-006747,2025-06-03
6748,Manoj Joshi,CUST-0513,Basketball,PROD-0046,39.63,1,TXN-006748,2025-05-18
6749,Lisa Rodriguez,CUST-0092,Cookbook,PROD-0039,22.32,1,TXN-006749,2024-10-17
6750,Noah Taylor,CUST-0585,Water Bottle,PROD-0026,17.56,2,TXN-006750,2024-04-03
6751,Susan Kumar,CUST-0259,Knife Set,PROD-0025,68.52,1,TXN-006751,2025-12-28
6752,Mark Mehta,CUST-0518,Storage Containers,PROD-0027,35.05,5,TXN-006752,2025-01-31
6753,Patricia Walker,CUST-0291,Jump Rope,PROD-0044,18.67,3,TXN-006753,2024-06-08
6754,Lisa Hernandez,CUST-0024,Running Shoes,PROD-0014,41.04,1,TXN-006754,2025-05-21
6755,Nikhil Patel,CUST-0710,Laptop Stand,PROD-0009,59.55,3,TXN-006755,2025-02-21
6756,Michael Robinson,CUST-0434,Non-Stick Pan,PROD-0024,32.73,1,TXN-006756,2025-06-14
6757,Myra Desai,CUST-0146,Scarf,PROD-0020,33.28,1,TXN-006757,2024-12-07
6758,Meena Thomas,CUST-0271,History of AI,PROD-0038,15.71,4,TXN-006758,2025-05-25
6759,Amit Lee,CUST-0686,Laptop Stand,PROD-0009,59.55,1,TXN-006759,2024-02-10
6760,Linda Rodriguez,CUST-0036,Football,PROD-0045,29.05,4,TXN-006760,2025-11-22
6761,John Lopez,CUST-0674,External SSD 1TB,PROD-0010,77.83,1,TXN-006761,2025-02-04
6762,David Malhotra,CUST-0681,Portable Charger,PROD-0004,42.05,1,TXN-006762,2025-11-13
6763,Joseph Garcia,CUST-0765,Knife Set,PROD-0025,68.52,3,TXN-006763,2024-11-23
6764,Rohit Miller,CUST-0089,History of AI,PROD-0038,15.71,1,TXN-006764,2024-12-12
6765,Linda Chopra,CUST-0287,Running Shoes,PROD-0014,41.04,3,TXN-006765,2025-05-22
6766,Divya King,CUST-0118,Water Bottle,PROD-0026,17.56,5,TXN-006766,2024-07-26
6767,Susan Clark,CUST-0748,Portable Charger,PROD-0004,42.05,4,TXN-006767,2025-12-13
6768,William Thompson,CUST-0743,Hoodie,PROD-0013,50.64,5,TXN-006768,2024-11-23
6769,Myra Shah,CUST-0431,Dumbbells (Pair),PROD-0042,77.78,4,TXN-006769,2025-01-25
6770,Neha Moore,CUST-0613,Basketball,PROD-0046,39.63,3,TXN-006770,2024-07-24
6771,Ishaan White,CUST-0014,Webcam HD,PROD-0006,72.22,4,TXN-006771,2024-02-28
6772,Suresh Menon,CUST-0740,USB-C Hub,PROD-0003,61.28,2,TXN-006772,2025-06-22
6773,Anthony Wright,CUST-0610,History of AI,PROD-0038,15.71,1,TXN-006773,2025-07-20
6774,Sunita Martinez,CUST-0455,Web Development,PROD-0034,44.41,1,TXN-006774,2024-01-04
6775,Pari Gupta,CUST-0318,Business Strategy,PROD-0035,33.11,5,TXN-006775,2024-06-26
6776,Vihaan Anderson,CUST-0540,Dumbbells (Pair),PROD-0042,77.78,5,TXN-006776,2024-08-24
6777,Amit Robinson,CUST-0344,Football,PROD-0045,29.05,5,TXN-006777,2024-03-07
6778,Amit Robinson,CUST-0344,Business Strategy,PROD-0035,33.11,4,TXN-006778,2025-09-06
6779,Arjun Jones,CUST-0775,Denim Jeans,PROD-0012,82.97,2,TXN-006779,2024-02-21
6780,Matthew Singh,CUST-0637,Swimming Goggles,PROD-0048,16.81,1,TXN-006780,2024-09-25
6781,Patricia Malhotra,CUST-0724,Formal Shirt,PROD-0015,57.36,2,TXN-006781,2025-03-03
6782,Lisa Malhotra,CUST-0435,Webcam HD,PROD-0006,72.22,1,TXN-006782,2025-03-03
6783,Thomas Smith,CUST-0404,Cotton T-Shirt,PROD-0011,30.65,2,TXN-006783,2025-10-20
6784,Patricia Reddy,CUST-0026,Machine Learning Guide,PROD-0033,42.63,3,TXN-006784,2024-03-25
6785,Donald King,CUST-0144,Laptop Stand,PROD-0009,59.55,2,TXN-006785,2025-03-15
6786,Donald Thomas,CUST-0533,Smartwatch,PROD-0005,158.2,1,TXN-006786,2025-08-08
6787,Mia Nair,CUST-0311,Gym Bag,PROD-0050,52.65,2,TXN-006787,2025-12-15
6788,Reyansh Lewis,CUST-0263,Gym Bag,PROD-0050,52.65,2,TXN-006788,2024-01-04
6789,Ishaan Rodriguez,CUST-0356,Basketball,PROD-0046,39.63,1,TXN-006789,2024-03-31
6790,Meena Thompson,CUST-0038,Toaster,PROD-0023,31.12,2,TXN-006790,2024-08-05
6791,Suresh Mehta,CUST-0691,Gym Bag,PROD-0050,52.65,3,TXN-006791,2024-01-09
6792,Anthony Lewis,CUST-0628,Cutting Board,PROD-0028,11.96,2,TXN-006792,2024-07-26
6793,Manoj Hernandez,CUST-0620,Dish Rack,PROD-0029,28.32,2,TXN-006793,2024-10-24
6794,Rajesh Rao,CUST-0143,Keyboard Mechanical,PROD-0007,97.82,2,TXN-006794,2024-05-07
6795,Joseph Garcia,CUST-0765,Scarf,PROD-0020,33.28,1,TXN-006795,2025-03-08
6796,Ishaan Taylor,CUST-0621,Formal Shirt,PROD-0015,57.36,2,TXN-006796,2025-02-21
6797,Anthony Malhotra,CUST-0752,Toaster,PROD-0023,31.12,2,TXN-006797,2024-04-16
6798,Manoj Martin,CUST-0416,Data Science Handbook,PROD-0032,42.44,2,TXN-006798,2025-12-07
6799,Sandra Martin,CUST-0101,Machine Learning Guide,PROD-0033,42.63,2,TXN-006799,2025-02-11
6800,Krishna Thomas,CUST-0129,Resistance Bands,PROD-0043,22.74,2,TXN-006800,2024-08-09
6801,John Walker,CUST-0419,Winter Jacket,PROD-0016,125.83,2,TXN-006801,2025-06-22
6802,David Malhotra,CUST-0681,Resistance Bands,PROD-0043,22.74,1,TXN-006802,2024-03-30
6803,Mark King,CUST-0747,Dumbbells (Pair),PROD-0042,77.78,1,TXN-006803,2025-10-17
6804,Betty Rodriguez,CUST-0166,Tea Kettle,PROD-0030,40.05,4,TXN-006804,2024-06-25
6805,Michael Moore,CUST-0607,Cotton T-Shirt,PROD-0011,30.65,1,TXN-006805,2025-03-18
6806,Anjali Young,CUST-0446,Dish Rack,PROD-0029,28.32,2,TXN-006806,2025-12-08
6807,Noah Desai,CUST-0528,Wireless Mouse,PROD-0001,45.68,2,TXN-006807,2025-12-05
6808,Sandra Miller,CUST-0200,Dish Rack,PROD-0029,28.32,2,TXN-006808,2024-03-28
6809,Vikram Miller,CUST-0405,Coffee Maker,PROD-0021,62.05,1,TXN-006809,2025-07-17
6810,William Taylor,CUST-0657,Cookbook,PROD-0039,22.32,2,TXN-006810,2025-07-04
6811,Aarav Gupta,CUST-0624,Wireless Mouse,PROD-0001,45.68,2,TXN-006811,2025-08-17
6812,Neha Miller,CUST-0598,Winter Jacket,PROD-0016,125.83,3,TXN-006812,2025-08-02
6813,Isabella Davis,CUST-0549,Keyboard Mechanical,PROD-0007,97.82,1,TXN-006813,2024-12-15
6814,Meena Hernandez,CUST-0638,Python Programming,PROD-0031,22.63,2,TXN-006814,2024-06-04
6815,Jessica Martinez,CUST-0445,Coffee Maker,PROD-0021,62.05,5,TXN-006815,2025-05-22
6816,Elizabeth Thomas,CUST-0390,Cap,PROD-0019,12.46,1,TXN-006816,2024-07-11
6817,Diya Rodriguez,CUST-0571,Non-Stick Pan,PROD-0024,32.73,5,TXN-006817,2025-06-28
6818,Patricia Reddy,CUST-0026,Coffee Maker,PROD-0021,62.05,1,TXN-006818,2024-03-15
6819,Mark Brown,CUST-0728,Cap,PROD-0019,12.46,1,TXN-006819,2025-03-27
6820,Suresh Taylor,CUST-0112,Gym Bag,PROD-0050,52.65,1,TXN-006820,2025-05-09
6821,Swati Gupta,CUST-0565,History of AI,PROD-0038,15.71,1,TXN-006821,2024-03-12
6822,Rajesh Rao,CUST-0143,History of AI,PROD-0038,15.71,5,TXN-006822,2024-12-26
6823,Ayaan Walker,CUST-0406,Toaster,PROD-0023,31.12,3,TXN-006823,2025-07-01
6824,Oliver Mehta,CUST-0546,Dish Rack,PROD-0029,28.32,1,TXN-006824,2024-04-26
6825,Linda Pillai,CUST-0316,Web Development,PROD-0034,44.41,2,TXN-006825,2024-02-27
6826,Manoj Moore,CUST-0668,Non-Stick Pan,PROD-0024,32.73,3,TXN-006826,2024-01-05
6827,Diya Chopra,CUST-0736,Cookbook,PROD-0039,22.32,1,TXN-006827,2024-10-03
6828,Sai Singh,CUST-0609,Basketball,PROD-0046,39.63,2,TXN-006828,2025-06-19
6829,Karen White,CUST-0458,Self-Help Guide,PROD-0036,10.26,3,TXN-006829,2025-05-18
6830,Swati Malhotra,CUST-0358,Yoga Mat,PROD-0041,42.7,2,TXN-006830,2024-02-20
6831,Mary Smith,CUST-0642,Formal Shirt,PROD-0015,57.36,2,TXN-006831,2024-05-24
6832,Reyansh Pillai,CUST-0604,Hoodie,PROD-0013,50.64,1,TXN-006832,2024-04-14
6833,Betty Chopra,CUST-0749,External SSD 1TB,PROD-0010,77.83,1,TXN-006833,2024-01-14
6834,Sara Allen,CUST-0066,Dumbbells (Pair),PROD-0042,77.78,2,TXN-006834,2025-10-02
6835,Suresh Kumar,CUST-0037,Data Science Handbook,PROD-0032,42.44,1,TXN-006835,2025-08-08
6836,Aditya Rao,CUST-0773,Bluetooth Headphones,PROD-0002,92.28,2,TXN-006836,2025-10-20
6837,Ayaan Malhotra,CUST-0616,Toaster,PROD-0023,31.12,1,TXN-006837,2024-07-04
6838,Betty Rodriguez,CUST-0166,Formal Shirt,PROD-0015,57.36,4,TXN-006838,2025-02-21
6839,Manoj Hernandez,CUST-0620,Running Shoes,PROD-0014,41.04,3,TXN-006839,2025-10-11
6840,Donald Mehta,CUST-0575,Bluetooth Headphones,PROD-0002,92.28,1,TXN-006840,2024-02-12
6841,Ishaan White,CUST-0014,Data Science Handbook,PROD-0032,42.44,2,TXN-006841,2024-01-21
6842,Susan Robinson,CUST-0140,Casual Shorts,PROD-0017,29.07,3,TXN-006842,2025-01-29
6843,Meena Mehta,CUST-0667,Basketball,PROD-0046,39.63,2,TXN-006843,2024-09-22
6844,Sara Jackson,CUST-0719,Fiction Novel,PROD-0037,12.83,2,TXN-006844,2024-09-01
6845,Jessica Chopra,CUST-0481,Swimming Goggles,PROD-0048,16.81,2,TXN-006845,2024-01-26
6846,Diya Jones,CUST-0715,Coffee Maker,PROD-0021,62.05,2,TXN-006846,2025-12-07
6847,Suresh Desai,CUST-0095,Dumbbells (Pair),PROD-0042,77.78,3,TXN-006847,2024-11-08
6848,Sophia Rao,CUST-0401,Resistance Bands,PROD-0043,22.74,5,TXN-006848,2025-01-11
6849,Suresh Lee,CUST-0418,Jump Rope,PROD-0044,18.67,3,TXN-006849,2025-05-22
6850,Lucas Patel,CUST-0262,Portable Charger,PROD-0004,42.05,3,TXN-006850,2025-07-09
6851,Robert Singh,CUST-0505,Running Shoes,PROD-0014,41.04,1,TXN-006851,2024-11-07
6852,Sandra Kulkarni,CUST-0260,Non-Stick Pan,PROD-0024,32.73,1,TXN-006852,2024-12-04
6853,Kavita Martinez,CUST-0742,Smartwatch,PROD-0005,158.2,1,TXN-006853,2025-11-02
6854,Sandra Rodriguez,CUST-0440,Self-Help Guide,PROD-0036,10.26,5,TXN-006854,2025-11-09
6855,Patricia Chopra,CUST-0429,Toaster,PROD-0023,31.12,4,TXN-006855,2025-06-10
6856,Karan Lewis,CUST-0204,Resistance Bands,PROD-0043,22.74,3,TXN-006856,2024-10-01
6857,Nikhil Bhat,CUST-0519,Hoodie,PROD-0013,50.64,3,TXN-006857,2025-07-29
6858,Pooja Johnson,CUST-0760,Formal Shirt,PROD-0015,57.36,2,TXN-006858,2024-12-27
6859,Riya Jackson,CUST-0671,Self-Help Guide,PROD-0036,10.26,4,TXN-006859,2025-10-07
6860,Noah Chopra,CUST-0164,Storage Containers,PROD-0027,35.05,3,TXN-006860,2024-08-09
6861,Jessica Martinez,CUST-0445,Water Bottle,PROD-0026,17.56,3,TXN-006861,2025-06-14
6862,Sandra Davis,CUST-0321,Winter Jacket,PROD-0016,125.83,1,TXN-006862,2025-11-09
6863,Mia White,CUST-0472,Python Programming,PROD-0031,22.63,1,TXN-006863,2025-04-27
6864,Ashley Miller,CUST-0005,Machine Learning Guide,PROD-0033,42.63,4,TXN-006864,2024-10-24
6865,Emma Singh,CUST-0250,Cotton T-Shirt,PROD-0011,30.65,3,TXN-006865,2025-10-28
6866,John Walker,CUST-0419,Gym Bag,PROD-0050,52.65,3,TXN-006866,2025-07-28
6867,Elizabeth Martinez,CUST-0224,Resistance Bands,PROD-0043,22.74,3,TXN-006867,2024-09-14
6868,Karen Rao,CUST-0308,Winter Jacket,PROD-0016,125.83,4,TXN-006868,2025-03-16
6869,Divya Patel,CUST-0612,Football,PROD-0045,29.05,1,TXN-006869,2025-07-02
6870,Isha Nair,CUST-0033,Toaster,PROD-0023,31.12,1,TXN-006870,2024-11-08
6871,Ananya Hernandez,CUST-0327,Portable Charger,PROD-0004,42.05,1,TXN-006871,2024-02-02
6872,Ananya Lee,CUST-0611,Denim Jeans,PROD-0012,82.97,2,TXN-006872,2025-02-14
6873,Sunita Robinson,CUST-0475,Cotton T-Shirt,PROD-0011,30.65,3,TXN-006873,2024-01-09
6874,Ayaan Allen,CUST-0053,Tea Kettle,PROD-0030,40.05,1,TXN-006874,2024-06-25
6875,Aanya Miller,CUST-0777,Cookbook,PROD-0039,22.32,3,TXN-006875,2025-08-03
6876,Sunita Kumar,CUST-0047,Football,PROD-0045,29.05,2,TXN-006876,2024-08-20
6877,Daniel Singh,CUST-0757,Data Science Handbook,PROD-0032,42.44,4,TXN-006877,2025-08-27
6878,Charles Kumar,CUST-0323,Sports Socks (3-pack),PROD-0018,13.94,2,TXN-006878,2024-12-19
6879,Arjun Shah,CUST-0683,Yoga Mat,PROD-0041,42.7,5,TXN-006879,2024-01-05
6880,Linda Iyer,CUST-0248,Self-Help Guide,PROD-0036,10.26,4,TXN-006880,2024-03-05
6881,Aarav Menon,CUST-0432,Laptop Stand,PROD-0009,59.55,1,TXN-006881,2024-12-25
6882,Vihaan Jones,CUST-0113,Toaster,PROD-0023,31.12,1,TXN-006882,2024-05-15
6883,Suresh Bhat,CUST-0706,Football,PROD-0045,29.05,2,TXN-006883,2024-11-03
6884,James Harris,CUST-0352,Bluetooth Headphones,PROD-0002,92.28,2,TXN-006884,2025-07-29
6885,Sophia Desai,CUST-0097,Scarf,PROD-0020,33.28,1,TXN-006885,2024-08-20
6886,Mia Kulkarni,CUST-0067,Laptop Stand,PROD-0009,59.55,4,TXN-006886,2025-09-02
6887,Sai Davis,CUST-0272,Gym Bag,PROD-0050,52.65,2,TXN-006887,2025-11-19
6888,Myra Verma,CUST-0701,Formal Shirt,PROD-0015,57.36,3,TXN-006888,2025-05-18
6889,Anjali Joshi,CUST-0636,Cycling Gloves,PROD-0049,31.15,1,TXN-006889,2024-03-21
6890,Vivaan Anderson,CUST-0739,Tennis Racket,PROD-0047,61.92,4,TXN-006890,2024-04-24
6891,Myra Desai,CUST-0146,Winter Jacket,PROD-0016,125.83,2,TXN-006891,2025-08-12
6892,Aarav White,CUST-0030,Sports Socks (3-pack),PROD-0018,13.94,5,TXN-006892,2024-06-19
6893,Vikram Robinson,CUST-0411,Toaster,PROD-0023,31.12,1,TXN-006893,2025-04-16
6894,Meena Thomas,CUST-0271,External SSD 1TB,PROD-0010,77.83,2,TXN-006894,2025-11-22
6895,Elizabeth Thomas,CUST-0390,Denim Jeans,PROD-0012,82.97,3,TXN-006895,2024-12-18
6896,Lisa Nair,CUST-0114,Football,PROD-0045,29.05,1,TXN-006896,2025-01-07
6897,Jennifer Martin,CUST-0508,Formal Shirt,PROD-0015,57.36,2,TXN-006897,2025-07-21
6898,Aadhya Lewis,CUST-0733,Jump Rope,PROD-0044,18.67,1,TXN-006898,2024-10-26
6899,Ishaan Jackson,CUST-0351,Webcam HD,PROD-0006,72.22,1,TXN-006899,2025-03-17
6900,Daniel Miller,CUST-0042,Cookbook,PROD-0039,22.32,3,TXN-006900,2025-10-02
6901,Lucas Davis,CUST-0083,History of AI,PROD-0038,15.71,1,TXN-006901,2024-04-06
6902,Susan Lewis,CUST-0081,Python Programming,PROD-0031,22.63,2,TXN-006902,2024-11-07
6903,Sneha Taylor,CUST-0353,Toaster,PROD-0023,31.12,1,TXN-006903,2025-12-01
6904,Divya Gupta,CUST-0226,Football,PROD-0045,29.05,2,TXN-006904,2024-02-02
6905,Sai Martin,CUST-0784,Storage Containers,PROD-0027,35.05,1,TXN-006905,2024-07-09
6906,Linda Robinson,CUST-0557,Keyboard Mechanical,PROD-0007,97.82,2,TXN-006906,2024-07-23
6907,Robert Martin,CUST-0254,Dish Rack,PROD-0029,28.32,1,TXN-006907,2024-04-07
6908,Donald King,CUST-0144,Webcam HD,PROD-0006,72.22,2,TXN-006908,2025-05-02
6909,Aditya Patel,CUST-0384,Cutting Board,PROD-0028,11.96,3,TXN-006909,2024-06-19
6910,Manoj Lopez,CUST-0780,Cutting Board,PROD-0028,11.96,1,TXN-006910,2024-04-13
6911,Matthew Reddy,CUST-0178,Cycling Gloves,PROD-0049,31.15,2,TXN-006911,2025-06-10
6912,Joseph Taylor,CUST-0264,Web Development,PROD-0034,44.41,1,TXN-006912,2025-11-01
6913,Suresh Sharma,CUST-0453,Water Bottle,PROD-0026,17.56,1,TXN-006913,2025-08-26
6914,Matthew Singh,CUST-0637,Portable Charger,PROD-0004,42.05,2,TXN-006914,2024-08-27
6915,Pooja Brown,CUST-0086,Cookbook,PROD-0039,22.32,3,TXN-006915,2024-09-03
6916,Michael Rao,CUST-0021,Winter Jacket,PROD-0016,125.83,4,TXN-006916,2025-09-04
6917,Jennifer Lopez,CUST-0345,Smartwatch,PROD-0005,158.2,2,TXN-006917,2025-05-20
6918,Charlotte Jackson,CUST-0061,Scarf,PROD-0020,33.28,1,TXN-006918,2025-12-30
6919,Manoj Reddy,CUST-0338,Tennis Racket,PROD-0047,61.92,2,TXN-006919,2025-08-27
6920,Lucas Jones,CUST-0553,External SSD 1TB,PROD-0010,77.83,4,TXN-006920,2024-05-08
6921,Oliver Patel,CUST-0694,Basketball,PROD-0046,39.63,3,TXN-006921,2025-03-27
6922,Aanya Clark,CUST-0234,Jump Rope,PROD-0044,18.67,3,TXN-006922,2024-06-26
6923,Vivaan Malhotra,CUST-0779,Running Shoes,PROD-0014,41.04,1,TXN-006923,2024-08-22
6924,Aanya Nair,CUST-0795,Web Development,PROD-0034,44.41,4,TXN-006924,2025-06-27
6925,Margaret Pillai,CUST-0040,Scarf,PROD-0020,33.28,2,TXN-006925,2024-04-02
6926,John Lopez,CUST-0674,Cap,PROD-0019,12.46,2,TXN-006926,2024-02-28
6927,Sara Sharma,CUST-0149,Non-Stick Pan,PROD-0024,32.73,2,TXN-006927,2024-09-05
6928,Vikram Robinson,CUST-0411,Scarf,PROD-0020,33.28,1,TXN-006928,2025-11-26
6929,Sara Sharma,CUST-0149,Self-Help Guide,PROD-0036,10.26,1,TXN-006929,2024-08-31
6930,Sophia Jones,CUST-0110,Winter Jacket,PROD-0016,125.83,1,TXN-006930,2025-04-27
6931,Amit Clark,CUST-0371,Gym Bag,PROD-0050,52.65,1,TXN-006931,2025-01-22
6932,Lisa Joshi,CUST-0478,Denim Jeans,PROD-0012,82.97,2,TXN-006932,2024-03-06
6933,Vihaan Jones,CUST-0113,Basketball,PROD-0046,39.63,1,TXN-006933,2025-08-27
6934,Aanya Lewis,CUST-0025,Swimming Goggles,PROD-0048,16.81,1,TXN-006934,2024-09-21
6935,Swati Williams,CUST-0199,Webcam HD,PROD-0006,72.22,2,TXN-006935,2025-12-25
6936,Swati Verma,CUST-0208,Dumbbells (Pair),PROD-0042,77.78,1,TXN-006936,2025-03-22
6937,Mary Patel,CUST-0630,Non-Stick Pan,PROD-0024,32.73,1,TXN-006937,2024-03-27
6938,Margaret Pillai,CUST-0040,Jump Rope,PROD-0044,18.67,2,TXN-006938,2024-06-09
6939,David Malhotra,CUST-0681,History of AI,PROD-0038,15.71,2,TXN-006939,2024-05-01
6940,Vihaan Davis,CUST-0695,Dumbbells (Pair),PROD-0042,77.78,1,TXN-006940,2024-01-17
6941,Suresh Lee,CUST-0418,External SSD 1TB,PROD-0010,77.83,2,TXN-006941,2024-04-27
6942,Ashley Jones,CUST-0690,Tea Kettle,PROD-0030,40.05,2,TXN-006942,2025-02-03
6943,Arjun Nair,CUST-0348,Smartwatch,PROD-0005,158.2,4,TXN-006943,2024-08-06
6944,Betty Rodriguez,CUST-0166,Machine Learning Guide,PROD-0033,42.63,1,TXN-006944,2025-03-13
6945,Nancy Bhat,CUST-0145,Jump Rope,PROD-0044,18.67,2,TXN-006945,2024-02-24
6946,Betty Chopra,CUST-0749,Machine Learning Guide,PROD-0033,42.63,2,TXN-006946,2025-09-25
6947,Karan Robinson,CUST-0160,Cotton T-Shirt,PROD-0011,30.65,1,TXN-006947,2025-07-17
6948,Anthony Kulkarni,CUST-0253,Water Bottle,PROD-0026,17.56,2,TXN-006948,2024-03-18
6949,Aditya Williams,CUST-0330,Dish Rack,PROD-0029,28.32,1,TXN-006949,2025-04-16
6950,Anjali Young,CUST-0446,Gym Bag,PROD-0050,52.65,2,TXN-006950,2024-01-28
6951,Robert Hernandez,CUST-0368,Laptop Stand,PROD-0009,59.55,2,TXN-006951,2025-11-29
6952,Suresh Miller,CUST-0463,Data Science Handbook,PROD-0032,42.44,1,TXN-006952,2025-10-20
6953,Sandra Patel,CUST-0300,Toaster,PROD-0023,31.12,4,TXN-006953,2025-09-25
6954,Mark King,CUST-0747,Webcam HD,PROD-0006,72.22,1,TXN-006954,2024-07-20
6955,Liam Jackson,CUST-0058,Casual Shorts,PROD-0017,29.07,1,TXN-006955,2024-02-22
6956,Krishna Gupta,CUST-0011,Denim Jeans,PROD-0012,82.97,1,TXN-006956,2025-10-23
6957,Sara Davis,CUST-0387,Swimming Goggles,PROD-0048,16.81,3,TXN-006957,2024-09-06
6958,Ayaan Jackson,CUST-0574,Data Science Handbook,PROD-0032,42.44,2,TXN-006958,2024-02-05
6959,Nisha Thompson,CUST-0219,Swimming Goggles,PROD-0048,16.81,4,TXN-006959,2025-10-15
6960,Karan Robinson,CUST-0355,Portable Charger,PROD-0004,42.05,1,TXN-006960,2024-11-19
6961,Lucas Smith,CUST-0516,Water Bottle,PROD-0026,17.56,2,TXN-006961,2025-02-10
6962,Matthew Anderson,CUST-0049,Winter Jacket,PROD-0016,125.83,2,TXN-006962,2024-02-18
6963,Rohit Wright,CUST-0279,Wireless Mouse,PROD-0001,45.68,2,TXN-006963,2024-07-29
6964,Riya Pillai,CUST-0280,Storage Containers,PROD-0027,35.05,2,TXN-006964,2025-04-15
6965,Reyansh Joshi,CUST-0696,Toaster,PROD-0023,31.12,1,TXN-006965,2024-03-11
6966,Vikram Bhat,CUST-0550,Basketball,PROD-0046,39.63,3,TXN-006966,2024-09-02
6967,Lisa Malhotra,CUST-0435,Business Strategy,PROD-0035,33.11,2,TXN-006967,2024-02-15
6968,Daniel Rao,CUST-0078,Winter Jacket,PROD-0016,125.83,3,TXN-006968,2025-11-11
6969,Patricia Bhat,CUST-0136,Dish Rack,PROD-0029,28.32,1,TXN-006969,2024-02-19
6970,Elizabeth Thomas,CUST-0769,Coffee Maker,PROD-0021,62.05,1,TXN-006970,2024-09-07
6971,Anthony Jones,CUST-0288,Knife Set,PROD-0025,68.52,1,TXN-006971,2025-07-12
6972,Pari Gupta,CUST-0318,Cotton T-Shirt,PROD-0011,30.65,1,TXN-006972,2024-04-10
6973,Ishaan Patel,CUST-0241,Business Strategy,PROD-0035,33.11,2,TXN-006973,2024-06-22
6974,Amit Clark,CUST-0371,Winter Jacket,PROD-0016,125.83,1,TXN-006974,2025-07-17
6975,Daniel Desai,CUST-0758,Hoodie,PROD-0013,50.64,2,TXN-006975,2024-03-19
6976,Lucas Hernandez,CUST-0771,Jump Rope,PROD-0044,18.67,1,TXN-006976,2024-05-04
6977,Kavita Martinez,CUST-0742,Gym Bag,PROD-0050,52.65,2,TXN-006977,2024-08-15
6978,Ashley Hernandez,CUST-0426,Wireless Mouse,PROD-0001,45.68,1,TXN-006978,2025-08-01
6979,Patricia Mehta,CUST-0693,Resistance Bands,PROD-0043,22.74,2,TXN-006979,2025-10-26
6980,Sara Jackson,CUST-0719,Python Programming,PROD-0031,22.63,5,TXN-006980,2025-01-24
6981,Diya Davis,CUST-0615,Wireless Mouse,PROD-0001,45.68,2,TXN-006981,2025-06-06
6982,Michael Moore,CUST-0607,Basketball,PROD-0046,39.63,1,TXN-006982,2025-05-12
6983,Kavita King,CUST-0439,Python Programming,PROD-0031,22.63,1,TXN-006983,2024-02-13
6984,Lisa Hernandez,CUST-0024,Toaster,PROD-0023,31.12,1,TXN-006984,2024-09-20
6985,Divya Hernandez,CUST-0716,Basketball,PROD-0046,39.63,1,TXN-006985,2024-02-21
6986,Reyansh King,CUST-0486,Wireless Mouse,PROD-0001,45.68,2,TXN-006986,2025-03-20
6987,Linda Iyer,CUST-0248,Sports Socks (3-pack),PROD-0018,13.94,2,TXN-006987,2024-01-29
6988,Jennifer Thompson,CUST-0670,Resistance Bands,PROD-0043,22.74,2,TXN-006988,2025-09-13
6989,Sai Lee,CUST-0329,Keyboard Mechanical,PROD-0007,97.82,1,TXN-006989,2025-04-14
6990,Neha Kulkarni,CUST-0007,Web Development,PROD-0034,44.41,1,TXN-006990,2024-04-22
6991,Sandra Wright,CUST-0800,History of AI,PROD-0038,15.71,3,TXN-006991,2025-09-29
6992,Sai Davis,CUST-0272,Dumbbells (Pair),PROD-0042,77.78,1,TXN-006992,2024-09-22
6993,Nisha Harris,CUST-0373,Storage Containers,PROD-0027,35.05,2,TXN-006993,2024-05-25
6994,Sunita Martinez,CUST-0632,Water Bottle,PROD-0026,17.56,1,TXN-006994,2025-02-02
6995,Divya King,CUST-0118,Cookbook,PROD-0039,22.32,1,TXN-006995,2025-03-14
6996,David Walker,CUST-0511,Webcam HD,PROD-0006,72.22,1,TXN-006996,2025-04-01
6997,Anthony Malhotra,CUST-0752,Jump Rope,PROD-0044,18.67,3,TXN-006997,2025-12-05
6998,Aditya Thompson,CUST-0774,Jump Rope,PROD-0044,18.67,2,TXN-006998,2025-03-01
6999,Elizabeth Thomas,CUST-0769,External SSD 1TB,PROD-0010,77.83,3,TXN-006999,2024-09-03
7000,Myra Nair,CUST-0599,Toaster,PROD-0023,31.12,2,TXN-007000,2024-05-17
7001,Pooja Johnson,CUST-0760,Water Bottle,PROD-0026,17.56,3,TXN-007001,2025-01-25
7002,Aanya Nair,CUST-0795,Dish Rack,PROD-0029,28.32,2,TXN-007002,2024-01-26
7003,Rahul Smith,CUST-0382,Non-Stick Pan,PROD-0024,32.73,2,TXN-007003,2025-04-14
7004,Sandra Martin,CUST-0101,Hoodie,PROD-0013,50.64,2,TXN-007004,2025-06-21
7005,Oliver Miller,CUST-0490,Swimming Goggles,PROD-0048,16.81,1,TXN-007005,2024-02-17
7006,Liam Davis,CUST-0170,Tennis Racket,PROD-0047,61.92,1,TXN-007006,2025-12-04
7007,Priya Taylor,CUST-0672,Basketball,PROD-0046,39.63,3,TXN-007007,2024-10-22
7008,Suresh Lee,CUST-0684,Knife Set,PROD-0025,68.52,5,TXN-007008,2024-11-05
7009,Neha Mehta,CUST-0305,Water Bottle,PROD-0026,17.56,4,TXN-007009,2024-06-29
7010,Vihaan Lee,CUST-0507,Cutting Board,PROD-0028,11.96,1,TXN-007010,2024-08-11
7011,Aanya Verma,CUST-0001,Cap,PROD-0019,12.46,5,TXN-007011,2024-04-23
7012,Jennifer Kulkarni,CUST-0074,Tea Kettle,PROD-0030,40.05,2,TXN-007012,2024-04-09
7013,Myra Verma,CUST-0701,Scarf,PROD-0020,33.28,1,TXN-007013,2025-11-18
7014,Divya Rodriguez,CUST-0105,Non-Stick Pan,PROD-0024,32.73,1,TXN-007014,2025-06-07
7015,Riya Nair,CUST-0233,Monitor Stand,PROD-0008,53.18,2,TXN-007015,2025-06-28
7016,Suresh Allen,CUST-0755,Storage Containers,PROD-0027,35.05,1,TXN-007016,2025-03-01
7017,Rajesh Chopra,CUST-0269,Python Programming,PROD-0031,22.63,1,TXN-007017,2024-09-13
7018,Noah Malhotra,CUST-0398,Coffee Maker,PROD-0021,62.05,1,TXN-007018,2025-08-01
7019,Isabella Johnson,CUST-0397,History of AI,PROD-0038,15.71,2,TXN-007019,2025-05-09
7020,Joseph White,CUST-0023,Running Shoes,PROD-0014,41.04,1,TXN-007020,2025-07-26
7021,Sai Kumar,CUST-0799,Formal Shirt,PROD-0015,57.36,1,TXN-007021,2024-10-11
7022,Nikhil Lopez,CUST-0555,Formal Shirt,PROD-0015,57.36,2,TXN-007022,2025-09-09
7023,William Taylor,CUST-0657,Formal Shirt,PROD-0015,57.36,2,TXN-007023,2024-08-20
7024,Myra Patel,CUST-0707,Webcam HD,PROD-0006,72.22,3,TXN-007024,2025-08-13
7025,Matthew Iyer,CUST-0186,Swimming Goggles,PROD-0048,16.81,5,TXN-007025,2025-12-24
7026,Sai Singh,CUST-0609,Monitor Stand,PROD-0008,53.18,2,TXN-007026,2024-06-20
7027,Noah Pillai,CUST-0495,Portable Charger,PROD-0004,42.05,1,TXN-007027,2025-09-04
7028,Charles Patel,CUST-0229,Sports Socks (3-pack),PROD-0018,13.94,1,TXN-007028,2024-09-27
7029,Swati Kulkarni,CUST-0052,Knife Set,PROD-0025,68.52,3,TXN-007029,2025-12-03
7030,Sara Sharma,CUST-0149,History of AI,PROD-0038,15.71,1,TXN-007030,2025-07-10
7031,Suresh Miller,CUST-0463,Cotton T-Shirt,PROD-0011,30.65,1,TXN-007031,2024-06-09
7032,Anthony Jones,CUST-0288,Python Programming,PROD-0031,22.63,1,TXN-007032,2024-07-16
7033,Michael Rao,CUST-0021,Webcam HD,PROD-0006,72.22,2,TXN-007033,2025-04-02
7034,Riya White,CUST-0714,History of AI,PROD-0038,15.71,3,TXN-007034,2025-02-14
7035,Manoj Moore,CUST-0668,Portable Charger,PROD-0004,42.05,3,TXN-007035,2025-05-06
7036,Swati Malhotra,CUST-0343,Jump Rope,PROD-0044,18.67,2,TXN-007036,2025-09-19
7037,Mark King,CUST-0747,Tennis Racket,PROD-0047,61.92,2,TXN-007037,2024-09-15
7038,Myra Sharma,CUST-0591,Python Programming,PROD-0031,22.63,4,TXN-007038,2025-08-18
7039,Mary Patel,CUST-0630,Dish Rack,PROD-0029,28.32,2,TXN-007039,2024-02-28
7040,Aditya Lee,CUST-0324,Cotton T-Shirt,PROD-0011,30.65,4,TXN-007040,2024-05-18
7041,Sophia Jones,CUST-0110,Data Science Handbook,PROD-0032,42.44,1,TXN-007041,2024-10-12
7042,Matthew Chopra,CUST-0560,Storage Containers,PROD-0027,35.05,3,TXN-007042,2025-03-03
7043,Oliver Lee,CUST-0365,Web Development,PROD-0034,44.41,3,TXN-007043,2025-07-20
7044,Vivaan Johnson,CUST-0635,Business Strategy,PROD-0035,33.11,2,TXN-007044,2024-01-10
7045,Margaret Rodriguez,CUST-0444,Smartwatch,PROD-0005,158.2,2,TXN-007045,2025-10-09
7046,Ananya Anderson,CUST-0702,Basketball,PROD-0046,39.63,1,TXN-007046,2024-09-06
7047,Sophia Desai,CUST-0097,Storage Containers,PROD-0027,35.05,1,TXN-007047,2024-04-06
7048,Oliver Gupta,CUST-0173,Cookbook,PROD-0039,22.32,2,TXN-007048,2025-01-10
7049,Linda Martinez,CUST-0361,Dish Rack,PROD-0029,28.32,3,TXN-007049,2025-02-28
7050,John Smith,CUST-0106,Storage Containers,PROD-0027,35.05,2,TXN-007050,2025-09-15
7051,Nancy Harris,CUST-0421,Running Shoes,PROD-0014,41.04,2,TXN-007051,2025-07-28
7052,Sarah Bhat,CUST-0520,Smartwatch,PROD-0005,158.2,1,TXN-007052,2024-08-04
7053,William Martinez,CUST-0539,Football,PROD-0045,29.05,3,TXN-007053,2025-10-25
7054,Linda Malhotra,CUST-0595,History of AI,PROD-0038,15.71,1,TXN-007054,2025-06-27
7055,Richard Johnson,CUST-0171,Football,PROD-0045,29.05,1,TXN-007055,2024-07-31
7056,Karen Iyer,CUST-0659,Wireless Mouse,PROD-0001,45.68,2,TXN-007056,2025-03-12
7057,Patricia White,CUST-0506,Toaster,PROD-0023,31.12,1,TXN-007057,2025-11-30
7058,Joseph Patel,CUST-0713,Cotton T-Shirt,PROD-0011,30.65,1,TXN-007058,2024-08-15
7059,Meena Martin,CUST-0708,Hoodie,PROD-0013,50.64,2,TXN-007059,2024-05-03
7060,Linda Iyer,CUST-0248,Smartwatch,PROD-0005,158.2,2,TXN-007060,2025-06-23
7061,Manoj Reddy,CUST-0338,Sports Socks (3-pack),PROD-0018,13.94,2,TXN-007061,2024-02-16
7062,Pari Gupta,CUST-0318,Football,PROD-0045,29.05,2,TXN-007062,2024-02-27
7063,Diya Davis,CUST-0249,Python Programming,PROD-0031,22.63,2,TXN-007063,2025-09-07
7064,Sarah Thomas,CUST-0366,Swimming Goggles,PROD-0048,16.81,1,TXN-007064,2025-06-12
7065,Isabella Anderson,CUST-0796,Blender,PROD-0022,46.5,2,TXN-007065,2024-12-15
7066,Priya Mehta,CUST-0712,Storage Containers,PROD-0027,35.05,4,TXN-007066,2024-08-28
7067,Oliver Young,CUST-0697,Cookbook,PROD-0039,22.32,4,TXN-007067,2025-07-15
7068,Aanya Miller,CUST-0777,Monitor Stand,PROD-0008,53.18,1,TXN-007068,2024-10-12
7069,Suresh Lewis,CUST-0751,Running Shoes,PROD-0014,41.04,2,TXN-007069,2024-06-06
7070,Sara Sharma,CUST-0149,Coffee Maker,PROD-0021,62.05,3,TXN-007070,2024-12-16
7071,Vikram Miller,CUST-0109,Dish Rack,PROD-0029,28.32,3,TXN-007071,2024-03-12
7072,Diya Davis,CUST-0615,Football,PROD-0045,29.05,3,TXN-007072,2024-11-26
7073,Isabella Robinson,CUST-0572,Smartwatch,PROD-0005,158.2,2,TXN-007073,2024-09-17
7074,Patricia White,CUST-0506,Storage Containers,PROD-0027,35.05,4,TXN-007074,2024-04-18
7075,Daniel Gupta,CUST-0721,Denim Jeans,PROD-0012,82.97,3,TXN-007075,2025-02-19
7076,Ayaan Rao,CUST-0039,Monitor Stand,PROD-0008,53.18,2,TXN-007076,2025-02-08
7077,Mark Malhotra,CUST-0239,Fiction Novel,PROD-0037,12.83,2,TXN-007077,2025-01-01
7078,Kavita King,CUST-0265,Keyboard Mechanical,PROD-0007,97.82,3,TXN-007078,2025-07-22
7079,Patricia Williams,CUST-0258,Coffee Maker,PROD-0021,62.05,1,TXN-007079,2024-11-17
7080,Aanya Miller,CUST-0399,Running Shoes,PROD-0014,41.04,3,TXN-007080,2025-09-09
7081,Diya Davis,CUST-0249,Wireless Mouse,PROD-0001,45.68,4,TXN-007081,2025-04-26
7082,Neha Moore,CUST-0613,Water Bottle,PROD-0026,17.56,2,TXN-007082,2024-12-11
7083,Elizabeth Robinson,CUST-0794,Travel Guide,PROD-0040,22.38,1,TXN-007083,2025-08-24
7084,Kavita King,CUST-0439,Football,PROD-0045,29.05,2,TXN-007084,2025-01-06
7085,Meena Jones,CUST-0594,Business Strategy,PROD-0035,33.11,2,TXN-007085,2025-10-06
7086,Nikhil Bhat,CUST-0285,Tennis Racket,PROD-0047,61.92,1,TXN-007086,2025-09-17
7087,Manoj Hernandez,CUST-0620,Denim Jeans,PROD-0012,82.97,3,TXN-007087,2025-04-16
7088,Arjun Patel,CUST-0496,Yoga Mat,PROD-0041,42.7,3,TXN-007088,2024-07-11
7089,Rohit Chopra,CUST-0337,Dumbbells (Pair),PROD-0042,77.78,4,TXN-007089,2024-04-05
7090,Patricia Chopra,CUST-0429,Water Bottle,PROD-0026,17.56,2,TXN-007090,2024-03-09
7091,Arjun Thompson,CUST-0212,Running Shoes,PROD-0014,41.04,5,TXN-007091,2025-04-26
7092,Sarah Joshi,CUST-0197,Cutting Board,PROD-0028,11.96,2,TXN-007092,2025-05-04
7093,Nikhil Patel,CUST-0710,Laptop Stand,PROD-0009,59.55,1,TXN-007093,2025-11-03
7094,John Wright,CUST-0232,Basketball,PROD-0046,39.63,1,TXN-007094,2024-01-12
7095,Patricia Malhotra,CUST-0724,Denim Jeans,PROD-0012,82.97,1,TXN-007095,2025-10-28
7096,Michael Lopez,CUST-0176,Dumbbells (Pair),PROD-0042,77.78,1,TXN-007096,2024-10-03
7097,Sophia Desai,CUST-0097,Football,PROD-0045,29.05,2,TXN-007097,2024-08-23
7098,Linda Chopra,CUST-0063,Storage Containers,PROD-0027,35.05,2,TXN-007098,2024-09-08
7099,Elizabeth Clark,CUST-0190,Tennis Racket,PROD-0047,61.92,1,TXN-007099,2024-11-16
7100,Linda Pillai,CUST-0316,Wireless Mouse,PROD-0001,45.68,1,TXN-007100,2025-07-11
7101,Rahul Allen,CUST-0103,Dumbbells (Pair),PROD-0042,77.78,3,TXN-007101,2024-10-24
7102,Amit Lopez,CUST-0275,Cotton T-Shirt,PROD-0011,30.65,1,TXN-007102,2025-07-20
7103,Amit Kumar,CUST-0278,External SSD 1TB,PROD-0010,77.83,2,TXN-007103,2025-11-15
7104,Ananya Patel,CUST-0032,Cotton T-Shirt,PROD-0011,30.65,2,TXN-007104,2024-09-07
7105,Aditya Rao,CUST-0773,Non-Stick Pan,PROD-0024,32.73,1,TXN-007105,2025-09-07
7106,Linda Pillai,CUST-0316,Dish Rack,PROD-0029,28.32,2,TXN-007106,2025-12-19
7107,Charlotte Johnson,CUST-0094,Monitor Stand,PROD-0008,53.18,2,TXN-007107,2025-06-11
7108,Suresh Rao,CUST-0437,Resistance Bands,PROD-0043,22.74,1,TXN-007108,2024-12-10
7109,Manoj Desai,CUST-0427,Sports Socks (3-pack),PROD-0018,13.94,1,TXN-007109,2025-08-12
7110,Sai Pillai,CUST-0292,Keyboard Mechanical,PROD-0007,97.82,1,TXN-007110,2024-12-25
7111,Nikhil Verma,CUST-0198,Travel Guide,PROD-0040,22.38,2,TXN-007111,2025-12-24
7112,Mia Kulkarni,CUST-0067,Hoodie,PROD-0013,50.64,2,TXN-007112,2024-11-23
7113,Daniel Rodriguez,CUST-0319,Yoga Mat,PROD-0041,42.7,1,TXN-007113,2024-11-28
7114,Daniel Lopez,CUST-0096,Jump Rope,PROD-0044,18.67,2,TXN-007114,2024-02-27
7115,Michael Menon,CUST-0521,Denim Jeans,PROD-0012,82.97,1,TXN-007115,2024-03-18
7116,Suresh Lee,CUST-0684,Gym Bag,PROD-0050,52.65,1,TXN-007116,2025-10-20
7117,Robert Thompson,CUST-0205,Coffee Maker,PROD-0021,62.05,1,TXN-007117,2025-09-23
7118,Jessica Chopra,CUST-0274,Denim Jeans,PROD-0012,82.97,3,TXN-007118,2025-08-30
7119,Diya Rao,CUST-0180,USB-C Hub,PROD-0003,61.28,2,TXN-007119,2024-06-27
7120,Linda Iyer,CUST-0248,Python Programming,PROD-0031,22.63,1,TXN-007120,2025-01-25
7121,Margaret Rodriguez,CUST-0444,History of AI,PROD-0038,15.71,2,TXN-007121,2025-03-09
7122,Diya Davis,CUST-0615,Denim Jeans,PROD-0012,82.97,3,TXN-007122,2025-08-06
7123,Ishaan Rodriguez,CUST-0356,Formal Shirt,PROD-0015,57.36,1,TXN-007123,2025-01-27
7124,Daniel Lopez,CUST-0096,Fiction Novel,PROD-0037,12.83,1,TXN-007124,2024-03-07
7125,Isha Pillai,CUST-0641,Business Strategy,PROD-0035,33.11,3,TXN-007125,2024-07-15
7126,Aarav Gupta,CUST-0624,Jump Rope,PROD-0044,18.67,1,TXN-007126,2025-09-28
7127,Krishna Anderson,CUST-0237,Scarf,PROD-0020,33.28,1,TXN-007127,2025-10-31
7128,Nikhil Walker,CUST-0647,External SSD 1TB,PROD-0010,77.83,1,TXN-007128,2025-01-22
7129,Lisa Malhotra,CUST-0435,Jump Rope,PROD-0044,18.67,1,TXN-007129,2024-07-11
7130,Ananya Garcia,CUST-0277,Storage Containers,PROD-0027,35.05,1,TXN-007130,2024-11-03
7131,Suresh Mehta,CUST-0691,Web Development,PROD-0034,44.41,2,TXN-007131,2024-08-23
7132,Anthony White,CUST-0244,Casual Shorts,PROD-0017,29.07,1,TXN-007132,2025-01-14
7133,Divya Rodriguez,CUST-0105,Swimming Goggles,PROD-0048,16.81,2,TXN-007133,2025-03-22
7134,James Bhat,CUST-0627,Casual Shorts,PROD-0017,29.07,3,TXN-007134,2025-06-03
7135,Anjali Young,CUST-0446,Gym Bag,PROD-0050,52.65,3,TXN-007135,2024-10-21
7136,Diya Rao,CUST-0180,Cap,PROD-0019,12.46,1,TXN-007136,2025-07-29
7137,Neha Taylor,CUST-0181,Knife Set,PROD-0025,68.52,4,TXN-007137,2024-05-16
7138,Ashley Brown,CUST-0568,Blender,PROD-0022,46.5,1,TXN-007138,2025-04-05
7139,Sara Pillai,CUST-0276,Running Shoes,PROD-0014,41.04,1,TXN-007139,2024-01-23
7140,Isabella Rao,CUST-0592,Toaster,PROD-0023,31.12,1,TXN-007140,2025-07-26
7141,Reyansh Lewis,CUST-0649,Web Development,PROD-0034,44.41,3,TXN-007141,2025-01-17
7142,Aarav Gupta,CUST-0624,Sports Socks (3-pack),PROD-0018,13.94,4,TXN-007142,2025-05-06
7143,Nikhil Walker,CUST-0647,Wireless Mouse,PROD-0001,45.68,1,TXN-007143,2025-03-13
7144,Manoj Hernandez,CUST-0620,Cutting Board,PROD-0028,11.96,1,TXN-007144,2024-08-02
7145,Sara Wright,CUST-0331,Cookbook,PROD-0039,22.32,1,TXN-007145,2025-04-26
7146,Rajesh Allen,CUST-0415,Blender,PROD-0022,46.5,1,TXN-007146,2025-04-13
7147,Sai Williams,CUST-0128,Self-Help Guide,PROD-0036,10.26,2,TXN-007147,2024-01-05
7148,Ayaan Rao,CUST-0039,Cycling Gloves,PROD-0049,31.15,2,TXN-007148,2025-08-25
7149,Michael Brown,CUST-0349,Sports Socks (3-pack),PROD-0018,13.94,1,TXN-007149,2025-06-04
7150,Donald Anderson,CUST-0467,Running Shoes,PROD-0014,41.04,4,TXN-007150,2024-10-18
7151,Daniel Desai,CUST-0758,Tennis Racket,PROD-0047,61.92,2,TXN-007151,2025-02-15
7152,Arjun Shah,CUST-0683,Knife Set,PROD-0025,68.52,2,TXN-007152,2025-03-20
7153,Aanya Singh,CUST-0441,Dish Rack,PROD-0029,28.32,2,TXN-007153,2025-09-17
7154,Meena Jones,CUST-0594,Casual Shorts,PROD-0017,29.07,2,TXN-007154,2025-02-22
7155,Neha Iyer,CUST-0718,Keyboard Mechanical,PROD-0007,97.82,2,TXN-007155,2025-10-19
7156,Joseph White,CUST-0023,Cutting Board,PROD-0028,11.96,2,TXN-007156,2024-03-28
7157,Aarav Kulkarni,CUST-0268,Travel Guide,PROD-0040,22.38,2,TXN-007157,2024-03-25
7158,Lucas Davis,CUST-0083,Bluetooth Headphones,PROD-0002,92.28,5,TXN-007158,2024-08-08
7159,Myra Menon,CUST-0537,Casual Shorts,PROD-0017,29.07,3,TXN-007159,2025-04-03
7160,John Smith,CUST-0106,Blender,PROD-0022,46.5,1,TXN-007160,2025-01-02
7161,Patricia Chopra,CUST-0429,Cutting Board,PROD-0028,11.96,3,TXN-007161,2024-01-01
7162,Jennifer Shah,CUST-0669,Blender,PROD-0022,46.5,1,TXN-007162,2025-06-01
7163,John Malhotra,CUST-0433,Bluetooth Headphones,PROD-0002,92.28,2,TXN-007163,2025-01-28
7164,John Jones,CUST-0504,Resistance Bands,PROD-0043,22.74,1,TXN-007164,2025-07-30
7165,Divya Davis,CUST-0741,Jump Rope,PROD-0044,18.67,1,TXN-007165,2024-10-17
7166,Mark Jackson,CUST-0711,Running Shoes,PROD-0014,41.04,5,TXN-007166,2025-01-11
7167,Jessica Rao,CUST-0626,Yoga Mat,PROD-0041,42.7,5,TXN-007167,2025-08-12
7168,Krishna Miller,CUST-0530,Coffee Maker,PROD-0021,62.05,1,TXN-007168,2024-10-11
7169,Jennifer Moore,CUST-0332,Cycling Gloves,PROD-0049,31.15,4,TXN-007169,2025-10-23
7170,Amit Robinson,CUST-0344,Storage Containers,PROD-0027,35.05,2,TXN-007170,2025-12-25
7171,Myra Sharma,CUST-0591,Formal Shirt,PROD-0015,57.36,2,TXN-007171,2024-11-14
7172,Sunita Kumar,CUST-0047,Laptop Stand,PROD-0009,59.55,3,TXN-007172,2024-09-27
7173,Riya Jones,CUST-0183,Self-Help Guide,PROD-0036,10.26,2,TXN-007173,2025-04-27
7174,Richard Menon,CUST-0720,Business Strategy,PROD-0035,33.11,2,TXN-007174,2024-12-05
7175,Deepak Kulkarni,CUST-0457,Monitor Stand,PROD-0008,53.18,1,TXN-007175,2024-02-04
7176,Noah Lopez,CUST-0134,Blender,PROD-0022,46.5,1,TXN-007176,2025-11-29
7177,Myra Smith,CUST-0247,Business Strategy,PROD-0035,33.11,1,TXN-007177,2025-12-23
7178,Noah Pillai,CUST-0503,Cutting Board,PROD-0028,11.96,3,TXN-007178,2025-01-20
7179,Rohit Brown,CUST-0309,Machine Learning Guide,PROD-0033,42.63,5,TXN-007179,2024-03-14
7180,Donald Williams,CUST-0645,Storage Containers,PROD-0027,35.05,3,TXN-007180,2024-09-12
7181,Krishna Miller,CUST-0530,Dumbbells (Pair),PROD-0042,77.78,1,TXN-007181,2024-09-07
7182,Aanya Miller,CUST-0777,Swimming Goggles,PROD-0048,16.81,2,TXN-007182,2025-07-26
7183,Nancy Thomas,CUST-0054,Resistance Bands,PROD-0043,22.74,1,TXN-007183,2024-11-26
7184,Mary White,CUST-0525,Toaster,PROD-0023,31.12,1,TXN-007184,2024-03-27
7185,Joseph White,CUST-0023,Gym Bag,PROD-0050,52.65,1,TXN-007185,2024-05-24
7186,Jessica Brown,CUST-0450,Self-Help Guide,PROD-0036,10.26,2,TXN-007186,2025-09-07
7187,Ashley Chopra,CUST-0342,Webcam HD,PROD-0006,72.22,5,TXN-007187,2025-09-17
7188,Sneha Verma,CUST-0665,Running Shoes,PROD-0014,41.04,1,TXN-007188,2024-10-28
7189,Karen Iyer,CUST-0659,Machine Learning Guide,PROD-0033,42.63,4,TXN-007189,2024-05-30
7190,Mary Bhat,CUST-0726,Data Science Handbook,PROD-0032,42.44,2,TXN-007190,2025-06-20
7191,Betty White,CUST-0386,Cycling Gloves,PROD-0049,31.15,2,TXN-007191,2024-08-09
7192,Isabella Johnson,CUST-0397,Coffee Maker,PROD-0021,62.05,2,TXN-007192,2024-02-22
7193,Swati Williams,CUST-0199,Swimming Goggles,PROD-0048,16.81,2,TXN-007193,2024-09-16
7194,Linda Martin,CUST-0312,Jump Rope,PROD-0044,18.67,1,TXN-007194,2025-10-05
7195,Anthony Wright,CUST-0610,Casual Shorts,PROD-0017,29.07,2,TXN-007195,2025-09-04
7196,Sara Davis,CUST-0387,Swimming Goggles,PROD-0048,16.81,3,TXN-007196,2024-09-07
7197,Mark Malhotra,CUST-0239,Keyboard Mechanical,PROD-0007,97.82,2,TXN-007197,2025-11-21
7198,Nikhil Thompson,CUST-0155,Hoodie,PROD-0013,50.64,1,TXN-007198,2025-03-26
7199,Reyansh Joshi,CUST-0696,Storage Containers,PROD-0027,35.05,1,TXN-007199,2024-02-18
7200,Pari Thomas,CUST-0460,Formal Shirt,PROD-0015,57.36,3,TXN-007200,2025-04-02
7201,Rohit Brown,CUST-0309,Sports Socks (3-pack),PROD-0018,13.94,4,TXN-007201,2025-04-17
7202,Emma Kulkarni,CUST-0473,Cutting Board,PROD-0028,11.96,1,TXN-007202,2025-02-27
7203,Susan Robinson,CUST-0140,Knife Set,PROD-0025,68.52,1,TXN-007203,2025-02-05
7204,Aanya Gupta,CUST-0456,Business Strategy,PROD-0035,33.11,1,TXN-007204,2024-02-12
7205,Pooja Martinez,CUST-0522,Travel Guide,PROD-0040,22.38,4,TXN-007205,2025-07-21
7206,Manoj Hernandez,CUST-0620,Data Science Handbook,PROD-0032,42.44,3,TXN-007206,2024-09-28
7207,Jennifer Martin,CUST-0508,Gym Bag,PROD-0050,52.65,4,TXN-007207,2025-09-19
7208,Riya Pillai,CUST-0280,Jump Rope,PROD-0044,18.67,1,TXN-007208,2024-09-02
7209,Mason Mehta,CUST-0293,Machine Learning Guide,PROD-0033,42.63,3,TXN-007209,2024-05-21
7210,Mia Chopra,CUST-0602,Toaster,PROD-0023,31.12,3,TXN-007210,2025-04-01
7211,Sunita Rao,CUST-0768,Tea Kettle,PROD-0030,40.05,3,TXN-007211,2024-01-29
7212,Patricia Taylor,CUST-0772,Winter Jacket,PROD-0016,125.83,2,TXN-007212,2025-04-21
7213,Susan Davis,CUST-0430,Self-Help Guide,PROD-0036,10.26,2,TXN-007213,2024-01-26
7214,Sai Davis,CUST-0272,External SSD 1TB,PROD-0010,77.83,1,TXN-007214,2025-05-06
7215,Aarav Menon,CUST-0432,Tea Kettle,PROD-0030,40.05,1,TXN-007215,2024-11-11
7216,Divya Patel,CUST-0612,Dish Rack,PROD-0029,28.32,1,TXN-007216,2024-11-01
7217,Vikram Davis,CUST-0091,Smartwatch,PROD-0005,158.2,1,TXN-007217,2025-04-27
7218,John Pillai,CUST-0785,Running Shoes,PROD-0014,41.04,2,TXN-007218,2024-07-31
7219,Charlotte Jackson,CUST-0061,Travel Guide,PROD-0040,22.38,2,TXN-007219,2024-02-03
7220,Karen Iyer,CUST-0659,Basketball,PROD-0046,39.63,1,TXN-007220,2024-10-11
7221,Daniel Singh,CUST-0757,USB-C Hub,PROD-0003,61.28,3,TXN-007221,2025-01-16
7222,Priya Martinez,CUST-0408,Toaster,PROD-0023,31.12,3,TXN-007222,2024-06-02
7223,Linda Iyer,CUST-0248,Swimming Goggles,PROD-0048,16.81,1,TXN-007223,2024-09-26
7224,James Harris,CUST-0352,Winter Jacket,PROD-0016,125.83,2,TXN-007224,2024-12-07
7225,Riya Jackson,CUST-0671,Resistance Bands,PROD-0043,22.74,2,TXN-007225,2024-09-08
7226,Ishaan Jackson,CUST-0351,Denim Jeans,PROD-0012,82.97,4,TXN-007226,2025-11-24
7227,Noah Lopez,CUST-0134,Storage Containers,PROD-0027,35.05,2,TXN-007227,2024-02-02
7228,Nikhil Walker,CUST-0647,Jump Rope,PROD-0044,18.67,4,TXN-007228,2025-11-18
7229,Margaret Young,CUST-0781,Wireless Mouse,PROD-0001,45.68,4,TXN-007229,2024-02-07
7230,Anjali Gupta,CUST-0267,Tea Kettle,PROD-0030,40.05,1,TXN-007230,2025-08-07
7231,Suresh Allen,CUST-0755,Webcam HD,PROD-0006,72.22,1,TXN-007231,2024-09-08
7232,Linda Pillai,CUST-0316,History of AI,PROD-0038,15.71,5,TXN-007232,2025-11-12
7233,Amit Clark,CUST-0371,Storage Containers,PROD-0027,35.05,1,TXN-007233,2025-09-06
7234,Suresh Bhat,CUST-0706,Cycling Gloves,PROD-0049,31.15,2,TXN-007234,2025-08-04
7235,Michael Smith,CUST-0606,Swimming Goggles,PROD-0048,16.81,1,TXN-007235,2024-11-17
7236,Lucas Davis,CUST-0083,Webcam HD,PROD-0006,72.22,2,TXN-007236,2025-11-30
7237,Deepak Jackson,CUST-0326,Machine Learning Guide,PROD-0033,42.63,1,TXN-007237,2025-04-03
7238,Neha Rodriguez,CUST-0284,Water Bottle,PROD-0026,17.56,2,TXN-007238,2024-11-15
7239,Susan Clark,CUST-0748,Scarf,PROD-0020,33.28,2,TXN-007239,2025-03-11
7240,Daniel Lopez,CUST-0096,Machine Learning Guide,PROD-0033,42.63,2,TXN-007240,2025-10-25
7241,John Walker,CUST-0419,Machine Learning Guide,PROD-0033,42.63,2,TXN-007241,2024-01-01
7242,Anthony Jones,CUST-0288,Tennis Racket,PROD-0047,61.92,2,TXN-007242,2025-08-20
7243,Ayaan Wright,CUST-0422,Water Bottle,PROD-0026,17.56,2,TXN-007243,2025-01-27
7244,Charlotte Singh,CUST-0561,External SSD 1TB,PROD-0010,77.83,3,TXN-007244,2024-01-17
7245,Sandra Malhotra,CUST-0759,Non-Stick Pan,PROD-0024,32.73,3,TXN-007245,2025-01-12
7246,Swati Gupta,CUST-0414,Blender,PROD-0022,46.5,5,TXN-007246,2025-08-23
7247,Aditya Patel,CUST-0384,Bluetooth Headphones,PROD-0002,92.28,2,TXN-007247,2025-09-25
7248,Nisha Mehta,CUST-0070,Sports Socks (3-pack),PROD-0018,13.94,3,TXN-007248,2025-12-19
7249,Mark Malhotra,CUST-0239,Football,PROD-0045,29.05,1,TXN-007249,2024-07-03
7250,Linda Clark,CUST-0589,Basketball,PROD-0046,39.63,1,TXN-007250,2025-03-08
7251,Mason Mehta,CUST-0293,Bluetooth Headphones,PROD-0002,92.28,1,TXN-007251,2025-05-07
7252,Oliver Young,CUST-0697,Winter Jacket,PROD-0016,125.83,2,TXN-007252,2025-03-08
7253,Rahul Malhotra,CUST-0179,External SSD 1TB,PROD-0010,77.83,1,TXN-007253,2024-02-26
7254,Ishaan Rodriguez,CUST-0364,Smartwatch,PROD-0005,158.2,1,TXN-007254,2024-03-31
7255,Sara Lewis,CUST-0545,Knife Set,PROD-0025,68.52,1,TXN-007255,2024-11-11
7256,Daniel Singh,CUST-0497,Scarf,PROD-0020,33.28,2,TXN-007256,2024-09-06
7257,Nisha Thompson,CUST-0219,Self-Help Guide,PROD-0036,10.26,2,TXN-007257,2024-04-02
7258,Sandra Kulkarni,CUST-0260,Tea Kettle,PROD-0030,40.05,3,TXN-007258,2025-05-27
7259,Arjun Nair,CUST-0348,Cotton T-Shirt,PROD-0011,30.65,1,TXN-007259,2024-11-02
7260,David Thomas,CUST-0310,Laptop Stand,PROD-0009,59.55,1,TXN-007260,2024-12-01
7261,Ishaan Taylor,CUST-0621,Casual Shorts,PROD-0017,29.07,1,TXN-007261,2024-01-18
7262,Joseph Garcia,CUST-0765,Jump Rope,PROD-0044,18.67,1,TXN-007262,2024-08-19
7263,Elizabeth Wright,CUST-0517,Python Programming,PROD-0031,22.63,2,TXN-007263,2024-12-31
7264,Sai Walker,CUST-0085,Business Strategy,PROD-0035,33.11,4,TXN-007264,2025-11-29
7265,Charlotte Thompson,CUST-0717,Cycling Gloves,PROD-0049,31.15,4,TXN-007265,2025-02-27
7266,Pari Gupta,CUST-0318,Data Science Handbook,PROD-0032,42.44,2,TXN-007266,2024-04-07
7267,Reyansh White,CUST-0209,Webcam HD,PROD-0006,72.22,5,TXN-007267,2025-01-10
7268,Meena Rao,CUST-0079,Machine Learning Guide,PROD-0033,42.63,2,TXN-007268,2024-01-09
7269,Nancy Bhat,CUST-0145,Toaster,PROD-0023,31.12,2,TXN-007269,2024-07-19
7270,Jessica Chopra,CUST-0274,Storage Containers,PROD-0027,35.05,3,TXN-007270,2025-07-01
7271,Susan Lewis,CUST-0081,Toaster,PROD-0023,31.12,1,TXN-007271,2025-09-28
7272,Vihaan Anderson,CUST-0540,Gym Bag,PROD-0050,52.65,2,TXN-007272,2025-10-15
7273,Richard Robinson,CUST-0172,Football,PROD-0045,29.05,1,TXN-007273,2025-07-17
7274,Pari Robinson,CUST-0617,Coffee Maker,PROD-0021,62.05,1,TXN-007274,2025-09-29
7275,Vivaan Johnson,CUST-0635,Portable Charger,PROD-0004,42.05,3,TXN-007275,2025-06-19
7276,Mia Nair,CUST-0311,Basketball,PROD-0046,39.63,4,TXN-007276,2024-03-18
7277,Ashley Martinez,CUST-0175,Self-Help Guide,PROD-0036,10.26,5,TXN-007277,2024-12-04
7278,Diya Thomas,CUST-0370,Web Development,PROD-0034,44.41,3,TXN-007278,2024-04-23
7279,Betty White,CUST-0386,Tea Kettle,PROD-0030,40.05,1,TXN-007279,2025-09-27
7280,Riya Jones,CUST-0183,Running Shoes,PROD-0014,41.04,2,TXN-007280,2024-04-09
7281,Mia Chopra,CUST-0602,Formal Shirt,PROD-0015,57.36,1,TXN-007281,2025-08-08
7282,Charlotte Johnson,CUST-0094,Self-Help Guide,PROD-0036,10.26,4,TXN-007282,2024-02-12
7283,Arjun Thompson,CUST-0750,Portable Charger,PROD-0004,42.05,5,TXN-007283,2025-06-29
7284,Mia Kulkarni,CUST-0067,Casual Shorts,PROD-0017,29.07,4,TXN-007284,2024-07-12
7285,Aanya Chopra,CUST-0266,Laptop Stand,PROD-0009,59.55,3,TXN-007285,2024-06-26
7286,Rajesh Kulkarni,CUST-0320,Cotton T-Shirt,PROD-0011,30.65,1,TXN-007286,2025-09-14
7287,Margaret Martin,CUST-0379,Fiction Novel,PROD-0037,12.83,2,TXN-007287,2024-09-04
7288,Sara Taylor,CUST-0782,Portable Charger,PROD-0004,42.05,3,TXN-007288,2024-04-14
7289,Matthew Reddy,CUST-0178,Smartwatch,PROD-0005,158.2,2,TXN-007289,2024-06-07
7290,Jennifer Mehta,CUST-0484,Hoodie,PROD-0013,50.64,1,TXN-007290,2024-03-30
7291,Myra Thomas,CUST-0303,Tennis Racket,PROD-0047,61.92,2,TXN-007291,2024-07-20
7292,Mason Lewis,CUST-0256,Webcam HD,PROD-0006,72.22,1,TXN-007292,2025-10-18
7293,Oliver Lee,CUST-0365,Non-Stick Pan,PROD-0024,32.73,1,TXN-007293,2024-02-25
7294,Nikhil Clark,CUST-0065,Coffee Maker,PROD-0021,62.05,1,TXN-007294,2024-07-13
7295,Charlotte Jackson,CUST-0061,Scarf,PROD-0020,33.28,1,TXN-007295,2025-04-05
7296,Aadhya Shah,CUST-0452,Business Strategy,PROD-0035,33.11,1,TXN-007296,2025-12-30
7297,Rahul Allen,CUST-0103,Portable Charger,PROD-0004,42.05,2,TXN-007297,2025-02-21
7298,Diya Thomas,CUST-0370,Travel Guide,PROD-0040,22.38,2,TXN-007298,2025-11-10
7299,Ishaan Young,CUST-0787,Coffee Maker,PROD-0021,62.05,1,TXN-007299,2025-02-20
7300,Pooja Johnson,CUST-0760,Basketball,PROD-0046,39.63,2,TXN-007300,2024-11-08
7301,Krishna Walker,CUST-0334,Scarf,PROD-0020,33.28,1,TXN-007301,2025-07-25
7302,Pooja Johnson,CUST-0760,Denim Jeans,PROD-0012,82.97,2,TXN-007302,2024-04-10
7303,Nancy Bhat,CUST-0145,Storage Containers,PROD-0027,35.05,4,TXN-007303,2025-09-04
7304,Jessica Chopra,CUST-0274,Blender,PROD-0022,46.5,1,TXN-007304,2025-03-02
7305,Robert Verma,CUST-0315,Jump Rope,PROD-0044,18.67,1,TXN-007305,2025-09-24
7306,Anthony Malhotra,CUST-0752,Keyboard Mechanical,PROD-0007,97.82,1,TXN-007306,2024-04-17
7307,Priya Mehta,CUST-0712,Swimming Goggles,PROD-0048,16.81,1,TXN-007307,2025-10-18
7308,Elizabeth Thomas,CUST-0390,Football,PROD-0045,29.05,2,TXN-007308,2024-01-18
7309,Charlotte Jackson,CUST-0061,Cycling Gloves,PROD-0049,31.15,4,TXN-007309,2025-12-20
7310,Sara Anderson,CUST-0745,Web Development,PROD-0034,44.41,2,TXN-007310,2024-06-12
7311,David Malhotra,CUST-0681,Casual Shorts,PROD-0017,29.07,1,TXN-007311,2024-05-06
7312,Rajesh Allen,CUST-0415,Business Strategy,PROD-0035,33.11,1,TXN-007312,2025-05-30
7313,Krishna Thomas,CUST-0129,External SSD 1TB,PROD-0010,77.83,2,TXN-007313,2025-10-10
7314,Sara Patel,CUST-0512,Toaster,PROD-0023,31.12,4,TXN-007314,2025-02-15
7315,Ashley Martinez,CUST-0175,Dumbbells (Pair),PROD-0042,77.78,3,TXN-007315,2025-09-25
7316,William Kulkarni,CUST-0583,Gym Bag,PROD-0050,52.65,1,TXN-007316,2024-05-29
7317,Ananya Patel,CUST-0032,Web Development,PROD-0034,44.41,1,TXN-007317,2024-10-04
7318,Liam Clark,CUST-0509,Fiction Novel,PROD-0037,12.83,3,TXN-007318,2025-12-26
7319,Rohit Miller,CUST-0089,Swimming Goggles,PROD-0048,16.81,1,TXN-007319,2024-12-19
7320,William Kulkarni,CUST-0583,Formal Shirt,PROD-0015,57.36,1,TXN-007320,2025-10-11
7321,Reyansh Lewis,CUST-0649,Yoga Mat,PROD-0041,42.7,1,TXN-007321,2024-05-12
7322,Vivaan Malhotra,CUST-0779,Laptop Stand,PROD-0009,59.55,2,TXN-007322,2025-04-11
7323,Karan Davis,CUST-0051,Basketball,PROD-0046,39.63,1,TXN-007323,2024-05-29
7324,Ananya Patel,CUST-0032,USB-C Hub,PROD-0003,61.28,5,TXN-007324,2025-11-07
7325,Sunita Robinson,CUST-0475,Sports Socks (3-pack),PROD-0018,13.94,2,TXN-007325,2025-09-22
7326,Patricia White,CUST-0506,Swimming Goggles,PROD-0048,16.81,1,TXN-007326,2024-07-14
7327,Sunita Malhotra,CUST-0570,Tea Kettle,PROD-0030,40.05,4,TXN-007327,2024-05-28
7328,Michael Jones,CUST-0625,Toaster,PROD-0023,31.12,1,TXN-007328,2024-12-08
7329,Anthony Thompson,CUST-0191,Basketball,PROD-0046,39.63,3,TXN-007329,2024-12-05
7330,Oliver Patel,CUST-0694,Machine Learning Guide,PROD-0033,42.63,4,TXN-007330,2025-10-19
7331,Lisa Hernandez,CUST-0024,Basketball,PROD-0046,39.63,4,TXN-007331,2025-10-08
7332,Oliver Verma,CUST-0529,Water Bottle,PROD-0026,17.56,1,TXN-007332,2025-01-24
7333,Patricia Joshi,CUST-0045,Cap,PROD-0019,12.46,2,TXN-007333,2024-06-26
7334,John Martin,CUST-0187,Casual Shorts,PROD-0017,29.07,1,TXN-007334,2025-01-02
7335,Karen Rao,CUST-0308,Python Programming,PROD-0031,22.63,1,TXN-007335,2025-02-12
7336,Nikhil Patel,CUST-0710,Cookbook,PROD-0039,22.32,5,TXN-007336,2024-02-12
7337,Diya Chopra,CUST-0736,History of AI,PROD-0038,15.71,1,TXN-007337,2024-03-26
7338,Vihaan Garcia,CUST-0650,Machine Learning Guide,PROD-0033,42.63,5,TXN-007338,2025-08-21
7339,Mark Mehta,CUST-0518,Blender,PROD-0022,46.5,2,TXN-007339,2025-12-05
7340,Aanya Chopra,CUST-0266,Running Shoes,PROD-0014,41.04,1,TXN-007340,2025-02-02
7341,Manoj Reddy,CUST-0338,Yoga Mat,PROD-0041,42.7,3,TXN-007341,2025-03-17
7342,Matthew Martin,CUST-0138,Formal Shirt,PROD-0015,57.36,2,TXN-007342,2025-05-18
7343,Sai Walker,CUST-0544,Machine Learning Guide,PROD-0033,42.63,4,TXN-007343,2025-03-29
7344,Mary Bhat,CUST-0746,Knife Set,PROD-0025,68.52,1,TXN-007344,2025-12-14
7345,Sai Garcia,CUST-0629,Travel Guide,PROD-0040,22.38,3,TXN-007345,2024-03-16
7346,Pari Lee,CUST-0211,Knife Set,PROD-0025,68.52,2,TXN-007346,2024-02-23
7347,Manoj Desai,CUST-0427,Dumbbells (Pair),PROD-0042,77.78,1,TXN-007347,2024-05-21
7348,Michael Smith,CUST-0606,Bluetooth Headphones,PROD-0002,92.28,4,TXN-007348,2024-04-10
7349,Sara Anderson,CUST-0745,Hoodie,PROD-0013,50.64,2,TXN-007349,2024-01-10
7350,Linda Chopra,CUST-0287,Python Programming,PROD-0031,22.63,3,TXN-007350,2024-10-10
7351,Aarav Robinson,CUST-0682,Cycling Gloves,PROD-0049,31.15,2,TXN-007351,2024-03-22
7352,Patricia Taylor,CUST-0772,Fiction Novel,PROD-0037,12.83,2,TXN-007352,2024-08-07
7353,Pooja Martinez,CUST-0522,Bluetooth Headphones,PROD-0002,92.28,1,TXN-007353,2024-05-04
7354,Vivaan Malhotra,CUST-0779,Tennis Racket,PROD-0047,61.92,3,TXN-007354,2025-06-17
7355,Ananya Pillai,CUST-0601,Cycling Gloves,PROD-0049,31.15,1,TXN-007355,2024-09-08
7356,Ayaan Jackson,CUST-0574,Cotton T-Shirt,PROD-0011,30.65,5,TXN-007356,2025-08-06
7357,Ananya Thompson,CUST-0297,Scarf,PROD-0020,33.28,1,TXN-007357,2025-12-29
7358,Patricia Taylor,CUST-0772,Monitor Stand,PROD-0008,53.18,1,TXN-007358,2025-07-30
7359,Betty Chopra,CUST-0749,Portable Charger,PROD-0004,42.05,5,TXN-007359,2024-08-26
7360,Linda Pillai,CUST-0316,Dish Rack,PROD-0029,28.32,1,TXN-007360,2024-09-02
7361,Mia Thomas,CUST-0603,Toaster,PROD-0023,31.12,4,TXN-007361,2025-02-22
7362,Reyansh King,CUST-0486,Running Shoes,PROD-0014,41.04,2,TXN-007362,2025-07-31
7363,Betty Brown,CUST-0340,Tennis Racket,PROD-0047,61.92,1,TXN-007363,2025-11-04
7364,Susan Clark,CUST-0748,Water Bottle,PROD-0026,17.56,2,TXN-007364,2025-07-23
7365,Lucas Patel,CUST-0262,Machine Learning Guide,PROD-0033,42.63,3,TXN-007365,2025-02-17
7366,Mary Smith,CUST-0642,Web Development,PROD-0034,44.41,3,TXN-007366,2025-02-27
7367,Betty Brown,CUST-0340,Knife Set,PROD-0025,68.52,2,TXN-007367,2024-06-01
7368,Aditya Thompson,CUST-0608,Cotton T-Shirt,PROD-0011,30.65,1,TXN-007368,2025-11-10
7369,Matthew Harris,CUST-0679,Business Strategy,PROD-0035,33.11,2,TXN-007369,2024-06-11
7370,William Martinez,CUST-0539,Cotton T-Shirt,PROD-0011,30.65,3,TXN-007370,2024-01-02
7371,Vivaan Malhotra,CUST-0779,Cycling Gloves,PROD-0049,31.15,1,TXN-007371,2024-08-11
7372,Oliver Kumar,CUST-0158,Winter Jacket,PROD-0016,125.83,1,TXN-007372,2024-02-12
7373,Krishna Moore,CUST-0448,Machine Learning Guide,PROD-0033,42.63,2,TXN-007373,2025-03-13
7374,Isabella Davis,CUST-0549,Tennis Racket,PROD-0047,61.92,1,TXN-007374,2025-03-08
7375,Daniel Singh,CUST-0497,Storage Containers,PROD-0027,35.05,2,TXN-007375,2025-05-29
7376,Riya Menon,CUST-0019,Travel Guide,PROD-0040,22.38,4,TXN-007376,2024-10-12
7377,Jennifer Moore,CUST-0332,Self-Help Guide,PROD-0036,10.26,1,TXN-007377,2024-10-02
7378,Anthony Malhotra,CUST-0752,Sports Socks (3-pack),PROD-0018,13.94,2,TXN-007378,2025-08-11
7379,Meena Kumar,CUST-0487,Blender,PROD-0022,46.5,1,TXN-007379,2024-08-24
7380,Sarah Thomas,CUST-0366,Yoga Mat,PROD-0041,42.7,1,TXN-007380,2025-05-04
7381,Sara Wright,CUST-0331,Toaster,PROD-0023,31.12,2,TXN-007381,2025-12-27
7382,Manoj Reddy,CUST-0338,Cookbook,PROD-0039,22.32,2,TXN-007382,2025-05-30
7383,Charlotte Thompson,CUST-0717,Travel Guide,PROD-0040,22.38,2,TXN-007383,2025-07-04
7384,Mary Bhat,CUST-0726,Tea Kettle,PROD-0030,40.05,5,TXN-007384,2024-03-30
7385,Daniel Taylor,CUST-0703,Smartwatch,PROD-0005,158.2,3,TXN-007385,2024-10-25
7386,Vihaan Anderson,CUST-0540,Knife Set,PROD-0025,68.52,2,TXN-007386,2024-06-09
7387,Kavita King,CUST-0439,Dish Rack,PROD-0029,28.32,1,TXN-007387,2024-05-03
7388,Sandra Desai,CUST-0767,Dumbbells (Pair),PROD-0042,77.78,1,TXN-007388,2025-09-23
7389,Vihaan Rao,CUST-0634,Data Science Handbook,PROD-0032,42.44,2,TXN-007389,2024-12-08
7390,John Pillai,CUST-0230,Sports Socks (3-pack),PROD-0018,13.94,2,TXN-007390,2024-12-30
7391,Deepak Jackson,CUST-0326,Smartwatch,PROD-0005,158.2,3,TXN-007391,2025-10-18
7392,Kavita Thompson,CUST-0447,Scarf,PROD-0020,33.28,4,TXN-007392,2025-09-18
7393,Ashley Jones,CUST-0413,Dish Rack,PROD-0029,28.32,2,TXN-007393,2025-03-13
7394,Anthony White,CUST-0244,Tennis Racket,PROD-0047,61.92,1,TXN-007394,2024-02-21
7395,Diya Garcia,CUST-0580,Running Shoes,PROD-0014,41.04,1,TXN-007395,2025-05-31
7396,Richard Gupta,CUST-0189,Portable Charger,PROD-0004,42.05,3,TXN-007396,2025-02-09
7397,Sarah Joshi,CUST-0197,USB-C Hub,PROD-0003,61.28,1,TXN-007397,2024-12-01
7398,Anjali Young,CUST-0590,Python Programming,PROD-0031,22.63,2,TXN-007398,2024-06-07
7399,Vikram Bhat,CUST-0177,Sports Socks (3-pack),PROD-0018,13.94,1,TXN-007399,2025-06-20
7400,Anthony Jones,CUST-0288,Cycling Gloves,PROD-0049,31.15,2,TXN-007400,2024-08-08
7401,Ananya King,CUST-0313,Gym Bag,PROD-0050,52.65,2,TXN-007401,2024-06-20
7402,Sarah Shah,CUST-0492,Knife Set,PROD-0025,68.52,2,TXN-007402,2024-02-19
7403,Diya Young,CUST-0582,Yoga Mat,PROD-0041,42.7,2,TXN-007403,2024-09-17
7404,Kavita Thompson,CUST-0447,Dumbbells (Pair),PROD-0042,77.78,2,TXN-007404,2024-03-25
7405,Reyansh Lewis,CUST-0649,Machine Learning Guide,PROD-0033,42.63,5,TXN-007405,2024-10-08
7406,Charles Moore,CUST-0009,Running Shoes,PROD-0014,41.04,1,TXN-007406,2024-11-03
7407,Oliver Thomas,CUST-0567,Wireless Mouse,PROD-0001,45.68,1,TXN-007407,2024-12-07
7408,Neha Miller,CUST-0225,Dish Rack,PROD-0029,28.32,3,TXN-007408,2025-01-18
7409,Vihaan Anderson,CUST-0540,Water Bottle,PROD-0026,17.56,2,TXN-007409,2025-05-12
7410,Meena Jones,CUST-0107,Toaster,PROD-0023,31.12,1,TXN-007410,2024-10-06
7411,Manoj Desai,CUST-0427,Bluetooth Headphones,PROD-0002,92.28,1,TXN-007411,2025-08-22
7412,Oliver Kumar,CUST-0158,Water Bottle,PROD-0026,17.56,1,TXN-007412,2025-03-23
7413,Daniel Singh,CUST-0497,Sports Socks (3-pack),PROD-0018,13.94,4,TXN-007413,2025-02-16
7414,Reyansh Lewis,CUST-0649,Football,PROD-0045,29.05,1,TXN-007414,2024-05-19
7415,David Sharma,CUST-0050,Yoga Mat,PROD-0041,42.7,1,TXN-007415,2024-07-30
7416,Vikram Miller,CUST-0405,Football,PROD-0045,29.05,4,TXN-007416,2024-11-02
7417,William Kumar,CUST-0640,Fiction Novel,PROD-0037,12.83,1,TXN-007417,2025-09-05
7418,Meena Martin,CUST-0708,External SSD 1TB,PROD-0010,77.83,3,TXN-007418,2024-12-23
7419,John Walker,CUST-0419,Dish Rack,PROD-0029,28.32,3,TXN-007419,2025-11-30
7420,Oliver Kumar,CUST-0158,Machine Learning Guide,PROD-0033,42.63,1,TXN-007420,2024-02-13
7421,Ashley Martinez,CUST-0175,Webcam HD,PROD-0006,72.22,4,TXN-007421,2024-12-31
7422,Sai Lee,CUST-0329,Tennis Racket,PROD-0047,61.92,4,TXN-007422,2025-10-26
7423,Mia Rao,CUST-0673,Running Shoes,PROD-0014,41.04,2,TXN-007423,2024-01-21
7424,Ashley Jones,CUST-0690,Data Science Handbook,PROD-0032,42.44,2,TXN-007424,2024-11-23
7425,Richard Lewis,CUST-0563,Laptop Stand,PROD-0009,59.55,1,TXN-007425,2024-06-11
7426,James Mehta,CUST-0396,Denim Jeans,PROD-0012,82.97,2,TXN-007426,2024-08-10
7427,Betty Jackson,CUST-0622,Non-Stick Pan,PROD-0024,32.73,1,TXN-007427,2025-10-18
7428,Mary White,CUST-0525,Sports Socks (3-pack),PROD-0018,13.94,1,TXN-007428,2025-02-08
7429,Arjun Verma,CUST-0003,Dish Rack,PROD-0029,28.32,2,TXN-007429,2024-01-23
7430,Deepak Desai,CUST-0493,Blender,PROD-0022,46.5,1,TXN-007430,2025-07-30
7431,Riya White,CUST-0714,Fiction Novel,PROD-0037,12.83,4,TXN-007431,2025-09-13
7432,Elizabeth Wright,CUST-0517,Smartwatch,PROD-0005,158.2,2,TXN-007432,2025-01-18
7433,Aadhya Bhat,CUST-0380,Smartwatch,PROD-0005,158.2,1,TXN-007433,2025-11-24
7434,Karen Gupta,CUST-0705,Sports Socks (3-pack),PROD-0018,13.94,1,TXN-007434,2024-11-10
7435,Manoj Young,CUST-0619,Gym Bag,PROD-0050,52.65,1,TXN-007435,2024-07-29
7436,Jessica Mehta,CUST-0689,Keyboard Mechanical,PROD-0007,97.82,2,TXN-007436,2024-10-09
7437,Vivaan Johnson,CUST-0635,Business Strategy,PROD-0035,33.11,1,TXN-007437,2025-11-20
7438,Vivaan Malhotra,CUST-0779,Winter Jacket,PROD-0016,125.83,2,TXN-007438,2025-10-21
7439,Jennifer Lopez,CUST-0345,Resistance Bands,PROD-0043,22.74,2,TXN-007439,2024-10-05
7440,Ananya Lewis,CUST-0451,Dish Rack,PROD-0029,28.32,2,TXN-007440,2025-01-23
7441,Sai Kumar,CUST-0799,Coffee Maker,PROD-0021,62.05,2,TXN-007441,2024-02-07
7442,Deepak Desai,CUST-0493,Bluetooth Headphones,PROD-0002,92.28,1,TXN-007442,2024-11-06
7443,William Thompson,CUST-0743,Travel Guide,PROD-0040,22.38,1,TXN-007443,2025-12-26
7444,Lisa Kumar,CUST-0216,Yoga Mat,PROD-0041,42.7,3,TXN-007444,2024-08-15
7445,John Pillai,CUST-0785,Cutting Board,PROD-0028,11.96,2,TXN-007445,2025-11-04
7446,Robert Singh,CUST-0505,Keyboard Mechanical,PROD-0007,97.82,1,TXN-007446,2025-02-24
7447,Mary Pillai,CUST-0578,Denim Jeans,PROD-0012,82.97,5,TXN-007447,2024-01-03
7448,Amit Rodriguez,CUST-0597,Sports Socks (3-pack),PROD-0018,13.94,3,TXN-007448,2024-02-25
7449,Sai Rao,CUST-0499,Water Bottle,PROD-0026,17.56,4,TXN-007449,2025-12-11
7450,Myra Smith,CUST-0247,Scarf,PROD-0020,33.28,4,TXN-007450,2024-12-20
7451,Lisa Kumar,CUST-0216,Non-Stick Pan,PROD-0024,32.73,2,TXN-007451,2025-04-22
7452,Sai Williams,CUST-0128,Portable Charger,PROD-0004,42.05,2,TXN-007452,2024-04-22
7453,Nikhil Lewis,CUST-0127,Blender,PROD-0022,46.5,2,TXN-007453,2025-04-18
7454,Jessica Miller,CUST-0466,Formal Shirt,PROD-0015,57.36,3,TXN-007454,2025-09-21
7455,Sarah Shah,CUST-0270,Winter Jacket,PROD-0016,125.83,2,TXN-007455,2025-11-06
7456,Rajesh Chopra,CUST-0269,Football,PROD-0045,29.05,2,TXN-007456,2024-05-16
7457,Matthew Reddy,CUST-0178,Toaster,PROD-0023,31.12,4,TXN-007457,2025-04-24
7458,Manoj Joshi,CUST-0513,Blender,PROD-0022,46.5,2,TXN-007458,2024-04-16
7459,Charles Patel,CUST-0229,Blender,PROD-0022,46.5,1,TXN-007459,2025-10-11
7460,Sai Kumar,CUST-0500,Scarf,PROD-0020,33.28,1,TXN-007460,2025-06-30
7461,Rohit Chopra,CUST-0337,Dumbbells (Pair),PROD-0042,77.78,1,TXN-007461,2024-08-07
7462,Vivaan Johnson,CUST-0635,Resistance Bands,PROD-0043,22.74,1,TXN-007462,2024-08-31
7463,Sara Sharma,CUST-0149,Business Strategy,PROD-0035,33.11,1,TXN-007463,2025-01-16
7464,Swati Malhotra,CUST-0358,Self-Help Guide,PROD-0036,10.26,1,TXN-007464,2025-11-21
7465,Sunita Rao,CUST-0768,History of AI,PROD-0038,15.71,3,TXN-007465,2024-12-18
7466,Sarah Harris,CUST-0498,Swimming Goggles,PROD-0048,16.81,2,TXN-007466,2025-05-14
7467,Amit Clark,CUST-0371,Machine Learning Guide,PROD-0033,42.63,1,TXN-007467,2025-02-22
7468,Ashley Jones,CUST-0413,USB-C Hub,PROD-0003,61.28,1,TXN-007468,2025-06-27
7469,Charlotte Bhat,CUST-0792,Casual Shorts,PROD-0017,29.07,2,TXN-007469,2024-04-30
7470,Isabella Anderson,CUST-0796,Hoodie,PROD-0013,50.64,2,TXN-007470,2024-09-01
7471,Nisha Thompson,CUST-0219,Swimming Goggles,PROD-0048,16.81,3,TXN-007471,2025-10-15
7472,David Thomas,CUST-0310,Dish Rack,PROD-0029,28.32,1,TXN-007472,2024-01-19
7473,Jennifer Malhotra,CUST-0477,Keyboard Mechanical,PROD-0007,97.82,1,TXN-007473,2025-08-30
7474,Aanya Gupta,CUST-0456,Yoga Mat,PROD-0041,42.7,3,TXN-007474,2024-09-17
7475,Susan Clark,CUST-0748,Data Science Handbook,PROD-0032,42.44,2,TXN-007475,2025-05-15
7476,Vikram Bhat,CUST-0738,Football,PROD-0045,29.05,1,TXN-007476,2024-10-24
7477,Sai Williams,CUST-0128,Self-Help Guide,PROD-0036,10.26,1,TXN-007477,2024-11-23
7478,Charles Verma,CUST-0586,Blender,PROD-0022,46.5,5,TXN-007478,2025-06-14
7479,Noah Verma,CUST-0730,Running Shoes,PROD-0014,41.04,2,TXN-007479,2024-10-17
7480,Rahul Smith,CUST-0382,Basketball,PROD-0046,39.63,3,TXN-007480,2024-02-07
7481,Pooja Kumar,CUST-0126,Tea Kettle,PROD-0030,40.05,1,TXN-007481,2025-09-15
7482,Noah Malhotra,CUST-0398,Keyboard Mechanical,PROD-0007,97.82,1,TXN-007482,2025-04-16
7483,James Clark,CUST-0357,Travel Guide,PROD-0040,22.38,2,TXN-007483,2025-11-05
7484,Isha Young,CUST-0041,Cycling Gloves,PROD-0049,31.15,1,TXN-007484,2024-02-06
7485,Margaret Garcia,CUST-0393,Tea Kettle,PROD-0030,40.05,2,TXN-007485,2025-10-23
7486,Ananya Garcia,CUST-0277,Fiction Novel,PROD-0037,12.83,1,TXN-007486,2025-07-10
7487,Aanya Lewis,CUST-0443,Football,PROD-0045,29.05,2,TXN-007487,2025-06-25
7488,Sandra Davis,CUST-0321,Coffee Maker,PROD-0021,62.05,2,TXN-007488,2025-02-11
7489,Daniel Gupta,CUST-0721,External SSD 1TB,PROD-0010,77.83,1,TXN-007489,2025-01-08
7490,Patricia Reddy,CUST-0593,Gym Bag,PROD-0050,52.65,1,TXN-007490,2025-07-16
7491,James Davis,CUST-0790,History of AI,PROD-0038,15.71,2,TXN-007491,2025-02-15
7492,Oliver Patel,CUST-0694,Winter Jacket,PROD-0016,125.83,1,TXN-007492,2024-07-21
7493,Kavita King,CUST-0439,Data Science Handbook,PROD-0032,42.44,5,TXN-007493,2025-01-11
7494,Ashley Jones,CUST-0690,Toaster,PROD-0023,31.12,3,TXN-007494,2025-08-31
7495,Suresh Lee,CUST-0418,USB-C Hub,PROD-0003,61.28,2,TXN-007495,2025-04-10
7496,Nancy Martinez,CUST-0132,Laptop Stand,PROD-0009,59.55,2,TXN-007496,2024-08-07
7497,Ananya Garcia,CUST-0277,Gym Bag,PROD-0050,52.65,1,TXN-007497,2024-08-06
7498,Krishna Anderson,CUST-0237,Toaster,PROD-0023,31.12,3,TXN-007498,2024-07-17
7499,James Bhat,CUST-0627,Wireless Mouse,PROD-0001,45.68,1,TXN-007499,2024-07-13
7500,Matthew Anderson,CUST-0049,Cookbook,PROD-0039,22.32,2,TXN-007500,2024-11-13
7501,Priya Anderson,CUST-0169,Data Science Handbook,PROD-0032,42.44,2,TXN-007501,2025-09-21
7502,Riya Nair,CUST-0233,Cutting Board,PROD-0028,11.96,2,TXN-007502,2025-11-19
7503,Oliver Kulkarni,CUST-0231,Coffee Maker,PROD-0021,62.05,2,TXN-007503,2025-08-04
7504,Betty Shah,CUST-0424,Dish Rack,PROD-0029,28.32,3,TXN-007504,2024-03-05
7505,Priya Mehta,CUST-0712,Sports Socks (3-pack),PROD-0018,13.94,2,TXN-007505,2024-01-23
7506,Ananya Lopez,CUST-0201,Basketball,PROD-0046,39.63,3,TXN-007506,2025-11-14
7507,Myra Jones,CUST-0012,Resistance Bands,PROD-0043,22.74,1,TXN-007507,2025-04-12
7508,Ashley Jones,CUST-0690,Tennis Racket,PROD-0047,61.92,1,TXN-007508,2025-01-07
7509,Sneha Reddy,CUST-0793,Yoga Mat,PROD-0041,42.7,2,TXN-007509,2025-01-08
7510,Donald Mehta,CUST-0575,External SSD 1TB,PROD-0010,77.83,1,TXN-007510,2024-01-26
7511,William Smith,CUST-0526,Denim Jeans,PROD-0012,82.97,5,TXN-007511,2024-12-16
7512,Matthew Iyer,CUST-0186,Resistance Bands,PROD-0043,22.74,2,TXN-007512,2025-04-27
7513,Michael Smith,CUST-0606,Casual Shorts,PROD-0017,29.07,3,TXN-007513,2024-03-10
7514,Nancy Bhat,CUST-0145,Machine Learning Guide,PROD-0033,42.63,4,TXN-007514,2025-06-19
7515,Vihaan White,CUST-0400,Cutting Board,PROD-0028,11.96,4,TXN-007515,2024-04-16
7516,Vikram Davis,CUST-0091,Laptop Stand,PROD-0009,59.55,2,TXN-007516,2024-07-19
7517,Richard Johnson,CUST-0171,Smartwatch,PROD-0005,158.2,1,TXN-007517,2025-11-04
7518,Richard Johnson,CUST-0171,Coffee Maker,PROD-0021,62.05,4,TXN-007518,2025-01-21
7519,Sai Walker,CUST-0085,Keyboard Mechanical,PROD-0007,97.82,2,TXN-007519,2025-10-19
7520,Matthew Chopra,CUST-0560,Fiction Novel,PROD-0037,12.83,3,TXN-007520,2024-05-30
7521,Ashley Chopra,CUST-0342,Travel Guide,PROD-0040,22.38,4,TXN-007521,2025-02-07
7522,Aanya Miller,CUST-0777,Cycling Gloves,PROD-0049,31.15,1,TXN-007522,2024-09-27
7523,Donald Williams,CUST-0645,Yoga Mat,PROD-0041,42.7,1,TXN-007523,2025-01-16
7524,Charlotte Thompson,CUST-0717,Running Shoes,PROD-0014,41.04,1,TXN-007524,2025-12-03
7525,Riya Chopra,CUST-0325,Sports Socks (3-pack),PROD-0018,13.94,1,TXN-007525,2024-03-19
7526,Vihaan Jones,CUST-0113,Web Development,PROD-0034,44.41,1,TXN-007526,2025-12-05
7527,Oliver Mehta,CUST-0546,Resistance Bands,PROD-0043,22.74,4,TXN-007527,2025-12-13
7528,Ishaan Jackson,CUST-0351,Webcam HD,PROD-0006,72.22,1,TXN-007528,2025-04-05
7529,Neha Kumar,CUST-0193,Machine Learning Guide,PROD-0033,42.63,5,TXN-007529,2025-12-04
7530,Rahul Verma,CUST-0347,External SSD 1TB,PROD-0010,77.83,1,TXN-007530,2025-07-19
7531,Robert Jackson,CUST-0664,Dumbbells (Pair),PROD-0042,77.78,2,TXN-007531,2025-12-07
7532,Aditya Thompson,CUST-0608,Running Shoes,PROD-0014,41.04,2,TXN-007532,2025-03-15
7533,William Smith,CUST-0526,Scarf,PROD-0020,33.28,3,TXN-007533,2025-07-03
7534,Isha Anderson,CUST-0798,Sports Socks (3-pack),PROD-0018,13.94,4,TXN-007534,2024-03-23
7535,Anjali Gupta,CUST-0267,Knife Set,PROD-0025,68.52,2,TXN-007535,2024-06-18
7536,Neha Brown,CUST-0029,Smartwatch,PROD-0005,158.2,1,TXN-007536,2025-06-18
7537,Emma Singh,CUST-0250,Hoodie,PROD-0013,50.64,1,TXN-007537,2024-09-30
7538,Anthony Menon,CUST-0062,Keyboard Mechanical,PROD-0007,97.82,1,TXN-007538,2025-03-29
7539,Mary Reddy,CUST-0174,Business Strategy,PROD-0035,33.11,1,TXN-007539,2025-02-02
7540,Myra Jones,CUST-0012,Hoodie,PROD-0013,50.64,1,TXN-007540,2025-05-08
7541,David Wright,CUST-0797,Water Bottle,PROD-0026,17.56,4,TXN-007541,2025-04-24
7542,Noah Pillai,CUST-0495,USB-C Hub,PROD-0003,61.28,3,TXN-007542,2024-01-11
7543,Aarav Menon,CUST-0432,Resistance Bands,PROD-0043,22.74,2,TXN-007543,2025-03-21
7544,Suresh Taylor,CUST-0112,Business Strategy,PROD-0035,33.11,1,TXN-007544,2025-04-21
7545,Sara Davis,CUST-0387,External SSD 1TB,PROD-0010,77.83,3,TXN-007545,2025-01-17
7546,Arjun Verma,CUST-0003,Python Programming,PROD-0031,22.63,2,TXN-007546,2025-05-09
7547,Suresh Bhat,CUST-0706,Smartwatch,PROD-0005,158.2,2,TXN-007547,2024-07-08
7548,Sophia Desai,CUST-0097,Data Science Handbook,PROD-0032,42.44,1,TXN-007548,2024-10-15
7549,Matthew Lee,CUST-0559,Web Development,PROD-0034,44.41,3,TXN-007549,2025-02-08
7550,Donald Mehta,CUST-0575,Portable Charger,PROD-0004,42.05,2,TXN-007550,2024-04-15
7551,Karen Martin,CUST-0514,Knife Set,PROD-0025,68.52,3,TXN-007551,2024-08-15
7552,Karen Nair,CUST-0046,Formal Shirt,PROD-0015,57.36,4,TXN-007552,2025-11-18
7553,Betty Rodriguez,CUST-0166,Knife Set,PROD-0025,68.52,3,TXN-007553,2025-11-01
7554,Rohit Chopra,CUST-0337,Water Bottle,PROD-0026,17.56,1,TXN-007554,2025-03-15
7555,James Miller,CUST-0479,Scarf,PROD-0020,33.28,1,TXN-007555,2025-09-19
7556,Pooja Brown,CUST-0086,Water Bottle,PROD-0026,17.56,1,TXN-007556,2025-12-02
7557,Lucas Hernandez,CUST-0771,Formal Shirt,PROD-0015,57.36,2,TXN-007557,2024-01-21
7558,Isabella Johnson,CUST-0397,Casual Shorts,PROD-0017,29.07,3,TXN-007558,2025-08-05
7559,Sandra White,CUST-0034,Fiction Novel,PROD-0037,12.83,3,TXN-007559,2025-05-13
7560,Nancy Singh,CUST-0661,Wireless Mouse,PROD-0001,45.68,1,TXN-007560,2024-05-13
7561,Jennifer Lopez,CUST-0345,Resistance Bands,PROD-0043,22.74,5,TXN-007561,2025-12-23
7562,Ananya Lee,CUST-0611,Dish Rack,PROD-0029,28.32,2,TXN-007562,2024-05-06
7563,Amit Wright,CUST-0566,Smartwatch,PROD-0005,158.2,3,TXN-007563,2025-01-17
7564,Amit Lopez,CUST-0573,Fiction Novel,PROD-0037,12.83,1,TXN-007564,2025-02-10
7565,Lucas Nair,CUST-0558,External SSD 1TB,PROD-0010,77.83,2,TXN-007565,2025-04-20
7566,Myra Jones,CUST-0012,Tea Kettle,PROD-0030,40.05,1,TXN-007566,2024-04-30
7567,Joseph Patel,CUST-0341,Winter Jacket,PROD-0016,125.83,1,TXN-007567,2024-09-11
7568,Susan Brown,CUST-0653,Water Bottle,PROD-0026,17.56,3,TXN-007568,2024-12-15
7569,Michael Lopez,CUST-0176,Water Bottle,PROD-0026,17.56,3,TXN-007569,2024-05-23
7570,Rahul Malhotra,CUST-0179,Monitor Stand,PROD-0008,53.18,2,TXN-007570,2024-01-26
7571,Matthew Mehta,CUST-0564,Basketball,PROD-0046,39.63,2,TXN-007571,2025-01-10
7572,Noah Harris,CUST-0283,Machine Learning Guide,PROD-0033,42.63,1,TXN-007572,2025-09-09
7573,Sara Rodriguez,CUST-0238,Hoodie,PROD-0013,50.64,3,TXN-007573,2025-01-11
7574,Matthew Lee,CUST-0559,Formal Shirt,PROD-0015,57.36,3,TXN-007574,2024-11-01
7575,Sarah Joshi,CUST-0197,Jump Rope,PROD-0044,18.67,3,TXN-007575,2025-10-16
7576,Sai Walker,CUST-0085,Wireless Mouse,PROD-0001,45.68,2,TXN-007576,2025-04-04
7577,Meena Miller,CUST-0246,Coffee Maker,PROD-0021,62.05,4,TXN-007577,2025-05-06
7578,Daniel Rodriguez,CUST-0319,Blender,PROD-0022,46.5,4,TXN-007578,2025-01-21
7579,Rahul Bhat,CUST-0588,Running Shoes,PROD-0014,41.04,3,TXN-007579,2025-12-23
7580,Nisha Wright,CUST-0354,Monitor Stand,PROD-0008,53.18,1,TXN-007580,2024-06-15
7581,Myra Anderson,CUST-0753,Webcam HD,PROD-0006,72.22,1,TXN-007581,2024-03-31
7582,Nikhil Thompson,CUST-0155,Business Strategy,PROD-0035,33.11,1,TXN-007582,2024-03-29
7583,Charles Verma,CUST-0586,Blender,PROD-0022,46.5,1,TXN-007583,2025-10-12
7584,Amit Rodriguez,CUST-0597,Basketball,PROD-0046,39.63,2,TXN-007584,2025-08-15
7585,Rahul Brown,CUST-0013,Formal Shirt,PROD-0015,57.36,1,TXN-007585,2025-09-09
7586,Reyansh Williams,CUST-0465,Keyboard Mechanical,PROD-0007,97.82,2,TXN-007586,2025-05-19
7587,Margaret Reddy,CUST-0084,Data Science Handbook,PROD-0032,42.44,2,TXN-007587,2024-07-15
7588,Sandra White,CUST-0034,Toaster,PROD-0023,31.12,2,TXN-007588,2025-04-07
7589,James Pillai,CUST-0059,Fiction Novel,PROD-0037,12.83,1,TXN-007589,2024-05-12
7590,Sandra Kulkarni,CUST-0260,Football,PROD-0045,29.05,1,TXN-007590,2024-12-03
7591,Daniel Lopez,CUST-0096,Water Bottle,PROD-0026,17.56,1,TXN-007591,2024-08-25
7592,Manoj Lopez,CUST-0780,Yoga Mat,PROD-0041,42.7,2,TXN-007592,2025-08-27
7593,Sai Lee,CUST-0329,Running Shoes,PROD-0014,41.04,1,TXN-007593,2025-01-29
7594,Amit Lopez,CUST-0573,Casual Shorts,PROD-0017,29.07,1,TXN-007594,2025-07-24
7595,Reyansh Williams,CUST-0465,Cycling Gloves,PROD-0049,31.15,3,TXN-007595,2025-04-13
7596,Oliver Smith,CUST-0476,Resistance Bands,PROD-0043,22.74,2,TXN-007596,2024-03-03
7597,Swati Lee,CUST-0010,Knife Set,PROD-0025,68.52,1,TXN-007597,2024-11-13
7598,Lisa Robinson,CUST-0333,Dumbbells (Pair),PROD-0042,77.78,3,TXN-007598,2025-08-24
7599,Lucas Rodriguez,CUST-0734,Tea Kettle,PROD-0030,40.05,2,TXN-007599,2025-11-15
7600,Mark Malhotra,CUST-0239,Webcam HD,PROD-0006,72.22,2,TXN-007600,2025-04-28
7601,Vivaan Malhotra,CUST-0779,Winter Jacket,PROD-0016,125.83,1,TXN-007601,2024-08-19
7602,Jessica Anderson,CUST-0182,Casual Shorts,PROD-0017,29.07,2,TXN-007602,2025-03-06
7603,Sandra Desai,CUST-0767,Tennis Racket,PROD-0047,61.92,3,TXN-007603,2024-12-07
7604,Aditya Thompson,CUST-0774,Data Science Handbook,PROD-0032,42.44,4,TXN-007604,2024-09-27
7605,Michael Brown,CUST-0349,Monitor Stand,PROD-0008,53.18,3,TXN-007605,2024-11-05
7606,James Reddy,CUST-0556,Sports Socks (3-pack),PROD-0018,13.94,4,TXN-007606,2024-02-14
7607,Ananya Pillai,CUST-0601,Scarf,PROD-0020,33.28,3,TXN-007607,2025-03-25
7608,William Thompson,CUST-0743,Running Shoes,PROD-0014,41.04,3,TXN-007608,2025-07-08
7609,Suresh Desai,CUST-0095,Toaster,PROD-0023,31.12,1,TXN-007609,2024-12-15
7610,Ananya Thompson,CUST-0297,Cotton T-Shirt,PROD-0011,30.65,2,TXN-007610,2025-04-10
7611,Sai Singh,CUST-0609,Gym Bag,PROD-0050,52.65,3,TXN-007611,2025-01-03
7612,Meena Jones,CUST-0594,Basketball,PROD-0046,39.63,4,TXN-007612,2025-05-03
7613,Betty Shah,CUST-0424,Monitor Stand,PROD-0008,53.18,1,TXN-007613,2024-02-22
7614,Arjun Patel,CUST-0496,Fiction Novel,PROD-0037,12.83,2,TXN-007614,2024-11-10
7615,Sophia Smith,CUST-0461,Non-Stick Pan,PROD-0024,32.73,1,TXN-007615,2024-12-25
7616,Patricia Chopra,CUST-0429,Blender,PROD-0022,46.5,2,TXN-007616,2025-06-08
7617,Manoj Lee,CUST-0579,Tea Kettle,PROD-0030,40.05,1,TXN-007617,2025-01-31
7618,Joseph Patel,CUST-0700,Fiction Novel,PROD-0037,12.83,1,TXN-007618,2025-06-03
7619,Ishaan Clark,CUST-0346,Sports Socks (3-pack),PROD-0018,13.94,4,TXN-007619,2025-11-27
7620,Patricia Reddy,CUST-0026,Cycling Gloves,PROD-0049,31.15,1,TXN-007620,2024-01-11
7621,Aarav Gupta,CUST-0624,Machine Learning Guide,PROD-0033,42.63,1,TXN-007621,2025-12-02
7622,Elizabeth Thomas,CUST-0390,Web Development,PROD-0034,44.41,4,TXN-007622,2025-03-02
7623,Myra Jones,CUST-0012,Cutting Board,PROD-0028,11.96,1,TXN-007623,2025-08-27
7624,Mark King,CUST-0747,Cookbook,PROD-0039,22.32,1,TXN-007624,2025-10-27
7625,Diya Chopra,CUST-0736,Storage Containers,PROD-0027,35.05,1,TXN-007625,2025-06-15
7626,Patricia Bhat,CUST-0136,Storage Containers,PROD-0027,35.05,3,TXN-007626,2025-05-02
7627,Pooja Walker,CUST-0035,Travel Guide,PROD-0040,22.38,3,TXN-007627,2025-03-29
7628,Aadhya Shah,CUST-0452,Tea Kettle,PROD-0030,40.05,2,TXN-007628,2025-01-18
7629,Riya Verma,CUST-0480,USB-C Hub,PROD-0003,61.28,3,TXN-007629,2024-07-29
7630,Mary Chopra,CUST-0584,Fiction Novel,PROD-0037,12.83,4,TXN-007630,2025-02-20
7631,Reyansh Martin,CUST-0148,Knife Set,PROD-0025,68.52,1,TXN-007631,2025-04-24
7632,Reyansh Pillai,CUST-0604,Denim Jeans,PROD-0012,82.97,4,TXN-007632,2025-03-30
7633,Ashley Gupta,CUST-0072,Resistance Bands,PROD-0043,22.74,3,TXN-007633,2024-02-26
7634,Karan Miller,CUST-0449,Cycling Gloves,PROD-0049,31.15,1,TXN-007634,2025-01-01
7635,Nikhil Lewis,CUST-0127,Laptop Stand,PROD-0009,59.55,2,TXN-007635,2025-03-05
7636,Vikram Bhat,CUST-0177,Denim Jeans,PROD-0012,82.97,2,TXN-007636,2024-02-03
7637,Isabella Pillai,CUST-0417,Business Strategy,PROD-0035,33.11,5,TXN-007637,2025-10-30
7638,Richard Robinson,CUST-0172,Cap,PROD-0019,12.46,1,TXN-007638,2024-08-25
7639,Nikhil Verma,CUST-0198,Jump Rope,PROD-0044,18.67,4,TXN-007639,2024-09-04
7640,Nancy Thomas,CUST-0054,External SSD 1TB,PROD-0010,77.83,1,TXN-007640,2025-08-26
7641,Reyansh Nair,CUST-0236,Casual Shorts,PROD-0017,29.07,1,TXN-007641,2024-01-24
7642,Vikram Robinson,CUST-0411,Basketball,PROD-0046,39.63,4,TXN-007642,2025-01-21
7643,Diya Garcia,CUST-0580,Casual Shorts,PROD-0017,29.07,3,TXN-007643,2025-11-27
7644,Arjun Verma,CUST-0003,Water Bottle,PROD-0026,17.56,2,TXN-007644,2025-11-01
7645,Noah Lopez,CUST-0134,Hoodie,PROD-0013,50.64,1,TXN-007645,2025-07-04
7646,Sandra Lee,CUST-0402,Coffee Maker,PROD-0021,62.05,3,TXN-007646,2025-09-05
7647,Ananya King,CUST-0313,Webcam HD,PROD-0006,72.22,1,TXN-007647,2024-12-17
7648,Diya Davis,CUST-0249,Python Programming,PROD-0031,22.63,3,TXN-007648,2024-02-19
7649,Sandra White,CUST-0034,Knife Set,PROD-0025,68.52,4,TXN-007649,2024-09-28
7650,Sandra Kulkarni,CUST-0260,Web Development,PROD-0034,44.41,4,TXN-007650,2025-07-23
7651,Jennifer Lopez,CUST-0345,Cap,PROD-0019,12.46,2,TXN-007651,2024-12-14
7652,Karan White,CUST-0252,Keyboard Mechanical,PROD-0007,97.82,1,TXN-007652,2025-08-15
7653,Nikhil Walker,CUST-0647,Cycling Gloves,PROD-0049,31.15,3,TXN-007653,2025-06-16
7654,Krishna Gupta,CUST-0011,Casual Shorts,PROD-0017,29.07,1,TXN-007654,2024-12-24
7655,Daniel Rodriguez,CUST-0319,External SSD 1TB,PROD-0010,77.83,2,TXN-007655,2024-01-07
7656,Jennifer Moore,CUST-0332,Winter Jacket,PROD-0016,125.83,5,TXN-007656,2025-02-24
7657,Vivaan Malhotra,CUST-0779,Scarf,PROD-0020,33.28,5,TXN-007657,2025-01-08
7658,Ashley Chopra,CUST-0342,Bluetooth Headphones,PROD-0002,92.28,2,TXN-007658,2025-03-10
7659,Matthew Mehta,CUST-0564,Web Development,PROD-0034,44.41,2,TXN-007659,2025-04-02
7660,Lucas Nair,CUST-0558,Water Bottle,PROD-0026,17.56,1,TXN-007660,2024-07-03
7661,Reyansh Lewis,CUST-0044,Formal Shirt,PROD-0015,57.36,3,TXN-007661,2024-05-13
7662,Oliver Gupta,CUST-0173,Monitor Stand,PROD-0008,53.18,1,TXN-007662,2024-03-17
7663,Deepak Desai,CUST-0493,USB-C Hub,PROD-0003,61.28,4,TXN-007663,2024-04-05
7664,Matthew Singh,CUST-0637,Basketball,PROD-0046,39.63,4,TXN-007664,2025-07-27
7665,Vikram Robinson,CUST-0411,Storage Containers,PROD-0027,35.05,4,TXN-007665,2025-08-29
7666,Aanya Nair,CUST-0795,Fiction Novel,PROD-0037,12.83,2,TXN-007666,2025-07-06
7667,Jennifer Mehta,CUST-0484,Fiction Novel,PROD-0037,12.83,2,TXN-007667,2025-05-10
7668,Noah Chopra,CUST-0164,Web Development,PROD-0034,44.41,2,TXN-007668,2025-12-17
7669,Meena Rao,CUST-0079,Casual Shorts,PROD-0017,29.07,3,TXN-007669,2024-11-13
7670,Diya Young,CUST-0582,Non-Stick Pan,PROD-0024,32.73,3,TXN-007670,2024-06-26
7671,Myra Sharma,CUST-0591,Monitor Stand,PROD-0008,53.18,2,TXN-007671,2025-11-13
7672,Isabella Rao,CUST-0592,Water Bottle,PROD-0026,17.56,1,TXN-007672,2024-04-27
7673,Mia Brown,CUST-0438,Wireless Mouse,PROD-0001,45.68,1,TXN-007673,2024-07-06
7674,Nikhil Lopez,CUST-0555,Self-Help Guide,PROD-0036,10.26,2,TXN-007674,2025-04-27
7675,Ashley Miller,CUST-0005,Bluetooth Headphones,PROD-0002,92.28,1,TXN-007675,2025-12-19
7676,Sarah Williams,CUST-0043,Denim Jeans,PROD-0012,82.97,2,TXN-007676,2024-11-15
7677,Rahul Verma,CUST-0347,Jump Rope,PROD-0044,18.67,1,TXN-007677,2024-01-22
7678,Aanya Kumar,CUST-0151,Jump Rope,PROD-0044,18.67,1,TXN-007678,2025-12-21
7679,Priya Taylor,CUST-0672,Cycling Gloves,PROD-0049,31.15,1,TXN-007679,2025-05-15
7680,Diya Thomas,CUST-0370,Scarf,PROD-0020,33.28,1,TXN-007680,2024-10-05
7681,Joseph Bhat,CUST-0069,Water Bottle,PROD-0026,17.56,1,TXN-007681,2025-05-25
7682,Vivaan Johnson,CUST-0635,Laptop Stand,PROD-0009,59.55,2,TXN-007682,2025-12-13
7683,Nisha Mehta,CUST-0070,Portable Charger,PROD-0004,42.05,4,TXN-007683,2024-10-02
7684,Manoj Martin,CUST-0416,Storage Containers,PROD-0027,35.05,1,TXN-007684,2025-04-22
7685,Anthony Thomas,CUST-0328,Dumbbells (Pair),PROD-0042,77.78,3,TXN-007685,2024-04-10
7686,Oliver Lee,CUST-0365,Cotton T-Shirt,PROD-0011,30.65,2,TXN-007686,2025-11-27
7687,Noah Taylor,CUST-0585,Dish Rack,PROD-0029,28.32,1,TXN-007687,2024-06-23
7688,Ayaan Allen,CUST-0053,Formal Shirt,PROD-0015,57.36,4,TXN-007688,2025-02-11
7689,Lucas Gupta,CUST-0057,Python Programming,PROD-0031,22.63,2,TXN-007689,2024-12-15
7690,Sandra Patel,CUST-0300,Swimming Goggles,PROD-0048,16.81,2,TXN-007690,2024-07-12
7691,Deepak Jones,CUST-0207,Wireless Mouse,PROD-0001,45.68,2,TXN-007691,2025-01-16
7692,Sarah Bhat,CUST-0520,Data Science Handbook,PROD-0032,42.44,1,TXN-007692,2024-08-31
7693,Suresh Bhat,CUST-0706,Self-Help Guide,PROD-0036,10.26,1,TXN-007693,2025-07-01
7694,Myra Rao,CUST-0725,Dumbbells (Pair),PROD-0042,77.78,1,TXN-007694,2024-02-20
7695,Vikram Davis,CUST-0091,Casual Shorts,PROD-0017,29.07,1,TXN-007695,2025-08-31
7696,Oliver Kumar,CUST-0158,Formal Shirt,PROD-0015,57.36,1,TXN-007696,2025-05-12
7697,Daniel Rao,CUST-0078,Sports Socks (3-pack),PROD-0018,13.94,3,TXN-007697,2025-06-28
7698,Ishaan Jackson,CUST-0351,Machine Learning Guide,PROD-0033,42.63,3,TXN-007698,2025-09-27
7699,Vihaan Garcia,CUST-0650,Tea Kettle,PROD-0030,40.05,1,TXN-007699,2025-01-08
7700,Karen Nair,CUST-0046,Tennis Racket,PROD-0047,61.92,1,TXN-007700,2025-03-18
7701,Liam Clark,CUST-0509,Cookbook,PROD-0039,22.32,5,TXN-007701,2025-05-09
7702,Amit Lee,CUST-0686,Laptop Stand,PROD-0009,59.55,1,TXN-007702,2024-05-12
7703,Margaret Rao,CUST-0359,Smartwatch,PROD-0005,158.2,2,TXN-007703,2024-02-17
7704,Linda Mehta,CUST-0123,Self-Help Guide,PROD-0036,10.26,1,TXN-007704,2024-12-27
7705,Sara Davis,CUST-0130,Winter Jacket,PROD-0016,125.83,1,TXN-007705,2024-06-01
7706,Manoj Lee,CUST-0579,Dish Rack,PROD-0029,28.32,3,TXN-007706,2024-10-02
7707,Anjali Young,CUST-0590,Dumbbells (Pair),PROD-0042,77.78,4,TXN-007707,2025-05-03
7708,Robert Davis,CUST-0600,Blender,PROD-0022,46.5,2,TXN-007708,2025-08-30
7709,John Smith,CUST-0106,Blender,PROD-0022,46.5,2,TXN-007709,2025-10-08
7710,Reyansh Chopra,CUST-0381,Coffee Maker,PROD-0021,62.05,3,TXN-007710,2024-03-20
7711,Sandra Rodriguez,CUST-0440,Running Shoes,PROD-0014,41.04,3,TXN-007711,2025-10-23
7712,Sunita Martinez,CUST-0455,Webcam HD,PROD-0006,72.22,1,TXN-007712,2024-06-17
7713,Donald Menon,CUST-0020,Tea Kettle,PROD-0030,40.05,1,TXN-007713,2025-04-15
7714,David Thomas,CUST-0310,Football,PROD-0045,29.05,4,TXN-007714,2024-11-13
7715,Rohit Robinson,CUST-0188,Scarf,PROD-0020,33.28,2,TXN-007715,2025-04-23
7716,Anthony White,CUST-0244,History of AI,PROD-0038,15.71,2,TXN-007716,2025-01-29
7717,Noah Lopez,CUST-0134,Toaster,PROD-0023,31.12,2,TXN-007717,2025-06-13
7718,Matthew Lee,CUST-0559,Winter Jacket,PROD-0016,125.83,2,TXN-007718,2024-07-01
7719,Karen Rao,CUST-0308,Dumbbells (Pair),PROD-0042,77.78,2,TXN-007719,2025-04-26
7720,Mary Bhat,CUST-0746,Dish Rack,PROD-0029,28.32,1,TXN-007720,2025-10-23
7721,Jessica Martinez,CUST-0445,Basketball,PROD-0046,39.63,3,TXN-007721,2025-05-06
7722,Michael Lopez,CUST-0176,Cycling Gloves,PROD-0049,31.15,1,TXN-007722,2024-07-14
7723,Sunita Joshi,CUST-0651,Scarf,PROD-0020,33.28,1,TXN-007723,2024-12-16
7724,Linda Martin,CUST-0312,Travel Guide,PROD-0040,22.38,4,TXN-007724,2025-06-15
7725,Jennifer Martin,CUST-0508,Cotton T-Shirt,PROD-0011,30.65,2,TXN-007725,2025-01-20
7726,Amit Clark,CUST-0371,Python Programming,PROD-0031,22.63,1,TXN-007726,2025-02-19
7727,Lucas Hernandez,CUST-0771,Basketball,PROD-0046,39.63,4,TXN-007727,2024-08-16
7728,Deepak Menon,CUST-0531,Jump Rope,PROD-0044,18.67,2,TXN-007728,2024-06-09
7729,Sai Garcia,CUST-0629,Fiction Novel,PROD-0037,12.83,1,TXN-007729,2024-08-19
7730,Ananya Garcia,CUST-0277,Business Strategy,PROD-0035,33.11,2,TXN-007730,2025-10-18
7731,Patricia Wright,CUST-0304,Laptop Stand,PROD-0009,59.55,1,TXN-007731,2025-08-18
7732,Patricia Chopra,CUST-0429,Portable Charger,PROD-0004,42.05,2,TXN-007732,2024-02-21
7733,Diya Young,CUST-0582,Cap,PROD-0019,12.46,1,TXN-007733,2024-03-08
7734,Susan Davis,CUST-0430,Football,PROD-0045,29.05,1,TXN-007734,2024-08-21
7735,Oliver Miller,CUST-0490,Storage Containers,PROD-0027,35.05,1,TXN-007735,2024-06-20
7736,Manoj Martin,CUST-0416,Knife Set,PROD-0025,68.52,2,TXN-007736,2025-12-11
7737,Oliver Johnson,CUST-0142,Laptop Stand,PROD-0009,59.55,1,TXN-007737,2025-08-31
7738,Oliver Kumar,CUST-0158,USB-C Hub,PROD-0003,61.28,1,TXN-007738,2025-09-05
7739,Krishna Anderson,CUST-0237,Portable Charger,PROD-0004,42.05,2,TXN-007739,2024-03-27
7740,Diya Chopra,CUST-0736,Sports Socks (3-pack),PROD-0018,13.94,4,TXN-007740,2025-10-06
7741,Charlotte Jackson,CUST-0061,Keyboard Mechanical,PROD-0007,97.82,2,TXN-007741,2024-05-31
7742,Lisa Joshi,CUST-0478,Winter Jacket,PROD-0016,125.83,1,TXN-007742,2025-12-28
7743,Mary Kulkarni,CUST-0117,Cycling Gloves,PROD-0049,31.15,2,TXN-007743,2024-07-05
7744,Ayaan Walker,CUST-0406,Scarf,PROD-0020,33.28,4,TXN-007744,2024-09-21
7745,John Jones,CUST-0504,Blender,PROD-0022,46.5,2,TXN-007745,2024-01-14
7746,Myra Jones,CUST-0012,Yoga Mat,PROD-0041,42.7,1,TXN-007746,2024-09-29
7747,Krishna Thomas,CUST-0129,Travel Guide,PROD-0040,22.38,3,TXN-007747,2024-08-10
7748,Manoj Reddy,CUST-0338,Travel Guide,PROD-0040,22.38,2,TXN-007748,2024-10-06
7749,Pari Thomas,CUST-0460,Scarf,PROD-0020,33.28,1,TXN-007749,2025-08-12
7750,Nisha Clark,CUST-0552,Yoga Mat,PROD-0041,42.7,1,TXN-007750,2025-10-24
7751,Margaret Young,CUST-0781,Coffee Maker,PROD-0021,62.05,2,TXN-007751,2025-12-01
7752,Ashley Hernandez,CUST-0426,Football,PROD-0045,29.05,2,TXN-007752,2025-05-03
7753,Sai Walker,CUST-0085,Toaster,PROD-0023,31.12,1,TXN-007753,2025-09-01
7754,Michael Rao,CUST-0021,Cotton T-Shirt,PROD-0011,30.65,1,TXN-007754,2024-06-16
7755,Pooja Johnson,CUST-0760,Scarf,PROD-0020,33.28,2,TXN-007755,2024-08-29
7756,Ashley Jones,CUST-0413,Coffee Maker,PROD-0021,62.05,1,TXN-007756,2024-07-26
7757,Nikhil Sharma,CUST-0147,Cookbook,PROD-0039,22.32,2,TXN-007757,2025-08-11
7758,Ayaan Rao,CUST-0039,Basketball,PROD-0046,39.63,5,TXN-007758,2024-02-26
7759,Aanya Lewis,CUST-0443,Scarf,PROD-0020,33.28,3,TXN-007759,2025-02-20
7760,Nisha Mehta,CUST-0070,Dumbbells (Pair),PROD-0042,77.78,1,TXN-007760,2024-05-29
7761,Suresh Miller,CUST-0463,Machine Learning Guide,PROD-0033,42.63,2,TXN-007761,2025-12-23
7762,Lisa Robinson,CUST-0333,Coffee Maker,PROD-0021,62.05,1,TXN-007762,2024-02-23
7763,Pooja Bhat,CUST-0732,Cap,PROD-0019,12.46,1,TXN-007763,2024-09-11
7764,Sai Williams,CUST-0128,Water Bottle,PROD-0026,17.56,2,TXN-007764,2025-09-05
7765,Reyansh Martin,CUST-0148,Tennis Racket,PROD-0047,61.92,3,TXN-007765,2024-03-03
7766,Myra Anderson,CUST-0753,Cutting Board,PROD-0028,11.96,2,TXN-007766,2025-01-07
7767,Amit Lopez,CUST-0275,Fiction Novel,PROD-0037,12.83,1,TXN-007767,2024-07-20
7768,Riya Davis,CUST-0314,Formal Shirt,PROD-0015,57.36,2,TXN-007768,2025-02-13
7769,Mia Chopra,CUST-0602,Bluetooth Headphones,PROD-0002,92.28,1,TXN-007769,2024-08-05
7770,Daniel Desai,CUST-0758,Gym Bag,PROD-0050,52.65,2,TXN-007770,2024-07-06
7771,Suresh Bhat,CUST-0706,Toaster,PROD-0023,31.12,1,TXN-007771,2025-04-25
7772,Isabella Robinson,CUST-0572,Football,PROD-0045,29.05,1,TXN-007772,2025-04-12
7773,Rajesh Martinez,CUST-0203,Winter Jacket,PROD-0016,125.83,3,TXN-007773,2025-06-07
7774,Sandra Martin,CUST-0101,Formal Shirt,PROD-0015,57.36,1,TXN-007774,2025-05-07
7775,Mark Malhotra,CUST-0239,Sports Socks (3-pack),PROD-0018,13.94,1,TXN-007775,2025-10-06
7776,Reyansh Joshi,CUST-0696,Running Shoes,PROD-0014,41.04,1,TXN-007776,2024-08-23
7777,Michael Robinson,CUST-0434,Scarf,PROD-0020,33.28,1,TXN-007777,2024-07-02
7778,Nisha Clark,CUST-0157,Cap,PROD-0019,12.46,3,TXN-007778,2024-09-16
7779,Joseph White,CUST-0023,Yoga Mat,PROD-0041,42.7,2,TXN-007779,2025-01-18
7780,Krishna Pillai,CUST-0196,Basketball,PROD-0046,39.63,3,TXN-007780,2024-06-10
7781,Lucas Gupta,CUST-0057,Winter Jacket,PROD-0016,125.83,1,TXN-007781,2024-02-15
7782,Jennifer Moore,CUST-0332,Smartwatch,PROD-0005,158.2,1,TXN-007782,2024-05-08
7783,Sophia Rao,CUST-0255,Laptop Stand,PROD-0009,59.55,1,TXN-007783,2024-01-30
7784,Sai Kumar,CUST-0500,Basketball,PROD-0046,39.63,1,TXN-007784,2024-12-31
7785,Lisa Robinson,CUST-0333,Business Strategy,PROD-0035,33.11,4,TXN-007785,2024-02-25
7786,Mia Chopra,CUST-0602,Sports Socks (3-pack),PROD-0018,13.94,2,TXN-007786,2025-12-16
7787,Nancy Thomas,CUST-0054,Sports Socks (3-pack),PROD-0018,13.94,1,TXN-007787,2025-10-25
7788,Elizabeth Shah,CUST-0704,Jump Rope,PROD-0044,18.67,1,TXN-007788,2024-12-15
7789,Sunita Gupta,CUST-0403,Scarf,PROD-0020,33.28,1,TXN-007789,2025-08-30
7790,Anjali Joshi,CUST-0636,Cotton T-Shirt,PROD-0011,30.65,1,TXN-007790,2025-01-16
7791,Nikhil Garcia,CUST-0090,Laptop Stand,PROD-0009,59.55,1,TXN-007791,2025-06-06
7792,Suresh Kumar,CUST-0037,Data Science Handbook,PROD-0032,42.44,3,TXN-007792,2024-03-18
7793,Ananya Pillai,CUST-0601,Webcam HD,PROD-0006,72.22,3,TXN-007793,2024-12-19
7794,Reyansh Reddy,CUST-0022,Toaster,PROD-0023,31.12,3,TXN-007794,2024-08-16
7795,Mark King,CUST-0747,Football,PROD-0045,29.05,1,TXN-007795,2024-09-17
7796,Margaret Young,CUST-0781,Smartwatch,PROD-0005,158.2,2,TXN-007796,2025-04-26
7797,Vihaan Jones,CUST-0113,Blender,PROD-0022,46.5,2,TXN-007797,2024-11-17
7798,Nikhil Mehta,CUST-0367,Data Science Handbook,PROD-0032,42.44,4,TXN-007798,2025-02-05
7799,Aanya Lewis,CUST-0443,Formal Shirt,PROD-0015,57.36,1,TXN-007799,2025-06-11
7800,Nikhil Walker,CUST-0647,Dumbbells (Pair),PROD-0042,77.78,1,TXN-007800,2024-10-11
7801,Aarav Martin,CUST-0420,Winter Jacket,PROD-0016,125.83,1,TXN-007801,2025-03-16
7802,Aanya Wright,CUST-0124,Swimming Goggles,PROD-0048,16.81,2,TXN-007802,2024-03-17
7803,Sara Young,CUST-0688,Resistance Bands,PROD-0043,22.74,4,TXN-007803,2025-11-03
7804,Vihaan Taylor,CUST-0374,Basketball,PROD-0046,39.63,2,TXN-007804,2024-11-19
7805,Mary Shah,CUST-0135,Wireless Mouse,PROD-0001,45.68,4,TXN-007805,2024-01-01
7806,Vikram Johnson,CUST-0470,Cutting Board,PROD-0028,11.96,4,TXN-007806,2024-11-16
7807,Sarah Williams,CUST-0043,Cap,PROD-0019,12.46,1,TXN-007807,2024-11-17
7808,Betty Jackson,CUST-0622,Self-Help Guide,PROD-0036,10.26,2,TXN-007808,2025-05-27
7809,Robert Hernandez,CUST-0368,Resistance Bands,PROD-0043,22.74,2,TXN-007809,2025-09-01
7810,Deepak Kulkarni,CUST-0457,Tea Kettle,PROD-0030,40.05,4,TXN-007810,2024-11-09
7811,David Smith,CUST-0195,Jump Rope,PROD-0044,18.67,1,TXN-007811,2025-03-08
7812,Aanya Lewis,CUST-0025,Machine Learning Guide,PROD-0033,42.63,1,TXN-007812,2025-08-30
7813,Ayaan Rao,CUST-0039,Keyboard Mechanical,PROD-0007,97.82,1,TXN-007813,2024-10-18
7814,Sai Martin,CUST-0784,Cycling Gloves,PROD-0049,31.15,2,TXN-007814,2024-04-08
7815,Swati Kulkarni,CUST-0052,Tennis Racket,PROD-0047,61.92,1,TXN-007815,2024-06-01
7816,Sarah Harris,CUST-0498,Machine Learning Guide,PROD-0033,42.63,2,TXN-007816,2025-07-24
7817,Sandra Martin,CUST-0101,Business Strategy,PROD-0035,33.11,2,TXN-007817,2024-02-09
7818,Anthony Jones,CUST-0288,Water Bottle,PROD-0026,17.56,2,TXN-007818,2025-01-30
7819,Diya Davis,CUST-0249,Self-Help Guide,PROD-0036,10.26,2,TXN-007819,2025-02-21
7820,Michael Menon,CUST-0521,Python Programming,PROD-0031,22.63,3,TXN-007820,2024-12-26
7821,Vikram Davis,CUST-0091,Web Development,PROD-0034,44.41,3,TXN-007821,2024-12-27
7822,Myra Shah,CUST-0431,Cookbook,PROD-0039,22.32,1,TXN-007822,2024-12-24
7823,Pooja Nair,CUST-0643,USB-C Hub,PROD-0003,61.28,2,TXN-007823,2025-01-25
7824,Swati Malhotra,CUST-0343,Water Bottle,PROD-0026,17.56,3,TXN-007824,2025-07-03
7825,Aanya Miller,CUST-0777,Cotton T-Shirt,PROD-0011,30.65,1,TXN-007825,2024-06-29
7826,Myra Menon,CUST-0537,USB-C Hub,PROD-0003,61.28,1,TXN-007826,2024-06-08
7827,Pooja Bhat,CUST-0732,Data Science Handbook,PROD-0032,42.44,1,TXN-007827,2024-01-02
7828,Kavita Martinez,CUST-0742,Yoga Mat,PROD-0041,42.7,5,TXN-007828,2024-04-24
7829,Ashley Jones,CUST-0690,Resistance Bands,PROD-0043,22.74,4,TXN-007829,2024-10-24
7830,Susan Rodriguez,CUST-0459,External SSD 1TB,PROD-0010,77.83,2,TXN-007830,2025-04-14
7831,Lisa Kumar,CUST-0216,Toaster,PROD-0023,31.12,2,TXN-007831,2024-01-19
7832,Lisa Joshi,CUST-0478,Web Development,PROD-0034,44.41,1,TXN-007832,2025-12-30
7833,Sandra Wright,CUST-0800,Bluetooth Headphones,PROD-0002,92.28,5,TXN-007833,2024-08-15
7834,Karan Davis,CUST-0051,Gym Bag,PROD-0050,52.65,2,TXN-007834,2025-03-30
7835,Donald Thomas,CUST-0533,Cycling Gloves,PROD-0049,31.15,2,TXN-007835,2025-10-05
7836,Mary Chopra,CUST-0584,Non-Stick Pan,PROD-0024,32.73,1,TXN-007836,2024-09-18
7837,Karan Robinson,CUST-0355,Cap,PROD-0019,12.46,2,TXN-007837,2024-07-28
7838,Ayaan Wright,CUST-0422,Tea Kettle,PROD-0030,40.05,4,TXN-007838,2024-09-23
7839,Isabella Johnson,CUST-0397,Python Programming,PROD-0031,22.63,1,TXN-007839,2024-02-06
7840,Anjali Young,CUST-0446,Knife Set,PROD-0025,68.52,2,TXN-007840,2025-03-03
7841,Sophia Smith,CUST-0461,Non-Stick Pan,PROD-0024,32.73,1,TXN-007841,2025-07-28
7842,Ishaan Clark,CUST-0346,Cycling Gloves,PROD-0049,31.15,2,TXN-007842,2024-04-13
7843,Charlotte Smith,CUST-0087,Cutting Board,PROD-0028,11.96,1,TXN-007843,2025-03-17
7844,Sunita Kumar,CUST-0047,Toaster,PROD-0023,31.12,2,TXN-007844,2025-01-09
7845,Emma Young,CUST-0412,Running Shoes,PROD-0014,41.04,5,TXN-007845,2024-09-11
7846,Elizabeth Thomas,CUST-0769,Webcam HD,PROD-0006,72.22,2,TXN-007846,2025-10-02
7847,Priya Taylor,CUST-0672,Dish Rack,PROD-0029,28.32,1,TXN-007847,2024-05-30
7848,James Garcia,CUST-0017,Tennis Racket,PROD-0047,61.92,1,TXN-007848,2024-12-23
7849,Charles Kulkarni,CUST-0542,Toaster,PROD-0023,31.12,2,TXN-007849,2024-08-07
7850,Meena Miller,CUST-0246,Gym Bag,PROD-0050,52.65,2,TXN-007850,2025-05-03
7851,Manoj Garcia,CUST-0494,Winter Jacket,PROD-0016,125.83,1,TXN-007851,2024-07-23
7852,Mason Young,CUST-0102,Knife Set,PROD-0025,68.52,2,TXN-007852,2025-07-24
7853,Deepak Desai,CUST-0493,Keyboard Mechanical,PROD-0007,97.82,2,TXN-007853,2024-06-13
7854,Ashley Hernandez,CUST-0426,Keyboard Mechanical,PROD-0007,97.82,1,TXN-007854,2025-07-14
7855,Deepak Desai,CUST-0493,Jump Rope,PROD-0044,18.67,1,TXN-007855,2024-04-15
7856,Reyansh Martin,CUST-0148,Casual Shorts,PROD-0017,29.07,2,TXN-007856,2024-05-21
7857,Aditya Patel,CUST-0384,Cap,PROD-0019,12.46,1,TXN-007857,2024-01-25
7858,John Lopez,CUST-0674,Portable Charger,PROD-0004,42.05,5,TXN-007858,2024-10-29
7859,Betty Lee,CUST-0605,USB-C Hub,PROD-0003,61.28,2,TXN-007859,2024-02-07
7860,Aarav Robinson,CUST-0682,Fiction Novel,PROD-0037,12.83,2,TXN-007860,2025-07-17
7861,Ashley Brown,CUST-0214,Fiction Novel,PROD-0037,12.83,3,TXN-007861,2025-02-15
7862,Nikhil Walker,CUST-0647,Tea Kettle,PROD-0030,40.05,1,TXN-007862,2025-06-06
7863,Oliver Miller,CUST-0490,Laptop Stand,PROD-0009,59.55,1,TXN-007863,2024-04-09
7864,Sandra Lee,CUST-0402,Running Shoes,PROD-0014,41.04,1,TXN-007864,2024-10-15
7865,Sophia Rao,CUST-0255,Web Development,PROD-0034,44.41,1,TXN-007865,2025-11-18
7866,Charlotte Jackson,CUST-0061,Bluetooth Headphones,PROD-0002,92.28,1,TXN-007866,2024-03-22
7867,David Harris,CUST-0299,Formal Shirt,PROD-0015,57.36,1,TXN-007867,2025-09-21
7868,Robert Verma,CUST-0315,Travel Guide,PROD-0040,22.38,4,TXN-007868,2024-01-19
7869,John Jones,CUST-0504,Football,PROD-0045,29.05,5,TXN-007869,2024-10-11
7870,Vikram Miller,CUST-0109,Dish Rack,PROD-0029,28.32,5,TXN-007870,2025-08-02
7871,Sunita Harris,CUST-0660,Storage Containers,PROD-0027,35.05,1,TXN-007871,2024-10-04
7872,Betty Shah,CUST-0424,Cycling Gloves,PROD-0049,31.15,1,TXN-007872,2025-06-08
7873,Vivaan Johnson,CUST-0635,Data Science Handbook,PROD-0032,42.44,2,TXN-007873,2025-01-02
7874,Rahul Allen,CUST-0103,Web Development,PROD-0034,44.41,2,TXN-007874,2025-01-21
7875,Nisha Lee,CUST-0161,External SSD 1TB,PROD-0010,77.83,1,TXN-007875,2025-04-08
7876,David Wright,CUST-0797,Coffee Maker,PROD-0021,62.05,2,TXN-007876,2024-02-27
7877,Ashley Miller,CUST-0005,Cotton T-Shirt,PROD-0011,30.65,1,TXN-007877,2024-02-08
7878,Sunita Patel,CUST-0133,Formal Shirt,PROD-0015,57.36,4,TXN-007878,2024-10-20
7879,Margaret Pillai,CUST-0040,Non-Stick Pan,PROD-0024,32.73,1,TXN-007879,2025-04-24
7880,Suresh Miller,CUST-0463,Keyboard Mechanical,PROD-0007,97.82,1,TXN-007880,2024-03-21
7881,Riya Wright,CUST-0676,Non-Stick Pan,PROD-0024,32.73,2,TXN-007881,2024-02-14
7882,Rajesh Chopra,CUST-0269,Keyboard Mechanical,PROD-0007,97.82,4,TXN-007882,2025-10-06
7883,Liam Davis,CUST-0170,Gym Bag,PROD-0050,52.65,4,TXN-007883,2024-01-13
7884,Jennifer Lopez,CUST-0345,Smartwatch,PROD-0005,158.2,2,TXN-007884,2025-03-17
7885,Patricia Joshi,CUST-0045,Basketball,PROD-0046,39.63,2,TXN-007885,2024-04-27
7886,Manoj Sharma,CUST-0185,Running Shoes,PROD-0014,41.04,2,TXN-007886,2025-05-14
7887,Vihaan Anderson,CUST-0540,Self-Help Guide,PROD-0036,10.26,1,TXN-007887,2024-10-09
7888,Sarah Harris,CUST-0498,Yoga Mat,PROD-0041,42.7,2,TXN-007888,2025-08-20
7889,Diya Rodriguez,CUST-0571,Knife Set,PROD-0025,68.52,3,TXN-007889,2025-03-02
7890,Sai Walker,CUST-0085,Coffee Maker,PROD-0021,62.05,1,TXN-007890,2025-02-04
7891,James Bhat,CUST-0627,Coffee Maker,PROD-0021,62.05,3,TXN-007891,2024-10-15
7892,Mia Nair,CUST-0311,Scarf,PROD-0020,33.28,1,TXN-007892,2024-05-28
7893,Noah Chopra,CUST-0164,Casual Shorts,PROD-0017,29.07,2,TXN-007893,2024-06-01
7894,Patricia Williams,CUST-0258,Business Strategy,PROD-0035,33.11,2,TXN-007894,2025-02-06
7895,Krishna Pillai,CUST-0196,Tennis Racket,PROD-0047,61.92,1,TXN-007895,2025-04-17
7896,Ishaan Patel,CUST-0241,Tea Kettle,PROD-0030,40.05,1,TXN-007896,2025-01-10
7897,Sarah Williams,CUST-0043,Formal Shirt,PROD-0015,57.36,4,TXN-007897,2024-04-22
7898,Oliver Mehta,CUST-0546,USB-C Hub,PROD-0003,61.28,2,TXN-007898,2025-01-24
7899,Reyansh Joshi,CUST-0696,Knife Set,PROD-0025,68.52,2,TXN-007899,2024-05-04
7900,Sarah Shah,CUST-0270,Monitor Stand,PROD-0008,53.18,2,TXN-007900,2024-09-11
7901,Amit Lee,CUST-0686,Fiction Novel,PROD-0037,12.83,2,TXN-007901,2025-01-27
7902,Richard Smith,CUST-0088,Bluetooth Headphones,PROD-0002,92.28,1,TXN-007902,2024-04-04
7903,Karen Martin,CUST-0514,Fiction Novel,PROD-0037,12.83,3,TXN-007903,2024-05-07
7904,Divya Rodriguez,CUST-0105,History of AI,PROD-0038,15.71,3,TXN-007904,2025-09-22
7905,Krishna Thomas,CUST-0129,Tennis Racket,PROD-0047,61.92,1,TXN-007905,2025-01-22
7906,John Lopez,CUST-0674,Jump Rope,PROD-0044,18.67,2,TXN-007906,2024-11-07
7907,Linda Martin,CUST-0744,Data Science Handbook,PROD-0032,42.44,2,TXN-007907,2025-07-19
7908,Amit Lee,CUST-0686,Gym Bag,PROD-0050,52.65,1,TXN-007908,2024-03-05
7909,Sunita Kumar,CUST-0047,Formal Shirt,PROD-0015,57.36,1,TXN-007909,2024-10-14
7910,Daniel Lopez,CUST-0096,Hoodie,PROD-0013,50.64,3,TXN-007910,2025-06-12
7911,Meena Jones,CUST-0107,Monitor Stand,PROD-0008,53.18,4,TXN-007911,2025-07-29
7912,Reyansh Lewis,CUST-0649,Keyboard Mechanical,PROD-0007,97.82,1,TXN-007912,2024-12-16
7913,Richard Smith,CUST-0088,Football,PROD-0045,29.05,3,TXN-007913,2024-06-09
7914,Charles Kumar,CUST-0323,Yoga Mat,PROD-0041,42.7,1,TXN-007914,2025-08-24
7915,John Allen,CUST-0685,Wireless Mouse,PROD-0001,45.68,1,TXN-007915,2025-04-06
7916,Margaret Pillai,CUST-0040,Machine Learning Guide,PROD-0033,42.63,1,TXN-007916,2024-01-02
7917,Aarav Davis,CUST-0587,Swimming Goggles,PROD-0048,16.81,1,TXN-007917,2024-02-18
7918,James Mehta,CUST-0396,Tea Kettle,PROD-0030,40.05,1,TXN-007918,2025-11-07
7919,Lucas Smith,CUST-0516,Tea Kettle,PROD-0030,40.05,2,TXN-007919,2024-03-11
7920,Joseph White,CUST-0023,Hoodie,PROD-0013,50.64,1,TXN-007920,2024-12-28
7921,Sara Taylor,CUST-0782,Knife Set,PROD-0025,68.52,1,TXN-007921,2025-04-30
7922,Krishna Thomas,CUST-0129,Cycling Gloves,PROD-0049,31.15,1,TXN-007922,2024-12-01
7923,Nikhil Smith,CUST-0678,Python Programming,PROD-0031,22.63,2,TXN-007923,2024-02-25
7924,Jessica Miller,CUST-0466,Tennis Racket,PROD-0047,61.92,1,TXN-007924,2024-08-15
7925,Meena Anderson,CUST-0220,Dish Rack,PROD-0029,28.32,1,TXN-007925,2025-09-25
7926,Pooja Nair,CUST-0643,History of AI,PROD-0038,15.71,2,TXN-007926,2025-06-21
7927,Sophia Smith,CUST-0461,Wireless Mouse,PROD-0001,45.68,2,TXN-007927,2024-08-23
7928,Anthony Kulkarni,CUST-0253,Cookbook,PROD-0039,22.32,1,TXN-007928,2024-08-22
7929,Sunita Gupta,CUST-0403,Swimming Goggles,PROD-0048,16.81,5,TXN-007929,2025-09-21
7930,Elizabeth Chopra,CUST-0296,Webcam HD,PROD-0006,72.22,1,TXN-007930,2025-10-07
